date,model,gross_return,transaction_cost,daily_return,nav,drawdown
2015-04-16,benchmark_equal_weight,0.0,0.0,0.0,1.0,0.0
2015-04-17,benchmark_equal_weight,0.012512020589275918,0.0,0.012512020589275918,1.012512020589276,0.0
2015-04-20,benchmark_equal_weight,-0.019777574075313997,0.0,-0.019777574075313997,0.9924869890999256,-0.019777574075313997
2015-04-21,benchmark_equal_weight,0.02528219911375229,0.0,0.02528219911375229,1.0175792427761585,0.0
2015-04-22,benchmark_equal_weight,0.026187954744364306,0.0,0.026187954744364306,1.044227561934785,0.0
2015-04-23,benchmark_equal_weight,0.0013292928412609872,0.0,0.0013292928412609872,1.0456156461575121,0.0
2015-04-24,benchmark_equal_weight,-0.007052897493939669,0.0,-0.007052897493939669,1.0382410261871038,-0.007052897493939558
2015-04-27,benchmark_equal_weight,0.018682245129253094,0.0,0.018682245129253094,1.0576376995415784,0.0
2015-04-28,benchmark_equal_weight,-0.01842783597916131,0.0,-0.01842783597916131,1.0381477254890488,-0.0184278359791612
2015-04-29,benchmark_equal_weight,0.009929772620175137,0.0,0.009929772620175137,1.048456296349307,-0.008681047580141099
2015-04-30,benchmark_equal_weight,-0.0025366317982839504,0.0,-0.0025366317982839504,1.0457967487688762,-0.011195658757090943
2015-05-04,benchmark_equal_weight,0.005718566880850484,0.0,0.005718566880850484,1.0517772074204872,-0.005541114999617847
2015-05-05,benchmark_equal_weight,-0.03710479121042115,0.0,-0.03710479121042115,1.0127512337392701,-0.04244030429490531
2015-05-06,benchmark_equal_weight,-0.008649805318464376,0.0,-0.008649805318464376,1.0039911327313908,-0.050723009243562434
2015-05-07,benchmark_equal_weight,-0.018135229966442623,0.0,-0.018135229966442623,0.9857835226550379,-0.067938365772783
2015-05-08,benchmark_equal_weight,0.021356521469930723,0.0,0.021356521469930723,1.0068364296213241,-0.04803277147011076
2015-05-11,benchmark_equal_weight,0.031192831113585062,0.0,0.031192831113585062,1.038242508329507,-0.01833821848491024
2015-05-12,benchmark_equal_weight,0.01397795182526762,0.0,0.01397795182526762,1.052755012093882,-0.004616597394185851
2015-05-13,benchmark_equal_weight,-0.0028424684915078213,0.0,-0.0028424684915078213,1.0497625891427282,-0.007445943353062701
2015-05-14,benchmark_equal_weight,-0.0026788817306169777,0.0,-0.0026788817306169777,1.0469503993211886,-0.010104878282063967
2015-05-15,benchmark_equal_weight,-0.014893357075092595,0.0,-0.014893357075092595,1.0313577931841873,-0.024847739796701518
2015-05-18,benchmark_equal_weight,-0.0009420506430467546,0.0,-0.0009420506430467546,1.0303862019119068,-0.025766382610494576
2015-05-19,benchmark_equal_weight,0.03205078883969126,0.0,0.03205078883969126,1.0634108924927168,0.0
2015-05-20,benchmark_equal_weight,0.009441543623513793,0.0,0.009441543623513793,1.0734511328239065,0.0
2015-05-21,benchmark_equal_weight,0.02291745467183126,0.0,0.02291745467183126,1.0980519005028244,0.0
2015-05-22,benchmark_equal_weight,0.023805805822270987,0.0,0.023805805822270987,1.1241919108289702,0.0
2015-05-25,benchmark_equal_weight,0.02895083543471233,0.0,0.02895083543471233,1.1567382058364144,0.0
2015-05-26,benchmark_equal_weight,0.022077859404579736,0.0,0.022077859404579736,1.1822765093127767,0.0
2015-05-27,benchmark_equal_weight,-0.00021436055295748213,0.0,-0.00021436055295748213,1.1820230758664918,-0.00021436055295742662
2015-05-28,benchmark_equal_weight,-0.06286093873733423,0.0,-0.06286093873733423,1.1077199957083328,-0.06306182438470465
2015-05-29,benchmark_equal_weight,0.002860484647799033,0.0,0.002860484647799033,1.1108886117501167,-0.06038172711742007
2015-06-01,benchmark_equal_weight,0.04753104162709021,0.0,0.04753104162709021,1.1636903045982718,-0.015720691875463655
2015-06-02,benchmark_equal_weight,0.021134025908345677,0.0,0.021134025908345677,1.1882837656449423,0.0
2015-06-03,benchmark_equal_weight,0.001247514370362801,0.0,0.001247514370362801,1.1897661667186532,0.0
2015-06-04,benchmark_equal_weight,0.008692765195252972,0.0,0.008692765195252972,1.2001085246431946,0.0
2015-06-05,benchmark_equal_weight,0.00891847827845238,0.0,0.00891847827845238,1.2108116664520105,0.0
2015-06-08,benchmark_equal_weight,0.018317241440909127,0.0,0.018317241440909127,1.2329903960858817,0.0
2015-06-09,benchmark_equal_weight,-0.007242277972818401,0.0,-0.007242277972818401,1.2240607368996124,-0.0072422779728182896
2015-06-10,benchmark_equal_weight,0.0024343369751871347,0.0,0.0024343369751871347,1.227040513211322,-0.004825571142684892
2015-06-11,benchmark_equal_weight,0.0036072876156607037,0.0,0.0036072876156607037,1.2314668012585432,-0.0012356907500455927
2015-06-12,benchmark_equal_weight,0.008368323327435312,0.0,0.008368323327435312,1.2417721136184774,0.0
2015-06-15,benchmark_equal_weight,-0.02232286577402892,0.0,-0.02232286577402892,1.21405220140424,-0.022322865774028755
2015-06-16,benchmark_equal_weight,-0.03268241022525914,0.0,-0.03268241022525914,1.1743740493230677,-0.05427571094265782
2015-06-17,benchmark_equal_weight,0.015183570479674002,0.0,0.015183570479674002,1.1922052404704648,-0.0399162395454159
2015-06-18,benchmark_equal_weight,-0.038924677840767474,0.0,-0.038924677840767474,1.1457990355650773,-0.0772871906212631
2015-06-19,benchmark_equal_weight,-0.061619716792970014,0.0,-0.061619716792970014,1.075195223491899,-0.13414449261642658
2015-06-23,benchmark_equal_weight,0.020219034203017405,0.0,0.020219034203017405,1.0969346324906026,-0.11663773049776727
2015-06-24,benchmark_equal_weight,0.017991775921827435,0.0,0.017991775921827435,1.1166704345992657,-0.10074447448708612
2015-06-25,benchmark_equal_weight,-0.034230025403218844,0.0,-0.034230025403218844,1.0784467772559094,-0.13152601396937802
2015-06-26,benchmark_equal_weight,-0.07700081866618291,0.0,-0.07700081866618291,0.9954054925192978,-0.19839922188401904
2015-06-29,benchmark_equal_weight,-0.043340768016396525,0.0,-0.043340768016396525,0.952263853985772,-0.23314121525010678
2015-06-30,benchmark_equal_weight,0.060610419655973025,0.0,0.060610419655973025,1.009980965799064,-0.18666158248954612
2015-07-01,benchmark_equal_weight,-0.05094179023006745,0.0,-0.05094179023006745,0.9585307273029671,-0.22809449754041866
2015-07-02,benchmark_equal_weight,-0.03841400363626818,0.0,-0.03841400363626818,0.9217097244588761,-0.2577464783187565
2015-07-03,benchmark_equal_weight,-0.05491935820834454,0.0,-0.05491935820834454,0.8710900179372046,-0.29851056535737386
2015-07-06,benchmark_equal_weight,0.024355179148131623,0.0,0.024355179148131623,0.8923055713782144,-0.28142566450613116
2015-07-07,benchmark_equal_weight,-0.021293273500950338,0.0,-0.021293273500950338,0.8733054648004364,-0.29672646436256567
2015-07-08,benchmark_equal_weight,-0.04808637188613957,0.0,-0.04808637188613957,0.8313113734498446,-0.3305443371349076
2015-07-09,benchmark_equal_weight,0.0552453827574827,0.0,0.0552453827574827,0.87723748846673,-0.2935600028007612
2015-07-10,benchmark_equal_weight,0.04635705592862682,0.0,0.04635705592862682,0.9179036357822703,-0.26081152434037713
2015-07-13,benchmark_equal_weight,0.02605087747302315,0.0,0.02605087747302315,0.9418158309300768,-0.24155501593149742
2015-07-14,benchmark_equal_weight,-0.007851368286508231,0.0,-0.007851368286508231,0.934421287983381,-0.24750984682647414
2015-07-15,benchmark_equal_weight,-0.02979565311733373,0.0,-0.02979565311733373,0.9065795954211759,-0.26993078240464186
2015-07-16,benchmark_equal_weight,0.00897389585946029,0.0,0.00897389585946029,0.9147151462987972,-0.2633792172757434
2015-07-17,benchmark_equal_weight,0.0391475462077735,0.0,0.0391475462077735,0.9505239997554797,-0.23454232114643936
2015-07-20,benchmark_equal_weight,0.0034665896658487294,0.0,0.0034665896658487294,0.9538190764301734,-0.23188879346728097
2015-07-21,benchmark_equal_weight,0.004431144331912051,0.0,0.004431144331912051,0.9580455864243665,-0.22848518184817534
2015-07-22,benchmark_equal_weight,0.00012004408829280333,0.0,0.00012004408829280333,0.9581605941333319,-0.22839256605522584
2015-07-23,benchmark_equal_weight,0.02323049582599024,0.0,0.02323049582599024,0.9804191398159747,-0.21046774278166858
2015-07-24,benchmark_equal_weight,-0.01632829212386233,0.0,-0.01632829212386233,0.9644105696972337,-0.22335945611874186
2015-07-27,benchmark_equal_weight,-0.08263466902215144,0.0,-0.08263466902215144,0.8847168214688383,-0.2875368904115533
2015-07-28,benchmark_equal_weight,-0.010788138325003638,0.0,-0.010788138325003638,0.875172374020375,-0.29522304098925567
2015-07-29,benchmark_equal_weight,0.033584969126822295,0.0,0.033584969126822295,0.9045650111824969,-0.27155312857958425
2015-07-30,benchmark_equal_weight,-0.02650538786308476,0.0,-0.02650538786308476,0.8805891647137292,-0.290860895444233
2015-07-31,benchmark_equal_weight,-0.0059540193642073636,0.0,-0.0059540193642073636,0.8753461197751125,-0.2950831234046747
2015-08-03,benchmark_equal_weight,-0.008335923332572714,0.0,-0.008335923332572714,0.8680493016312021,-0.30095925644381005
2015-08-04,benchmark_equal_weight,0.03773707920182934,0.0,0.03773707920182934,0.9008069468779515,-0.2745795005389243
2015-08-05,benchmark_equal_weight,-0.01586857549643561,0.0,-0.01586857549643561,0.8865124238337051,-0.28609089050128433
2015-08-06,benchmark_equal_weight,-0.006945182641061087,0.0,-0.006945182641061087,0.8803554331366102,-0.2910491196558702
2015-08-07,benchmark_equal_weight,0.021549602168446258,0.0,0.021549602168446258,0.8993267424875344,-0.2757715102274845
2015-08-10,benchmark_equal_weight,0.04649650841921793,0.0,0.04649650841921793,0.9411422959412339,-0.24209741415533925
2015-08-11,benchmark_equal_weight,-0.0026910120811468596,0.0,-0.0026910120811468596,0.9386096706527778,-0.24413693917017965
2015-08-12,benchmark_equal_weight,-0.011577175014749641,0.0,-0.011577175014749641,0.9277432222250941,-0.2528876981125908
2015-08-13,benchmark_equal_weight,0.015717732096136694,0.0,0.015717732096136694,0.9423252416460346,-0.24114478710579657
2015-08-14,benchmark_equal_weight,0.004595871524725126,0.0,0.004595871524725126,0.9466560473911454,-0.2376571860414669
2015-08-17,benchmark_equal_weight,0.0061610636432674615,0.0,0.0061610636432674615,0.9524884555474062,-0.2329603434466807
2015-08-18,benchmark_equal_weight,-0.06530310111179721,0.0,-0.06530310111179721,0.8902880056269744,-0.2830504116953404
2015-08-19,benchmark_equal_weight,0.015643613749900087,0.0,0.015643613749900087,0.9042153273131717,-0.2718347292577524
2015-08-20,benchmark_equal_weight,-0.032565879778466755,0.0,-0.032565879778466755,0.874768759670044,-0.2955480719235991
2015-08-21,benchmark_equal_weight,-0.045270781251475045,0.0,-0.045270781251475045,0.8351672945053973,-0.32743916106172566
2015-08-24,benchmark_equal_weight,-0.08675955232449811,0.0,-0.08675955232449811,0.7627085539180467,-0.3857902383589993
2015-08-25,benchmark_equal_weight,-0.07248068059094304,0.0,-0.07248068059094304,0.7074269188375327,-0.4303085799083398
2015-08-26,benchmark_equal_weight,-0.01131875538206173,0.0,-0.01131875538206173,0.699419726592525,-0.4367567777356167
2015-08-27,benchmark_equal_weight,0.056630337417975074,0.0,0.056630337417975074,0.7390281017062477,-0.40486012401039717
2015-08-28,benchmark_equal_weight,0.04553081529373171,0.0,0.04553081529373171,0.772676653701912,-0.37776292024278013
2015-08-31,benchmark_equal_weight,-0.007425889135566466,0.0,-0.007425889135566466,0.766938842533881,-0.382383583813096
2015-09-01,benchmark_equal_weight,-0.026813222253144364,0.0,-0.026813222253144364,0.7463747408944508,-0.398943870047506
2015-09-02,benchmark_equal_weight,-0.0007972482096259004,0.0,-0.0007972482096259004,0.7457796949685627,-0.3994230609709952
2015-09-07,benchmark_equal_weight,-0.022721261391827507,0.0,-0.022721261391827507,0.7288346395784646,-0.41306892658857686
2015-09-08,benchmark_equal_weight,0.0296381546756741,0.0,0.0296381546756741,0.7504359533592804,-0.3956733726508497
2015-09-09,benchmark_equal_weight,0.020941632634764007,0.0,0.020941632634764007,0.7661513074104493,-0.3830177864294978
2015-09-10,benchmark_equal_weight,-0.009063543334138169,0.0,-0.009063543334138169,0.7592072618352281,-0.3886098314585865
2015-09-11,benchmark_equal_weight,0.001151691404343791,0.0,0.001151691404343791,0.7600816343127991,-0.38790569865677715
2015-09-14,benchmark_equal_weight,-0.026690925030353252,0.0,-0.026690925030353252,0.7397943523944077,-0.40424306176543556
2015-09-15,benchmark_equal_weight,-0.040134640369100194,0.0,-0.040134640369100194,0.7101029721139668,-0.4281535522288761
2015-09-16,benchmark_equal_weight,0.04835633989827992,0.0,0.04835633989827992,0.7444409527962884,-0.4005011510308317
2015-09-17,benchmark_equal_weight,-0.020323447638045444,0.0,-0.020323447638045444,0.7293113460725165,-0.41268503449692506
2015-09-18,benchmark_equal_weight,0.0069397352147771985,0.0,0.0069397352147771985,0.7343725737033924,-0.40860922414865786
2015-09-21,benchmark_equal_weight,0.02120267617038507,0.0,0.02120267617038507,0.7499432375720377,-0.396070157038129
2015-09-22,benchmark_equal_weight,0.008801394845329047,0.0,0.008801394845329047,0.7565437841174936,-0.39075473203134403
2015-09-23,benchmark_equal_weight,-0.018797890250181026,0.0,-0.018797890250181026,0.7423223570941963,-0.40220725771406096
2015-09-24,benchmark_equal_weight,0.009460275648833116,0.0,0.009460275648833116,0.7493449312125989,-0.3965519735911641
2015-09-25,benchmark_equal_weight,-0.017438588066443994,0.0,-0.017438588066443994,0.7362774136375045,-0.4070752551432164
2015-09-28,benchmark_equal_weight,0.006028753971481504,0.0,0.006028753971481504,0.7407162490190837,-0.40350065773287147
2015-09-29,benchmark_equal_weight,-0.019179951898162684,0.0,-0.019179951898162684,0.7265093469927102,-0.41494148642484074
2015-09-30,benchmark_equal_weight,0.006094411037883107,0.0,0.006094411037883107,0.7309369935761478,-0.4113758993619008
2015-10-08,benchmark_equal_weight,0.030848080005852707,0.0,0.030848080005852707,0.7534849964332224,-0.39321797601204345
2015-10-09,benchmark_equal_weight,0.014032178414443708,0.0,0.014032178414443708,0.7640580323357798,-0.3847035023927672
2015-10-12,benchmark_equal_weight,0.03366658712956638,0.0,0.03366658712956638,0.7897812586534575,-0.3639885692455562
2015-10-13,benchmark_equal_weight,0.003470200819737368,0.0,0.003470200819737368,0.7925219582246499,-0.36178148185718983
2015-10-14,benchmark_equal_weight,-0.00945447320422843,0.0,-0.00945447320422843,0.7850290806068523,-0.36781550173541344
2015-10-15,benchmark_equal_weight,0.024982887778414287,0.0,0.024982887778414287,0.8046413740304451,-0.35202170736001603
2015-10-16,benchmark_equal_weight,0.014167792477535301,0.0,0.014167792477535301,0.8160413660365472,-0.3428412853799453
2015-10-19,benchmark_equal_weight,-0.001154505342553458,0.0,-0.001154505342553458,0.8150992419197134,-0.34359997862687963
2015-10-20,benchmark_equal_weight,0.01215113729410544,0.0,0.01215113729410544,0.825003624716601,-0.3356239718473212
2015-10-21,benchmark_equal_weight,-0.0306674023539108,0.0,-0.0306674023539108,0.7997029066139821,-0.35599865881697257
2015-10-22,benchmark_equal_weight,0.0169066480429666,0.0,0.0169066480429666,0.8132232021950421,-0.3451107548023927
2015-10-23,benchmark_equal_weight,0.015098167399602569,0.0,0.015098167399602569,0.8255013822350238,-0.33522312735019977
2015-10-26,benchmark_equal_weight,0.004690199834012865,0.0,0.004690199834012865,0.82937314868096,-0.33210519097244195
2015-10-27,benchmark_equal_weight,0.0030840406166255385,0.0,0.0030840406166255385,0.8319309691578307,-0.3300453762537676
2015-10-28,benchmark_equal_weight,-0.020962457749208463,0.0,-0.020962457749208463,0.8144916513666016,-0.3440892717479349
2015-10-29,benchmark_equal_weight,0.0035351001083739897,0.0,0.0035351001083739897,0.8173709608916173,-0.3417705616614074
2015-10-30,benchmark_equal_weight,-0.00046854560348186247,0.0,-0.00046854560348186247,0.8169879853214778,-0.3420789721708234
2015-11-02,benchmark_equal_weight,-0.017590725486689107,0.0,-0.017590725486689107,0.8026165739457644,-0.3536522803632869
2015-11-03,benchmark_equal_weight,-0.0030276221442763207,0.0,-0.0030276221442763207,0.800186554233123,-0.35560917703216144
2015-11-04,benchmark_equal_weight,0.046893121129712334,0.0,0.046893121129712334,0.837709799247144,-0.3253916801158555
2015-11-05,benchmark_equal_weight,0.015378057855672922,0.0,0.015378057855672922,0.8505921490062306,-0.31501751434275893
2015-11-06,benchmark_equal_weight,0.0225324429342858,0.0,0.0225324429342858,0.8697580680640649,-0.299583185573702
2015-11-09,benchmark_equal_weight,0.014650933170628266,0.0,0.014650933170628266,0.8825008353938864,-0.2893214256339579
2015-11-10,benchmark_equal_weight,-0.0001810846141064304,0.0,-0.0001810846141064304,0.8823410280706605,-0.28945011858935066
2015-11-11,benchmark_equal_weight,0.003897686319734528,0.0,0.003897686319734528,0.8857801166251121,-0.2866806180370872
2015-11-12,benchmark_equal_weight,-0.0060104928366627175,0.0,-0.0060104928366627175,0.8804561415792787,-0.29096801907262804
2015-11-13,benchmark_equal_weight,-0.013292688720082213,0.0,-0.013292688720082213,0.8687525121575808,-0.3003929604876787
2015-11-16,benchmark_equal_weight,0.0099286884709755,0.0,0.0099286884709755,0.8773780852091707,-0.2934467801402595
2015-11-17,benchmark_equal_weight,-0.003217095239737622,0.0,-0.003217095239737622,0.8745554763477942,-0.29571982914049155
2015-11-18,benchmark_equal_weight,-0.010882139182625039,0.0,-0.010882139182625039,0.8650384419312506,-0.3033839039833477
2015-11-19,benchmark_equal_weight,0.018685341975495096,0.0,0.018685341975495096,0.8812019810406855,-0.2903673940036422
2015-11-20,benchmark_equal_weight,0.005326745303209701,0.0,0.005326745303209701,0.8858959195543731,-0.28658736185264655
2015-11-23,benchmark_equal_weight,-0.005986512148542067,0.0,-0.005986512148542067,0.8805924928696169,-0.29085821527783917
2015-11-24,benchmark_equal_weight,0.0016881477293238523,0.0,0.0016881477293238523,0.8820790630869144,-0.2896610791841918
2015-11-25,benchmark_equal_weight,0.010324485648094073,0.0,0.010324485648094073,0.8911860757142395,-0.2823271951909464
2015-11-26,benchmark_equal_weight,-0.004797063297213022,0.0,-0.004797063297213022,0.8869109996994434,-0.2857699170623038
2015-11-27,benchmark_equal_weight,-0.05539065518252234,0.0,-0.05539065518252234,0.8377844183375054,-0.32533158930729
2015-11-30,benchmark_equal_weight,0.002584073070611481,0.0,0.002584073070611481,0.8399493144919092,-0.3235881968356268
2015-12-01,benchmark_equal_weight,0.00422725837778859,0.0,0.00422725837778859,0.843499997268513,-0.32072882937386504
2015-12-02,benchmark_equal_weight,0.02166058315324848,0.0,0.02166058315324848,0.8617706990991125,-0.3060154196989132
2015-12-03,benchmark_equal_weight,0.01173409077556864,0.0,0.01173409077556864,0.8718827947100667,-0.2978721416368154
2015-12-04,benchmark_equal_weight,-0.016863195282384558,0.0,-0.016863195282384558,0.8571800648795196,-0.3097122608255962
2015-12-07,benchmark_equal_weight,0.0056148365178619875,0.0,0.0056148365178619875,0.8619929908101885,-0.30583640801984735
2015-12-08,benchmark_equal_weight,-0.019548419114635507,0.0,-0.019548419114635507,0.8451423905519527,-0.31940620884999626
2015-12-09,benchmark_equal_weight,-0.000876268539805658,0.0,-0.000876268539805658,0.844401818863456,-0.32000259177756796
2015-12-10,benchmark_equal_weight,-0.004275207940552195,0.0,-0.004275207940552195,0.8407918255024343,-0.3229097220967554
2015-12-11,benchmark_equal_weight,-0.0071780066162078215,0.0,-0.0071780066162078215,0.8347566162161243,-0.32776988059131495
2015-12-14,benchmark_equal_weight,0.02577712433361079,0.0,0.02577712433361079,0.8562742413006315,-0.31044172122251934
2015-12-15,benchmark_equal_weight,-0.0025957239102760155,0.0,-0.0025957239102760155,0.8540515897787339,-0.31223162413427086
2015-12-16,benchmark_equal_weight,0.0005514820557727118,0.0,0.0005514820557727118,0.8545225839052011,-0.3118523322164529
2015-12-17,benchmark_equal_weight,0.019095059038405138,0.0,0.019095059038405138,0.8708397430945214,-0.2987121118729853
2015-12-18,benchmark_equal_weight,0.00191962011405572,0.0,0.00191962011405572,0.8725114245814847,-0.2973659055371931
2015-12-21,benchmark_equal_weight,0.021730208725277866,0.0,0.021730208725277866,0.8914712799528298,-0.2820975200070197
2015-12-22,benchmark_equal_weight,0.00356615288050538,0.0,0.00356615288050538,0.8946504028257214,-0.27953737001007084
2015-12-23,benchmark_equal_weight,-0.0038996842628362116,0.0,-0.0038996842628362116,0.8911615487290818,-0.2823469467902041
2015-12-24,benchmark_equal_weight,-0.005558021039943184,0.0,-0.005558021039943184,0.8862084540912573,-0.28633567755932365
2015-12-25,benchmark_equal_weight,0.004652799384640471,0.0,0.004652799384640471,0.8903318042411161,-0.2830151406390319
2015-12-28,benchmark_equal_weight,-0.028347882943472513,0.0,-0.028347882943472513,0.8650927824736383,-0.3033401435044387
2015-12-29,benchmark_equal_weight,0.00912282266599318,0.0,0.00912282266599318,0.872984870517776,-0.2969846391751134
2015-12-30,benchmark_equal_weight,0.0043210709823995885,0.0,0.0043210709823995885,0.8767571001098441,-0.29394685989927183
2015-12-31,benchmark_equal_weight,-0.010428405658380047,0.0,-0.010428405658380047,0.8676139214060337,-0.30130986846061536
2016-01-04,benchmark_equal_weight,-0.07268403822796454,0.0,-0.07268403822796454,0.8045522379754433,-0.3520934886909256
2016-01-05,benchmark_equal_weight,-0.0028188407351536493,0.0,-0.0028188407351536493,0.802284333353479,-0.35391983395757487
2016-01-06,benchmark_equal_weight,0.019216591564076624,0.0,0.019216591564076624,0.8177015037057902,-0.34150437528908695
2016-01-07,benchmark_equal_weight,-0.07226552392771729,0.0,-0.07226552392771729,0.7586098761240091,-0.38909090661293044
2016-01-08,benchmark_equal_weight,0.01731865213668915,0.0,0.01731865213668915,0.7717479766760575,-0.3785107845374198
2016-01-11,benchmark_equal_weight,-0.056004754878361984,0.0,-0.056004754878361984,0.7285264204144432,-0.413317135708947
2016-01-12,benchmark_equal_weight,0.0032788579776499294,0.0,0.0032788579776499294,0.7309151550799478,-0.4113934859190158
2016-01-13,benchmark_equal_weight,-0.02339051324420305,0.0,-0.02339051324420305,0.7138186744646615,-0.42516129438225125
2016-01-14,benchmark_equal_weight,0.023255305119634473,0.0,0.023255305119634473,0.7304187455394302,-0.41179324488853486
2016-01-15,benchmark_equal_weight,-0.03320889466374838,0.0,-0.03320889466374838,0.706162346358384,-0.43132694105953673
2016-01-18,benchmark_equal_weight,0.006831028609904699,0.0,0.006831028609904699,0.7109861615495956,-0.42744231912423236
2016-01-19,benchmark_equal_weight,0.03257502201473861,0.0,0.03257502201473861,0.7341465514142481,-0.4087912400649967
2016-01-20,benchmark_equal_weight,-0.014088398736618657,0.0,-0.014088398736618657,0.7238036020668106,-0.4171204248115429
2016-01-21,benchmark_equal_weight,-0.031924520479563734,0.0,-0.031924520479563734,0.7006965191494468,-0.43572857574676616
2016-01-22,benchmark_equal_weight,0.01310153570100503,0.0,0.01310153570100503,0.7098767196106532,-0.4283357535368554
2016-01-25,benchmark_equal_weight,0.0059202307198262805,0.0,0.0059202307198262805,0.7140793535733817,-0.42495136930351796
2016-01-26,benchmark_equal_weight,-0.06496644105664418,0.0,-0.06496644105664418,0.6676881593396901,-0.46231023227436496
2016-01-27,benchmark_equal_weight,-0.006245573861392462,0.0,-0.006245573861392462,0.6635180636241569,-0.4656684134332103
2016-01-28,benchmark_equal_weight,-0.03245878754067866,0.0,-0.03245878754067866,0.6419810717675779,-0.4830121688778555
2016-01-29,benchmark_equal_weight,0.03452991643410164,0.0,0.03452991643410164,0.6641486245279873,-0.46516062227176036
2016-02-01,benchmark_equal_weight,-0.015473389566031948,0.0,-0.015473389566031948,0.6538719941309215,-0.47343640031860357
2016-02-02,benchmark_equal_weight,0.025730432429372674,0.0,0.025730432429372674,0.6706964032933662,-0.45988769119723427
2016-02-03,benchmark_equal_weight,-0.0022714987852390234,0.0,-0.0022714987852390234,0.6691729172280212,-0.46111455565057236
2016-02-04,benchmark_equal_weight,0.01552140957631809,0.0,0.01552140957631809,0.679559424153697,-0.4527502939541086
2016-02-05,benchmark_equal_weight,-0.00677339675941957,0.0,-0.00677339675941957,0.6749564985523013,-0.45645703333963317
2016-02-15,benchmark_equal_weight,-0.004485852884805186,0.0,-0.004485852884805186,0.6719287429961525,-0.4588952871246421
2016-02-16,benchmark_equal_weight,0.034191838184784995,0.0,0.034191838184784995,0.6949032218483829,-0.4403939223409833
2016-02-17,benchmark_equal_weight,0.009218127428615497,0.0,0.009218127428615497,0.7013089282979367,-0.43523540220729495
2016-02-18,benchmark_equal_weight,-0.002479105836250106,0.0,-0.002479105836250106,0.6995703092407789,-0.4366355134177903
2016-02-19,benchmark_equal_weight,0.0005933268106783074,0.0,0.0005933268106783074,0.6999853830612061,-0.436301254163717
2016-02-22,benchmark_equal_weight,0.022799626975779197,0.0,0.022799626975779197,0.7159447886834995,-0.4234491330319351
2016-02-23,benchmark_equal_weight,-0.00864712536949025,0.0,-0.00864712536949025,0.7097539243381201,-0.4284346406604962
2016-02-24,benchmark_equal_weight,0.006262636639766894,0.0,0.006262636639766894,0.7141988552698983,-0.4248551344990752
2016-02-25,benchmark_equal_weight,-0.06632673695172087,0.0,-0.06632673695172087,0.6668283756651916,-0.46300261670228793
2016-02-26,benchmark_equal_weight,0.007931057887260895,0.0,0.007931057887260895,0.6721170301134604,-0.45874365937004613
2016-02-29,benchmark_equal_weight,-0.02917879230684417,0.0,-0.02917879230684417,0.6525054668858867,-0.4745368657180501
2016-03-01,benchmark_equal_weight,0.018862353347561034,0.0,0.018862353347561034,0.6648132555635036,-0.46462539440810713
2016-03-02,benchmark_equal_weight,0.04332443618560011,0.0,0.04332443618560011,0.6936159150295057,-0.4414305914727502
2016-03-03,benchmark_equal_weight,0.0044850170484938,0.0,0.0044850170484938,0.6967267942335197,-0.43892539815273846
2016-03-04,benchmark_equal_weight,0.003350325866486814,0.0,0.003350325866486814,0.6990610560341147,-0.43704561540114073
2016-03-07,benchmark_equal_weight,0.008211597467929599,0.0,0.008211597467929599,0.7048014640317726,-0.43242286060200896
2016-03-08,benchmark_equal_weight,0.0027992731547167304,0.0,0.0027992731547167304,0.7067743958494417,-0.43083405715246126
2016-03-09,benchmark_equal_weight,-0.013541508141179104,0.0,-0.013541508141179104,0.6972036046140695,-0.4385414224012131
2016-03-10,benchmark_equal_weight,-0.0204127192486962,0.0,-0.0204127192486962,0.6829717831739035,-0.45000231871550944
2016-03-11,benchmark_equal_weight,0.001075059359974595,0.0,0.001075059359974595,0.6837060183820032,-0.4494110385602802
2016-03-14,benchmark_equal_weight,0.018338755445598598,0.0,0.018338755445598598,0.6962443358497946,-0.4393139222453911
2016-03-15,benchmark_equal_weight,0.0010000544914306464,0.0,0.0010000544914306464,0.6969406181249943,-0.43875320561505005
2016-03-16,benchmark_equal_weight,0.0015052618778348958,0.0,0.0015052618778348958,0.6979896962685725,-0.4379083822114054
2016-03-17,benchmark_equal_weight,0.015376361631962154,0.0,0.015376361631962154,0.7087222382537816,-0.42926545822599327
2016-03-18,benchmark_equal_weight,0.01996407202778616,0.0,0.01996407202778616,0.7228712200659739,-0.41787127272527136
2016-03-21,benchmark_equal_weight,0.024816308893518824,0.0,0.024816308893518824,0.7408102155533659,-0.40342498641343083
2016-03-22,benchmark_equal_weight,-0.006555059048536205,0.0,-0.006555059048536205,0.7359541608466548,-0.407335570854372
2016-03-23,benchmark_equal_weight,0.004044276556377957,0.0,0.004044276556377957,0.7389305630059357,-0.4049386719977792
2016-03-24,benchmark_equal_weight,-0.0168796400663746,0.0,-0.0168796400663746,0.726457681068352,-0.41498309303187564
2016-03-25,benchmark_equal_weight,0.007618784195971617,0.0,0.007618784195971617,0.7319924053679177,-0.4105259754666907
2016-03-28,benchmark_equal_weight,-0.00935038406616967,0.0,-0.00935038406616967,0.7251479952442083,-0.41603778399310787
2016-03-29,benchmark_equal_weight,-0.013407817099109154,0.0,-0.013407817099109154,0.7154253435541882,-0.4238674425781188
2016-03-30,benchmark_equal_weight,0.03023127090760247,0.0,0.03023127090760247,0.7370535609293394,-0.4064502231560081
2016-03-31,benchmark_equal_weight,0.0012625999983499891,0.0,0.0012625999983499891,0.7379841647541526,-0.40570080720874424
2016-04-01,benchmark_equal_weight,6.517472702516347e-05,0.0,6.517472702516347e-05,0.7380322626706393,-0.4056620739210829
2016-04-05,benchmark_equal_weight,0.016108500912253354,0.0,0.016108500912253354,0.7499208560471418,-0.39608818089665376
2016-04-06,benchmark_equal_weight,0.00012736489315490207,0.0,0.00012736489315490207,0.7500163696368467,-0.39601126373233886
2016-04-07,benchmark_equal_weight,-0.014072520581788872,0.0,-0.014072520581788872,0.7394617488384536,-0.40451090765463416
2016-04-08,benchmark_equal_weight,-0.008480707540667154,0.0,-0.008480707540667154,0.7331905900090444,-0.4095610764904726
2016-04-11,benchmark_equal_weight,0.016787337328248775,0.0,0.016787337328248775,0.745498907769424,-0.39964917910979003
2016-04-12,benchmark_equal_weight,-0.005144043419420985,0.0,-0.005144043419420985,0.7416640290187271,-0.40273740979933437
2016-04-13,benchmark_equal_weight,0.01370760641339408,0.0,0.01370760641339408,0.7518304676194879,-0.3945503692874194
2016-04-14,benchmark_equal_weight,0.006281046272317514,0.0,0.006281046272317514,0.7565527495755441,-0.39074751214135606
2016-04-15,benchmark_equal_weight,-0.0006330772634789983,0.0,-0.0006330772634789983,0.7560737932311652,-0.3911332160391374
2016-04-18,benchmark_equal_weight,-0.013540038170631152,0.0,-0.013540038170631152,0.7458365252110013,-0.39937729553479695
2016-04-19,benchmark_equal_weight,0.003397037703201322,0.0,0.003397037703201322,0.7483701600075677,-0.3973369575623299
2016-04-20,benchmark_equal_weight,-0.024685510417386425,0.0,-0.024685510417386425,0.7298962606266398,-0.4122140023745988
2016-04-21,benchmark_equal_weight,-0.005941458778632391,0.0,-0.005941458778632391,0.7255596120814487,-0.41570630865014746
2016-04-22,benchmark_equal_weight,0.005732376448274623,0.0,0.005732376448274623,0.7297187929135637,-0.41235691725497803
2016-04-25,benchmark_equal_weight,-0.004953303466151471,0.0,-0.004953303466151471,0.7261042742873091,-0.4152676917735989
2016-04-26,benchmark_equal_weight,0.007493889329674985,0.0,0.007493889329674985,0.7315456193606221,-0.41088577256826486
2016-04-27,benchmark_equal_weight,-0.0049014723635389945,0.0,-0.0049014723635389945,0.7279599687246581,-0.41377329967298915
2016-04-28,benchmark_equal_weight,-0.002966013777084775,0.0,-0.002966013777084775,0.7258008294282545,-0.41551205614265396
2016-04-29,benchmark_equal_weight,-0.0019236628023785451,0.0,-0.0019236628023785451,0.7244046333707479,-0.4166364138586911
2016-05-03,benchmark_equal_weight,0.020521093141556812,0.0,0.020521093141556812,0.7392702083243242,-0.4046651553720928
2016-05-04,benchmark_equal_weight,-0.001047831996979276,0.0,-0.001047831996979276,0.7384955773456284,-0.4052889662712106
2016-05-05,benchmark_equal_weight,0.0027461594487653285,0.0,0.0027461594487653285,0.7405236039532276,-0.40365579494665127
2016-05-06,benchmark_equal_weight,-0.0301844528670831,0.0,-0.0301844528670831,0.7181713041327389,-0.4216561184966422
2016-05-09,benchmark_equal_weight,-0.02646764993346301,0.0,-0.02646764993346301,0.699162997462695,-0.43696352189343324
2016-05-10,benchmark_equal_weight,-0.00043415999654583537,0.0,-0.00043415999654583537,0.6988594488581316,-0.43720796980882315
2016-05-11,benchmark_equal_weight,0.00010585272184754357,0.0,0.00010585272184754357,0.6989334250329821,-0.43714839674059336
2016-05-12,benchmark_equal_weight,0.001811864669065244,0.0,0.001811864669065244,0.7001997978118281,-0.436128585806721
2016-05-13,benchmark_equal_weight,-0.0031350328553381157,0.0,-0.0031350328553381157,0.6980046484403869,-0.43789634121640286
2016-05-16,benchmark_equal_weight,0.010143256861138594,0.0,0.010143256861138594,0.7050846888797865,-0.43219477942277496
2016-05-17,benchmark_equal_weight,-0.003626506941746932,0.0,-0.003626506941746932,0.7025276943610445,-0.4342539289967584
2016-05-18,benchmark_equal_weight,-0.012949012283782368,0.0,-0.012949012283782368,0.693430654617066,-0.44157978181968105
2016-05-19,benchmark_equal_weight,0.0019638077276260546,0.0,0.0019638077276260546,0.6947924190951758,-0.4404831518799559
2016-05-20,benchmark_equal_weight,0.008083809078646254,0.0,0.008083809078646254,0.700408988360432,-0.43596012450346755
2016-05-23,benchmark_equal_weight,0.006509132398238693,0.0,0.006509132398238693,0.7049680431985864,-0.4322887142759746
2016-05-24,benchmark_equal_weight,-0.009492248450697682,0.0,-0.009492248450697682,0.6982763113827433,-0.43767757084833203
2016-05-25,benchmark_equal_weight,-0.0011635862787303108,0.0,-0.0011635862787303108,0.697463806648056,-0.43833188151111513
2016-05-26,benchmark_equal_weight,0.0035756441300027753,0.0,0.0035756441300027753,0.6999576890141864,-0.43632355620023067
2016-05-27,benchmark_equal_weight,-0.000710732869424413,0.0,-0.000710732869424413,0.6994602060773977,-0.4367241795765595
2016-05-30,benchmark_equal_weight,0.0016915315024940702,0.0,0.0016915315024940702,0.7006433650507187,-0.43577138078171995
2016-05-31,benchmark_equal_weight,0.03583589879560223,0.0,0.03583589879560223,0.7257515497724865,-0.41555174108583126
2016-06-01,benchmark_equal_weight,-0.0016474714615748454,0.0,-0.0016474714615748454,0.7245558948060425,-0.41651460291315945
2016-06-02,benchmark_equal_weight,0.003051003786169737,0.0,0.003051003786169737,0.7267665175843874,-0.41473438675747276
2016-06-03,benchmark_equal_weight,0.0050604553633898375,0.0,0.0050604553633898375,0.7304442871062296,-0.41177267624593183
2016-06-06,benchmark_equal_weight,-0.002193270471612163,0.0,-0.002193270471612163,0.7288422252201617,-0.4130628178657171
2016-06-07,benchmark_equal_weight,0.00010551663419877677,0.0,0.00010551663419877677,0.7289191301986289,-0.41300088622977216
2016-06-08,benchmark_equal_weight,-0.0032037850727675288,0.0,-0.0032037850727675288,0.7265838299700438,-0.414881505228197
2016-06-13,benchmark_equal_weight,-0.03443518916608551,0.0,-0.03443518916608551,0.7015637783400065,-0.43503017128023924
2016-06-14,benchmark_equal_weight,0.003992036790567699,0.0,0.003992036790567699,0.7043644467540695,-0.4327747909384292
2016-06-15,benchmark_equal_weight,0.019262981611541385,0.0,0.019262981611541385,0.7179326061397165,-0.42184834216667355
2016-06-16,benchmark_equal_weight,-0.0046777240599564784,0.0,-0.0046777240599564784,0.7145743155145495,-0.4245527760868242
2016-06-17,benchmark_equal_weight,0.004606423523369263,0.0,0.004606423523369263,0.7178659474507312,-0.421902022458133
2016-06-20,benchmark_equal_weight,0.0022657098591677416,0.0,0.0022657098591677416,0.7194924234054312,-0.4205922201708514
2016-06-21,benchmark_equal_weight,-0.005663992799714357,0.0,-0.005663992799714357,0.7154172234998137,-0.4238739816639022
2016-06-22,benchmark_equal_weight,0.010444778235431995,0.0,0.010444778235431995,0.7228895977450778,-0.41785647316671926
2016-06-23,benchmark_equal_weight,-0.00497455152863574,0.0,-0.00497455152863574,0.7192935461915801,-0.4207523761380132
2016-06-24,benchmark_equal_weight,-0.013177305515623627,0.0,-0.013177305515623627,0.7098151953779973,-0.42838529904684164
2016-06-27,benchmark_equal_weight,0.016626127554715597,0.0,0.016626127554715597,0.7216166733566274,-0.4188815601166438
2016-06-28,benchmark_equal_weight,0.006705261556090081,0.0,0.006705261556090081,0.7264553018947192,-0.41498500898215884
2016-06-29,benchmark_equal_weight,0.00601427072177485,0.0,0.00601427072177485,0.7308244007475826,-0.411466570449881
2016-06-30,benchmark_equal_weight,0.00018965328110992496,0.0,0.00018965328110992496,0.7309630039930995,-0.4113549531539239
2016-07-01,benchmark_equal_weight,7.460293048100475e-05,0.0,7.460293048100475e-05,0.7310175359752706,-0.4113110385084161
2016-07-04,benchmark_equal_weight,0.018354386892920682,0.0,0.018354386892920682,0.7444349146560704,-0.4005060135496078
2016-07-05,benchmark_equal_weight,0.00430437972207709,0.0,0.00430437972207709,0.7476392452071222,-0.39792556379082356
2016-07-06,benchmark_equal_weight,0.0018200582421193379,0.0,0.0018200582421193379,0.7489999921774932,-0.3968297532508317
2016-07-07,benchmark_equal_weight,0.0017281735616564986,0.0,0.0017281735616564986,0.7502943941616553,-0.395787370377222
2016-07-08,benchmark_equal_weight,-0.005759500279366503,0.0,-0.005759500279366503,0.7459730733888742,-0.3992673331863311
2016-07-11,benchmark_equal_weight,0.0026221023554490186,0.0,0.0026221023554490186,0.7479290911417088,-0.39769215064568375
2016-07-12,benchmark_equal_weight,0.01689827842839131,0.0,0.01689827842839131,0.7605678051685151,-0.38751418490768885
2016-07-13,benchmark_equal_weight,0.0034383336130552333,0.0,0.0034383336130552333,0.7631828910180336,-0.38540825434213744
2016-07-14,benchmark_equal_weight,0.0001168209727249736,0.0,0.0001168209727249736,0.7632720467857294,-0.38533645713658105
2016-07-15,benchmark_equal_weight,-0.001773405382695603,0.0,-0.001773405382695603,0.7619184560294984,-0.3864265047720419
2016-07-18,benchmark_equal_weight,-0.0032527353647360258,0.0,-0.0032527353647360258,0.7594401369225261,-0.38842229697883457
2016-07-19,benchmark_equal_weight,-0.0013270499233204447,0.0,-0.0013270499233204447,0.7584323219470566,-0.3892338911227333
2016-07-20,benchmark_equal_weight,-0.0029919049387313046,0.0,-0.0029919049387313046,0.7561631645373298,-0.39106124526029284
2016-07-21,benchmark_equal_weight,0.004390007768708015,0.0,0.004390007768708015,0.7594827267040595,-0.3883879993963182
2016-07-22,benchmark_equal_weight,-0.008736129361609501,0.0,-0.008736129361609501,0.7528477873556649,-0.3937311209527047
2016-07-25,benchmark_equal_weight,0.0019353499494336734,0.0,0.0019353499494336734,0.754304811282855,-0.3925577785082973
2016-07-26,benchmark_equal_weight,0.011999349045478946,0.0,0.011999349045478946,0.7633559780001221,-0.3852688672676572
2016-07-27,benchmark_equal_weight,-0.022371012959700898,0.0,-0.022371012959700898,0.7462789315234162,-0.39902102540474405
2016-07-28,benchmark_equal_weight,-0.0012139022785490616,0.0,-0.0012139022785490616,0.7453730218280067,-0.39975055515136537
2016-07-29,benchmark_equal_weight,-0.0052154585925764385,0.0,-0.0052154585925764385,0.7414855596966391,-0.4028811312761905
2016-08-01,benchmark_equal_weight,-0.009327825179572313,0.0,-0.009327825179572313,0.7345691120226115,-0.4084509516950702
2016-08-02,benchmark_equal_weight,0.005056319369186157,0.0,0.005056319369186157,0.7382833280517374,-0.4054598907843022
2016-08-03,benchmark_equal_weight,0.0018012762142197714,0.0,0.0018012762142197714,0.7396131802499121,-0.40438895982717227
2016-08-04,benchmark_equal_weight,0.002760928329016088,0.0,0.002760928329016088,0.7416551992317778,-0.40274452043328435
2016-08-05,benchmark_equal_weight,-0.001672352803197441,0.0,-0.001672352803197441,0.7404148900803366,-0.40374334230876285
2016-08-08,benchmark_equal_weight,0.00960775833263805,0.0,0.00960775833263805,0.7475286174101151,-0.39801465243743894
2016-08-09,benchmark_equal_weight,0.0076655740975004605,0.0,0.0076655740975004605,0.7532588534168744,-0.3934000891500886
2016-08-10,benchmark_equal_weight,-0.0030405519629351785,0.0,-0.0030405519629351785,0.7509685307315194,-0.39524448769973963
2016-08-11,benchmark_equal_weight,-0.0056729515274310804,0.0,-0.0056729515274310804,0.7467083226580533,-0.3986752364069658
2016-08-12,benchmark_equal_weight,0.016276834993158906,0.0,0.016276834993158906,0.758862370813977,-0.3888875724526616
2016-08-15,benchmark_equal_weight,0.026046358978864315,0.0,0.026046358978864315,0.77862797253975,-0.3729703187883183
2016-08-16,benchmark_equal_weight,-0.004501198415035601,0.0,-0.004501198415035601,0.7751232135438517,-0.3757927037955686
2016-08-17,benchmark_equal_weight,0.0006273786586922792,0.0,0.0006273786586922792,0.7756095093058861,-0.37540108945932993
2016-08-18,benchmark_equal_weight,-0.0018429159619033908,0.0,-0.0018429159619033908,0.7741801261609823,-0.3765521727613528
2016-08-19,benchmark_equal_weight,0.0017341001677867451,0.0,0.0017341001677867451,0.7755226320476554,-0.3754710517795319
2016-08-22,benchmark_equal_weight,-0.008807750356857436,0.0,-0.008807750356857436,0.7686920223084867,-0.3809717468460885
2016-08-23,benchmark_equal_weight,0.0017279299118915237,0.0,0.0017279299118915237,0.7700202682468659,-0.3799021094111579
2016-08-24,benchmark_equal_weight,-0.0016770940011133773,0.0,-0.0016770940011133773,0.7687288718742533,-0.38094207186356743
2016-08-25,benchmark_equal_weight,-0.006331915258053933,0.0,-0.006331915258053933,0.7638613458011262,-0.3848618942043538
2016-08-26,benchmark_equal_weight,0.001566172995281001,0.0,0.001566172995281001,0.7650576848130589,-0.3838984815146883
2016-08-29,benchmark_equal_weight,0.00017260006733982314,0.0,0.00017260006733982314,0.7651897338209765,-0.3837921423511096
2016-08-30,benchmark_equal_weight,0.002075499504086975,0.0,0.002075499504086975,0.7667778847340545,-0.38251320324814475
2016-08-31,benchmark_equal_weight,0.0026025272472035565,0.0,0.0026025272472035565,0.768773445071628,-0.38090617703480956
2016-09-01,benchmark_equal_weight,-0.006854424910648971,0.0,-0.006854424910648971,0.7635039452190836,-0.3851497091569711
2016-09-02,benchmark_equal_weight,0.00021565785969968054,0.0,0.00021565785969968054,0.7636686008457818,-0.38501711185921217
2016-09-05,benchmark_equal_weight,0.002476812366906944,0.0,0.002476812366906944,0.7655600646805752,-0.3834939146364288
2016-09-06,benchmark_equal_weight,0.008752172300329653,0.0,0.008752172300329653,0.7722603782729112,-0.37809814715312506
2016-09-07,benchmark_equal_weight,0.0010205596941607054,0.0,0.0010205596941607054,0.7730485160883739,-0.37746345918838564
2016-09-08,benchmark_equal_weight,0.0018401522161328732,0.0,0.0018401522161328732,0.7744710430284322,-0.3763178971931874
2016-09-09,benchmark_equal_weight,-0.005235622121265937,0.0,-0.005235622121265937,0.7704162053032726,-0.37958326100728046
2016-09-12,benchmark_equal_weight,-0.020442023894423345,0.0,-0.020442023894423345,0.754667338825812,-0.3922658348102699
2016-09-13,benchmark_equal_weight,0.0007149221925143445,0.0,0.0007149221925143445,0.7552068672543043,-0.39183135216842657
2016-09-14,benchmark_equal_weight,-0.007113200768069039,0.0,-0.007113200768069039,0.7498349291861001,-0.39615737786129757
2016-09-19,benchmark_equal_weight,0.008230345202003497,0.0,0.008230345202003497,0.7560063294978216,-0.391187544633413
2016-09-20,benchmark_equal_weight,-0.0013692575637482274,0.0,-0.0013692575637482274,0.7549711621129152,-0.39202116569282786
2016-09-21,benchmark_equal_weight,0.0008104587200721269,0.0,0.0008104587200721269,0.7555830350746525,-0.39152842394494436
2016-09-22,benchmark_equal_weight,0.006397217172083081,0.0,0.006397217172083081,0.7604166638415668,-0.3876358991298805
2016-09-23,benchmark_equal_weight,-0.0021800299280383406,0.0,-0.0021800299280383406,0.7587589327566131,-0.38897087119663365
2016-09-26,benchmark_equal_weight,-0.016738003911721477,0.0,-0.016738003911721477,0.7460588227720792,-0.39919827914472017
2016-09-27,benchmark_equal_weight,0.0057551325986296975,0.0,0.0057551325986296975,0.75035249022351,-0.39574058557571323
2016-09-28,benchmark_equal_weight,-0.0026815431161132386,0.0,-0.0026815431161132386,0.7483403876686927,-0.3973609332488094
2016-09-29,benchmark_equal_weight,0.003389018447443548,0.0,0.003389018447443548,0.7508765270474689,-0.3953185783344395
2016-09-30,benchmark_equal_weight,0.002781145184951206,0.0,0.002781145184951206,0.7529648236851599,-0.3936368715101447
2016-10-10,benchmark_equal_weight,0.015310902995017805,0.0,0.015310902995017805,0.7644933950592641,-0.3843529044700811
2016-10-11,benchmark_equal_weight,0.004446012247114939,0.0,0.004446012247114939,0.7678923420565361,-0.3816157299434543
2016-10-12,benchmark_equal_weight,-0.0021470478427794704,0.0,-0.0021470478427794704,0.7662436404600368,-0.38294343055648794
2016-10-13,benchmark_equal_weight,0.0004158211492797381,0.0,0.0004158211492797381,0.7665622607712411,-0.3826868453846113
2016-10-14,benchmark_equal_weight,0.000565096713527391,0.0,0.000565096713527391,0.766995442585517,-0.38233800374972104
2016-10-17,benchmark_equal_weight,-0.00818513815915084,0.0,-0.00818513815915084,0.7607174789205154,-0.3873936525246865
2016-10-18,benchmark_equal_weight,0.014312231577449874,0.0,0.014312231577449874,0.7716050436438397,-0.3786258886138041
2016-10-19,benchmark_equal_weight,-0.001358261268075589,0.0,-0.001358261268075589,0.7705570023988065,-0.37946987700228485
2016-10-20,benchmark_equal_weight,0.0006548100716465832,0.0,0.0006548100716465832,0.771061570884755,-0.3790635476279859
2016-10-21,benchmark_equal_weight,0.002129720979498706,0.0,0.002129720979498706,0.7727037168887536,-0.3777411262384336
2016-10-24,benchmark_equal_weight,0.011695181530522292,0.0,0.011695181530522292,0.7817406271270768,-0.37046369575081384
2016-10-25,benchmark_equal_weight,0.000774318938131513,0.0,0.000774318938131513,0.7823459436993682,-0.36997623386819223
2016-10-26,benchmark_equal_weight,-0.004509174626118939,0.0,-0.004509174626118939,0.7788182092211918,-0.3728171210482858
2016-10-27,benchmark_equal_weight,-0.002516758244317685,0.0,-0.002516758244317685,0.7768581120723096,-0.37439558872958245
2016-10-28,benchmark_equal_weight,-0.003932849813953643,0.0,-0.003932849813953643,0.7738028457907776,-0.37685599692205585
2016-10-31,benchmark_equal_weight,-0.0010203555201437342,0.0,-0.0010203555201437342,0.773013291785572,-0.377491825345441
2016-11-01,benchmark_equal_weight,0.007210108991299924,0.0,0.007210108991299924,0.7785868018710695,-0.3730034735582064
2016-11-02,benchmark_equal_weight,-0.008196671492337992,0.0,-0.008196671492337992,0.7722049816278623,-0.3781427581122868
2016-11-03,benchmark_equal_weight,0.008650379103156247,0.0,0.008650379103156247,0.7788848474642891,-0.37276345722191506
2016-11-04,benchmark_equal_weight,-0.002005490076558314,0.0,-0.002005490076558314,0.7773228016319179,-0.37402137388411116
2016-11-07,benchmark_equal_weight,0.0015881136636664017,0.0,0.0015881136636664017,0.778557278594269,-0.3730272486748134
2016-11-08,benchmark_equal_weight,0.0038557655265513135,0.0,0.0038557655265513135,0.7815592129095184,-0.3706097887541667
2016-11-09,benchmark_equal_weight,-0.007865430746512525,0.0,-0.007865430746512525,0.7754119130460797,-0.37556021387325367
2016-11-10,benchmark_equal_weight,0.01209830996145278,0.0,0.01209830996145278,0.7847930867179144,-0.368005547788429
2016-11-11,benchmark_equal_weight,0.007733957260650626,0.0,0.007733957260650626,0.7908626429090448,-0.3631177297060564
2016-11-14,benchmark_equal_weight,0.0043872430158146125,0.0,0.0043872430158146125,0.7943323495156162,-0.3603235724138132
2016-11-15,benchmark_equal_weight,0.0004416249429500807,0.0,0.0004416249429500807,0.7946831464941545,-0.3600410753479738
2016-11-16,benchmark_equal_weight,7.320283874517886e-05,0.0,7.320283874517886e-05,0.7947413195563808,-0.359994228538009
2016-11-17,benchmark_equal_weight,0.0008863756608661344,0.0,0.0008863756608661344,0.7954457589187203,-0.35942694299937117
2016-11-18,benchmark_equal_weight,-0.004611212253824215,0.0,-0.004611212253824215,0.7917777896879418,-0.3623807613292821
2016-11-21,benchmark_equal_weight,0.006636240090505674,0.0,0.006636240090505674,0.7970322171986408,-0.3581493669751378
2016-11-22,benchmark_equal_weight,0.007683501557787409,0.0,0.007683501557787409,0.8031562154810933,-0.3532177066364245
2016-11-23,benchmark_equal_weight,-0.000699023380608621,0.0,-0.000699023380608621,0.8025947905081909,-0.35366982258164925
2016-11-24,benchmark_equal_weight,0.001166414129446347,0.0,0.001166414129446347,0.8035309484120596,-0.352915933930421
2016-11-25,benchmark_equal_weight,0.007569363655598238,0.0,0.007569363655598238,0.8096131663691183,-0.34801791931859716
2016-11-28,benchmark_equal_weight,0.0032709171668529047,0.0,0.0032709171668529047,0.8122613439735051,-0.34588533993841586
2016-11-29,benchmark_equal_weight,0.004250273763915791,0.0,0.004250273763915791,0.8157136770532387,-0.34310517356016346
2016-11-30,benchmark_equal_weight,-0.0071986691320851115,0.0,-0.0071986691320851115,0.8098416241856159,-0.3478339420702823
2016-12-01,benchmark_equal_weight,0.005410285036922202,0.0,0.005410285036922202,0.814223098207224,-0.3443055378054767
2016-12-02,benchmark_equal_weight,-0.010854629984282715,0.0,-0.010854629984282715,0.8053850077515284,-0.3514228585753414
2016-12-05,benchmark_equal_weight,-0.01121538975199926,0.0,-0.01121538975199926,0.7963523009891781,-0.35869690400065646
2016-12-06,benchmark_equal_weight,-0.0010085575397910107,0.0,-0.0010085575397910107,0.7955491338716856,-0.3593436950734179
2016-12-07,benchmark_equal_weight,0.006910167249646992,0.0,0.006910167249646992,0.8010465114420507,-0.3549166528568344
2016-12-08,benchmark_equal_weight,-0.0018943217996763573,0.0,-0.0018943217996763573,0.7995290715728715,-0.3561386483039358
2016-12-09,benchmark_equal_weight,0.005755817350823089,0.0,0.005755817350823089,0.8041310148755182,-0.35243269996431914
2016-12-12,benchmark_equal_weight,-0.02533736778409701,0.0,-0.02533736778409701,0.7837564516050181,-0.3688403508102778
2016-12-13,benchmark_equal_weight,-0.0006517173611993443,0.0,-0.0006517173611993443,0.7832456639185551,-0.36925168851134316
2016-12-14,benchmark_equal_weight,-0.005725352437713271,0.0,-0.005725352437713271,0.7787613064473107,-0.3728629448941083
2016-12-15,benchmark_equal_weight,-0.0074333169653336695,0.0,-0.0074333169653336695,0.7729725268161505,-0.3775246534054163
2016-12-16,benchmark_equal_weight,0.0014116436784952224,0.0,0.0014116436784952224,0.7740636885972809,-0.37664594001737695
2016-12-19,benchmark_equal_weight,-0.0021991508254526337,0.0,-0.0021991508254526337,0.7723614057975493,-0.37801678961293705
2016-12-20,benchmark_equal_weight,-0.0041428863440773345,0.0,-0.0041428863440773345,0.7691616002767783,-0.38059359536149495
2016-12-21,benchmark_equal_weight,0.007606644962269038,0.0,0.007606644962269038,0.7750123394886943,-0.3758819907540544
2016-12-22,benchmark_equal_weight,-0.0016181663751905773,0.0,-0.0016181663751905773,0.7737582405805759,-0.3768919175307671
2016-12-23,benchmark_equal_weight,-0.007672854717545807,0.0,-0.007672854717545807,0.7678213060140973,-0.3816729353208821
2016-12-26,benchmark_equal_weight,0.004577358857936309,0.0,0.004577358857936309,0.7713358996704931,-0.37884263045427136
2016-12-27,benchmark_equal_weight,-0.0021564287235412705,0.0,-0.0021564287235412705,0.7696725687809451,-0.38018211204779906
2016-12-28,benchmark_equal_weight,-0.003619863827921288,0.0,-0.003619863827921288,0.7668864588898718,-0.38242576840029574
2016-12-29,benchmark_equal_weight,-0.0018603994837244064,0.0,-0.0018603994837244064,0.7654597437176779,-0.3835747031819253
2016-12-30,benchmark_equal_weight,0.0034725995504136797,0.0,0.0034725995504136797,0.7681178788795716,-0.3814341049733313
2017-01-03,benchmark_equal_weight,0.009150923119971455,0.0,0.009150923119971455,0.7751468665362742,-0.3757736560233058
2017-01-04,benchmark_equal_weight,0.008947493565599651,0.0,0.008947493565599651,0.7820824881370021,-0.37018839482709676
2017-01-05,benchmark_equal_weight,0.00046382947872447566,0.0,0.00046382947872447566,0.7824452410497942,-0.3698962696385748
2017-01-06,benchmark_equal_weight,-0.005121256433028187,0.0,-0.005121256433028187,0.7784381383255756,-0.3731231924211633
2017-01-09,benchmark_equal_weight,0.00547279364379083,0.0,0.00547279364379083,0.7826983696210882,-0.369692425013206
2017-01-10,benchmark_equal_weight,-0.0029123421971762875,0.0,-0.0029123421971762875,0.7804188841315796,-0.3715280963610399
2017-01-11,benchmark_equal_weight,-0.007466780842949272,0.0,-0.007466780842949272,0.7745916673580701,-0.37622075833146307
2017-01-12,benchmark_equal_weight,-0.005770103516280323,0.0,-0.005770103516280323,0.7701221932545659,-0.37982002912719737
2017-01-13,benchmark_equal_weight,-0.0034767713486011376,0.0,-0.0034767713486011376,0.7674446544781366,-0.3819762530809042
2017-01-16,benchmark_equal_weight,-0.006834256360180091,0.0,-0.006834256360180091,0.7621997409671831,-0.38619998580402837
2017-01-17,benchmark_equal_weight,0.0025450232515776827,0.0,0.0025450232515776827,0.764139557030291,-0.384637850496081
2017-01-18,benchmark_equal_weight,0.0017212633475696681,0.0,0.0017212633475696681,0.7654548424422354,-0.38357865018265813
2017-01-19,benchmark_equal_weight,-0.0037215421221954426,0.0,-0.0037215421221954426,0.7626061700034481,-0.38587268820102405
2017-01-20,benchmark_equal_weight,0.00909774520850093,0.0,0.00909774520850093,0.7695441666325701,-0.3802855143926954
2017-01-23,benchmark_equal_weight,0.0040807620146349755,0.0,0.0040807620146349755,0.7726844932363482,-0.3777566070599101
2017-01-24,benchmark_equal_weight,0.0005740088539213928,0.0,0.0005740088539213928,0.7731280209767537,-0.3773994338430683
2017-01-25,benchmark_equal_weight,0.002493387456556695,0.0,0.002493387456556695,0.7750557286865697,-0.37584704940096747
2017-01-26,benchmark_equal_weight,0.004700510153834103,0.0,0.004700510153834103,0.7786988860090481,-0.3729132121191313
2017-02-03,benchmark_equal_weight,-0.006418227633331219,0.0,-0.006418227633331219,0.7737010193008206,-0.37693799786960525
2017-02-06,benchmark_equal_weight,0.005051225122677305,0.0,0.005051225122677305,0.7776091573269539,-0.37379077143145856
2017-02-07,benchmark_equal_weight,-0.0016373977158923303,0.0,-0.0016373977158923303,0.7763359018688898,-0.37481612499198735
2017-02-08,benchmark_equal_weight,0.004752892146496213,0.0,0.004752892146496213,0.7800257426799254,-0.37184469346234583
2017-02-09,benchmark_equal_weight,0.004951269845499207,0.0,0.004951269845499207,0.7838878606183697,-0.3687345270347956
2017-02-10,benchmark_equal_weight,0.003288578680784915,0.0,0.003288578680784915,0.7864657375249254,-0.3666585608584866
2017-02-13,benchmark_equal_weight,0.0049160489412225505,0.0,0.0049160489412225505,0.7903320415811926,-0.36354502334716254
2017-02-14,benchmark_equal_weight,-0.0008063962461294372,0.0,-0.0008063962461294372,0.7896947207896657,-0.3640582582511658
2017-02-15,benchmark_equal_weight,-0.00523456070644418,0.0,-0.00523456070644418,0.7855610158341337,-0.36738713390411193
2017-02-16,benchmark_equal_weight,0.004737332510812986,0.0,0.004737332510812986,0.7892824795736721,-0.36439023640679724
2017-02-17,benchmark_equal_weight,-0.007058653247861202,0.0,-0.007058653247861202,0.7837112082357496,-0.3688767853289566
2017-02-20,benchmark_equal_weight,0.012822852226689552,0.0,0.012822852226689552,0.7937606212473569,-0.3607839856103966
2017-02-21,benchmark_equal_weight,0.00444379808081552,0.0,0.00444379808081552,0.7972879331726828,-0.3579434387124256
2017-02-22,benchmark_equal_weight,0.0033645329117362177,0.0,0.0033645329117362177,0.7999704346639724,-0.3557832182807773
2017-02-23,benchmark_equal_weight,-0.002264401033057195,0.0,-0.002264401033057195,0.7981589807853041,-0.3572419834268151
2017-02-24,benchmark_equal_weight,0.0006830297119982953,0.0,0.0006830297119982953,0.7987041470840787,-0.3568029606038706
2017-02-27,benchmark_equal_weight,-0.008049449051016178,0.0,-0.008049449051016178,0.79227501874529,-0.3619803424022542
2017-02-28,benchmark_equal_weight,0.0021103769110781823,0.0,0.0021103769110781823,0.7939470176520741,-0.3606338804480459
2017-03-01,benchmark_equal_weight,0.0015488572955416613,0.0,0.0015488572955416613,0.7951767282826382,-0.35964359356925557
2017-03-02,benchmark_equal_weight,-0.006138188181536941,0.0,-0.006138188181536941,0.7902957838868604,-0.3635742216951804
2017-03-03,benchmark_equal_weight,-0.00023405690272149116,0.0,-0.00023405690272149116,0.7901108097034499,-0.3637231815416625
2017-03-06,benchmark_equal_weight,0.00558098984566846,0.0,0.00558098984566846,0.7945204101093578,-0.3601721270788123
2017-03-07,benchmark_equal_weight,0.0018125269479747352,0.0,0.0018125269479747352,0.795960499763397,-0.35901242181707727
2017-03-08,benchmark_equal_weight,-0.0016226188447522882,0.0,-0.0016226188447522882,0.7946689592568024,-0.36005250034068903
2017-03-09,benchmark_equal_weight,-0.006883829042538259,0.0,-0.006883829042538259,0.7891985939958668,-0.36445778952454355
2017-03-10,benchmark_equal_weight,-0.0008968146435332502,0.0,-0.0008968146435332502,0.7884908291401154,-0.3650277530854815
2017-03-13,benchmark_equal_weight,0.007997608671559964,0.0,0.007997608671559964,0.7947968702326917,-0.35994949353735806
2017-03-14,benchmark_equal_weight,-0.0011052590261104722,0.0,-0.0011052590261104722,0.7939184138179427,-0.36065691513679254
2017-03-15,benchmark_equal_weight,-6.044714588243627e-05,0.0,-6.044714588243627e-05,0.7938704237157639,-0.36069556160151217
2017-03-16,benchmark_equal_weight,0.006936841147860862,0.0,0.006936841147860862,0.799377376737065,-0.3562608082672196
2017-03-17,benchmark_equal_weight,-0.009284298306880656,0.0,-0.009284298306880656,0.7919557187116664,-0.36223747495509695
2017-03-20,benchmark_equal_weight,0.0018260763221754628,0.0,0.0018260763221754628,0.7934018902978173,-0.36107287190894155
2017-03-21,benchmark_equal_weight,0.0028584718768226436,0.0,0.0028584718768226436,0.7956698072882515,-0.3592465166819542
2017-03-22,benchmark_equal_weight,-0.005182651788239179,0.0,-0.005182651788239179,0.7915461277386612,-0.3625673188680929
2017-03-23,benchmark_equal_weight,0.0028536583278184757,0.0,0.0028536583278184757,0.793804929937935,-0.36074830378915723
2017-03-24,benchmark_equal_weight,0.006513525065132808,0.0,0.006513525065132808,0.7989753982459117,-0.3565845218429593
2017-03-27,benchmark_equal_weight,-0.002584430546233807,0.0,-0.002584430546233807,0.7969105018209957,-0.358247384458628
2017-03-28,benchmark_equal_weight,-0.0030466393175681006,0.0,-0.0030466393175681006,0.7944826029535649,-0.3602025732092885
2017-03-29,benchmark_equal_weight,-0.002164326431357666,0.0,-0.002164326431357666,0.7927630832567386,-0.36158730369080627
2017-03-30,benchmark_equal_weight,-0.009366454147778869,0.0,-0.009366454147778869,0.7853377041873625,-0.3675669669381463
2017-03-31,benchmark_equal_weight,0.004819418884299154,0.0,0.004819418884299154,0.7891225755494752,-0.3645190072355534
2017-04-05,benchmark_equal_weight,0.015997040298785015,0.0,0.015997040298785015,0.8017462011912212,-0.35435319218518857
2017-04-06,benchmark_equal_weight,0.0027896717030255758,0.0,0.0027896717030255758,0.8039828098816926,-0.35255204955527886
2017-04-07,benchmark_equal_weight,0.0010108390811469081,0.0,0.0010108390811469081,0.8047955071264913,-0.35189758386396086
2017-04-10,benchmark_equal_weight,-0.002833930154759301,0.0,-0.002833930154759301,0.8025147728704307,-0.35373426084442117
2017-04-11,benchmark_equal_weight,0.005388628277798291,0.0,0.005388628277798291,0.8068392266688711,-0.3502517750074353
2017-04-12,benchmark_equal_weight,-0.004655538563790529,0.0,-0.004655538563790529,0.8030829555343353,-0.3532767029256426
2017-04-13,benchmark_equal_weight,0.000721564695874366,0.0,0.000721564695874366,0.8036624318429074,-0.35281005022647416
2017-04-14,benchmark_equal_weight,-0.009273546254224885,0.0,-0.009273546254224885,0.7962096311084295,-0.35881179616096837
2017-04-17,benchmark_equal_weight,-0.005056055340251386,0.0,-0.005056055340251386,0.7921839511511041,-0.36205367920309495
2017-04-18,benchmark_equal_weight,-0.0072510103904454,0.0,-0.0072510103904454,0.7864398170901633,-0.36667943460373964
2017-04-19,benchmark_equal_weight,-0.007896489887969649,0.0,-0.007896489887969649,0.7802297030270141,-0.3716804440442345
2017-04-20,benchmark_equal_weight,0.002054339498269886,0.0,0.002054339498269886,0.7818325597236659,-0.37038966236289916
2017-04-21,benchmark_equal_weight,-0.0011321178856891212,0.0,-0.0011321178856891212,0.7809474330991887,-0.3711024554871528
2017-04-24,benchmark_equal_weight,-0.014095716384097845,0.0,-0.014095716384097845,0.7699394195713334,-0.3799672169092614
2017-04-25,benchmark_equal_weight,0.0023886393284818785,0.0,0.0023886393284818785,0.77177852714947,-0.37848618221862274
2017-04-26,benchmark_equal_weight,0.0012431359901691752,0.0,0.0012431359901691752,0.7727379528130094,-0.3777135560233512
2017-04-27,benchmark_equal_weight,0.0028093965015686395,0.0,0.0028093965015686395,0.7749088801142715,-0.37596530666466965
2017-04-28,benchmark_equal_weight,0.000600922358053424,0.0,0.000600922358053424,0.7753745401857863,-0.3755903102652435
2017-05-02,benchmark_equal_weight,-0.0018407517205146773,0.0,-0.0018407517205146773,0.7739472681668961,-0.3767396934759287
2017-05-03,benchmark_equal_weight,-0.003002353146363823,0.0,-0.003002353146363823,0.7716236051511954,-0.378610941018225
2017-05-04,benchmark_equal_weight,-0.0026380628221162605,0.0,-0.0026380628221162605,0.7695880136057787,-0.38025020439279467
2017-05-05,benchmark_equal_weight,-0.008051259474678885,0.0,-0.008051259474678885,0.7633918608196358,-0.38523997080660755
2017-05-08,benchmark_equal_weight,-0.008187942305169615,0.0,-0.008187942305169615,0.7571412523070086,-0.3902735904571675
2017-05-09,benchmark_equal_weight,0.0009438972512082477,0.0,0.0009438972512082477,0.7578559158538376,-0.38969807137521084
2017-05-10,benchmark_equal_weight,-0.008630046121994639,0.0,-0.008630046121994639,0.7513155843461925,-0.39496500516758504
2017-05-11,benchmark_equal_weight,0.001968585808578893,0.0,0.001968585808578893,0.7527946135433006,-0.39377394186306436
2017-05-12,benchmark_equal_weight,0.006974672204343391,0.0,0.006974672204343391,0.7580451092099604,-0.38954571382582803
2017-05-15,benchmark_equal_weight,0.003861073598155018,0.0,0.003861073598155018,0.7609719771673414,-0.38718870489860047
2017-05-16,benchmark_equal_weight,0.010193548346908832,0.0,0.010193548346908832,0.7687289818072396,-0.3809419833344524
2017-05-17,benchmark_equal_weight,-0.0026548913832812326,0.0,-0.0026548913832812326,0.766688089857361,-0.3825855151286489
2017-05-18,benchmark_equal_weight,-0.006122476528071352,0.0,-0.006122476528071352,0.7619940600228574,-0.3863656208203651
2017-05-19,benchmark_equal_weight,0.0013562941607547785,0.0,0.0013562941607547785,0.7630275481169962,-0.38553335209504536
2017-05-22,benchmark_equal_weight,-0.0029992371720332645,0.0,-0.0029992371720332645,0.7607390475313983,-0.3873762833064166
2017-05-23,benchmark_equal_weight,-0.004172718600355174,0.0,-0.004172718600355174,0.7575646975577476,-0.3899325896840826
2017-05-24,benchmark_equal_weight,0.00210453713659986,0.0,0.00210453713659986,0.7591590205971348,-0.3886486801632436
2017-05-25,benchmark_equal_weight,0.018135725658700474,0.0,0.018135725658700474,0.7729269203260122,-0.3775613803455997
2017-05-26,benchmark_equal_weight,-0.0016461632362149148,0.0,-0.0016461632362149148,0.7716545564454906,-0.37858601591807517
2017-05-31,benchmark_equal_weight,0.0004920988329506493,0.0,0.0004920988329506493,0.7720342867521585,-0.37828021882172935
2017-06-01,benchmark_equal_weight,-0.006292550991428281,0.0,-0.006292550991428281,0.7671762216356396,-0.3821924222471732
2017-06-02,benchmark_equal_weight,0.0012715402668758147,0.0,0.0012715402668758147,0.7681517170932388,-0.3814068550348796
2017-06-05,benchmark_equal_weight,-0.0013241594515496224,0.0,-0.0013241594515496224,0.7671345617368257,-0.3822259709944489
2017-06-06,benchmark_equal_weight,0.005406913170809213,0.0,0.005406913170809213,0.7712823917024635,-0.378885720460435
2017-06-07,benchmark_equal_weight,0.013369355695746377,0.0,0.013369355695746377,0.7815939403389998,-0.3705818227295632
2017-06-08,benchmark_equal_weight,0.004962223094102991,0.0,0.004962223094102991,0.785472383839961,-0.36745850931446356
2017-06-09,benchmark_equal_weight,0.003305051314972829,0.0,0.003305051314972829,0.788068410375046,-0.36536792722889855
2017-06-12,benchmark_equal_weight,-0.005187306229472555,0.0,-0.005187306229472555,0.7839804582006571,-0.36865995813340713
2017-06-13,benchmark_equal_weight,0.00534437354558398,0.0,0.00534437354558398,0.7881703426217196,-0.3652858411153873
2017-06-14,benchmark_equal_weight,-0.008658753570168765,0.0,-0.008658753570168765,0.7813457698536427,-0.37078167460466604
2017-06-15,benchmark_equal_weight,0.001490046638332132,0.0,0.001490046638332132,0.7825100114913881,-0.36984410995413386
2017-06-16,benchmark_equal_weight,-0.002543256733048782,0.0,-0.002543256733048782,0.7805198876359846,-0.37144675816436334
2017-06-19,benchmark_equal_weight,0.010078779938026527,0.0,0.010078779938026527,0.7883865758207209,-0.3651117083605687
2017-06-20,benchmark_equal_weight,-0.0011669190722629619,0.0,-0.0011669190722629619,0.7874665924890796,-0.36585257161683926
2017-06-21,benchmark_equal_weight,0.005543295487307365,0.0,0.005543295487307365,0.7918317524976296,-0.36233730503879524
2017-06-22,benchmark_equal_weight,-0.0031747629525016863,0.0,-0.0031747629525016863,0.7893178743851856,-0.36436173293895047
2017-06-23,benchmark_equal_weight,0.003968741094858785,0.0,0.003968741094858785,0.7924504726701647,-0.3618390492270005
2017-06-26,benchmark_equal_weight,0.011241290309449425,0.0,0.011241290309449425,0.8013586384893104,-0.35466529671520697
2017-06-27,benchmark_equal_weight,0.002361676150178016,0.0,0.002361676150178016,0.8032511880735699,-0.35314122513757695
2017-06-28,benchmark_equal_weight,-0.005544225415809845,0.0,-0.005544225415809845,0.798797782421373,-0.35672755599760875
2017-06-29,benchmark_equal_weight,0.00555115148993679,0.0,0.00555115148993679,0.8032320299214195,-0.3531566532116497
2017-06-30,benchmark_equal_weight,0.0011407267570014423,0.0,0.0011407267570014423,0.8041482981900314,-0.3524187816983799
2017-07-03,benchmark_equal_weight,0.00013749346843555665,0.0,0.00013749346843555665,0.8042588633286861,-0.3523297435105819
2017-07-04,benchmark_equal_weight,-0.00705251940838536,0.0,-0.00705251940838536,0.7985868120856946,-0.35689745056470745
2017-07-05,benchmark_equal_weight,0.011189062389967308,0.0,0.011189062389967308,0.8075222497499265,-0.3497017360159289
2017-07-06,benchmark_equal_weight,0.001754895910451082,0.0,0.001754895910451082,0.8089393672436109,-0.3485605302518898
2017-07-07,benchmark_equal_weight,-3.743581117710004e-05,0.0,-3.743581117710004e-05,0.8089090839422051,-0.3485849174168726
2017-07-10,benchmark_equal_weight,-0.0002930616460084523,0.0,-0.0002930616460084523,0.8086720237145938,-0.34877582219320913
2017-07-11,benchmark_equal_weight,-0.0022334836984963524,0.0,-0.0022334836984963524,0.8068658679321973,-0.3502303207784072
2017-07-12,benchmark_equal_weight,-0.0007337374248364004,0.0,-0.0007337374248364004,0.8062738402480724,-0.35070708110957605
2017-07-13,benchmark_equal_weight,0.00836143203048656,0.0,0.00836143203048656,0.813015444161266,-0.3452780625003975
2017-07-14,benchmark_equal_weight,0.0025118773552597617,0.0,0.0025118773552597617,0.8150576392449311,-0.34363348129160054
2017-07-17,benchmark_equal_weight,-0.01897463977519609,0.0,-0.01897463977519609,0.7995922141442369,-0.3560877995445919
2017-07-18,benchmark_equal_weight,0.003922876936804487,0.0,0.003922876936804487,0.8027289159999518,-0.35356181122409824
2017-07-19,benchmark_equal_weight,0.01657936762946466,0.0,0.01657936762946466,0.8160376538051167,-0.3428442748426572
2017-07-20,benchmark_equal_weight,0.0047167161083460085,0.0,0.0047167161083460085,0.8198866717518363,-0.3397446578481158
2017-07-21,benchmark_equal_weight,-0.0027223923861323662,0.0,-0.0027223923861323662,0.8176546185191677,-0.34154213196449323
2017-07-24,benchmark_equal_weight,0.006221105849928854,0.0,0.006221105849928854,0.8227413344496586,-0.3374457958697259
2017-07-25,benchmark_equal_weight,-0.0032264667575130357,0.0,-0.0032264667575130357,0.8200867868840248,-0.3395835049844028
2017-07-26,benchmark_equal_weight,-0.0018604431782676123,0.0,-0.0018604431782676123,0.818561062015779,-0.34081217234736993
2017-07-27,benchmark_equal_weight,0.003116344290992945,0.0,0.003116344290992945,0.8211119801082211,-0.33875791612397255
2017-07-28,benchmark_equal_weight,0.0024981552581346267,0.0,0.0024981552581346267,0.8231632453188458,-0.3371060307352378
2017-07-31,benchmark_equal_weight,0.006967890363592022,0.0,0.006967890363592022,0.8288989565635662,-0.33248705823471447
2017-08-01,benchmark_equal_weight,0.00736865235628964,0.0,0.00736865235628964,0.8350068248129744,-0.3275683874235219
2017-08-02,benchmark_equal_weight,-0.0029766411153070993,0.0,-0.0029766411153070993,0.832521309166674,-0.3295699750087493
2017-08-03,benchmark_equal_weight,-0.0056110454665661,0.0,-0.0056110454665661,0.8278499942490547,-0.3333317883611262
2017-08-04,benchmark_equal_weight,-0.0064218350243184785,0.0,-0.0064218350243184785,0.8225336781611042,-0.3376130216322285
2017-08-07,benchmark_equal_weight,0.0075021733892154385,0.0,0.0075021733892154385,0.828704468433138,-0.33264367966975494
2017-08-08,benchmark_equal_weight,0.00021477707330397333,0.0,0.00021477707330397333,0.8288824551535021,-0.33250034683242347
2017-08-09,benchmark_equal_weight,7.09319232147787e-05,0.0,7.09319232147787e-05,0.8289412493801652,-0.332452999798279
2017-08-10,benchmark_equal_weight,-0.005731502811743006,0.0,-0.005731502811743006,0.824190170278573,-0.33627904730690583
2017-08-11,benchmark_equal_weight,-0.018044891139021635,0.0,-0.018044891139021635,0.8093177483780445,-0.34825581964494046
2017-08-14,benchmark_equal_weight,0.014791241149342826,0.0,0.014791241149342826,0.8212885623607474,-0.33861571430562787
2017-08-15,benchmark_equal_weight,0.004417792650730057,0.0,0.004417792650730057,0.8249168449356734,-0.3356938556689789
2017-08-16,benchmark_equal_weight,-0.0016455192395313234,0.0,-0.0016455192395313234,0.8235594283963183,-0.3367869842104144
2017-08-17,benchmark_equal_weight,0.005487590878249016,0.0,0.005487590878249016,0.828078785603282,-0.3331475425146314
2017-08-18,benchmark_equal_weight,0.0003271969161004473,0.0,0.0003271969161004473,0.8283497304282196,-0.3329293504470482
2017-08-21,benchmark_equal_weight,0.005094104978411007,0.0,0.005094104978411007,0.8325694309138594,-0.3295312225302086
2017-08-22,benchmark_equal_weight,0.0029269683780860922,0.0,0.0029269683780860922,0.8350063353107054,-0.3275687816200604
2017-08-23,benchmark_equal_weight,-0.0010931499001045064,0.0,-0.0010931499001045064,0.8340935482186739,-0.32830384973925975
2017-08-24,benchmark_equal_weight,-0.006009676024227806,0.0,-0.006009676024227806,0.8290809162199809,-0.33234052598904784
2017-08-25,benchmark_equal_weight,0.01671650291601323,0.0,0.01671650291601323,0.8429402497735832,-0.3211795944448399
2017-08-28,benchmark_equal_weight,0.011732626824850989,0.0,0.011732626824850989,0.8528301531598234,-0.31321524794536715
2017-08-29,benchmark_equal_weight,-0.0007911167121432694,0.0,-0.0007911167121432694,0.852155464973039,-0.31375857484036274
2017-08-30,benchmark_equal_weight,0.001545741127411182,0.0,0.001545741127411182,0.853472676722196,-0.31269782324616024
2017-08-31,benchmark_equal_weight,-0.0011781648542115164,0.0,-0.0011781648542115164,0.8524671452104521,-0.31350757851503464
2017-09-01,benchmark_equal_weight,0.003502281794348472,0.0,0.003502281794348472,0.8554527253734028,-0.31110328860530967
2017-09-04,benchmark_equal_weight,0.0031513986532681892,0.0,0.0031513986532681892,0.858148597940079,-0.30893230043677966
2017-09-05,benchmark_equal_weight,0.003958373128972181,0.0,0.003958373128972181,0.8615454702908301,-0.30619679662452814
2017-09-06,benchmark_equal_weight,-0.00015950889213312003,0.0,-0.00015950889213312003,0.8614080461273417,-0.3063074644048569
2017-09-07,benchmark_equal_weight,-0.00781691403719581,0.0,-0.00781691403719581,0.8546744934798155,-0.3117299993238485
2017-09-08,benchmark_equal_weight,0.00023366043076511467,0.0,0.00023366043076511467,0.8548741970901259,-0.31156917785900784
2017-09-11,benchmark_equal_weight,0.003515966378225044,0.0,0.003515966378225044,0.857879906024707,-0.3091486782346262
2017-09-12,benchmark_equal_weight,0.002903261253107914,0.0,0.002903261253107914,0.8603705555156884,-0.3071429563604864
2017-09-13,benchmark_equal_weight,0.0021336844766337015,0.0,0.0021336844766337015,0.862206314814145,-0.30566461804194645
2017-09-14,benchmark_equal_weight,-0.003671888310280813,0.0,-0.003671888310280813,0.8590403895257286,-0.30821414001437264
2017-09-15,benchmark_equal_weight,-0.004591885518535566,0.0,-0.004591885518535566,0.8550957744012282,-0.3113907414867684
2017-09-18,benchmark_equal_weight,0.004666589447098746,0.0,0.004666589447098746,0.8590861553183077,-0.30817728478781603
2017-09-19,benchmark_equal_weight,-0.0031580633336351083,0.0,-0.0031580633336351083,0.8563731068307634,-0.31036210473810344
2017-09-20,benchmark_equal_weight,0.0027436044746634858,0.0,0.0027436044746634858,0.8587226559186456,-0.3084700111227655
2017-09-21,benchmark_equal_weight,-0.003581786554476829,0.0,-0.003581786554476829,0.8556468946556516,-0.3109469239389435
2017-09-22,benchmark_equal_weight,-0.0023730414589339666,0.0,-0.0023730414589339666,0.8536164091004256,-0.3125820754558424
2017-09-25,benchmark_equal_weight,-0.005952799745807702,0.0,-0.005952799745807702,0.8485350015573152,-0.3166741367023326
2017-09-26,benchmark_equal_weight,0.00206889252660164,0.0,0.00206889252660164,0.8502905292805971,-0.3152604089305223
2017-09-27,benchmark_equal_weight,0.0015318991767479528,0.0,0.0015318991767479528,0.8515930886423986,-0.31421145691467633
2017-09-28,benchmark_equal_weight,-0.0012164729351662462,0.0,-0.0012164729351662462,0.8505571486982905,-0.3150457001165867
2017-09-29,benchmark_equal_weight,0.004775024600368494,0.0,0.004775024600368494,0.854618580007344,-0.31177502648451527
2017-10-09,benchmark_equal_weight,0.00938274248496651,0.0,0.00938274248496651,0.8626372460664206,-0.3053175887862968
2017-10-10,benchmark_equal_weight,0.0026724209359219042,0.0,0.0026724209359219042,0.8649425759029145,-0.3034611049667525
2017-10-11,benchmark_equal_weight,-0.0006858704639154389,0.0,-0.0006858704639154389,0.8643493373371197,-0.3039388404218242
2017-10-12,benchmark_equal_weight,0.001446684754781269,0.0,0.001446684754781269,0.8655997783462507,-0.302931859353867
2017-10-13,benchmark_equal_weight,0.0028934661149001006,0.0,0.0028934661149001006,0.8681043619739606,-0.30091491630913103
2017-10-16,benchmark_equal_weight,-0.004307625441016039,0.0,-0.004307625441016039,0.8643648935388646,-0.30392631300107253
2017-10-17,benchmark_equal_weight,-0.0010429729857640013,0.0,-0.0010429729857640013,0.8634633843050609,-0.3046522990527135
2017-10-18,benchmark_equal_weight,0.0016682439572064944,0.0,0.0016682439572064944,0.8649038518781968,-0.30349228945245077
2017-10-19,benchmark_equal_weight,-0.004176573470770217,0.0,-0.004176573470770217,0.8612915173956754,-0.3064013050785105
2017-10-20,benchmark_equal_weight,0.0020482151095116974,0.0,0.0020482151095116974,0.8630556276952996,-0.3049806657516346
2017-10-23,benchmark_equal_weight,0.0025476732647230493,0.0,0.0025476732647230493,0.8652544114439477,-0.3032099835753045
2017-10-24,benchmark_equal_weight,0.002787729940370076,0.0,0.002787729940370076,0.8676665070727672,-0.3012675211843665
2017-10-25,benchmark_equal_weight,0.0031248984211137976,0.0,0.0031248984211137976,0.8703778767707723,-0.29908405316453457
2017-10-26,benchmark_equal_weight,0.00524228849438646,0.0,0.00524228849438646,0.8749406486999363,-0.295409649560907
2017-10-27,benchmark_equal_weight,0.004718314916052513,0.0,0.004718314916052513,0.8790688942133579,-0.29208517040072346
2017-10-30,benchmark_equal_weight,-0.009894329784291334,0.0,-0.009894329784291334,0.8703710966708986,-0.29908951318396915
2017-10-31,benchmark_equal_weight,0.0009795206573697257,0.0,0.0009795206573697257,0.8712236431396653,-0.29840295688316576
2017-11-01,benchmark_equal_weight,-0.0013239642381218109,0.0,-0.0013239642381218109,0.8700701741927422,-0.2993318462778244
2017-11-02,benchmark_equal_weight,-0.004348304382070456,0.0,-0.004348304382070456,0.8662868442415911,-0.30237856468103175
2017-11-03,benchmark_equal_weight,-0.0033283557964977617,0.0,-0.0033283557964977617,0.8634035334021298,-0.3047004970290368
2017-11-06,benchmark_equal_weight,0.0050718750598583995,0.0,0.0050718750598583995,0.8677826082497857,-0.30117402482078637
2017-11-07,benchmark_equal_weight,0.008460313145352227,0.0,0.008460313145352227,0.8751243208576694,-0.295261738236664
2017-11-08,benchmark_equal_weight,0.000390180493704706,0.0,0.000390180493704706,0.8754657772972347,-0.2949867631137566
2017-11-09,benchmark_equal_weight,0.006089965250580365,0.0,0.006089965250580365,0.8807973334590472,-0.2906932569999202
2017-11-10,benchmark_equal_weight,0.007444332520837205,0.0,0.007444332520837205,0.887354281692783,-0.2854129417457557
2017-11-13,benchmark_equal_weight,0.004209219890853211,0.0,0.004209219890853211,0.891089350985518,-0.2824050876864056
2017-11-14,benchmark_equal_weight,-0.006352879312891968,0.0,-0.006352879312891968,0.8854283678817038,-0.2869638815598792
2017-11-15,benchmark_equal_weight,-0.0077970445682806755,0.0,-0.0077970445682806755,0.8785246434353101,-0.29252345595415064
2017-11-16,benchmark_equal_weight,0.006728038476490283,0.0,0.006728038476490283,0.8844353910388878,-0.2877635265445958
2017-11-17,benchmark_equal_weight,-0.004656095883119604,0.0,-0.004656095883119604,0.8803173750557863,-0.29107976785645917
2017-11-20,benchmark_equal_weight,0.005998688632454563,0.0,0.005998688632454563,0.8855981248864857,-0.28682717611858266
2017-11-21,benchmark_equal_weight,0.009625184887259275,0.0,0.009625184887259275,0.8941221705743283,-0.27996275583215524
2017-11-22,benchmark_equal_weight,0.002905467834639408,0.0,0.002905467834639408,0.89672001378117,-0.2778707107794832
2017-11-23,benchmark_equal_weight,-0.024695559091150177,0.0,-0.024695559091150177,0.8745750116926201,-0.2957040973128787
2017-11-24,benchmark_equal_weight,-0.0003814216084738198,0.0,-0.0003814216084738198,0.8742414298849293,-0.2959727309889232
2017-11-27,benchmark_equal_weight,-0.009972956826180601,0.0,-0.009972956826180601,0.8655226578490285,-0.3029939645472245
2017-11-28,benchmark_equal_weight,0.004993890172344584,0.0,0.004993890172344584,0.8698449829440023,-0.29951319295671197
2017-11-29,benchmark_equal_weight,0.0008525069452470779,0.0,0.0008525069452470779,0.8705865318332504,-0.2989160230886536
2017-11-30,benchmark_equal_weight,-0.00950423923408067,0.0,-0.00950423923408067,0.8623122691607386,-0.3055792929283998
2017-12-01,benchmark_equal_weight,0.0005170150418670749,0.0,0.0005170150418670749,0.8627580975746812,-0.30522026697745974
2017-12-04,benchmark_equal_weight,0.00046161502811459254,0.0,0.00046161502811459254,0.8631563596781494,-0.304899546211467
2017-12-05,benchmark_equal_weight,-0.003098942038193997,0.0,-0.003098942038193997,0.8604814881496083,-0.30705362222848
2017-12-06,benchmark_equal_weight,-0.002716568877662473,0.0,-0.002716568877662473,0.8581439309190965,-0.30893605879222297
2017-12-07,benchmark_equal_weight,-0.0076912300074089,0.0,-0.0076912300074089,0.8515437485669357,-0.3142511905138785
2017-12-08,benchmark_equal_weight,0.008402472652151771,0.0,0.008402472652151771,0.8586988216263803,-0.3084892048959256
2017-12-11,benchmark_equal_weight,0.01258355710883341,0.0,0.01258355710883341,0.869504307287604,-0.29978753931435853
2017-12-12,benchmark_equal_weight,-0.012646752416111462,0.0,-0.012646752416111462,0.8585079015885951,-0.3086429529433261
2017-12-13,benchmark_equal_weight,0.007537632102432634,0.0,0.007537632102432634,0.8649790183078016,-0.3034317578711885
2017-12-14,benchmark_equal_weight,-0.0034556009139595223,0.0,-0.0034556009139595223,0.8619899960215813,-0.305838819725324
2017-12-15,benchmark_equal_weight,-0.0090865082584497,0.0,-0.0090865082584497,0.8541575168040302,-0.3121463210225851
2017-12-18,benchmark_equal_weight,-0.001291801858773256,0.0,-0.001291801858773256,0.8530541145361376,-0.31303489168365217
2017-12-19,benchmark_equal_weight,0.011904726692604006,0.0,0.011904726692604006,0.8632094906236916,-0.30485675982179095
2017-12-20,benchmark_equal_weight,-0.002998569398155848,0.0,-0.002998569398155848,0.8606210970609097,-0.3069411950691242
2017-12-21,benchmark_equal_weight,0.0058863840828085046,0.0,0.0058863840828085046,0.8656870433879783,-0.30286158475132874
2017-12-22,benchmark_equal_weight,-0.002168603647380085,0.0,-0.002168603647380085,0.8638097113081975,-0.30437340166136573
2017-12-25,benchmark_equal_weight,-0.004706021616995071,0.0,-0.004706021616995071,0.8597446041338108,-0.3076470354705041
2017-12-26,benchmark_equal_weight,0.005265279994340899,0.0,0.005265279994340899,0.8642714001981991,-0.30400160325734427
2017-12-27,benchmark_equal_weight,-0.013227301735367292,0.0,-0.013227301735367292,0.8528394216065293,-0.3132077840583912
2017-12-28,benchmark_equal_weight,0.005939677048679148,0.0,0.005939677048679148,0.8579050123452543,-0.30912846009615147
2017-12-29,benchmark_equal_weight,0.003993282062863424,0.0,0.003993282062863424,0.8613308690426932,-0.30636961516811057
2018-01-02,benchmark_equal_weight,0.014953622329251015,0.0,0.014953622329251015,0.8742108855588832,-0.29599732835724146
2018-01-03,benchmark_equal_weight,0.005202221401845009,0.0,0.005202221401845009,0.8787587241374635,-0.29233495059186543
2018-01-04,benchmark_equal_weight,0.0033592175772707566,0.0,0.0033592175772707566,0.8817106658897661,-0.2899577497190734
2018-01-05,benchmark_equal_weight,0.002183460082181843,0.0,0.002183460082181843,0.8836358459327702,-0.2884074008089226
2018-01-08,benchmark_equal_weight,0.004880744345202248,0.0,0.004880744345202248,0.8879486465910247,-0.2849342992543329
2018-01-09,benchmark_equal_weight,0.0036225805268426114,0.0,0.0036225805268426114,0.8911653120670016,-0.28234391617139865
2018-01-10,benchmark_equal_weight,0.0013318080202128768,0.0,0.0013318080202128768,0.8923521731769479,-0.2813881360432011
2018-01-11,benchmark_equal_weight,0.0018082468785355355,0.0,0.0018082468785355355,0.8939657662086494,-0.28008870838332267
2018-01-12,benchmark_equal_weight,0.0015282366691145022,0.0,0.0015282366691145022,0.8953319574735025,-0.2789885135489646
2018-01-15,benchmark_equal_weight,-0.006402913793038645,0.0,-0.006402913793038645,0.8895992241336471,-0.2836050879405012
2018-01-16,benchmark_equal_weight,0.006287217197146311,0.0,0.006287217197146311,0.8951923276741883,-0.2791009575294524
2018-01-17,benchmark_equal_weight,-0.0006612657106368491,0.0,-0.0006612657106368491,0.8946003676834722,-0.27957766334706924
2018-01-18,benchmark_equal_weight,0.006479218939356657,0.0,0.006479218939356657,0.9003966793289223,-0.274909889299092
2018-01-19,benchmark_equal_weight,0.0006669410990961522,0.0,0.0006669410990961522,0.9009971908798565,-0.27442629690371734
2018-01-22,benchmark_equal_weight,0.008005182344425488,0.0,0.008005182344425488,0.908209837684665,-0.2686179471061114
2018-01-23,benchmark_equal_weight,0.007955012702275943,0.0,0.007955012702275943,0.9154346584797786,-0.26279979358512384
2018-01-24,benchmark_equal_weight,0.003694706013286253,0.0,0.003694706013286253,0.9188169204172345,-0.2600760555494869
2018-01-25,benchmark_equal_weight,-0.004501705386617094,0.0,-0.004501705386617094,0.9146806773372773,-0.2634069751559067
2018-01-26,benchmark_equal_weight,0.0024974023361666875,0.0,0.0024974023361666875,0.9169650029977059,-0.26156740601485706
2018-01-29,benchmark_equal_weight,-0.013984018516725372,0.0,-0.013984018516725372,0.9041421474165968,-0.2718936610824989
2018-01-30,benchmark_equal_weight,-0.006379574394663634,0.0,-0.006379574394663634,0.8983741053238017,-0.2765386696388492
2018-01-31,benchmark_equal_weight,-0.003703923931951014,0.0,-0.003703923931951014,0.8950465959752478,-0.27921831537421504
2018-02-01,benchmark_equal_weight,-0.012614561389183654,0.0,-0.012614561389183654,0.8837559757441381,-0.28831066018312623
2018-02-02,benchmark_equal_weight,0.0030186920047265975,0.0,0.0030186920047265975,0.8864237628422463,-0.2861622892631719
2018-02-05,benchmark_equal_weight,0.004480281451676338,0.0,0.004480281451676338,0.8903951907852335,-0.2829640954082506
2018-02-06,benchmark_equal_weight,-0.034538772947914076,0.0,-0.034538772947914076,0.8596420334567877,-0.30772963571244727
2018-02-07,benchmark_equal_weight,-0.013476632381108244,0.0,-0.013476632381108244,0.8480569537925423,-0.31705910892028644
2018-02-08,benchmark_equal_weight,-0.00899525483111907,0.0,-0.00899525483111907,0.8404284653818759,-0.32320233627013994
2018-02-09,benchmark_equal_weight,-0.04139810454745296,0.0,-0.04139810454745296,0.8056363199073415,-0.35122047671070056
2018-02-12,benchmark_equal_weight,0.012122598108501026,0.0,0.012122598108501026,0.8154027252351901,-0.3433555832888394
2018-02-13,benchmark_equal_weight,0.011788367011278833,0.0,0.011788367011278833,0.8250149918222595,-0.33561481790874115
2018-02-14,benchmark_equal_weight,0.004901156895258274,0.0,0.004901156895258274,0.8290585197381206,-0.3323585618924272
2018-02-22,benchmark_equal_weight,0.020966443391980172,0.0,0.020966443391980172,0.8464409282608487,-0.31836049547420453
2018-02-23,benchmark_equal_weight,0.006180639179136693,0.0,0.006180639179136693,0.8516724742248827,-0.314147527646485
2018-02-26,benchmark_equal_weight,0.01400029036407291,0.0,0.01400029036407291,0.8635961361591196,-0.3045453938866184
2018-02-27,benchmark_equal_weight,-0.009435718004582372,0.0,-0.009435718004582372,0.8554474865484752,-0.3111075074348921
2018-02-28,benchmark_equal_weight,-0.007181348335138782,0.0,-0.007181348335138782,0.8493042201651516,-0.31605468438946427
2018-03-01,benchmark_equal_weight,0.007717845562468129,0.0,0.007717845562468129,0.8558590189719386,-0.3107761000704087
2018-03-02,benchmark_equal_weight,-0.007471305620308288,0.0,-0.007471305620308288,0.849464634673302,-0.3159255024676034
2018-03-05,benchmark_equal_weight,0.0006072861678572683,0.0,0.0006072861678572683,0.849980502796023,-0.31551007348746807
2018-03-06,benchmark_equal_weight,0.011690938684795094,0.0,0.011690938684795094,0.8599175727374825,-0.30750774372625034
2018-03-07,benchmark_equal_weight,-0.007283657608930905,0.0,-0.007283657608930905,0.8536542275657597,-0.3125516202177844
2018-03-08,benchmark_equal_weight,0.007191366095842144,0.0,0.007191366095842144,0.8597931676354486,-0.30760792724677677
2018-03-09,benchmark_equal_weight,0.007868930876260283,0.0,0.007868930876260283,0.8665588206394528,-0.3021595418870111
2018-03-12,benchmark_equal_weight,0.007391006719154047,0.0,0.007391006719154047,0.8729635627053411,-0.29700179837220053
2018-03-13,benchmark_equal_weight,-0.007809082210931295,0.0,-0.007809082210931295,0.8661465184770276,-0.3024915691228488
2018-03-14,benchmark_equal_weight,-0.007271225292203365,0.0,-0.007271225292203365,0.8598485720051235,-0.3075633100669679
2018-03-15,benchmark_equal_weight,0.003374368923078075,0.0,0.003374368923078075,0.8627500183050507,-0.30522677321925884
2018-03-16,benchmark_equal_weight,-0.006923436536946381,0.0,-0.006923436536946381,0.8567768233060664,-0.3100369915624447
2018-03-19,benchmark_equal_weight,0.005232136486939765,0.0,0.005232136486939765,0.8612595965844505,-0.3064270109313597
2018-03-20,benchmark_equal_weight,0.0028464359311375365,0.0,0.0028464359311375365,0.8637111168462055,-0.3044527998544083
2018-03-21,benchmark_equal_weight,-0.005361845467622528,0.0,-0.005361845467622528,0.8590800313090085,-0.3081822164570265
2018-03-22,benchmark_equal_weight,-0.007035443423410448,0.0,-0.007035443423410448,0.8530360223525523,-0.31304946133245226
2018-03-23,benchmark_equal_weight,-0.03885544851654882,0.0,-0.03885544851654882,0.819890925103271,-0.3397412326210648
2018-03-26,benchmark_equal_weight,0.0005840217612875231,0.0,0.0005840217612875231,0.8203697592454136,-0.3393556271328345
2018-03-27,benchmark_equal_weight,0.012757017625991796,0.0,0.012757017625991796,0.8308352307239381,-0.3309277752236557
2018-03-28,benchmark_equal_weight,-0.014691353791020989,0.0,-0.014691353791020989,0.8186291364073282,-0.34075735198959045
2018-03-29,benchmark_equal_weight,0.013306438163203538,0.0,0.013306438163203538,0.829522174389529,-0.33198518045929337
2018-03-30,benchmark_equal_weight,0.003580901698919059,0.0,0.003580901698919059,0.8324926117530914,-0.32959308505709706
2018-04-02,benchmark_equal_weight,-0.0013890910227834508,0.0,-0.0013890910227834508,0.8313362037395717,-0.3305243412842561
2018-04-03,benchmark_equal_weight,-0.007685020232280848,0.0,-0.007685020232280848,0.8249473681940055,-0.33566927526650625
2018-04-04,benchmark_equal_weight,-0.0025224971758408543,0.0,-0.0025224971758408543,0.8228664407875188,-0.33734504764347073
2018-04-09,benchmark_equal_weight,0.0031340191091865366,0.0,0.0031340191091865366,0.8254453199372551,-0.3352682743599883
2018-04-10,benchmark_equal_weight,0.015141431849612252,0.0,0.015141431849612252,0.8379437439946665,-0.3252032842379349
2018-04-11,benchmark_equal_weight,0.002701235650019007,0.0,0.002701235650019007,0.8402072275086554,-0.32338049929280255
2018-04-12,benchmark_equal_weight,-0.009295785347566199,0.0,-0.009295785347566199,0.8323968414742613,-0.3296702089333541
2018-04-13,benchmark_equal_weight,-0.006232627578767136,0.0,-0.006232627578767136,0.8272088219636101,-0.3338481248760252
2018-04-16,benchmark_equal_weight,-0.012539900783321845,0.0,-0.012539900783321845,0.816835705409098,-0.3422016032967037
2018-04-17,benchmark_equal_weight,-0.015549865484159153,0.0,-0.015549865484159153,0.8041340200673283,-0.3524302798811355
2018-04-18,benchmark_equal_weight,0.010200408768081926,0.0,0.010200408768081926,0.8123365157763359,-0.34582480403009075
2018-04-19,benchmark_equal_weight,0.008276581840560016,0.0,0.008276581840560016,0.8190598854312342,-0.34041046948258136
2018-04-20,benchmark_equal_weight,-0.016873003420657895,0.0,-0.016873003420657895,0.8052398851826293,-0.3515397258872318
2018-04-23,benchmark_equal_weight,-0.0015261165398517407,0.0,-0.0015261165398517407,0.8040109952753038,-0.3525293518369921
2018-04-24,benchmark_equal_weight,0.022310779859915475,0.0,0.022310779859915475,0.8219491075958426,-0.3380837767400705
2018-04-25,benchmark_equal_weight,-0.0034611297614529635,0.0,-0.0034611297614529635,0.8191042350771429,-0.340374754679984
2018-04-26,benchmark_equal_weight,-0.01618656670331875,0.0,-0.01618656670331875,0.8058457497390958,-0.3510518227125494
2018-04-27,benchmark_equal_weight,-0.0012285263741155794,0.0,-0.0012285263741155794,0.8048557469820724,-0.3518490726637813
2018-05-02,benchmark_equal_weight,-0.0006359768636872154,0.0,-0.0006359768636872154,0.8043438773483861,-0.3522612816577446
2018-05-03,benchmark_equal_weight,0.006840048418321976,0.0,0.006840048418321976,0.8098456284144299,-0.3478307174618618
2018-05-04,benchmark_equal_weight,-0.003418099094638749,0.0,-0.003418099094638749,0.8070774958051493,-0.35005989669605664
2018-05-07,benchmark_equal_weight,0.016378448996756667,0.0,0.016378448996756667,0.8202961734066241,-0.33941488586314617
2018-05-08,benchmark_equal_weight,0.009154957999645275,0.0,0.009154957999645275,0.8278059504214315,-0.33336725688803237
2018-05-09,benchmark_equal_weight,-0.002076990524356448,0.0,-0.002076990524356448,0.8260866053064002,-0.33475184677870173
2018-05-10,benchmark_equal_weight,0.003178022705934036,0.0,0.003178022705934036,0.828711927295132,-0.33263767304268377
2018-05-11,benchmark_equal_weight,-0.004932924964256902,0.0,-0.004932924964256902,0.8246239535408004,-0.335929721325536
2018-05-14,benchmark_equal_weight,0.003303236155310252,0.0,0.003303236155310252,0.8273478811986713,-0.3337361403713516
2018-05-15,benchmark_equal_weight,0.0039509096005470035,0.0,0.0039509096005470035,0.8306166578854913,-0.33110379209184726
2018-05-16,benchmark_equal_weight,-0.007559186034554133,0.0,-0.007559186034554133,0.8243378720451353,-0.3361601029652328
2018-05-17,benchmark_equal_weight,-0.005449723932211659,0.0,-0.005449723932211659,0.8198454582156225,-0.33977784713926007
2018-05-18,benchmark_equal_weight,0.009130422036475294,0.0,0.009130422036475294,0.8273309932538186,-0.33374974024581117
2018-05-21,benchmark_equal_weight,0.007387359720118281,0.0,0.007387359720118281,0.8334427849085873,-0.32882790991338484
2018-05-22,benchmark_equal_weight,-0.0015368510862240892,0.0,-0.0015368510862240892,0.8321619074592949,-0.3298594014690778
2018-05-23,benchmark_equal_weight,-0.01460863063562795,0.0,-0.01460863063562795,0.8200051615241825,-0.33964923794695456
2018-05-24,benchmark_equal_weight,-0.005121651768429547,0.0,-0.005121651768429547,0.8158053806385407,-0.34303132459520747
2018-05-25,benchmark_equal_weight,-0.00706537305540067,0.0,-0.00706537305540067,0.8100414112837263,-0.34767305337265464
2018-05-28,benchmark_equal_weight,-4.8269766876885e-06,0.0,-4.8269766876885e-06,0.810037501232718,-0.3476762021396188
2018-05-29,benchmark_equal_weight,-0.006569371790138667,0.0,-0.006569371790138667,0.8047160637231653,-0.35196155969531895
2018-05-30,benchmark_equal_weight,-0.023892332714480546,0.0,-0.023892332714480546,0.7854895197880043,-0.36744470972285137
2018-05-31,benchmark_equal_weight,0.01637757248688332,0.0,0.01637757248688332,0.7983539313360195,-0.35708498960437585
2018-06-01,benchmark_equal_weight,-0.008115283735160517,0.0,-0.008115283735160517,0.7918750626621468,-0.3623024273313301
2018-06-04,benchmark_equal_weight,0.008778081884018185,0.0,0.008778081884018185,0.7988262068041072,-0.35670466582120486
2018-06-05,benchmark_equal_weight,0.010748096327853562,0.0,0.010748096327853562,0.8074120678240517,-0.3497904656021923
2018-06-06,benchmark_equal_weight,-0.0031573518911604537,0.0,-0.0031573518911604537,0.8048627838047616,-0.35184340590527385
2018-06-07,benchmark_equal_weight,-0.0025703575094199183,0.0,-0.0025703575094199183,0.8027939987043564,-0.3535094000741853
2018-06-08,benchmark_equal_weight,-0.013993458389503888,0.0,-0.013993458389503888,0.7915601342881436,-0.3625560393834525
2018-06-11,benchmark_equal_weight,-0.0016887404689861496,0.0,-0.0016887404689861496,0.7902233946557351,-0.3636325167964565
2018-06-12,benchmark_equal_weight,0.010543758757398658,0.0,0.010543758757398658,0.7985553194934378,-0.3569228115725054
2018-06-13,benchmark_equal_weight,-0.010572081020286506,0.0,-0.010572081020286506,0.7901129279565724,-0.3637214757108589
2018-06-14,benchmark_equal_weight,-0.0018527124490002045,0.0,-0.0018527124490002045,0.7886490758988313,-0.36490031685384094
2018-06-15,benchmark_equal_weight,-0.0098386290365991,0.0,-0.0098386290365991,0.780889850201006,-0.37114882703757757
2018-06-19,benchmark_equal_weight,-0.04398366125006181,0.0,-0.04398366125006181,0.7465434555561534,-0.3988080040058608
2018-06-20,benchmark_equal_weight,0.00523290088139261,0.0,0.00523290088139261,0.750450043462731,-0.395662025880137
2018-06-21,benchmark_equal_weight,-0.014206965098685354,0.0,-0.014206965098685354,0.7397884258869492,-0.404247834386268
2018-06-22,benchmark_equal_weight,0.007865486987085335,0.0,0.007865486987085335,0.7456072221239592,-0.39956195348010537
2018-06-25,benchmark_equal_weight,-0.012543531883231374,0.0,-0.012543531883231374,0.7362546741608798,-0.4070935672605328
2018-06-26,benchmark_equal_weight,-0.002424189004405941,0.0,-0.002424189004405941,0.7344698536753365,-0.4085308845154214
2018-06-27,benchmark_equal_weight,-0.015707416340578262,0.0,-0.015707416340578262,0.7229332298940544,-0.4178213361649312
2018-06-28,benchmark_equal_weight,-0.010920888514415306,0.0,-0.010920888514415306,0.7150381566870152,-0.42417924444814525
2018-06-29,benchmark_equal_weight,0.027373071594180565,0.0,0.027373071594180565,0.7346109473425798,-0.4084172616810092
2018-07-02,benchmark_equal_weight,-0.026427074381412563,0.0,-0.026427074381412563,0.7151973291957575,-0.4240510627093249
2018-07-03,benchmark_equal_weight,0.006222005299259981,0.0,0.006222005299259981,0.71964729076803,-0.42046750536939925
2018-07-04,benchmark_equal_weight,-0.011592557828264793,0.0,-0.011592557828264793,0.7113047379338476,-0.427185769326763
2018-07-05,benchmark_equal_weight,-0.01227781154404689,0.0,-0.01227781154404689,0.7025714724111082,-0.43421867450071716
2018-07-06,benchmark_equal_weight,0.007342964314814293,0.0,0.007342964314814293,0.7077304296616294,-0.4300641624175877
2018-07-09,benchmark_equal_weight,0.025389833142432372,0.0,0.025389833142432372,0.7256995871805602,-0.41559358659947776
2018-07-10,benchmark_equal_weight,0.0028259939645523535,0.0,0.0028259939645523535,0.7277504098340105,-0.41394205760236225
2018-07-11,benchmark_equal_weight,-0.017651777933161417,0.0,-0.017651777933161417,0.7149043212088534,-0.4242870222575308
2018-07-12,benchmark_equal_weight,0.022241829023233017,0.0,0.022241829023233017,0.7308051008891511,-0.4114821126401266
2018-07-13,benchmark_equal_weight,0.003515062252596013,0.0,0.003515062252596013,0.7333739263132912,-0.4094134356292902
2018-07-16,benchmark_equal_weight,-0.006535609889622762,0.0,-0.006535609889622762,0.7285808804276867,-0.4132732790200697
2018-07-17,benchmark_equal_weight,-0.0036448381200414603,0.0,-0.0036448381200414603,0.7259253210611705,-0.41541180293874425
2018-07-18,benchmark_equal_weight,-0.005799204109700862,0.0,-0.005799204109700862,0.7217155319559366,-0.41880194921362457
2018-07-19,benchmark_equal_weight,-0.0032771734127580165,0.0,-0.0032771734127580165,0.7193503450030361,-0.42070663601320846
2018-07-20,benchmark_equal_weight,0.020185136954638194,0.0,0.020185136954638194,0.7338705302352886,-0.409013520124222
2018-07-23,benchmark_equal_weight,0.010370057293432988,0.0,0.010370057293432988,0.7414808096797907,-0.40288495646826583
2018-07-24,benchmark_equal_weight,0.01596783127866963,0.0,0.01596783127866963,0.7533206501451291,-0.39335032419919547
2018-07-25,benchmark_equal_weight,0.00039873311986449167,0.0,0.00039873311986449167,0.7536210240382197,-0.3931084328812987
2018-07-26,benchmark_equal_weight,-0.00968998165466406,0.0,-0.00968998165466406,0.7463184501407203,-0.39898920103304925
2018-07-27,benchmark_equal_weight,-0.003458921854116892,0.0,-0.003458921854116892,0.7437369929433979,-0.40106805042015625
2018-07-30,benchmark_equal_weight,-0.002898248477286036,0.0,-0.002898248477286036,0.7415814583360985,-0.40280390403102395
2018-07-31,benchmark_equal_weight,0.0010946617741319775,0.0,0.0010946617741319775,0.7423932392109441,-0.4021501762931058
2018-08-01,benchmark_equal_weight,-0.018812311216862054,0.0,-0.018812311216862054,0.7284271065496135,-0.41339711323762596
2018-08-02,benchmark_equal_weight,-0.02073614690059228,0.0,-0.02073614690059228,0.7133223350618274,-0.42556099686984206
2018-08-03,benchmark_equal_weight,-0.012124535310479523,0.0,-0.012124535310479523,0.7046736332226166,-0.43252580284701025
2018-08-06,benchmark_equal_weight,-0.012042109096618625,0.0,-0.012042109096618625,0.6961878764538392,-0.4393593890386427
2018-08-07,benchmark_equal_weight,0.02885630651165927,0.0,0.02885630651165927,0.7162772872064924,-0.4231813717258578
2018-08-08,benchmark_equal_weight,-0.014306449637502994,0.0,-0.014306449637502994,0.7060299022705855,-0.4314335983812353
2018-08-09,benchmark_equal_weight,0.024497813060749274,0.0,0.024497813060749274,0.7233260908317093,-0.41750496496175604
2018-08-10,benchmark_equal_weight,0.0022899352819552576,0.0,0.0022899352819552576,0.7249824607674635,-0.4161710890294582
2018-08-13,benchmark_equal_weight,-0.0024720837393101824,0.0,-0.0024720837393101824,0.7231902434149152,-0.41761436298680765
2018-08-14,benchmark_equal_weight,-0.0035980258685589517,0.0,-0.0035980258685589517,0.7205881862112189,-0.4197098015742583
2018-08-15,benchmark_equal_weight,-0.02267520230899278,0.0,-0.02267520230899278,0.7042487033074093,-0.43286799922148766
2018-08-16,benchmark_equal_weight,-0.005242625320626637,0.0,-0.005242625320626637,0.7005565912234314,-0.43584125980890664
2018-08-17,benchmark_equal_weight,-0.01517173078134687,0.0,-0.01517173078134687,0.6899279352242914,-0.4444005243330298
2018-08-20,benchmark_equal_weight,0.010445473895392743,0.0,0.010445473895392743,0.6971345594613789,-0.43859702451365656
2018-08-21,benchmark_equal_weight,0.015115525457232937,0.0,0.015115525457232937,0.7076721146420344,-0.4301111235459263
2018-08-22,benchmark_equal_weight,-0.006072119454405389,0.0,-0.006072119454405389,0.7033750450273764,-0.43357155687949234
2018-08-23,benchmark_equal_weight,0.004981591081833159,0.0,0.004981591081833159,0.7068789718788687,-0.43074984199874655
2018-08-24,benchmark_equal_weight,0.001051376813760052,0.0,0.001051376813760052,0.7076221680400367,-0.4301513455813948
2018-08-27,benchmark_equal_weight,0.021287934256057683,0.0,0.021287934256057683,0.722685982231402,-0.4180204448902286
2018-08-28,benchmark_equal_weight,-0.0007934754097807528,0.0,-0.0007934754097807528,0.7221125486755082,-0.4184822313562032
2018-08-29,benchmark_equal_weight,-0.004767586812727598,0.0,-0.004767586812727598,0.7186698144111378,-0.42125466780135623
2018-08-30,benchmark_equal_weight,-0.012419194921265142,0.0,-0.012419194921265142,0.7097445139019364,-0.42844221889170353
2018-08-31,benchmark_equal_weight,-0.0063270874976782965,0.0,-0.0063270874976782965,0.7052538982614817,-0.4320585149827546
2018-09-03,benchmark_equal_weight,0.0007603280044120586,0.0,0.0007603280044120586,0.7057901225505507,-0.43162669316682856
2018-09-04,benchmark_equal_weight,0.012319154686498246,0.0,0.012319154686498246,0.7144848602464535,-0.4246248144802741
2018-09-05,benchmark_equal_weight,-0.019532921856140306,0.0,-0.019532921856140306,0.7005288833038642,-0.4358635730169932
2018-09-06,benchmark_equal_weight,-0.007412945033912266,0.0,-0.007412945033912266,0.6953359011972647,-0.44004548534184584
2018-09-07,benchmark_equal_weight,0.0043157772816910245,0.0,0.0043157772816910245,0.6983368160827961,-0.4376288463687038
2018-09-10,benchmark_equal_weight,-0.014041828210065166,0.0,-0.014041828210065166,0.6885308904785976,-0.4455255654982907
2018-09-11,benchmark_equal_weight,-0.0032466506362911485,0.0,-0.0032466506362911485,0.6862954712249192,-0.4473257502738728
2018-09-12,benchmark_equal_weight,-0.004571885660464903,0.0,-0.004571885660464903,0.683157806801184,-0.4498525137511039
2018-09-13,benchmark_equal_weight,0.010023925981575088,0.0,0.010023925981575088,0.6900057300902942,-0.4443378760699953
2018-09-14,benchmark_equal_weight,-0.0033224031539806353,0.0,-0.0033224031539806353,0.6877132528763774,-0.446184009663088
2018-09-17,benchmark_equal_weight,-0.012512264305538645,0.0,-0.012512264305538645,0.6791084028899664,-0.4531135017108171
2018-09-18,benchmark_equal_weight,0.02108105826397677,0.0,0.02108105826397677,0.6934247266988461,-0.4415845555766006
2018-09-19,benchmark_equal_weight,0.011456382363545181,0.0,0.011456382363545181,0.701368865508245,-0.4351871347275771
2018-09-20,benchmark_equal_weight,-0.0002908373658878638,0.0,-0.0002908373658878638,0.7011648812348847,-0.4353514034135325
2018-09-21,benchmark_equal_weight,0.024900667260009612,0.0,0.024900667260009612,0.7186243546369188,-0.42129127659110144
2018-09-25,benchmark_equal_weight,-0.006332535865339217,0.0,-0.006332535865339217,0.7140736401374742,-0.42495597033767296
2018-09-26,benchmark_equal_weight,0.009271780067248492,0.0,0.009271780067248492,0.7206943738806485,-0.4196242885656595
2018-09-27,benchmark_equal_weight,-0.007672419257007679,0.0,-0.007672419257007679,0.7151649044880695,-0.42407717435036796
2018-09-28,benchmark_equal_weight,0.010829020479044438,0.0,0.010829020479044438,0.7229094398846646,-0.41784049427705894
2018-10-08,benchmark_equal_weight,-0.039052030333232124,0.0,-0.039052030333232124,0.6946783585101088,-0.4405750049533307
2018-10-09,benchmark_equal_weight,-0.00027489555316706493,0.0,-0.00027489555316706493,0.694487394518473,-0.4407287883967995
2018-10-10,benchmark_equal_weight,-5.985409828995758e-05,0.0,-5.985409828995758e-05,0.6944458266017004,-0.4407622630708695
2018-10-11,benchmark_equal_weight,-0.05558450465780973,0.0,-0.05558450465780973,0.6558453993183616,-0.47184721566402976
2018-10-12,benchmark_equal_weight,0.007805856542627554,0.0,0.007805856542627554,0.660964834419583,-0.4677245307969139
2018-10-15,benchmark_equal_weight,-0.015694412298216054,0.0,-0.015694412298216054,0.65059137979358,-0.4760782814668135
2018-10-16,benchmark_equal_weight,-0.011219625918025833,0.0,-0.011219625918025833,0.6432919878868038,-0.4819564871590851
2018-10-17,benchmark_equal_weight,0.006950604591235976,0.0,0.006950604591235976,0.6477632561313151,-0.478355771540273
2018-10-18,benchmark_equal_weight,-0.0262815083474921,0.0,-0.0262815083474921,0.6307390607081013,-0.4920653686849584
2018-10-19,benchmark_equal_weight,0.02993184315569819,0.0,0.02993184315569819,0.6496182433453884,-0.47686194896708933
2018-10-22,benchmark_equal_weight,0.044028084594911476,0.0,0.044028084594911476,0.6782196903177969,-0.45382918260139515
2018-10-23,benchmark_equal_weight,-0.024013576478644494,0.0,-0.024013576478644494,0.661933209915028,-0.46694469729540033
2018-10-24,benchmark_equal_weight,0.0016231672289465093,0.0,0.0016231672289465093,0.6630076382091136,-0.46607945939683393
2018-10-25,benchmark_equal_weight,0.00023245610754052404,0.0,0.00023245610754052404,0.6631617583839614,-0.46595534630622937
2018-10-26,benchmark_equal_weight,-0.0033118231526980124,0.0,-0.0033118231526980124,0.6609654839185615,-0.46772400775490697
2018-10-29,benchmark_equal_weight,-0.02450212711575267,0.0,-0.02450212711575267,0.644770423612464,-0.4807659017775596
2018-10-30,benchmark_equal_weight,0.010502382980705605,0.0,0.010502382980705605,0.6515420495358738,-0.47531270642138623
2018-10-31,benchmark_equal_weight,0.015429779393767662,0.0,0.015429779393767662,0.6615951996259756,-0.4672168972307552
2018-11-01,benchmark_equal_weight,0.004937520935528128,0.0,0.004937520935528128,0.6648618397749737,-0.4645862695067364
2018-11-02,benchmark_equal_weight,0.03295093318290776,0.0,0.03295093318290776,0.686769657833264,-0.4469438874480415
2018-11-05,benchmark_equal_weight,-0.005806102272379987,0.0,-0.005806102272379987,0.6827822029623167,-0.45015498779988306
2018-11-06,benchmark_equal_weight,-0.0026785644060544622,0.0,-0.0026785644060544622,0.6809533268563743,-0.4516277830784089
2018-11-07,benchmark_equal_weight,-0.006056195934351083,0.0,-0.006056195934351083,0.676829340086784,-0.4549488326690405
2018-11-08,benchmark_equal_weight,-0.002977418582093605,0.0,-0.002977418582093605,0.6748141358327034,-0.4565716781428435
2018-11-09,benchmark_equal_weight,-0.011980223425926584,0.0,-0.011980223425926584,0.6667297117144542,-0.46308207085466846
2018-11-12,benchmark_equal_weight,0.015150804844510812,0.0,0.015150804844510812,0.6768312034606768,-0.4549473320926687
2018-11-13,benchmark_equal_weight,0.012813383770993725,0.0,0.012813383770993725,0.6855037014188019,-0.44796336308336815
2018-11-14,benchmark_equal_weight,-0.008671588415658238,0.0,-0.008671588415658238,0.6795592954626878,-0.4527503975890733
2018-11-15,benchmark_equal_weight,0.01417256306281689,0.0,0.01417256306281689,0.6891903924325562,-0.44499446808780296
2018-11-16,benchmark_equal_weight,0.004719847313026548,0.0,0.004719847313026548,0.6924432658544427,-0.44237492671929235
2018-11-19,benchmark_equal_weight,0.007473149532626122,0.0,0.007473149532626122,0.6976179979230329,-0.43820771116352397
2018-11-20,benchmark_equal_weight,-0.02335577351129514,0.0,-0.02335577351129514,0.6813245899661394,-0.4513288046219809
2018-11-21,benchmark_equal_weight,0.002813866905691076,0.0,0.002813866905691076,0.6832417466818786,-0.44978491690320066
2018-11-22,benchmark_equal_weight,-0.003148490610257404,0.0,-0.003148490610257404,0.6810905664579149,-0.4515172639259529
2018-11-23,benchmark_equal_weight,-0.02728064269840952,0.0,-0.02728064269840952,0.6625099780691192,-0.4664802254750351
2018-11-26,benchmark_equal_weight,-0.0002729297534757591,0.0,-0.0002729297534757591,0.6623291593841295,-0.46662583889557063
2018-11-27,benchmark_equal_weight,0.0007285544341054662,0.0,0.0007285544341054662,0.662811702230036,-0.46623724678546086
2018-11-28,benchmark_equal_weight,0.011781885921849256,0.0,0.011781885921849256,0.670620874093377,-0.459948514917755
2018-11-29,benchmark_equal_weight,-0.014805469021209883,0.0,-0.014805469021209883,0.6606920175170109,-0.46794423044999844
2018-11-30,benchmark_equal_weight,0.009013249354610675,0.0,0.009013249354610675,0.6666469994174925,-0.4631486791284851
2018-12-03,benchmark_equal_weight,0.028183293396798592,0.0,0.028183293396798592,0.6854353073941711,-0.44801844084190423
2018-12-04,benchmark_equal_weight,0.003954501030378532,0.0,0.003954501030378532,0.6881458620235192,-0.44583562919746367
2018-12-05,benchmark_equal_weight,-0.00656801986230271,0.0,-0.00656801986230271,0.6836261063335873,-0.4494753917918751
2018-12-06,benchmark_equal_weight,-0.01970277836952883,0.0,-0.01970277836952883,0.6701567726728728,-0.4603222561343715
2018-12-07,benchmark_equal_weight,-0.0007886147311005343,0.0,-0.0007886147311005343,0.6696282771697962,-0.4607478539532309
2018-12-10,benchmark_equal_weight,-0.01040367182037194,0.0,-0.01040367182037194,0.6626616843324806,-0.46635805630913285
2018-12-11,benchmark_equal_weight,0.005605869018070364,0.0,0.005605869018070364,0.6663764789381424,-0.46336652947025336
2018-12-12,benchmark_equal_weight,0.0013466146894709485,0.0,0.0013466146894709485,0.6672738312933985,-0.46264389095597624
2018-12-13,benchmark_equal_weight,0.012807718120311562,0.0,0.012807718120311562,0.6758200864336648,-0.4557615853811129
2018-12-14,benchmark_equal_weight,-0.018957502960279426,0.0,-0.018957502960279426,0.6630082251444822,-0.46607898673734827
2018-12-17,benchmark_equal_weight,-0.0002154278679872279,0.0,-0.0002154278679872279,0.6628653946960813,-0.466194008202909
2018-12-18,benchmark_equal_weight,-0.008486068612415909,0.0,-0.008486068612415909,0.6572402734758942,-0.4707239224750178
2018-12-19,benchmark_equal_weight,-0.012796755476675914,0.0,-0.012796755476675914,0.6488297304067996,-0.4774969390187592
2018-12-20,benchmark_equal_weight,-0.0059103275244524744,0.0,-0.0059103275244524744,0.6449949341924932,-0.48058510324168724
2018-12-21,benchmark_equal_weight,-0.009521257389767113,0.0,-0.009521257389767113,0.6388537714089505,-0.4855305861658026
2018-12-24,benchmark_equal_weight,0.005819076294244829,0.0,0.005819076294244829,0.6425713102456453,-0.4825368493956459
2018-12-25,benchmark_equal_weight,-0.008332495036083964,0.0,-0.008332495036083964,0.6372170879926935,-0.48684860852941303
2018-12-26,benchmark_equal_weight,-0.005457527676559326,0.0,-0.005457527676559326,0.6337394580989968,-0.48964914645062874
2018-12-27,benchmark_equal_weight,-0.006805606222912153,0.0,-0.006805606222912153,0.6294264768992532,-0.49312239339541286
2018-12-28,benchmark_equal_weight,0.004556608066978107,0.0,0.004556608066978107,0.632294526661462,-0.49081275080418785
2019-01-02,benchmark_equal_weight,-0.010936589416987108,0.0,-0.010936589416987108,0.6253793810327575,-0.49638152268500746
2019-01-03,benchmark_equal_weight,-0.0008915504442261746,0.0,-0.0008915504442261746,0.6248218237677878,-0.4968305239621782
2019-01-04,benchmark_equal_weight,0.021926837878837646,0.0,0.021926837878837646,0.6385221906007037,-0.4857976084355172
2019-01-07,benchmark_equal_weight,0.009125098672527476,0.0,0.009125098672527476,0.6443487685945336,-0.48110546087484163
2019-01-08,benchmark_equal_weight,-0.0032621647228094353,0.0,-0.0032621647228094353,0.6422467967724388,-0.48279818033523425
2019-01-09,benchmark_equal_weight,0.007316733602985792,0.0,0.007316733602985792,0.6469459454917936,-0.4790139524017677
2019-01-10,benchmark_equal_weight,-0.0009918763410466935,0.0,-0.0009918763410466935,0.6463042551145243,-0.4795307061363957
2019-01-11,benchmark_equal_weight,0.008711456836372089,0.0,0.008711456836372089,0.6519345067361182,-0.47499666034824584
2019-01-14,benchmark_equal_weight,-0.00824396432905078,0.0,-0.00824396432905078,0.6465599819177082,-0.4793247691529674
2019-01-15,benchmark_equal_weight,0.01722396953411931,0.0,0.01722396953411931,0.6576963113482395,-0.4703566748396877
2019-01-16,benchmark_equal_weight,-0.0006062829008729453,0.0,-0.0006062829008729453,0.6572975613207018,-0.47067778853129394
2019-01-17,benchmark_equal_weight,-0.0058939454300031,0.0,-0.0058939454300031,0.6534234853630035,-0.473797584760579
2019-01-18,benchmark_equal_weight,0.01482345060538992,0.0,0.01482345060538992,0.6631094761226838,-0.46599744924984055
2019-01-21,benchmark_equal_weight,0.006097753762341451,0.0,0.006097753762341451,0.6671529544255551,-0.46274123318690386
2019-01-22,benchmark_equal_weight,-0.013898795594053215,0.0,-0.013898795594053215,0.6578803318820255,-0.47020848296795226
2019-01-23,benchmark_equal_weight,-8.532935083960247e-06,0.0,-8.532935083960247e-06,0.6578747182318606,-0.4702130036445751
2019-01-24,benchmark_equal_weight,0.005632301000203954,0.0,0.005632301000203954,0.6615800666653668,-0.4672290838151073
2019-01-25,benchmark_equal_weight,0.0039623816882086715,0.0,0.0039623816882086715,0.6642014994068055,-0.46511804209280616
2019-01-28,benchmark_equal_weight,-0.0022441591128763427,0.0,-0.0022441591128763427,0.6627109255591256,-0.46631840231295674
2019-01-29,benchmark_equal_weight,-0.002272913192308379,0.0,-0.002272913192308379,0.6612046411537353,-0.46753141425683187
2019-01-30,benchmark_equal_weight,-0.008247718413761873,0.0,-0.008247718413761873,0.6557512114596268,-0.47192306521621563
2019-01-31,benchmark_equal_weight,0.004731998611315347,0.0,0.004731998611315347,0.6588542252816222,-0.469424205894151
2019-02-01,benchmark_equal_weight,0.017358479677927585,0.0,0.017358479677927585,0.6702909329618899,-0.4602142167545644
2019-02-11,benchmark_equal_weight,0.018211104261167343,0.0,0.018211104261167343,0.6824976710273739,-0.450384121577186
2019-02-12,benchmark_equal_weight,0.005287660279705841,0.0,0.005287660279705841,0.6861064868534571,-0.44747793952775394
2019-02-13,benchmark_equal_weight,0.017574817106539964,0.0,0.017574817106539964,0.6981646828755173,-0.4377674653676257
2019-02-14,benchmark_equal_weight,0.0013554577231019715,0.0,0.0013554577231019715,0.6991110155869178,-0.43700538293637914
2019-02-15,benchmark_equal_weight,-0.014667578150814098,0.0,-0.014667578150814098,0.6888567501297017,-0.44526315048064735
2019-02-18,benchmark_equal_weight,0.03056131742277768,0.0,0.03056131742277768,0.7099091199292386,-0.42830966153637484
2019-02-19,benchmark_equal_weight,-6.240094775478155e-05,0.0,-6.240094775478155e-05,0.7098648209273352,-0.4283453355553173
2019-02-20,benchmark_equal_weight,0.0018045360242603392,0.0,0.0018045360242603392,0.7111457975690537,-0.4273137641198903
2019-02-21,benchmark_equal_weight,-0.003022075834171134,0.0,-0.003022075834171134,0.7089966610396479,-0.42904446535390606
2019-02-22,benchmark_equal_weight,0.021574719930059993,0.0,0.021574719930059993,0.7242930654329259,-0.416726259601399
2019-02-25,benchmark_equal_weight,0.05932997712127741,0.0,0.05932997712127741,0.7672653564341613,-0.382120641928108
2019-02-26,benchmark_equal_weight,-0.01022442181869776,0.0,-0.01022442181869776,0.7594205117831049,-0.3884381011181013
2019-02-27,benchmark_equal_weight,0.0009563109476812826,0.0,0.0009563109476812826,0.7601467539324168,-0.3878532577790158
2019-02-28,benchmark_equal_weight,-0.0004195144904785564,0.0,-0.0004195144904785564,0.7598278613542518,-0.38811006220767674
2019-03-01,benchmark_equal_weight,0.01792905885126772,0.0,0.01792905885126772,0.7734508597973051,-0.3771394515024997
2019-03-04,benchmark_equal_weight,0.011308041661655,0.0,0.011308041661655,0.782197074343136,-0.3700961184706886
2019-03-05,benchmark_equal_weight,0.012627170170893265,0.0,0.012627170170893265,0.7920740099080417,-0.3621422149673118
2019-03-06,benchmark_equal_weight,0.010961345981338244,0.0,0.010961345981338244,0.8007562071734696,-0.3551504350986784
2019-03-07,benchmark_equal_weight,-0.002540305318876279,0.0,-0.002540305318876279,0.7987220419212636,-0.35678854987827235
2019-03-08,benchmark_equal_weight,-0.038162064599545575,0.0,-0.038162064599545575,0.7682411597603834,-0.3813348267889851
2019-03-11,benchmark_equal_weight,0.024364578776236212,0.0,0.024364578776236212,0.7869590320165123,-0.3662613104401715
2019-03-12,benchmark_equal_weight,0.01073353919422071,0.0,0.01073353919422071,0.7954058876309075,-0.35945905137688705
2019-03-13,benchmark_equal_weight,-0.010591674237009407,0.0,-0.010591674237009407,0.7869812075829217,-0.366243452440168
2019-03-14,benchmark_equal_weight,-0.010697444845482518,0.0,-0.010697444845482518,0.7785625195203721,-0.3730230281531527
2019-03-15,benchmark_equal_weight,0.010596454416245571,0.0,0.010596454416245571,0.7868125217686671,-0.3663792952509419
2019-03-18,benchmark_equal_weight,0.025852662984641173,0.0,0.025852662984641173,0.8071537207260481,-0.3499985127109737
2019-03-19,benchmark_equal_weight,-0.001328063018749881,0.0,-0.001328063018749881,0.8060817697191054,-0.35086175564837474
2019-03-20,benchmark_equal_weight,0.0004936426897668711,0.0,0.0004936426897668711,0.8064796860920815,-0.3505413132994024
2019-03-21,benchmark_equal_weight,0.0049109414717777855,0.0,0.0049109414717777855,0.8104402606286575,-0.34735185970067817
2019-03-22,benchmark_equal_weight,0.0015707238488395503,0.0,0.0015707238488395503,0.8117132384740867,-0.3463267297018091
2019-03-25,benchmark_equal_weight,-0.020255243356643082,0.0,-0.020255243356643082,0.7952717892929853,-0.35956704086743174
2019-03-26,benchmark_equal_weight,-0.01615841304881216,0.0,-0.01615841304881216,0.7824214592355213,-0.3699154211511688
2019-03-27,benchmark_equal_weight,0.011459624820306935,0.0,0.011459624820306935,0.7913877156097174,-0.36269488827250007
2019-03-28,benchmark_equal_weight,-0.008525411397278193,0.0,-0.008525411397278193,0.7846408097593924,-0.3681281765355654
2019-03-29,benchmark_equal_weight,0.03564672644361655,0.0,0.03564672644361655,0.8126106860613833,-0.34560401449709943
2019-04-01,benchmark_equal_weight,0.028475356179832545,0.0,0.028475356179832545,0.8357500647825193,-0.3269698557272518
2019-04-02,benchmark_equal_weight,0.0008313301884973479,0.0,0.0008313301884973479,0.8364448490414116,-0.32641034545054914
2019-04-03,benchmark_equal_weight,0.010684051110883441,0.0,0.010684051110883441,0.8453814685600052,-0.31921367915358057
2019-04-04,benchmark_equal_weight,0.00851983669793388,0.0,0.00851983669793388,0.8525839806195958,-0.3134134908737819
2019-04-08,benchmark_equal_weight,-0.00029469888372563036,0.0,-0.00029469888372563036,0.8523327250722249,-0.3136158271516025
2019-04-09,benchmark_equal_weight,0.0017749216525017042,0.0,0.0017749216525017042,0.8538455488810913,-0.3123975490212795
2019-04-10,benchmark_equal_weight,0.0013301169858598305,0.0,0.0013301169858598305,0.854981263348959,-0.3114829573217137
2019-04-11,benchmark_equal_weight,-0.019066068113593015,0.0,-0.019066068113593015,0.838680132346102,-0.3246102701547875
2019-04-12,benchmark_equal_weight,-0.002468961478289289,0.0,-0.002468961478289289,0.8366094634067328,-0.3262777813806076
2019-04-15,benchmark_equal_weight,-0.0043535165212981175,0.0,-0.0043535165212981175,0.8329672702859172,-0.32921084219013275
2019-04-16,benchmark_equal_weight,0.027468755136596745,0.0,0.027468755136596745,0.8558478442702003,-0.31078509906596974
2019-04-17,benchmark_equal_weight,0.0017308857002300004,0.0,0.0017308857002300004,0.8573292190654204,-0.3095921468495575
2019-04-18,benchmark_equal_weight,-0.004872905001402139,0.0,-0.004872905001402139,0.8531515352259883,-0.31295643873018153
2019-04-19,benchmark_equal_weight,0.0092719972157147,0.0,0.0092719972157147,0.8610619538851864,-0.30658617274301314
2019-04-22,benchmark_equal_weight,-0.01932219587631473,0.0,-0.01932219587631473,0.8444243461505745,-0.3199844505366177
2019-04-23,benchmark_equal_weight,-0.006891285726177643,0.0,-0.006891285726177643,0.8386051767071102,-0.3246706319862135
2019-04-24,benchmark_equal_weight,0.003918753772039041,0.0,0.003918753772039041,0.8418914639065828,-0.3220241824779406
2019-04-25,benchmark_equal_weight,-0.027356861082982242,0.0,-0.027356861082982242,0.8188599560815418,-0.3405714727355129
2019-04-26,benchmark_equal_weight,-0.010616081088552665,0.0,-0.010616081088552665,0.8101668723876114,-0.3475720194530577
2019-04-29,benchmark_equal_weight,-0.005122964549270859,0.0,-0.005122964549270859,0.8060164162213761,-0.350914384868352
2019-04-30,benchmark_equal_weight,0.004977440178026482,0.0,0.004977440178026482,0.8100283147156253,-0.34768360004861665
2019-05-06,benchmark_equal_weight,-0.06136794666146017,0.0,-0.06136794666146017,0.7603185403038843,-0.3877149180872289
2019-05-07,benchmark_equal_weight,0.006798498701388822,0.0,0.006798498701388822,0.7654875649127822,-0.38355229875296504
2019-05-08,benchmark_equal_weight,-0.011134808308831845,0.0,-0.011134808308831845,0.756964007614684,-0.39041632573877083
2019-05-09,benchmark_equal_weight,-0.01677473417855796,0.0,-0.01677473417855796,0.7442661376042117,-0.40064192983409164
2019-05-10,benchmark_equal_weight,0.035589127600310855,0.0,0.035589127600310855,0.7707539201439985,-0.37931129899668115
2019-05-13,benchmark_equal_weight,-0.015189931103803622,0.0,-0.015189931103803622,0.7590462211990245,-0.3887395176018309
2019-05-14,benchmark_equal_weight,-0.00701193976586123,0.0,-0.00701193976586123,0.7537238348164724,-0.39302563928565815
2019-05-15,benchmark_equal_weight,0.02196300641364335,0.0,0.02196300641364335,0.7702778762346625,-0.37969465750837195
2019-05-16,benchmark_equal_weight,0.004546210771133263,0.0,0.004546210771133263,0.7737797218123662,-0.376874618678945
2019-05-17,benchmark_equal_weight,-0.026293282005507734,0.0,-0.026293282005507734,0.7534345133766104,-0.393258630054809
2019-05-20,benchmark_equal_weight,-0.005540098451102871,0.0,-0.005540098451102871,0.7492604119960451,-0.39662003697866244
2019-05-21,benchmark_equal_weight,0.013249681780686418,0.0,0.013249681780686418,0.7591878740258587,-0.3886254444757873
2019-05-22,benchmark_equal_weight,-0.005905596347460629,0.0,-0.005905596347460629,0.7547044168899752,-0.39223597581782144
2019-05-23,benchmark_equal_weight,-0.017697268933297372,0.0,-0.017697268933297372,0.741348209859126,-0.40299173920175657
2019-05-24,benchmark_equal_weight,-0.00020202705058902648,0.0,-0.00020202705058902648,0.7411984374668287,-0.40311235101986287
2019-05-27,benchmark_equal_weight,0.01627321574171703,0.0,0.01627321574171703,0.7532601195471499,-0.3933990695344429
2019-05-28,benchmark_equal_weight,0.004108850253388363,0.0,0.004108850253388363,0.7563551525802186,-0.3909066371475939
2019-05-29,benchmark_equal_weight,0.0014140614365569792,0.0,0.0014140614365569792,0.7574246852338234,-0.3900453417119214
2019-05-30,benchmark_equal_weight,-0.005403047756033008,0.0,-0.005403047756033008,0.7533322834879068,-0.3933409558596668
2019-05-31,benchmark_equal_weight,-0.004016958909630386,0.0,-0.004016958909630386,0.7503061786598378,-0.3957778803121341
2019-06-03,benchmark_equal_weight,-0.003335955312808503,0.0,-0.003335955312808503,0.7478031907769045,-0.39779353830242326
2019-06-04,benchmark_equal_weight,-0.009980768647254279,0.0,-0.009980768647254279,0.7403395401360816,-0.40380402167450846
2019-06-05,benchmark_equal_weight,-0.00152411976749256,0.0,-0.00152411976749256,0.7392111740083038,-0.40471269575037394
2019-06-06,benchmark_equal_weight,-0.013337996042419309,0.0,-0.013337996042419309,0.7293515782948689,-0.4126526354585579
2019-06-10,benchmark_equal_weight,0.011730227377607982,0.0,0.011730227377607982,0.7379070381464848,-0.4057629173228481
2019-06-11,benchmark_equal_weight,0.03131658026246431,0.0,0.03131658026246431,0.7610157631328365,-0.38715344402825647
2019-06-12,benchmark_equal_weight,-0.006748029013031842,0.0,-0.006748029013031842,0.7558804066838415,-0.39128895036849043
2019-06-13,benchmark_equal_weight,0.0010630039762249965,0.0,0.0010630039762249965,0.7566839105616969,-0.3906418881023601
2019-06-14,benchmark_equal_weight,-0.010016244907758098,0.0,-0.010016244907758098,0.7491047791957508,-0.39674536818765593
2019-06-17,benchmark_equal_weight,0.002213850866157885,0.0,0.002213850866157885,0.7507631854600162,-0.39540985239850457
2019-06-18,benchmark_equal_weight,0.0016915153290201768,0.0,0.0016915153290201768,0.7520331128966858,-0.3943871788960621
2019-06-19,benchmark_equal_weight,0.012902153635573677,0.0,0.012902153635573677,0.7617359596583175,-0.386573469234506
2019-06-20,benchmark_equal_weight,0.027429808563000146,0.0,0.027429808563000146,0.7826302312072985,-0.369747296928143
2019-06-21,benchmark_equal_weight,0.006062786698203648,0.0,0.006062786698203648,0.7873751513626742,-0.365926209223452
2019-06-24,benchmark_equal_weight,0.002116812702477544,0.0,0.002116812702477544,0.7890418770846939,-0.3645839937688281
2019-06-25,benchmark_equal_weight,-0.011576377543299099,0.0,-0.011576377543299099,0.7799076304180881,-0.3719398093540155
2019-06-26,benchmark_equal_weight,-0.002385575192720868,0.0,-0.002385575192720868,0.778047102122349,-0.373438094164356
2019-06-27,benchmark_equal_weight,0.010316099465635942,0.0,0.010316099465635942,0.7860735134167929,-0.36697441922237717
2019-06-28,benchmark_equal_weight,-0.006803478310359268,0.0,-0.006803478310359268,0.7807254793179139,-0.37128119503110024
2019-07-01,benchmark_equal_weight,0.027470450567038895,0.0,0.027470450567038895,0.8021723600039444,-0.3540100061786343
2019-07-02,benchmark_equal_weight,-0.0021973310428338166,0.0,-0.0021973310428338166,0.8004097217756045,-0.355429460045418
2019-07-03,benchmark_equal_weight,-0.010022131969948445,0.0,-0.010022131969948445,0.7923879099139397,-0.36188943106078375
2019-07-04,benchmark_equal_weight,-0.003490067895356941,0.0,-0.003490067895356941,0.7896224223088801,-0.3641164802711264
2019-07-05,benchmark_equal_weight,0.0032196652553240224,0.0,0.0032196652553240224,0.7921647421868129,-0.36206914819622216
2019-07-08,benchmark_equal_weight,-0.027915537220778996,0.0,-0.027915537220778996,0.7700510378413081,-0.3798773306340337
2019-07-09,benchmark_equal_weight,-0.0016411104950718736,0.0,-0.0016411104950718736,0.7687872990013658,-0.38089502045496226
2019-07-10,benchmark_equal_weight,-0.004348152958241369,0.0,-0.004348152958241369,0.7654444942329546,-0.38358698360323296
2019-07-11,benchmark_equal_weight,0.001642313062146461,0.0,0.001642313062146461,0.7667015937241813,-0.38257464045472755
2019-07-12,benchmark_equal_weight,0.0042322603966884476,0.0,0.0042322603966884476,0.7699464745153781,-0.3799615355576129
2019-07-15,benchmark_equal_weight,0.006639951786981513,0.0,0.006639951786981513,0.7750588819847166,-0.3758445100476414
2019-07-16,benchmark_equal_weight,-0.002426740388219273,0.0,-0.002426740388219273,0.7731780152925563,-0.37735917338363756
2019-07-17,benchmark_equal_weight,-0.0019522478993412862,0.0,-0.0019522478993412862,0.7716685801363845,-0.37857472262944347
2019-07-18,benchmark_equal_weight,-0.011379039754376208,0.0,-0.011379039754376208,0.7628877326858094,-0.3856459455650174
2019-07-19,benchmark_equal_weight,0.009945489965509036,0.0,0.009945489965509036,0.7704750249760461,-0.3795358934813645
2019-07-22,benchmark_equal_weight,-0.012834733497764317,0.0,-0.012834733497764317,0.7605861833637952,-0.3874993849334596
2019-07-23,benchmark_equal_weight,0.004816010369482371,0.0,0.004816010369482371,0.7642491743097602,-0.38454957561998493
2019-07-24,benchmark_equal_weight,0.009507212116066088,0.0,0.009507212116066088,0.7715150533194516,-0.37869835788848116
2019-07-25,benchmark_equal_weight,0.006146341395383836,0.0,0.006146341395383836,0.7762570482288306,-0.3748796258865512
2019-07-26,benchmark_equal_weight,0.0020561515044755785,0.0,0.0020561515044755785,0.7778531503264061,-0.3735942836888395
2019-07-29,benchmark_equal_weight,-0.0016195168493572942,0.0,-0.0016195168493572942,0.7765934040431268,-0.3746087583009392
2019-07-30,benchmark_equal_weight,0.004953879671176997,0.0,0.004953879671176997,0.7804405543201862,-0.37151064534215406
2019-07-31,benchmark_equal_weight,-0.007329005850502668,0.0,-0.007329005850502668,0.7747207009316041,-0.37611684749942
2019-08-01,benchmark_equal_weight,-0.007594387383740464,0.0,-0.007594387383740464,0.7688371718145265,-0.3808548578416987
2019-08-02,benchmark_equal_weight,-0.013850670951813804,0.0,-0.013850670951813804,0.7581882611322004,-0.38943043347714723
2019-08-05,benchmark_equal_weight,-0.01605330841124014,0.0,-0.01605330841124014,0.7460168311424633,-0.39923209503505586
2019-08-06,benchmark_equal_weight,-0.015343637024198498,0.0,-0.015343637024198498,0.7345702196714706,-0.408450059704626
2019-08-07,benchmark_equal_weight,-0.005034201882570977,0.0,-0.005034201882570977,0.7308722448887199,-0.41142804152769574
2019-08-08,benchmark_equal_weight,0.010425127670803724,0.0,0.010425127670803724,0.7384916813527318,-0.40529210371716695
2019-08-09,benchmark_equal_weight,-0.008627953181889081,0.0,-0.008627953181889081,0.7321200097008058,-0.41042321560319506
2019-08-12,benchmark_equal_weight,0.01870211598194471,0.0,0.01870211598194471,0.7458122030349328,-0.399396882201144
2019-08-13,benchmark_equal_weight,-0.008489570632235655,0.0,-0.008489570632235655,0.7394805776588844,-0.4044957447916383
2019-08-14,benchmark_equal_weight,0.004780162133945387,0.0,0.004780162133945387,0.7430154147149974,-0.401649137900288
2019-08-15,benchmark_equal_weight,0.004213092438730692,0.0,0.004213092438730692,0.7461458073405935,-0.3991282304074677
2019-08-16,benchmark_equal_weight,0.003459418773046119,0.0,0.003459418773046119,0.7487270381539373,-0.3970495633275458
2019-08-19,benchmark_equal_weight,0.025516250836836063,0.0,0.025516250836836063,0.7678317450677945,-0.38166452874323165
2019-08-20,benchmark_equal_weight,-0.0005235061490234116,0.0,-0.0005235061490234116,0.7674297804278362,-0.3819882311645938
2019-08-21,benchmark_equal_weight,-8.0631996070335e-05,0.0,-8.0631996070335e-05,0.7673679010327964,-0.38203806268711005
2019-08-22,benchmark_equal_weight,0.0020626844012496814,0.0,0.0020626844012496814,0.7689507388322765,-0.3807634022384486
2019-08-23,benchmark_equal_weight,0.006839052792030287,0.0,0.006839052792030287,0.7742096335296211,-0.37652841045560015
2019-08-26,benchmark_equal_weight,-0.012556212526708077,0.0,-0.012556212526708077,0.7644884928307984,-0.3843568522382842
2019-08-27,benchmark_equal_weight,0.012455331220412091,0.0,0.012455331220412091,0.7740104502231997,-0.37668881291933487
2019-08-28,benchmark_equal_weight,-0.004303453391434953,0.0,-0.004303453391434953,0.7706795323261806,-0.3793712035612965
2019-08-29,benchmark_equal_weight,-0.00141114507791823,0.0,-0.00141114507791823,0.7695919916974863,-0.3802470008326052
2019-08-30,benchmark_equal_weight,-0.001864479384368678,0.0,-0.001864479384368678,0.7681571032945911,-0.3814025175229535
2019-09-02,benchmark_equal_weight,0.01638952654392245,0.0,0.01638952654392245,0.7807468345289403,-0.3712639976638924
2019-09-03,benchmark_equal_weight,0.0031031752830068537,0.0,0.0031031752830068537,0.7831696288081363,-0.3693129196419065
2019-09-04,benchmark_equal_weight,0.009619098843795859,0.0,0.009619098843795859,0.7907030148791008,-0.36324627827643685
2019-09-05,benchmark_equal_weight,0.010623987537932034,0.0,0.010623987537932034,0.7991034338553817,-0.3564814146721138
2019-09-06,benchmark_equal_weight,0.00584785958423073,0.0,0.00584785958423073,0.8037764785298446,-0.35271820834527357
2019-09-09,benchmark_equal_weight,0.010641807956279226,0.0,0.010641807956279226,0.8123301134541336,-0.3458299598248875
2019-09-10,benchmark_equal_weight,-0.003700262547007338,0.0,-0.003700262547007338,0.8093242787595132,-0.3482505607239217
2019-09-11,benchmark_equal_weight,-0.004801964236771816,0.0,-0.004801964236771816,0.8054379325169588,-0.3513802382226616
2019-09-12,benchmark_equal_weight,0.009598654936016415,0.0,0.009598654936016415,0.8131690533035677,-0.34515436094467966
2019-09-16,benchmark_equal_weight,-0.0021156175749232897,0.0,-0.0021156175749232897,0.8114486985630149,-0.34653976388752694
2019-09-17,benchmark_equal_weight,-0.018082968804798982,0.0,-0.018082968804798982,0.7967752970602052,-0.3583562649523254
2019-09-18,benchmark_equal_weight,0.0030108702094542306,0.0,0.0030108702094542306,0.7991742840657529,-0.3564243589453874
2019-09-19,benchmark_equal_weight,0.005342475409130354,0.0,0.005342475409130354,0.8034438530259835,-0.3529860719091378
2019-09-20,benchmark_equal_weight,0.002351285243345491,0.0,0.002351285243345491,0.80533297870146,-0.35146475760777884
2019-09-23,benchmark_equal_weight,-0.008657582367844863,0.0,-0.008657582367844863,0.7983607421048103,-0.3570795048872397
2019-09-24,benchmark_equal_weight,0.002458996867739427,0.0,0.002458996867739427,0.8003239086689721,-0.35549856540355207
2019-09-25,benchmark_equal_weight,-0.010958710018676987,0.0,-0.010958710018676987,0.7915533910328547,-0.36256146973191583
2019-09-26,benchmark_equal_weight,-0.011640788195993013,0.0,-0.011640788195993013,0.7823390856620213,-0.36998175665073163
2019-09-27,benchmark_equal_weight,0.0038315580943628635,0.0,0.0038315580943628635,0.785336663318226,-0.36756780515083043
2019-09-30,benchmark_equal_weight,-0.01188673961070208,0.0,-0.01188673961070208,0.7760015708946247,-0.37508536197242726
2019-10-08,benchmark_equal_weight,0.0043393542898034765,0.0,0.0043393542898034765,0.7793689166401806,-0.37237363595714124
2019-10-09,benchmark_equal_weight,0.004275907156074399,0.0,0.004275907156074399,0.7827014257680643,-0.36968996389578945
2019-10-10,benchmark_equal_weight,0.009410625734960876,0.0,0.009410625734960876,0.7900671359481879,-0.36375835204902296
2019-10-11,benchmark_equal_weight,0.00810255014815342,0.0,0.00810255014815342,0.7964686945376159,-0.35860317219015647
2019-10-14,benchmark_equal_weight,0.012576050956707219,0.0,0.012576050956707219,0.8064851254255431,-0.35053693300014954
2019-10-15,benchmark_equal_weight,-0.006520555665050165,0.0,-0.006520555665050165,0.8012263942721709,-0.3547717930809162
2019-10-16,benchmark_equal_weight,-0.004011092245444492,0.0,-0.004011092245444492,0.7980126012952603,-0.3573598629382315
2019-10-17,benchmark_equal_weight,0.00032613053949592796,0.0,0.00032613053949592796,0.7982728575754453,-0.3571502783636298
2019-10-18,benchmark_equal_weight,-0.014829062007710114,0.0,-0.014829062007710114,0.7864352198713871,-0.3666831367474147
2019-10-21,benchmark_equal_weight,-0.00011863697569625131,0.0,-0.00011863697569625131,0.7863419195753205,-0.3667582715447284
2019-10-22,benchmark_equal_weight,0.006231853478485316,0.0,0.006231853478485316,0.7912422872021048,-0.3628120018765324
2019-10-23,benchmark_equal_weight,-0.00701191510244098,0.0,-0.00701191510244098,0.7856941634587823,-0.36727991002366855
2019-10-24,benchmark_equal_weight,-0.00010081555873664438,0.0,-0.00010081555873664438,0.785614953262697,-0.36734369805306344
2019-10-25,benchmark_equal_weight,0.005017949795094956,0.0,0.005017949795094956,0.7895571296564452,-0.3641690604923432
2019-10-28,benchmark_equal_weight,0.011411157632340352,0.0,0.011411157632340352,0.7985668905226931,-0.3569134934141023
2019-10-29,benchmark_equal_weight,-0.009741357916027038,0.0,-0.009741357916027038,0.7907877646222228,-0.36317802924572296
2019-10-30,benchmark_equal_weight,-0.008695461847210373,0.0,-0.008695461847210373,0.7839114997857095,-0.36871549039588203
2019-10-31,benchmark_equal_weight,-0.0026368405749448987,0.0,-0.0026368405749448987,0.7818444501359086,-0.37038008700514036
2019-11-01,benchmark_equal_weight,0.01267680954213124,0.0,0.01267680954213124,0.7917557433218538,-0.36239851528417133
2019-11-04,benchmark_equal_weight,0.005836158628666044,0.0,0.005836158628666044,0.7963765554350376,-0.3586773718774968
2019-11-05,benchmark_equal_weight,0.006684425069248712,0.0,0.006684425069248712,0.8016998748467494,-0.3543904988245983
2019-11-06,benchmark_equal_weight,-0.006213249176007685,0.0,-0.006213249176007685,0.7967187137599524,-0.3584018315257991
2019-11-07,benchmark_equal_weight,0.0033333197300047246,0.0,0.0033333197300047246,0.7993744319677925,-0.3562631796920891
2019-11-08,benchmark_equal_weight,-0.005309784699938758,0.0,-0.005309784699938758,0.7951299258394076,-0.3596812836113473
2019-11-11,benchmark_equal_weight,-0.018999510995810542,0.0,-0.018999510995810542,0.7800228460703237,-0.37184702610419684
2019-11-12,benchmark_equal_weight,0.0015124319576255152,0.0,0.0015124319576255152,0.7812025775503986,-0.37089698747219924
2019-11-13,benchmark_equal_weight,-0.001242858921794876,0.0,-0.001242858921794876,0.7802316529571609,-0.3716788737640475
2019-11-14,benchmark_equal_weight,0.0039011519878803247,0.0,0.0039011519878803247,0.783275455221102,-0.3692276975534048
2019-11-15,benchmark_equal_weight,-0.006780908286203147,0.0,-0.006780908286203147,0.7779641361964137,-0.3735049066857723
2019-11-18,benchmark_equal_weight,0.006908468080964569,0.0,0.006908468080964569,0.7833386765994618,-0.36917678533073006
2019-11-19,benchmark_equal_weight,0.011767856688413625,0.0,0.011767856688413625,0.7925568938841758,-0.3617533481447778
2019-11-20,benchmark_equal_weight,-0.00833366862257956,0.0,-0.00833366862257956,0.7859519873660041,-0.36707228424081007
2019-11-21,benchmark_equal_weight,-0.0032210719023780254,0.0,-0.0032210719023780254,0.7834203795028813,-0.3691109899222783
2019-11-22,benchmark_equal_weight,-0.008798464284638319,0.0,-0.008798464284638319,0.7765274832739674,-0.37466184434501804
2019-11-25,benchmark_equal_weight,0.004695447374294004,0.0,0.004695447374294004,0.7801736272063732,-0.37172560194400206
2019-11-26,benchmark_equal_weight,-0.002765803780724607,0.0,-0.002765803780724607,0.7780158200386242,-0.3734632856494777
2019-11-27,benchmark_equal_weight,0.0018817990450039623,0.0,0.0018817990450039623,0.7794798894657708,-0.37228426945875304
2019-11-28,benchmark_equal_weight,-0.003879328971033491,0.0,-0.003879328971033491,0.7764560305482283,-0.3747193852778151
2019-11-29,benchmark_equal_weight,-0.005521364234962467,0.0,-0.005521364234962467,0.7721689339911384,-0.3781717873007576
2019-12-02,benchmark_equal_weight,0.001886321939942981,0.0,0.001886321939942981,0.7736254931926683,-0.37699881910026745
2019-12-03,benchmark_equal_weight,0.0039001807602465632,0.0,0.0039001807602465632,0.7766427724568545,-0.37456900188091147
2019-12-04,benchmark_equal_weight,-0.002057746730831478,0.0,-0.002057746730831478,0.7750446383308075,-0.3758559804726517
2019-12-05,benchmark_equal_weight,0.008367923973727098,0.0,0.008367923973727098,0.7815301529406045,-0.37063319076859047
2019-12-06,benchmark_equal_weight,0.007376877364352996,0.0,0.007376877364352996,0.7872954050353913,-0.36599042899969625
2019-12-09,benchmark_equal_weight,0.0002539004656439414,0.0,0.0002539004656439414,0.787495299705329,-0.36582945367439657
2019-12-10,benchmark_equal_weight,0.00310630161131642,0.0,0.00310630161131642,0.7899414976237078,-0.363859528684496
2019-12-11,benchmark_equal_weight,-1.971604842665453e-06,0.0,-1.971604842665453e-06,0.7899399401712256,-0.36386078290212986
2019-12-12,benchmark_equal_weight,-0.003486184436466533,0.0,-0.003486184436466533,0.7871860638460574,-0.3660784815402025
2019-12-13,benchmark_equal_weight,0.017771700216909214,0.0,0.017771700216909214,0.8011756985876581,-0.3548126183530872
2019-12-16,benchmark_equal_weight,0.007918492799540433,0.0,0.007918492799540433,0.8075198025880912,-0.3497037067171619
2019-12-17,benchmark_equal_weight,0.012435577637571527,0.0,0.012435577637571527,0.8175617777870519,-0.34161689667461814
2019-12-18,benchmark_equal_weight,-0.0013024005212012857,0.0,-0.0013024005212012857,0.8164969849015478,-0.3424743751715392
2019-12-19,benchmark_equal_weight,-0.0007022723623447691,0.0,-0.0007022723623447691,0.8159235816351136,-0.34293613724538974
2019-12-20,benchmark_equal_weight,-0.006285954004434102,0.0,-0.006285954004434102,0.8107947235298221,-0.34706641046464104
2019-12-23,benchmark_equal_weight,-0.014385810497257956,0.0,-0.014385810497257956,0.7991307842849454,-0.3564593893509911
2019-12-24,benchmark_equal_weight,0.009741118095339618,0.0,0.009741118095339618,0.8069152116282865,-0.350190584263512
2019-12-25,benchmark_equal_weight,0.00024131566697649376,0.0,0.00024131566697649376,0.807109932910774,-0.350033775070946
2019-12-26,benchmark_equal_weight,0.0077689664384757995,0.0,0.0077689664384757995,0.8133803428917183,-0.3449842092833294
2019-12-27,benchmark_equal_weight,-0.002807207975438264,0.0,-0.002807207975438264,0.811097015106088,-0.3468229748350672
2019-12-30,benchmark_equal_weight,0.013508509554481574,0.0,0.013508509554481574,0.82205372688426,-0.3379995267498589
2019-12-31,benchmark_equal_weight,0.0025302281678617478,0.0,0.0025302281678617478,0.8241337103795182,-0.33632451450530365
2020-01-02,benchmark_equal_weight,0.013854520307906126,0.0,0.013854520307906126,0.8355516876064013,-0.32712960901365795
2020-01-03,benchmark_equal_weight,-0.0006797747505014051,0.0,-0.0006797747505014051,0.8349837006664277,-0.3275870093158104
2020-01-06,benchmark_equal_weight,0.001554778241783572,0.0,0.001554778241783572,0.8362819151564678,-0.326541556228402
2020-01-07,benchmark_equal_weight,0.008788912669786986,0.0,0.008788912669786986,0.8436319238761001,-0.3206225887793628
2020-01-08,benchmark_equal_weight,-0.012795190239264898,0.0,-0.012795190239264898,0.8328374929181883,-0.32931535200019024
2020-01-09,benchmark_equal_weight,0.011685587995480473,0.0,0.011685587995480473,0.8425696887276192,-0.32147800752877054
2020-01-10,benchmark_equal_weight,-0.0015201253273842141,0.0,-0.0015201253273842141,0.841288877203698,-0.3225094459947133
2020-01-13,benchmark_equal_weight,0.01087001812907784,0.0,0.01087001812907784,0.8504337025506938,-0.3151451113903968
2020-01-14,benchmark_equal_weight,-0.0030969533505892932,0.0,-0.0030969533505892932,0.8477999490461253,-0.31726607503234383
2020-01-15,benchmark_equal_weight,-0.004777200764747747,0.0,-0.004777200764747747,0.8437498384811891,-0.3205276320608186
2020-01-16,benchmark_equal_weight,-0.002651920256742879,0.0,-0.002651920256742879,0.8415122811928973,-0.32232953859725344
2020-01-17,benchmark_equal_weight,6.21680810971581e-05,0.0,6.21680810971581e-05,0.8415645963966388,-0.3222874091250518
2020-01-20,benchmark_equal_weight,0.009130835704937779,0.0,0.009130835704937779,0.8492487844614288,-0.316099326802605
2020-01-21,benchmark_equal_weight,-0.014477144155283506,0.0,-0.014477144155283506,0.8369540873850814,-0.3260002554363791
2020-01-22,benchmark_equal_weight,0.005625094462773372,0.0,0.005625094462773372,0.8416620331876268,-0.32220894320532356
2020-01-23,benchmark_equal_weight,-0.03188230033675482,0.0,-0.03188230033675482,0.8148279114634952,-0.3438184812436179
2020-02-03,benchmark_equal_weight,-0.07842625261866887,0.0,-0.07842625261866887,0.7509240118383168,-0.39528033879730773
2020-02-04,benchmark_equal_weight,0.021100767118504615,0.0,0.021100767118504615,0.7667690845358104,-0.38252029005428856
2020-02-05,benchmark_equal_weight,0.01602088928043144,0.0,0.01602088928043144,0.7790534071428163,-0.37262771598833544
2020-02-06,benchmark_equal_weight,0.022972099065939555,0.0,0.022972099065939555,0.796949899189359,-0.3582156577287946
2020-02-07,benchmark_equal_weight,0.003621614008693763,0.0,0.003621614008693763,0.7998361441084902,-0.3558913625642649
2020-02-10,benchmark_equal_weight,0.005474214711612135,0.0,0.005474214711612135,0.804214618895448,-0.3523653735853378
2020-02-11,benchmark_equal_weight,0.002706740984129541,0.0,0.002706740984129541,0.8063914195644484,-0.35061239439927994
2020-02-12,benchmark_equal_weight,0.011932793855160662,0.0,0.011932793855160662,0.8160139221406812,-0.34286338596955024
2020-02-13,benchmark_equal_weight,-0.0077855457256132965,0.0,-0.0077855457256132965,0.809660808437118,-0.3479795531260589
2020-02-14,benchmark_equal_weight,0.004140872194089207,0.0,0.004140872194089207,0.813013510365419,-0.345279619787621
2020-02-17,benchmark_equal_weight,0.025515409628960484,0.0,0.025515409628960484,0.8337578831162717,-0.32857416109407345
2020-02-18,benchmark_equal_weight,0.0015814156761700948,0.0,0.0015814156761700948,0.8350764009027623,-0.3275123577470419
2020-02-19,benchmark_equal_weight,-0.005191867513433146,0.0,-0.005191867513433146,0.8307407948656805,-0.3310038244900403
2020-02-20,benchmark_equal_weight,0.01853766840343385,0.0,0.01853766840343385,0.8461407922501055,-0.3186021952252712
2020-02-21,benchmark_equal_weight,0.0050880280598645244,0.0,0.0050880280598645244,0.8504459803436699,-0.31513522407464745
2020-02-24,benchmark_equal_weight,0.0006205970775831071,0.0,0.0006205970775831071,0.8509737646337134,-0.3147101989961686
2020-02-25,benchmark_equal_weight,-0.0007843508611464767,0.0,-0.0007843508611464767,0.85030630262861,-0.31524770664172086
2020-02-26,benchmark_equal_weight,-0.01439862222854743,0.0,-0.01439862222854743,0.8380630633985077,-0.32510719623391826
2020-02-27,benchmark_equal_weight,0.0026854058158927163,0.0,0.0026854058158927163,0.8403136028230429,-0.3232948351735806
2020-02-28,benchmark_equal_weight,-0.04190577840213844,0.0,-0.04190577840213844,0.805099607194838,-0.3516526918543791
2020-03-02,benchmark_equal_weight,0.034207033302489975,0.0,0.034207033302489975,0.8326396762699734,-0.3294746538930621
2020-03-03,benchmark_equal_weight,0.0070694600175902345,0.0,0.0070694600175902345,0.8385259891704232,-0.3247344017679783
2020-03-04,benchmark_equal_weight,0.00503902085055552,0.0,0.00503902085055552,0.8427513391135857,-0.3213317243388243
2020-03-05,benchmark_equal_weight,0.019359990121225135,0.0,0.019359990121225135,0.859066996713474,-0.30819271322643493
2020-03-06,benchmark_equal_weight,-0.01203085037720747,0.0,-0.01203085037720747,0.8487316902120171,-0.31651574318346964
2020-03-09,benchmark_equal_weight,-0.03684029168108993,0.0,-0.03684029168108993,0.817464167185622,-0.3416955025640236
2020-03-10,benchmark_equal_weight,0.023162031248352255,0.0,0.023162031248352255,0.8363982977703837,-0.3264478332234806
2020-03-11,benchmark_equal_weight,-0.013670711165300276,0.0,-0.013670711165300276,0.8249641382224159,-0.33565577035024463
2020-03-12,benchmark_equal_weight,-0.016584498867498687,0.0,-0.016584498867498687,0.8112825214063392,-0.3466735864745003
2020-03-13,benchmark_equal_weight,-0.010941147053416755,0.0,-0.010941147053416755,0.8024061600377657,-0.3538217268387641
2020-03-16,benchmark_equal_weight,-0.04226776109604613,0.0,-0.04226776109604613,0.7684902481632936,-0.3811342357141989
2020-03-17,benchmark_equal_weight,-0.00041619090666028535,0.0,-0.00041619090666028535,0.7681704095101509,-0.38139180201773804
2020-03-18,benchmark_equal_weight,-0.020023937143556714,0.0,-0.020023937143556714,0.7527886135145795,-0.39377877369062375
2020-03-19,benchmark_equal_weight,-0.0069099260341532465,0.0,-0.0069099260341532465,0.747586899875841,-0.3979677175247551
2020-03-20,benchmark_equal_weight,0.017364654594875906,0.0,0.017364654594875906,0.760568488171839,-0.3875136348846079
2020-03-23,benchmark_equal_weight,-0.034198420106546445,0.0,-0.034198420106546445,0.7345582474935376,-0.4084597009083556
2020-03-24,benchmark_equal_weight,0.025296511921159115,0.0,0.025296511921159115,0.7531400089580437,-0.39349579468053775
2020-03-25,benchmark_equal_weight,0.02342795873280401,0.0,0.02342795873280401,0.7707845420079364,-0.3792866391870412
2020-03-26,benchmark_equal_weight,-0.0069371458020503485,0.0,-0.0069371458020503485,0.7654374972580608,-0.3835926182722814
2020-03-27,benchmark_equal_weight,-0.0005230416218915401,0.0,-0.0005230416218915401,0.7650371415880383,-0.38391502498896624
2020-03-30,benchmark_equal_weight,-0.012801964405143529,0.0,-0.012801964405143529,0.7552431633328154,-0.39180212290960126
2020-03-31,benchmark_equal_weight,0.0012659114336565636,0.0,0.0012659114336565636,0.7561992342884694,-0.3910321982630669
2020-04-01,benchmark_equal_weight,-0.003562285175556845,0.0,-0.003562285175556845,0.7535054369663962,-0.3932015152355858
2020-04-02,benchmark_equal_weight,0.019797372248475997,0.0,0.019797372248475997,0.7684228645932706,-0.3811884997528934
2020-04-03,benchmark_equal_weight,-0.005934905310593486,0.0,-0.005934905310593486,0.7638623476534145,-0.38486108741196623
2020-04-07,benchmark_equal_weight,0.02463527376594077,0.0,0.02463527376594077,0.7826803057073506,-0.3697069718962769
2020-04-08,benchmark_equal_weight,-0.0020032000254029403,0.0,-0.0020032000254029403,0.7811124404990752,-0.37096957490618554
2020-04-09,benchmark_equal_weight,0.006390932608001165,0.0,0.006390932608001165,0.7861044774655761,-0.36694948385102877
2020-04-10,benchmark_equal_weight,-0.011202714222646515,0.0,-0.011202714222646515,0.7772979736553863,-0.37404136787194453
2020-04-13,benchmark_equal_weight,-0.00571791027964208,0.0,-0.00571791027964208,0.7728534535814773,-0.3776205431692202
2020-04-14,benchmark_equal_weight,0.020048634221011885,0.0,0.020048634221011885,0.788348109778778,-0.365142685092548
2020-04-15,benchmark_equal_weight,-0.005686857314731286,0.0,-0.005686857314731286,0.783864886564128,-0.3687530280576401
2020-04-16,benchmark_equal_weight,0.00525859214807467,0.0,0.00525859214807467,0.7879869123017654,-0.3654335576874882
2020-04-17,benchmark_equal_weight,0.007511345611731168,0.0,0.007511345611731168,0.7939057543375849,-0.3606671098256722
2020-04-20,benchmark_equal_weight,0.00786165383669879,0.0,0.00786165383669879,0.8001471665571501,-0.35564089595670556
2020-04-21,benchmark_equal_weight,-0.009774017471210317,0.0,-0.009774017471210317,0.7923265141716811,-0.36193887309735817
2020-04-22,benchmark_equal_weight,0.00763098994675826,0.0,0.00763098994675826,0.7983727498358751,-0.35706983505254686
2020-04-23,benchmark_equal_weight,-0.00394118041088426,0.0,-0.00394118041088426,0.7952262187936382,-0.3596037388242044
2020-04-24,benchmark_equal_weight,-0.011728656133006832,0.0,-0.011728656133006832,0.7858992839254564,-0.36711472636039855
2020-04-27,benchmark_equal_weight,0.004516862175010239,0.0,0.004516862175010239,0.789449082674387,-0.3642560708067747
2020-04-28,benchmark_equal_weight,-4.6368832483878464e-05,0.0,-4.6368832483878464e-05,0.7894124768421179,-0.36428554951053016
2020-04-29,benchmark_equal_weight,0.0033831974231975925,0.0,0.0033831974231975925,0.7920832150996103,-0.3621348020197446
2020-04-30,benchmark_equal_weight,0.015157788529733263,0.0,0.015157788529733263,0.8040894449720415,-0.35246617623828336
2020-05-06,benchmark_equal_weight,0.009440006909404386,0.0,0.009440006909404386,0.8116800548883566,-0.34635345246789984
2020-05-07,benchmark_equal_weight,-0.002155361560281399,0.0,-0.002155361560281399,0.8099305908988031,-0.34776229711046114
2020-05-08,benchmark_equal_weight,0.008943686288960029,0.0,0.008943686288960029,0.8171743560196341,-0.3419288877099852
2020-05-11,benchmark_equal_weight,-0.0012471335914730486,0.0,-0.0012471335914730486,0.8161552304301517,-0.3427495902997001
2020-05-12,benchmark_equal_weight,0.001088511521425195,0.0,0.001088511521425195,0.8170436248017463,-0.34203416565627986
2020-05-13,benchmark_equal_weight,0.0018317703564016408,0.0,0.0018317703564016408,0.8185402610935452,-0.34082892334540393
2020-05-14,benchmark_equal_weight,-0.010226008297230471,0.0,-0.010226008297230471,0.8101698615919853,-0.34756961224456817
2020-05-15,benchmark_equal_weight,-0.0007202392110376987,0.0,-0.0007202392110376987,0.8095863454900658,-0.34803951819230217
2020-05-18,benchmark_equal_weight,0.00045709240687202835,0.0,0.00045709240687202835,0.8099564012612966,-0.3477415120064872
2020-05-19,benchmark_equal_weight,0.010442671922725189,0.0,0.010442671922725189,0.8184145102313796,-0.34093019060755814
2020-05-20,benchmark_equal_weight,-0.00603435580797379,0.0,-0.00603435580797379,0.8134759058782348,-0.34490725233972563
2020-05-21,benchmark_equal_weight,-0.007416951937255889,0.0,-0.007416951937255889,0.8074423941822203,-0.3497660437635667
2020-05-22,benchmark_equal_weight,-0.021498032585336335,0.0,-0.021498032585336335,0.7900839712813089,-0.3637447945428297
2020-05-25,benchmark_equal_weight,0.001413036684809632,0.0,0.001413036684809632,0.7912003889168095,-0.3628457425966176
2020-05-26,benchmark_equal_weight,0.01317301125062853,0.0,0.01317301125062853,0.8016228805415123,-0.354452502395457
2020-05-27,benchmark_equal_weight,-0.007056592384008464,0.0,-0.007056592384008464,0.7959661546278362,-0.35900786795056894
2020-05-28,benchmark_equal_weight,0.0017610873460343068,0.0,0.0017610873460343068,0.7973679205506228,-0.35787902481790923
2020-05-29,benchmark_equal_weight,0.003679049473558016,0.0,0.003679049473558016,0.8003014765789567,-0.3555166299822049
2020-06-01,benchmark_equal_weight,0.02643428904334244,0.0,0.02643428904334244,0.8214568771326586,-0.338480170295527
2020-06-02,benchmark_equal_weight,0.0024387615252634,0.0,0.0024387615252634,0.8234602145592728,-0.336866881186645
2020-06-03,benchmark_equal_weight,0.0010794519064654118,0.0,0.0010794519064654118,0.8243491002577772,-0.3361510608773015
2020-06-04,benchmark_equal_weight,-0.0005958151651814236,0.0,-0.0005958151651814236,0.8238579405624399,-0.3365465921426205
2020-06-05,benchmark_equal_weight,0.003029216910178656,0.0,0.003029216910178656,0.8263535849675766,-0.33453684786042326
2020-06-08,benchmark_equal_weight,0.001379267576068155,0.0,0.001379267576068155,0.8274933476736901,-0.33361899611160895
2020-06-09,benchmark_equal_weight,0.006362000304607096,0.0,0.006362000304607096,0.8327578606036505,-0.32937947996188666
2020-06-10,benchmark_equal_weight,-0.0029522386930649347,0.0,-0.0029522386930649347,0.8302993606256225,-0.3313593118095064
2020-06-11,benchmark_equal_weight,-0.007822258750044109,0.0,-0.007822258750044109,0.8238045441868127,-0.33658959228334007
2020-06-12,benchmark_equal_weight,0.0015348927763015885,0.0,0.0015348927763015885,0.8250689958307695,-0.3355713284408124
2020-06-15,benchmark_equal_weight,-0.007964908082799982,0.0,-0.007964908082799982,0.8184973971170094,-0.34086344173735816
2020-06-16,benchmark_equal_weight,0.01647355497388847,0.0,0.01647355497388847,0.8319809589844012,-0.3300051194095188
2020-06-17,benchmark_equal_weight,0.00389359708976178,0.0,0.00389359708976178,0.83522035762504,-0.3273964292922965
2020-06-18,benchmark_equal_weight,0.0012695311387065922,0.0,0.0012695311387065922,0.8362806958767266,-0.3265425381152779
2020-06-19,benchmark_equal_weight,0.010998917827556465,0.0,0.010998917827556465,0.8454788785314464,-0.31913523483165307
2020-06-22,benchmark_equal_weight,-0.0009607532346361802,0.0,-0.0009607532346361802,0.8446665819640807,-0.31978937785713835
2020-06-23,benchmark_equal_weight,0.002359344131947272,0.0,0.002359344131947272,0.8466594411076895,-0.3181845269172975
2020-06-24,benchmark_equal_weight,0.001772288780150566,0.0,0.001772288780150566,0.8481599661357733,-0.31697615300422
2020-06-29,benchmark_equal_weight,-0.00535776986741171,0.0,-0.00535776986741171,0.8436157202264661,-0.3206356375903775
2020-06-30,benchmark_equal_weight,0.011684112534604774,0.0,0.011684112534604774,0.8534726212375539,-0.3126978679279835
2020-07-01,benchmark_equal_weight,0.013009859643643207,0.0,0.013009859643643207,0.8645761802495466,-0.3037561636569499
2020-07-02,benchmark_equal_weight,0.020294493218896426,0.0,0.020294493218896426,0.8821223156768404,-0.2896262478415874
2020-07-03,benchmark_equal_weight,0.01852448068164647,0.0,0.01852448068164647,0.8984631734724453,-0.27646694299298014
2020-07-06,benchmark_equal_weight,0.05454382900568344,0.0,0.05454382900568344,0.9474687951742301,-0.2370026796516298
2020-07-07,benchmark_equal_weight,0.007492902722849859,0.0,0.007492902722849859,0.9545680866894064,-0.23128561495246436
2020-07-08,benchmark_equal_weight,0.01930176524070837,0.0,0.01930176524070837,0.9729929358049575,-0.21644807035512137
2020-07-09,benchmark_equal_weight,0.013873559577487038,0.0,0.013873559577487038,0.9864918112683216,-0.20557741597713808
2020-07-10,benchmark_equal_weight,-0.014401493579491553,0.0,-0.014401493579491553,0.9722848557821199,-0.21701828772034648
2020-07-13,benchmark_equal_weight,0.022425133242791273,0.0,0.022425133242791273,0.9940884732229819,-0.19945981849580652
2020-07-14,benchmark_equal_weight,-0.012858790252754604,0.0,-0.012858790252754604,0.9813056980531265,-0.209753796778671
2020-07-15,benchmark_equal_weight,-0.0175216096743539,0.0,-0.0175216096743539,0.9641116426406202,-0.22360018229815526
2020-07-16,benchmark_equal_weight,-0.046908594419234284,0.0,-0.046908594419234284,0.9188865206211296,-0.26002000645389856
2020-07-17,benchmark_equal_weight,0.005719472941195791,0.0,0.005719472941195791,0.9241420672118518,-0.2557877109037854
2020-07-20,benchmark_equal_weight,0.03037380530146161,0.0,0.03037380530146161,0.9522117784322347,-0.23318315173182202
2020-07-21,benchmark_equal_weight,0.0026281506758720763,0.0,0.0026281506758720763,0.9547143344612947,-0.2311678415137759
2020-07-22,benchmark_equal_weight,0.005061684296276514,0.0,0.005061684296276514,0.9595467970154675,-0.22727625585069378
2020-07-23,benchmark_equal_weight,-0.0011469679198254368,0.0,-0.0011469679198254368,0.9584462276217195,-0.22816254519612045
2020-07-24,benchmark_equal_weight,-0.04454169753220805,0.0,-0.04454169753220805,0.915755405650107,-0.2625414956520241
2020-07-27,benchmark_equal_weight,0.0019566709708291885,0.0,0.0019566709708291885,0.9175472376687225,-0.2610985320043754
2020-07-28,benchmark_equal_weight,0.008418323871384414,0.0,0.008418323871384414,0.925271447482712,-0.25487822013774686
2020-07-29,benchmark_equal_weight,0.022436550182986625,0.0,0.022436550182986625,0.9460313467470425,-0.23816025793143103
2020-07-30,benchmark_equal_weight,-0.0032713454175460344,0.0,-0.0032713454175460344,0.9429365514360066,-0.2406524988805515
2020-07-31,benchmark_equal_weight,0.007996458639197956,0.0,0.007996458639197956,0.9504767045689527,-0.23458040799507152
2020-08-03,benchmark_equal_weight,0.017056939892439726,0.0,0.017056939892439726,0.9666889285879494,-0.22152469202174774
2020-08-04,benchmark_equal_weight,0.001605623118412336,0.0,0.001605623118412336,0.9682410666800034,-0.22027475407014474
2020-08-05,benchmark_equal_weight,0.002616353456447451,0.0,0.002616353456447451,0.970774327541486,-0.2182347172278769
2020-08-06,benchmark_equal_weight,-0.00020412680777120995,0.0,-0.00020412680777120995,0.9705761664769387,-0.2183942964794755
2020-08-07,benchmark_equal_weight,-0.010334529262795988,0.0,-0.010334529262795988,0.9605457186827104,-0.2264718234944766
2020-08-10,benchmark_equal_weight,0.006094547461813926,0.0,0.006094547461813926,0.9663998101544644,-0.22175751930971332
2020-08-11,benchmark_equal_weight,-0.012742444121461194,0.0,-0.012742444121461194,0.9540855145745805,-0.23167423063285664
2020-08-12,benchmark_equal_weight,-0.007493091212688263,0.0,-0.007493091212688263,0.9469364647891685,-0.23743136570378354
2020-08-13,benchmark_equal_weight,0.0006433081210263092,0.0,0.0006433081210263092,0.9475456367070632,-0.23694079910850097
2020-08-14,benchmark_equal_weight,0.01260850840178307,0.0,0.01260850840178307,0.959492773828557,-0.22731976076300264
2020-08-17,benchmark_equal_weight,0.021347248251001538,0.0,0.021347248251001538,0.9799753042665174,-0.21082516387736716
2020-08-18,benchmark_equal_weight,0.0030997645960196274,0.0,0.0030997645960196274,0.9830129970196562,-0.20837890766028466
2020-08-19,benchmark_equal_weight,-0.01792779419232715,0.0,-0.01792779419232715,0.9653897423207051,-0.22257092768205633
2020-08-20,benchmark_equal_weight,-0.011956167271036322,0.0,-0.011956167271036322,0.9538473810797761,-0.23186599971205624
2020-08-21,benchmark_equal_weight,0.006896444232404653,0.0,0.006896444232404653,0.960425536349618,-0.22656860641605647
2020-08-24,benchmark_equal_weight,0.005518201752232721,0.0,0.005518201752232721,0.9657253582271914,-0.2223006559447499
2020-08-25,benchmark_equal_weight,-0.0008853292663836831,0.0,-0.0008853292663836831,0.964870373304264,-0.22298917593448941
2020-08-26,benchmark_equal_weight,-0.014496251496666335,0.0,-0.014496251496666335,0.950883369711163,-0.23425292025577493
2020-08-27,benchmark_equal_weight,0.006021086988994839,0.0,0.006021086988994839,0.9566087211965824,-0.2296422904770664
2020-08-28,benchmark_equal_weight,0.020342536852459014,0.0,0.020342536852459014,0.9760685693609076,-0.21397126038152015
2020-08-31,benchmark_equal_weight,-0.005346138181755555,0.0,-0.005346138181755555,0.9708503719142357,-0.21817347863835168
2020-09-01,benchmark_equal_weight,0.0048270534971083245,0.0,0.0048270534971083245,0.9755367185971532,-0.21439956019428097
2020-09-02,benchmark_equal_weight,-0.0006323130077101058,0.0,-0.0006323130077101058,0.9749198740404853,-0.21489630557123296
2020-09-03,benchmark_equal_weight,-0.006042329094152643,0.0,-0.006042329094152643,0.9690290873211028,-0.21964016046600665
2020-09-04,benchmark_equal_weight,-0.0070569405065591395,0.0,-0.0070569405065591395,0.9621907067027525,-0.22514711342730598
2020-09-07,benchmark_equal_weight,-0.018987002564523237,0.0,-0.018987002564523237,0.943921589287027,-0.23985924717178997
2020-09-08,benchmark_equal_weight,0.00917974785030351,0.0,0.00917974785030351,0.9525865514671397,-0.2328813467300871
2020-09-09,benchmark_equal_weight,-0.021715747096740845,0.0,-0.021715747096740845,0.9319004228277228,-0.2495399013976889
2020-09-10,benchmark_equal_weight,-0.007436161403764852,0.0,-0.007436161403764852,0.9249706608713392,-0.25512044381798094
2020-09-11,benchmark_equal_weight,0.009206411026079886,0.0,0.009206411026079886,0.9334863209623855,-0.2482627764588453
2020-09-14,benchmark_equal_weight,0.0074985727531253765,0.0,0.0074985727531253765,0.9404861360541693,-0.2426258201968895
2020-09-15,benchmark_equal_weight,0.006449676032466489,0.0,0.006449676032466489,0.9465519669447447,-0.2377410021018045
2020-09-16,benchmark_equal_weight,-0.005988912618713482,0.0,-0.005988912618713482,0.9408831499256413,-0.24230610463304492
2020-09-17,benchmark_equal_weight,-0.0036501367452298483,0.0,-0.0036501367452298483,0.9374487977671301,-0.24507179096216014
2020-09-18,benchmark_equal_weight,0.020771132066272235,0.0,0.020771132066272235,0.9569206705509192,-0.22939107743168086
2020-09-21,benchmark_equal_weight,-0.007220855878371013,0.0,-0.007220855878371013,0.9500108843018369,-0.23495553340013342
2020-09-22,benchmark_equal_weight,-0.012974315404967351,0.0,-0.012974315404967351,0.9376851434507529,-0.24488146160862512
2020-09-23,benchmark_equal_weight,0.0034228335375854346,0.0,0.0034228335375854346,0.9408946836074518,-0.24229681655056667
2020-09-24,benchmark_equal_weight,-0.020233301388870972,0.0,-0.020233301388870972,0.9218572778988359,-0.2576276534246059
2020-09-25,benchmark_equal_weight,0.0010978040332802474,0.0,0.0010978040332802474,0.922869296536622,-0.25681267406833974
2020-09-28,benchmark_equal_weight,-0.0014751013714058847,0.0,-0.0014751013714058847,0.9215079707716725,-0.257908950712033
2020-09-29,benchmark_equal_weight,0.002658803826418754,0.0,0.002658803826418754,0.9239580796904356,-0.25593587619063496
2020-09-30,benchmark_equal_weight,-0.004284813569035539,0.0,-0.004284813569035539,0.919999091573358,-0.2591240522445659
2020-10-09,benchmark_equal_weight,0.02178100219557133,0.0,0.02178100219557133,0.9400375938068409,-0.2429870315998588
2020-10-12,benchmark_equal_weight,0.02977591648380895,0.0,0.02977591648380895,0.9680280746916742,-0.2204462766756159
2020-10-13,benchmark_equal_weight,0.0006350369604493644,0.0,0.0006350369604493644,0.968642808297856,-0.21995123124864902
2020-10-14,benchmark_equal_weight,-0.005851621510121141,0.0,-0.005851621510121141,0.962974677205196,-0.22451578140281803
2020-10-15,benchmark_equal_weight,-0.003430702322639645,0.0,-0.003430702322639645,0.959670997743465,-0.2271762369127298
2020-10-16,benchmark_equal_weight,-0.0011268455838797098,0.0,-0.0011268455838797098,0.9585895967176803,-0.22804708995728196
2020-10-19,benchmark_equal_weight,-0.009297879876331738,0.0,-0.009297879876331738,0.949676745796698,-0.2352246153850439
2020-10-20,benchmark_equal_weight,0.006465716407142108,0.0,0.006465716407142108,0.955817086313477,-0.23027979463296067
2020-10-21,benchmark_equal_weight,-0.0036208860814075927,0.0,-0.0036208860814075927,0.9523561815292729,-0.23306686381115238
2020-10-22,benchmark_equal_weight,-0.003756827940206875,0.0,-0.003756827940206875,0.948778343217475,-0.23594809964545715
2020-10-23,benchmark_equal_weight,-0.011623529795339815,0.0,-0.011623529795339815,0.9377501898759136,-0.24482907967441403
2020-10-26,benchmark_equal_weight,-0.0061709757214582495,0.0,-0.0061709757214582495,0.9319633562213965,-0.2494892210892946
2020-10-27,benchmark_equal_weight,-0.0010458465369404535,0.0,-0.0010458465369404535,0.9309886655727369,-0.2502741401883549
2020-10-28,benchmark_equal_weight,0.004887368195866437,0.0,0.004887368195866437,0.935538749967569,-0.2466099538654929
2020-10-29,benchmark_equal_weight,0.002427492631885908,0.0,0.002427492631885908,0.937809763389959,-0.2447811050795653
2020-10-30,benchmark_equal_weight,-0.018113603774297493,0.0,-0.018113603774297493,0.9208226489202457,-0.25846084090501675
2020-11-02,benchmark_equal_weight,0.000380038094321522,0.0,0.000380038094321522,0.9211725966049494,-0.25817902777612955
2020-11-03,benchmark_equal_weight,0.014396525491613077,0.0,0.014396525491613077,0.9344342813741479,-0.24749938323929555
2020-11-04,benchmark_equal_weight,0.003125215935765868,0.0,0.003125215935765868,0.9373545902812244,-0.24514765632012125
2020-11-05,benchmark_equal_weight,0.015048464385564064,0.0,0.015048464385564064,0.9514603374497163,-0.23378828770989513
2020-11-06,benchmark_equal_weight,-0.005534158956354063,0.0,-0.005534158956354063,0.9461948047016033,-0.23802862511992873
2020-11-09,benchmark_equal_weight,0.018359177759172507,0.0,0.018359177759172507,0.9635661633159256,-0.2240394572011044
2020-11-10,benchmark_equal_weight,-0.00409359089033734,0.0,-0.00409359089033734,0.9596217176475382,-0.22721592221036713
2020-11-11,benchmark_equal_weight,-0.006875965161614428,0.0,-0.006875965161614428,0.9530233921486652,-0.232529558606699
2020-11-12,benchmark_equal_weight,-0.0003745165322617261,0.0,-0.0003745165322617261,0.9526664691326734,-0.232816988975023
2020-11-13,benchmark_equal_weight,-0.009364579365173153,0.0,-0.009364579365173153,0.9437451483739412,-0.24000133516937883
2020-11-16,benchmark_equal_weight,0.012185288440437314,0.0,0.012185288440437314,0.9552449552211411,-0.23074053222407043
2020-11-17,benchmark_equal_weight,-0.0036272429538379836,0.0,-0.0036272429538379836,0.9517800496881259,-0.23353082320823382
2020-11-18,benchmark_equal_weight,0.0014710987237529505,0.0,0.0014710987237529505,0.9531802121045156,-0.23240327138045946
2020-11-19,benchmark_equal_weight,0.004946929826692759,0.0,0.004946929826692759,0.957895527725989,-0.22860602422877951
2020-11-20,benchmark_equal_weight,0.005173647843623397,0.0,0.005173647843623397,0.9628513418574249,-0.2246151034494468
2020-11-23,benchmark_equal_weight,0.012368834922552807,0.0,0.012368834922552807,0.9747606911598179,-0.2150244956625723
2020-11-24,benchmark_equal_weight,-0.003728063309659857,0.0,-0.003728063309659857,0.9711267215914062,-0.21795093403927446
2020-11-25,benchmark_equal_weight,-0.012896222851145722,0.0,-0.012896222851145722,0.9586028549730609,-0.22803641307443434
2020-11-26,benchmark_equal_weight,0.002455342949246153,0.0,0.002455342949246153,0.9609565537341462,-0.22614097772420183
2020-11-27,benchmark_equal_weight,0.009045252295242445,0.0,0.009045252295242445,0.9696486482074383,-0.21914122762676758
2020-11-30,benchmark_equal_weight,-0.006593075816972382,0.0,-0.006593075816972382,0.963255681153982,-0.22428948871537224
2020-12-01,benchmark_equal_weight,0.020550515749854115,0.0,0.020550515749854115,0.9830510822006733,-0.20834823763589017
2020-12-02,benchmark_equal_weight,-0.0005695820265604334,0.0,-0.0005695820265604334,0.982491153973061,-0.20879914825102763
2020-12-03,benchmark_equal_weight,-0.0007438170820223133,0.0,-0.0007438170820223133,0.9817603602698,-0.20938765695986916
2020-12-04,benchmark_equal_weight,0.0025171007131007395,0.0,0.0025171007131007395,0.984231549972729,-0.20739760606741675
2020-12-07,benchmark_equal_weight,-0.007556140420517721,0.0,-0.007556140420517721,0.9767945581748312,-0.21338662105360984
2020-12-08,benchmark_equal_weight,-0.0016307901619443954,0.0,-0.0016307901619443954,0.9752016112191189,-0.2146694224132495
2020-12-09,benchmark_equal_weight,-0.0134252960632269,0.0,-0.0134252960632269,0.9621092408671663,-0.22521271792485653
2020-12-10,benchmark_equal_weight,-0.00034769981532262184,0.0,-0.00034769981532262184,0.9617747156617965,-0.2254821113197485
2020-12-11,benchmark_equal_weight,-0.013262058022947332,0.0,-0.013262058022947332,0.9490196035776861,-0.23575381249923666
2020-12-14,benchmark_equal_weight,0.009814642898693382,0.0,0.009814642898693382,0.9583338920906607,-0.22825300908222879
2020-12-15,benchmark_equal_weight,0.0006774766258524911,0.0,0.0006774766258524911,0.9589831409023144,-0.22773016853480987
2020-12-16,benchmark_equal_weight,-1.641580853839475e-05,0.0,-1.641580853839475e-05,0.9589673984186818,-0.22774284596850325
2020-12-17,benchmark_equal_weight,0.013657000612459558,0.0,0.013657000612459558,0.9720640167662147,-0.21719612954291867
2020-12-18,benchmark_equal_weight,-0.005805004835074179,0.0,-0.005805004835074179,0.9664211804488851,-0.2217403097958368
2020-12-21,benchmark_equal_weight,0.010514057956368394,0.0,0.010514057956368394,0.9765821887503866,-0.21355764230792496
2020-12-22,benchmark_equal_weight,-0.01889779308496775,0.0,-0.01889779308496775,0.9581269406169168,-0.22841966725684404
2020-12-23,benchmark_equal_weight,0.00801527783955791,0.0,0.00801527783955791,0.965806594251527,-0.22223523651436916
2020-12-24,benchmark_equal_weight,-0.008875664412815065,0.0,-0.008875664412815065,0.9572344190332667,-0.22913841554718006
2020-12-25,benchmark_equal_weight,0.00923036292200452,0.0,0.00923036292200452,0.9660700401223778,-0.22202308336004906
2020-12-28,benchmark_equal_weight,-0.0010931876472166646,0.0,-0.0010931876472166646,0.96501394428817,-0.22287355811513954
2020-12-29,benchmark_equal_weight,-0.004493946462120313,0.0,-0.004493946462120313,0.9606772232873394,-0.22636592273926814
2020-12-30,benchmark_equal_weight,0.013668109911744164,0.0,0.013668109911744164,0.9738078651649399,-0.21579180713979773
2020-12-31,benchmark_equal_weight,0.017109390279110848,0.0,0.017109390279110848,0.9904691239869146,-0.20237448310807638
2021-01-04,benchmark_equal_weight,0.00945714312549717,0.0,0.00945714312549717,0.9998361322538445,-0.19483122443428091
2021-01-05,benchmark_equal_weight,0.009882008262199427,0.0,0.009882008262199427,1.0097165211736225,-0.18687453994167547
2021-01-06,benchmark_equal_weight,0.006347099025550362,0.0,0.006347099025550362,1.0161252919212458,-0.181713552126489
2021-01-07,benchmark_equal_weight,0.010320794605237271,0.0,0.010320794605237271,1.0266125123523517,-0.17326818576973724
2021-01-08,benchmark_equal_weight,-0.0011034889459484165,0.0,-0.0011034889459484165,1.0254796567931985,-0.17418047518800428
2021-01-11,benchmark_equal_weight,-0.009348386682678289,0.0,-0.009348386682678289,1.0158930764262755,-0.18190055543605255
2021-01-12,benchmark_equal_weight,0.023960536809138455,0.0,0.023960536809138455,1.0402344198781361,-0.16229845358104233
2021-01-13,benchmark_equal_weight,-0.007749762607438426,0.0,-0.007749762607438426,1.032172850067994,-0.16879044170167334
2021-01-14,benchmark_equal_weight,-0.012393044498719141,0.0,-0.012393044498719141,1.0193810860067316,-0.1790916587454252
2021-01-15,benchmark_equal_weight,-0.0008576084816755425,0.0,-0.0008576084816755425,1.0185068561413126,-0.17979567670156338
2021-01-18,benchmark_equal_weight,0.011675112736218574,0.0,0.011675112736218574,1.0303980385093738,-0.1702196987603204
2021-01-19,benchmark_equal_weight,-0.008210641945916197,0.0,-0.008210641945916197,1.021937809153399,-0.17703272770757383
2021-01-20,benchmark_equal_weight,0.005340865752234025,0.0,0.005340865752234025,1.0273958417992195,-0.1726373699877778
2021-01-21,benchmark_equal_weight,0.01130225066829349,0.0,0.01130225066829349,1.0390077271387965,-0.16328631014980122
2021-01-22,benchmark_equal_weight,0.0006803561657302559,0.0,0.0006803561657302559,1.0397146224521967,-0.16271704683196075
2021-01-25,benchmark_equal_weight,0.007293029110311378,0.0,0.007293029110311378,1.0472972914601568,-0.15661071788093894
2021-01-26,benchmark_equal_weight,-0.019337814666065545,0.0,-0.019337814666065545,1.027044850537628,-0.17292002350990332
2021-01-27,benchmark_equal_weight,0.0025048482359922852,0.0,0.0025048482359922852,1.029617442019782,-0.17084831368976772
2021-01-28,benchmark_equal_weight,-0.02178682053070491,0.0,-0.02178682053070491,1.0071853515952134,-0.18891289267214006
2021-01-29,benchmark_equal_weight,-0.008236128958707123,0.0,-0.008236128958707123,0.9988900431541544,-0.1955931106848371
2021-02-01,benchmark_equal_weight,0.008174469313007027,0.0,0.008174469313007027,1.0070554391589863,-0.18901751125295885
2021-02-02,benchmark_equal_weight,0.008159991114029763,0.0,0.008159991114029763,1.015273002593859,-0.18239990135114925
2021-02-03,benchmark_equal_weight,-0.003731798323421409,0.0,-0.003731798323421409,1.0114842085049642,-0.1854510200285162
2021-02-04,benchmark_equal_weight,-0.0020825807687678832,0.0,-0.0020825807687678832,1.0093777109444193,-0.18714738406942444
2021-02-05,benchmark_equal_weight,-0.001875894105745901,0.0,-0.001875894105745901,1.0074842252459872,-0.1886722095004888
2021-02-08,benchmark_equal_weight,0.013144066307652302,0.0,0.013144066307652302,1.0207266647065343,-0.17800806322492213
2021-02-09,benchmark_equal_weight,0.018667582487073675,0.0,0.018667582487073675,1.0397811639166992,-0.1626634609414639
2021-02-10,benchmark_equal_weight,0.014785067752492553,0.0,0.014785067752492553,1.0551543988729732,-0.1502833834798457
2021-02-18,benchmark_equal_weight,0.00508572747251107,0.0,0.00508572747251107,1.0605206265870626,-0.14596195633935982
2021-02-19,benchmark_equal_weight,0.006739375485453003,0.0,0.006739375485453003,1.0676678732997007,-0.14020627328426905
2021-02-22,benchmark_equal_weight,-0.019976689413794047,0.0,-0.019976689413794047,1.0463394037977065,-0.15738210552279785
2021-02-23,benchmark_equal_weight,0.00010147237681495946,0.0,0.00010147237681495946,1.046445578343965,-0.15729660308229843
2021-02-24,benchmark_equal_weight,-0.018999428084798653,0.0,-0.018999428084798653,1.0265637108335632,-0.1733074856688519
2021-02-25,benchmark_equal_weight,0.0031527918377146635,0.0,0.0031527918377146635,1.0298002525219732,-0.17070109625736896
2021-02-26,benchmark_equal_weight,-0.02259708616941325,0.0,-0.02259708616941325,1.0065297674784506,-0.18944083504544118
2021-03-01,benchmark_equal_weight,0.013875599266346517,0.0,0.013875599266346517,1.0204959711816304,-0.17819384089086732
2021-03-02,benchmark_equal_weight,-0.013367472095681565,0.0,-0.013367472095681565,1.0068545197631045,-0.18917931179081793
2021-03-03,benchmark_equal_weight,0.020367715823377153,0.0,0.020367715823377153,1.0273618464971224,-0.17266474642965812
2021-03-04,benchmark_equal_weight,-0.023651452903280745,0.0,-0.023651452903280745,1.0030632461700681,-0.1922324272147009
2021-03-05,benchmark_equal_weight,-0.0025760149621879003,0.0,-0.0025760149621879003,1.0004793402399133,-0.194313248568166
2021-03-08,benchmark_equal_weight,-0.02710713353074551,0.0,-0.02710713353074551,0.9733592131692776,-0.21615310692318146
2021-03-09,benchmark_equal_weight,-0.020789772990779942,0.0,-0.020789772990779942,0.9531232960890041,-0.23244910588977663
2021-03-10,benchmark_equal_weight,-0.0005481485143781772,0.0,-0.0005481485143781772,0.9526008429702337,-0.2328698377720928
2021-03-11,benchmark_equal_weight,0.025702627130330558,0.0,0.025702627130330558,0.9770851872411364,-0.21315257725191883
2021-03-12,benchmark_equal_weight,0.0016909600290850868,0.0,0.0016909600290850868,0.9787373992377723,-0.21182204971106322
2021-03-15,benchmark_equal_weight,-0.012941188155314087,0.0,-0.012941188155314087,0.9660713743995935,-0.22202200886562218
2021-03-16,benchmark_equal_weight,0.006256807890549054,0.0,0.006256807890549054,0.9721158973977705,-0.217154350032019
2021-03-17,benchmark_equal_weight,0.0012731833074767218,0.0,0.0012731833074767218,0.97335357913127,-0.21615764401814908
2021-03-18,benchmark_equal_weight,0.005951837530617787,0.0,0.005951837530617787,0.9791468214941046,-0.2114923416657285
2021-03-19,benchmark_equal_weight,-0.01833743514472075,0.0,-0.01833743514472075,0.9611917801577969,-0.22595154971154885
2021-03-22,benchmark_equal_weight,0.011742084730530955,0.0,0.011742084730530955,0.9724781754826997,-0.21686260722272566
2021-03-23,benchmark_equal_weight,-0.009978728779371338,0.0,-0.009978728779371338,0.9627740795256999,-0.22467732286223407
2021-03-24,benchmark_equal_weight,-0.013315384327632296,0.0,-0.013315384327632296,0.9499543726361328,-0.23500104228625218
2021-03-25,benchmark_equal_weight,0.000896900153374125,0.0,0.000896900153374125,0.9508063868586485,-0.23431491460374776
2021-03-26,benchmark_equal_weight,0.0171705512515834,0.0,0.0171705512515834,0.9671322566545377,-0.22116767960237838
2021-03-29,benchmark_equal_weight,0.001382603000414817,0.0,0.001382603000414817,0.9684694166143863,-0.22009086369937658
2021-03-30,benchmark_equal_weight,0.007618990406702775,0.0,0.007618990406702775,0.9758481758087564,-0.21414874347180224
2021-03-31,benchmark_equal_weight,-0.0073867064406320515,0.0,-0.0073867064406320515,0.9686398718034307,-0.21995359600977793
2021-04-01,benchmark_equal_weight,0.010718719377957653,0.0,0.010718719377957653,0.9790224507675925,-0.21159249750362186
2021-04-02,benchmark_equal_weight,0.0059446010293813245,0.0,0.0059446010293813245,0.984842348636213,-0.2069057294527099
2021-04-06,benchmark_equal_weight,-0.00174564971461999,0.0,-0.00174564971461999,0.9831231588713705,-0.2082901942397576
2021-04-07,benchmark_equal_weight,-0.00464826605959473,0.0,-0.00464826605959473,0.9785533408595871,-0.21197027205892116
2021-04-08,benchmark_equal_weight,0.002730371964499101,0.0,0.002730371964499101,0.9812251554672371,-0.20981865778255904
2021-04-09,benchmark_equal_weight,-0.00993814352244815,0.0,-0.00993814352244815,0.9714735990443671,-0.21767159337027675
2021-04-12,benchmark_equal_weight,-0.013859475998647897,0.0,-0.013859475998647897,0.9580094840150917,-0.22851425514502177
2021-04-13,benchmark_equal_weight,-0.0035802517451223315,0.0,-0.0035802517451223315,0.9545795688881029,-0.23127636832937581
2021-04-14,benchmark_equal_weight,0.00654361704716222,0.0,0.00654361704716222,0.9608259720279518,-0.22624613526861947
2021-04-15,benchmark_equal_weight,-0.005490387756296733,0.0,-0.005490387756296733,0.9555506648751977,-0.23049434401392788
2021-04-16,benchmark_equal_weight,0.007449473683478258,0.0,0.007449473683478258,0.9626690144064156,-0.22476193188037197
2021-04-19,benchmark_equal_weight,0.016224426279327964,0.0,0.016224426279327964,0.9782877668620459,-0.21218413899523636
2021-04-20,benchmark_equal_weight,-0.00021027957409824882,0.0,-0.00021027957409824882,0.9780820529270846,-0.21234980057895636
2021-04-21,benchmark_equal_weight,0.0002067346732405606,0.0,0.0002067346732405606,0.978284256400699,-0.2121869659723511
2021-04-22,benchmark_equal_weight,-0.0021139512633840396,0.0,-0.0021139512633840396,0.976216211160932,-0.21385236433094423
2021-04-23,benchmark_equal_weight,0.006587893694394609,0.0,0.006587893694394609,0.9826474197828049,-0.20867330727905686
2021-04-26,benchmark_equal_weight,-0.009552593829034561,0.0,-0.009552593829034561,0.9732605881044709,-0.2162325297606933
2021-04-27,benchmark_equal_weight,0.0015282517487168468,0.0,0.0015282517487168468,0.9747479753001989,-0.21503473575371268
2021-04-28,benchmark_equal_weight,0.0029017764338625796,0.0,0.0029017764338625796,0.9775764760038802,-0.21275694204852214
2021-04-29,benchmark_equal_weight,0.00652746579021557,0.0,0.00652746579021557,0.9839575730083149,-0.2076182399191593
2021-04-30,benchmark_equal_weight,-0.004178440632073843,0.0,-0.004178440632073843,0.9798461647050202,-0.21092916006159523
2021-05-06,benchmark_equal_weight,-0.005626922929087952,0.0,-0.005626922929087952,0.9743326458538626,-0.2153692008635193
2021-05-07,benchmark_equal_weight,-0.009782986962434737,0.0,-0.009782986962434737,0.9648007622823997,-0.2230452337417962
2021-05-10,benchmark_equal_weight,0.0015194325959574373,0.0,0.0015194325959574373,0.9662667120092161,-0.22186470334435915
2021-05-11,benchmark_equal_weight,0.004007565348978559,0.0,0.004007565348978559,0.9701390890021357,-0.21874627529266477
2021-05-12,benchmark_equal_weight,0.005814003777036669,0.0,0.005814003777036669,0.975779481329845,-0.2142040631863924
2021-05-13,benchmark_equal_weight,-0.01053343556396552,0.0,-0.01053343556396552,0.9655011710386174,-0.2224811940532444
2021-05-14,benchmark_equal_weight,0.019795031772772642,0.0,0.019795031772772642,0.984613297395976,-0.20709018458560013
2021-05-17,benchmark_equal_weight,0.009273335053764598,0.0,0.009273335053764598,0.9937439464011208,-0.1997372661998439
2021-05-18,benchmark_equal_weight,0.001318000574328293,0.0,0.001318000574328293,0.9950537014932128,-0.1986825194570817
2021-05-19,benchmark_equal_weight,-0.004859523356247564,0.0,-0.004859523356247564,0.9902182147900859,-0.20257654046954954
2021-05-20,benchmark_equal_weight,-0.001145130846236353,0.0,-0.001145130846236353,0.9890842853678247,-0.20348969467057032
2021-05-21,benchmark_equal_weight,-0.007353208350641016,0.0,-0.007353208350641016,0.9818113425411702,-0.2093466008990903
2021-05-24,benchmark_equal_weight,0.0035263689781621643,0.0,0.0035263689781621643,0.9852735716019151,-0.20655846528002242
2021-05-25,benchmark_equal_weight,0.026291895489363504,0.0,0.026291895489363504,1.0111782813749046,-0.1856973833722445
2021-05-26,benchmark_equal_weight,0.0028277464339625524,0.0,0.0028277464339625524,1.0140376371541628,-0.1833947420519091
2021-05-27,benchmark_equal_weight,0.005374626219677658,0.0,0.005374626219677658,1.0194877104265516,-0.1790057940214146
2021-05-28,benchmark_equal_weight,-0.0020593331541209903,0.0,-0.0020593331541209903,1.0173882455842513,-0.1806964946091275
2021-05-31,benchmark_equal_weight,0.0033210733836532835,0.0,0.0033210733836532835,1.0207670666075028,-0.17797552754424006
2021-06-01,benchmark_equal_weight,0.0008933966466559973,0.0,0.0008933966466559973,1.0216790164818268,-0.17724113363707905
2021-06-02,benchmark_equal_weight,-0.00823153106834068,0.0,-0.00823153106834068,1.0132690339157848,-0.18401369880729823
2021-06-03,benchmark_equal_weight,-0.005337655217183934,0.0,-0.005337655217183934,1.0078605531704932,-0.18836915234501017
2021-06-04,benchmark_equal_weight,0.004899295186477248,0.0,0.004899295186477248,1.0127983595272816,-0.1843927332398977
2021-06-07,benchmark_equal_weight,0.0005205446050872697,0.0,0.0005205446050872697,1.0133255662493748,-0.18396817327731574
2021-06-08,benchmark_equal_weight,-0.005639385406455866,0.0,-0.005639385406455866,1.0076110328390795,-0.18857009125213908
2021-06-09,benchmark_equal_weight,0.0016362775920033545,0.0,0.0016362775920033545,1.0092597641935694,-0.18724236667497363
2021-06-10,benchmark_equal_weight,0.008241948717910175,0.0,0.008241948717910175,1.0175780314131029,-0.18054365994101873
2021-06-11,benchmark_equal_weight,-0.007218834843429056,0.0,-0.007218834843429056,1.0102323036640302,-0.18645917992130534
2021-06-15,benchmark_equal_weight,-0.011353026664993826,0.0,-0.011353026664993826,0.9987631093826943,-0.19569533054471966
2021-06-16,benchmark_equal_weight,-0.013311712702456846,0.0,-0.013311712702456846,0.9854678618127793,-0.20640200322975288
2021-06-17,benchmark_equal_weight,0.003126565198457054,0.0,0.003126565198457054,0.9885489913337211,-0.2039207673514858
2021-06-18,benchmark_equal_weight,-0.000736218712738157,0.0,-0.000736218712738157,0.9878212030678427,-0.20450685577938388
2021-06-21,benchmark_equal_weight,0.00033332804330271637,0.0,0.00033332804330271637,0.9881504715765942,-0.20424169560616012
2021-06-22,benchmark_equal_weight,0.007306376174935569,0.0,0.007306376174935569,0.9953702706393727,-0.19842758608992994
2021-06-23,benchmark_equal_weight,0.004678196149892289,0.0,0.004678196149892289,1.000026808007195,-0.19467767310931605
2021-06-24,benchmark_equal_weight,-0.0007730023600623914,0.0,-0.0007730023600623914,0.9992537849244798,-0.19530018916861347
2021-06-25,benchmark_equal_weight,0.011668808281491527,0.0,0.011668808281491527,1.0109138857653184,-0.18591030135186948
2021-06-28,benchmark_equal_weight,-0.0009108139772461832,0.0,-0.0009108139772461832,1.009993131268371,-0.18665178562813034
2021-06-29,benchmark_equal_weight,-0.010018066594874864,0.0,-0.010018066594874864,0.9998749528189583,-0.19479996220453022
2021-06-30,benchmark_equal_weight,0.0054452818594369345,0.0,0.0054452818594369345,1.005319553761249,-0.19041542104550457
2021-07-01,benchmark_equal_weight,-0.0014904624130134825,0.0,-0.0014904624130134825,1.0038211627533005,-0.19162207643059137
2021-07-02,benchmark_equal_weight,-0.022327495401646635,0.0,-0.022327495401646635,0.9814083503578507,-0.20967113080187993
2021-07-05,benchmark_equal_weight,0.003472212390026097,0.0,0.003472212390026097,0.9848160085916383,-0.20692694111005494
2021-07-06,benchmark_equal_weight,-4.121809314344693e-05,0.0,-4.121809314344693e-05,0.9847754163536669,-0.20695963006926588
2021-07-07,benchmark_equal_weight,0.0068774323335469845,0.0,0.0068774323335469845,0.9915481426433799,-0.2015055485872962
2021-07-08,benchmark_equal_weight,-0.008610292885171178,0.0,-0.008610292885171178,0.9830106227254728,-0.20838081968114364
2021-07-09,benchmark_equal_weight,0.002412013709047478,0.0,0.002412013709047478,0.985381657823626,-0.20647142336586966
2021-07-12,benchmark_equal_weight,0.010744518169949036,0.0,0.010744518169949036,0.9959691089504464,-0.19794534115585039
2021-07-13,benchmark_equal_weight,0.005230320227869956,0.0,0.005230320227869956,1.0011783463273236,-0.19375033844984046
2021-07-14,benchmark_equal_weight,-0.012250543998433394,0.0,-0.012250543998433394,0.9889133669453619,-0.20362733540238276
2021-07-15,benchmark_equal_weight,0.013205904004752078,0.0,0.013205904004752078,1.0019728619382586,-0.1931105144416979
2021-07-16,benchmark_equal_weight,-0.006591806328021921,0.0,-0.006591806328021921,0.9953680508864278,-0.19842937365861557
2021-07-19,benchmark_equal_weight,-0.0002888834600472401,0.0,-0.0002888834600472401,0.9950805055198673,-0.19866093415462527
2021-07-20,benchmark_equal_weight,-0.00013906522900913876,0.0,-0.00013906522900913876,0.9949421244214846,-0.19877237255533098
2021-07-21,benchmark_equal_weight,0.007506956163599199,0.0,0.007506956163599199,1.0024111113348348,-0.1927575918790394
2021-07-22,benchmark_equal_weight,0.0036263061274869335,0.0,0.0036263061274869335,1.0060461608901294,-0.18983028378810296
2021-07-23,benchmark_equal_weight,-0.008100979774552153,0.0,-0.008100979774552153,0.9978962012884927,-0.19639345227309013
2021-07-26,benchmark_equal_weight,-0.02763554183233302,0.0,-0.02763554183233302,0.9703187990734583,-0.2186015546395339
2021-07-27,benchmark_equal_weight,-0.026640097483180025,0.0,-0.026640097483180025,0.9444694116763792,-0.23941808539714204
2021-07-28,benchmark_equal_weight,-0.002718695788927472,0.0,-0.002718695788927472,0.9419016866640838,-0.2414858762455072
2021-07-29,benchmark_equal_weight,0.014800346081199733,0.0,0.014800346081199733,0.9558421576011781,-0.23025960470646267
2021-07-30,benchmark_equal_weight,-0.0072273233527817005,0.0,-0.0072273233527817005,0.9489339772539738,-0.2358227674409472
2021-08-02,benchmark_equal_weight,0.02023505104664769,0.0,0.02023505104664769,0.9681357047236064,-0.2203596021314287
2021-08-03,benchmark_equal_weight,-0.0020991322709928983,0.0,-0.0020991322709928983,0.9661034598231206,-0.22199617045036435
2021-08-04,benchmark_equal_weight,0.009898784241653136,0.0,0.009898784241653136,0.9756667095270243,-0.21429487840247274
2021-08-05,benchmark_equal_weight,-0.0022954614907399473,0.0,-0.0022954614907399473,0.973427104167508,-0.216098434252177
2021-08-06,benchmark_equal_weight,-0.0029494619466452487,0.0,-0.0029494619466452487,0.9705560179659328,-0.2184105220902658
2021-08-09,benchmark_equal_weight,0.009111521560919877,0.0,0.009111521560919877,0.97939926004971,-0.21128905271050313
2021-08-10,benchmark_equal_weight,0.011104123736479732,0.0,0.011104123736479732,0.9902746306207186,-0.20253110875948444
2021-08-11,benchmark_equal_weight,-9.70900652316753e-05,0.0,-9.70900652316753e-05,0.9901784847922344,-0.20260853506615528
2021-08-12,benchmark_equal_weight,-0.00405534506362748,0.0,-0.00405534506362748,0.986162969361822,-0.20584223260725343
2021-08-13,benchmark_equal_weight,-0.001727802320256544,0.0,-0.001727802320256544,0.9844590746952077,-0.20721438024040428
2021-08-16,benchmark_equal_weight,-0.0018237933947820584,0.0,-0.0018237933947820584,0.9826636247373454,-0.20866025741719996
2021-08-17,benchmark_equal_weight,-0.02249407958045485,0.0,-0.02249407958045485,0.9605595109616852,-0.22646071656203426
2021-08-18,benchmark_equal_weight,0.009836188500093157,0.0,0.009836188500093157,0.9700077553770617,-0.21885203835791134
2021-08-19,benchmark_equal_weight,-0.006800853472133994,0.0,-0.006800853472133994,0.9634108747659087,-0.2241645111850954
2021-08-20,benchmark_equal_weight,-0.013334151526687543,0.0,-0.013334151526687543,0.9505646081793214,-0.23450961915273505
2021-08-23,benchmark_equal_weight,0.011968397750369397,0.0,0.011968397750369397,0.9619413434974357,-0.2253479258006732
2021-08-24,benchmark_equal_weight,0.012436399026698686,0.0,0.012436399026698686,0.9739044298854483,-0.21571404349907053
2021-08-25,benchmark_equal_weight,0.006299225678586318,0.0,0.006299225678586318,0.9800392736786717,-0.2107736492625253
2021-08-26,benchmark_equal_weight,-0.013618260405171168,0.0,-0.013618260405171168,0.9666928436424208,-0.22152153922549112
2021-08-27,benchmark_equal_weight,0.009841911067757891,0.0,0.009841911067757891,0.9762069486393875,-0.21385982344638332
2021-08-30,benchmark_equal_weight,0.0016006359645715507,0.0,0.0016006359645715507,0.9777695005902443,-0.2126014992065971
2021-08-31,benchmark_equal_weight,-0.0005438943988272382,0.0,-0.0005438943988272382,0.9772376972355292,-0.21302976084082348
2021-09-01,benchmark_equal_weight,0.00668534288152256,0.0,0.00668534288152256,0.9837708663182982,-0.20776859495449063
2021-09-02,benchmark_equal_weight,0.008243339958958984,0.0,0.008243339958958984,0.9918804240110796,-0.20123796215653678
2021-09-03,benchmark_equal_weight,-0.0005519514824520733,0.0,-0.0005519514824520733,0.9913329541406314,-0.20167884004745096
2021-09-06,benchmark_equal_weight,0.010830705074883262,0.0,0.010830705074883262,1.0020697889979413,-0.19303245900896626
2021-09-07,benchmark_equal_weight,0.015494800460744695,0.0,0.015494800460744695,1.017596660426205,-0.18052865798301232
2021-09-08,benchmark_equal_weight,-0.002348256864073084,0.0,-0.002348256864073084,1.0152070820835013,-0.1824529871868149
2021-09-09,benchmark_equal_weight,0.003468286897037487,0.0,0.003468286897037487,1.0187281115040712,-0.17961749959456275
2021-09-10,benchmark_equal_weight,0.006855568420903457,0.0,0.006855568420903457,1.0257120717747852,-0.17399331123172135
2021-09-13,benchmark_equal_weight,0.00111778945529023,0.0,0.00111778945529023,1.026858601912779,-0.17307000966501696
2021-09-14,benchmark_equal_weight,-0.014316217602527326,0.0,-0.014316217602527326,1.0121578707207686,-0.18490851934870844
2021-09-15,benchmark_equal_weight,-0.004166647418553049,0.0,-0.004166647418553049,1.0079405657415617,-0.18830471816244876
2021-09-16,benchmark_equal_weight,-0.012440913191738179,0.0,-0.012440913191738179,0.9954008646607394,-0.1984029487019332
2021-09-17,benchmark_equal_weight,0.001878118889540925,0.0,0.001878118889540925,0.9972703458273241,-0.19689745413809
2021-09-22,benchmark_equal_weight,-0.0023343025774501536,0.0,-0.0023343025774501536,0.9949424150886448,-0.1987721384808523
2021-09-23,benchmark_equal_weight,0.004179497899921669,0.0,0.004179497899921669,0.9991007748230508,-0.19542340831627425
2021-09-24,benchmark_equal_weight,-0.005396451133738656,0.0,-0.005396451133738656,0.9937091763140378,-0.1997652665766455
2021-09-27,benchmark_equal_weight,-0.005491073370658794,0.0,-0.005491073370658794,0.9882526463178005,-0.20415941421162265
2021-09-28,benchmark_equal_weight,0.0037205537155091672,0.0,0.0037205537155091672,0.99192949337292,-0.20119844656321473
2021-09-29,benchmark_equal_weight,-0.014961866279500413,0.0,-0.014961866279500413,0.9770883769343819,-0.213150008589593
2021-09-30,benchmark_equal_weight,0.0063115101186928535,0.0,0.0063115101186928535,0.9832552801122604,-0.2081837969069129
2021-10-08,benchmark_equal_weight,0.008405993987554705,0.0,0.008405993987554705,0.9915205180851154,-0.20152779466446402
2021-10-11,benchmark_equal_weight,0.003032171655962701,0.0,0.003032171655962701,0.9945269784963586,-0.1991066898753715
2021-10-12,benchmark_equal_weight,-0.012349410678427541,0.0,-0.012349410678427541,0.9822451564081314,-0.2089972502717058
2021-10-13,benchmark_equal_weight,0.007235793909555754,0.0,0.007235793909555754,0.98935247992856,-0.20327371739277988
2021-10-14,benchmark_equal_weight,-0.0014364653604518884,0.0,-0.0014364653604518884,0.9879313093618655,-0.20441818709950677
2021-10-15,benchmark_equal_weight,0.004819705163352617,0.0,0.004819705163352617,0.9926928469946344,-0.20058371732800095
2021-10-18,benchmark_equal_weight,-0.006766436065314074,0.0,-0.006766436065314074,0.9859758543129505,-0.2059929164942722
2021-10-19,benchmark_equal_weight,0.00788364743904546,0.0,0.00788364743904546,0.9937489403317656,-0.19973324458380814
2021-10-20,benchmark_equal_weight,-0.0003675765935020614,0.0,-0.0003675765935020614,0.9933836614814822,-0.20002740391165708
2021-10-21,benchmark_equal_weight,0.002173782142642966,0.0,0.002173782142642966,0.995543061145604,-0.19828843776767635
2021-10-22,benchmark_equal_weight,0.00095226030945883,0.0,0.00095226030945883,0.9964910772890899,-0.1975249996673284
2021-10-25,benchmark_equal_weight,0.004667258771901939,0.0,0.004667258771901939,1.0011419590106894,-0.19377964118279378
2021-10-26,benchmark_equal_weight,-0.0034704677054118727,0.0,-0.0034704677054118727,0.9976675281734101,-0.19657760290151438
2021-10-27,benchmark_equal_weight,-0.010315229290067174,0.0,-0.010315229290067174,0.9873763588650467,-0.20486508914436075
2021-10-28,benchmark_equal_weight,-0.00812769431417848,0.0,-0.00812769431417848,0.979351265647145,-0.211327702638327
2021-10-29,benchmark_equal_weight,0.009461393610313618,0.0,0.009461393610313618,0.9886172934541915,-0.2038657636034379
2021-11-01,benchmark_equal_weight,0.00022420190912586513,0.0,0.00022420190912586513,0.9888389433387788,-0.20368726878771726
2021-11-02,benchmark_equal_weight,-0.011338784013181225,0.0,-0.011338784013181225,0.977626712136438,-0.21271648685387978
2021-11-03,benchmark_equal_weight,-0.002414920573420465,0.0,-0.002414920573420465,0.9752658212761743,-0.2146177140068911
2021-11-04,benchmark_equal_weight,0.008046548471623338,0.0,0.008046548471623338,0.9831133449797907,-0.20829809737389304
2021-11-05,benchmark_equal_weight,-0.006683437657455993,0.0,-0.006683437657455993,0.9765427682284052,-0.21358938768338398
2021-11-08,benchmark_equal_weight,0.0016834633871719018,0.0,0.0016834633871719018,0.9781867422247252,-0.21226549421026553
2021-11-09,benchmark_equal_weight,0.00244124877238433,0.0,0.00244124877238433,0.980574739408344,-0.2103424383150415
2021-11-10,benchmark_equal_weight,-0.003968319375807883,0.0,-0.003968319375807883,0.9766835056705222,-0.21347605171732909
2021-11-11,benchmark_equal_weight,0.014003062945538436,0.0,0.014003062945538436,0.9903600662782955,-0.20246230736135362
2021-11-12,benchmark_equal_weight,0.0005983000698301377,0.0,0.0005983000698301377,0.9909525987751069,-0.2019851405041556
2021-11-15,benchmark_equal_weight,-0.003903372950743056,0.0,-0.003903372950743056,0.9870845412055796,-0.20510009012100272
2021-11-16,benchmark_equal_weight,-0.0036067045874369486,0.0,-0.0036067045874369486,0.9835244188626254,-0.20796705927251646
2021-11-17,benchmark_equal_weight,0.0020792112209158664,0.0,0.0020792112209158664,0.9855693738703692,-0.20632025549482103
2021-11-18,benchmark_equal_weight,-0.0069132525673439305,0.0,-0.0069132525673439305,0.9787558838661644,-0.21180716402617028
2021-11-19,benchmark_equal_weight,0.012241174676230426,0.0,0.012241174676230426,0.9907370056059583,-0.2021587578424613
2021-11-22,benchmark_equal_weight,0.00582366791287614,0.0,0.00582366791287614,0.9965067289156047,-0.19751239540093923
2021-11-23,benchmark_equal_weight,0.002302963044333528,0.0,0.002302963044333528,0.9988016470857268,-0.19566429610401193
2021-11-24,benchmark_equal_weight,0.000828434251639254,0.0,0.000828434251639254,0.9996290885807665,-0.1949979568570881
2021-11-25,benchmark_equal_weight,-0.003687733671272342,0.0,-0.003687733671272342,0.9959427227320239,-0.1979665899970292
2021-11-26,benchmark_equal_weight,-0.005714559102703742,0.0,-0.005714559102703742,0.9902513491800641,-0.2025498573208342
2021-11-29,benchmark_equal_weight,9.243672259884317e-05,0.0,9.243672259884317e-05,0.9903428847693315,-0.20247614364320887
2021-11-30,benchmark_equal_weight,-0.0012678537144085733,0.0,-0.0012678537144085733,0.9890872748643386,-0.2034872872268203
2021-12-01,benchmark_equal_weight,0.0037646366241944618,0.0,0.0037646366241944618,0.9928108290438177,-0.2004887062966778
2021-12-02,benchmark_equal_weight,-0.0013023610871479296,0.0,-0.0013023610871479296,0.991517830853172,-0.2015299586943322
2021-12-03,benchmark_equal_weight,0.009761543348739687,0.0,0.009761543348739687,1.0011965751400935,-0.193735658773457
2021-12-06,benchmark_equal_weight,-0.0031655843910410875,0.0,-0.0031655843910410875,0.9980272028894662,-0.19628795658709686
2021-12-07,benchmark_equal_weight,0.001760035489117906,0.0,0.001760035489117906,0.9997837661856567,-0.19487339486765876
2021-12-08,benchmark_equal_weight,0.014385507052620983,0.0,0.014385507052620983,1.0141661626052165,-0.18329124041127454
2021-12-09,benchmark_equal_weight,0.00957972786813599,0.0,0.00957972786813599,1.0238815984560463,-0.1754673927468916
2021-12-10,benchmark_equal_weight,-0.0019089738084277497,0.0,-0.0019089738084277497,1.0219270353016627,-0.17704140389833234
2021-12-13,benchmark_equal_weight,0.005028486386723707,0.0,0.005028486386723707,1.027065781486902,-0.1729031678009979
2021-12-14,benchmark_equal_weight,-0.004277868012055708,0.0,-0.004277868012055708,1.0226721296340022,-0.17644137888233458
2021-12-15,benchmark_equal_weight,-0.005377468581070188,0.0,-0.005377468581070188,1.0171727423881594,-0.18087003949206415
2021-12-16,benchmark_equal_weight,0.006351343396022391,0.0,0.006351343396022391,1.0236331557681402,-0.17566746382690823
2021-12-17,benchmark_equal_weight,-0.012300000146867163,0.0,-0.012300000146867163,1.011042467801854,-0.1858067541429046
2021-12-20,benchmark_equal_weight,-0.011696909816417855,0.0,-0.011696909816417855,0.9992163952354071,-0.19533029911283162
2021-12-21,benchmark_equal_weight,0.00823902453596237,0.0,0.00823902453596237,1.0074489636324873,-0.18870060570387692
2021-12-22,benchmark_equal_weight,-4.822323532127637e-05,0.0,-4.822323532127637e-05,1.0074003811840397,-0.1887397291854841
2021-12-23,benchmark_equal_weight,0.006459344979137915,0.0,0.006459344979137915,1.0139075277782226,-0.18349951922842422
2021-12-24,benchmark_equal_weight,-0.003518451243398113,0.0,-0.003518451243398113,1.0103401435764205,-0.1863723363602302
2021-12-27,benchmark_equal_weight,-0.0022056541622031967,0.0,-0.0022056541622031967,1.0081116826335002,-0.18816691760302096
2021-12-28,benchmark_equal_weight,0.004720549763184367,0.0,0.004720549763184367,1.0128705239982192,-0.18433461913816662
2021-12-29,benchmark_equal_weight,-0.012093811427442924,0.0,-0.012093811427442924,1.0006210588805695,-0.19419912244220294
2021-12-30,benchmark_equal_weight,0.007590936684731209,0.0,0.007590936684731209,1.0082167099839405,-0.18808233900016091
2021-12-31,benchmark_equal_weight,0.005233291686238428,0.0,0.005233291686238428,1.013493002110226,-0.18383333705494054
2022-01-04,benchmark_equal_weight,-0.0019020504212515776,0.0,-0.0019020504212515776,1.0115652873186267,-0.18538572720000657
2022-01-05,benchmark_equal_weight,-0.010458407979705486,0.0,-0.010458407979705486,1.0009859248457407,-0.19390529561103997
2022-01-06,benchmark_equal_weight,-0.006239700894714817,0.0,-0.006239700894714817,0.9947400720748838,-0.19893508545924055
2022-01-07,benchmark_equal_weight,-0.0017478533405591024,0.0,-0.0017478533405591024,0.9930014123169197,-0.20033522944612525
2022-01-10,benchmark_equal_weight,0.0030924171568480485,0.0,0.0030924171568480485,0.996072186921143,-0.19786233238993756
2022-01-11,benchmark_equal_weight,-0.00724477486984737,0.0,-0.00724477486984737,0.9888558681727827,-0.20367363920639692
2022-01-12,benchmark_equal_weight,0.007711937165280958,0.0,0.007711937165280958,0.9964818624936506,-0.19753242034889984
2022-01-13,benchmark_equal_weight,-0.014954900475058375,0.0,-0.014954900475058375,0.9815795754148572,-0.20953324313704302
2022-01-14,benchmark_equal_weight,-0.008246712098414877,0.0,-0.008246712098414877,0.9734847712547265,-0.21605199490425953
2022-01-17,benchmark_equal_weight,0.006795449322636982,0.0,0.006795449322636982,0.9801000376841469,-0.21072471596404907
2022-01-18,benchmark_equal_weight,0.006696334919115143,0.0,0.006696334919115143,0.9866631157907173,-0.2054394643187646
2022-01-19,benchmark_equal_weight,-0.0031510792313306224,0.0,-0.0031510792313306224,0.9835540621382293,-0.20794318752078467
2022-01-20,benchmark_equal_weight,0.0029431879815079998,0.0,0.0029431879815079998,0.986448846633078,-0.20561201542962415
2022-01-21,benchmark_equal_weight,-0.007994392590918276,0.0,-0.007994392590918276,0.9785627872822346,-0.21196266484778814
2022-01-24,benchmark_equal_weight,-0.0012081260372017733,0.0,-0.0012081260372017733,0.9773805600998822,-0.21291471327067257
2022-01-25,benchmark_equal_weight,-0.0269498951369479,0.0,-0.0269498951369479,0.951040256496299,-0.23412657921186253
2022-01-26,benchmark_equal_weight,0.005840325574883565,0.0,0.005840325574883565,0.9565946412290581,-0.22965362908531006
2022-01-27,benchmark_equal_weight,-0.020045903917350727,0.0,-0.020045903917350727,0.9374188369631279,-0.24509591841974565
2022-01-28,benchmark_equal_weight,-0.012375557642927582,0.0,-0.012375557642927582,0.9258177561107245,-0.2544382773962235
2022-02-07,benchmark_equal_weight,0.0171628007115443,0.0,0.0171628007115443,0.941707381754062,-0.24164235013301916
2022-02-08,benchmark_equal_weight,0.0052715243207226425,0.0,0.0052715243207226425,0.9466716151199825,-0.23764464933793938
2022-02-09,benchmark_equal_weight,0.011177374012692254,0.0,0.011177374012692254,0.9572529178293782,-0.22912351845301226
2022-02-10,benchmark_equal_weight,0.0006979777256342912,0.0,0.0006979777256342912,0.9579210590438216,-0.22858546383967704
2022-02-11,benchmark_equal_weight,-0.007327577145159747,0.0,-0.007327577145159747,0.9509018185847049,-0.23423806336428943
2022-02-14,benchmark_equal_weight,-0.009847467097758578,0.0,-0.009847467097758578,0.9415378442129931,-0.24177887884002558
2022-02-15,benchmark_equal_weight,0.007388778404909924,0.0,0.007388778404909924,0.9484946587037196,-0.23617655099385204
2022-02-16,benchmark_equal_weight,0.003458413177257036,0.0,0.003458413177257036,0.9517749451299384,-0.2335349339127113
2022-02-17,benchmark_equal_weight,0.0002538765609928495,0.0,0.0002538765609928495,0.9520165784798473,-0.2333403463976118
2022-02-18,benchmark_equal_weight,0.008658541086059013,0.0,0.008658541086059013,0.9602596531392246,-0.22670219228787158
2022-02-21,benchmark_equal_weight,-0.000491143004198169,0.0,-0.000491143004198169,0.9597880283283715,-0.2270819920962912
2022-02-22,benchmark_equal_weight,-0.012759427133556434,0.0,-0.012759427133556434,0.9475416829172558,-0.23694398309835218
2022-02-23,benchmark_equal_weight,0.010097992945831469,0.0,0.010097992945831469,0.9571099521472355,-0.22923864882240508
2022-02-24,benchmark_equal_weight,-0.01826084065828515,0.0,-0.01826084065828515,0.939632319818616,-0.2433133990418237
2022-02-25,benchmark_equal_weight,0.0066381722656988496,0.0,0.0066381722656988496,0.94586976102399,-0.23829038303351735
2022-02-28,benchmark_equal_weight,0.003327632053806484,0.0,0.003327632053806484,0.9490172675594997,-0.23575569369640703
2022-03-01,benchmark_equal_weight,0.008802137648814656,0.0,0.008802137648814656,0.9573706481796604,-0.22902871011499992
2022-03-02,benchmark_equal_weight,-0.00286437578516624,0.0,-0.00286437578516624,0.9546283788775857,-0.23123706160880486
2022-03-03,benchmark_equal_weight,-0.0027744917581826734,0.0,-0.0027744917581826734,0.9519797703082625,-0.23336998804536757
2022-03-04,benchmark_equal_weight,-0.00966443258661559,0.0,-0.00966443258661559,0.9427794259942965,-0.24077903211477936
2022-03-07,benchmark_equal_weight,-0.024934790625189995,0.0,-0.024934790625189995,0.9192714184013919,-0.2597100479872515
2022-03-08,benchmark_equal_weight,-0.02420906277597401,0.0,-0.02420906277597401,0.897016718925154,-0.2776317739079509
2022-03-09,benchmark_equal_weight,-0.01409382270118581,0.0,-0.01409382270118581,0.8843743243286235,-0.2878127036114623
2022-03-10,benchmark_equal_weight,0.013189699571649505,0.0,0.013189699571649505,0.8960389559753986,-0.27841916713335213
2022-03-11,benchmark_equal_weight,0.004992078779540776,0.0,0.004992078779540776,0.9005120530331653,-0.2748169787698752
2022-03-14,benchmark_equal_weight,-0.025900835788164933,0.0,-0.025900835788164933,0.87718803822229,-0.29359982511912197
2022-03-15,benchmark_equal_weight,-0.054481234691157676,0.0,-0.054481234691157676,0.8293977508436252,-0.33208537883268185
2022-03-16,benchmark_equal_weight,0.039138991736424766,0.0,0.039138991736424766,0.8618595425601032,-0.3059438739941769
2022-03-17,benchmark_equal_weight,0.01778289496141927,0.0,0.01778289496141927,0.8771859002769463,-0.2936015468080858
2022-03-18,benchmark_equal_weight,0.011411072144686285,0.0,0.011411072144686285,0.8871955318693081,-0.2855407830958181
2022-03-21,benchmark_equal_weight,-0.0015074241788920473,0.0,-0.0015074241788920473,0.8858581518731633,-0.2866177761942118
2022-03-22,benchmark_equal_weight,0.0014317460780834956,0.0,0.0014317460780834956,0.887126475807846,-0.28559639399310344
2022-03-23,benchmark_equal_weight,0.005858089799332444,0.0,0.005858089799332444,0.8923233423664936,-0.2814113535161481
2022-03-24,benchmark_equal_weight,-0.006428923336874892,0.0,-0.006428923336874892,0.8865866640067155,-0.2860311048351415
2022-03-25,benchmark_equal_weight,-0.014106091834368617,0.0,-0.014106091834368617,0.8740803911051103,-0.2961024156372196
2022-03-28,benchmark_equal_weight,0.000631845161281841,0.0,0.000631845161281841,0.8746326745708014,-0.295657661354502
2022-03-29,benchmark_equal_weight,-0.004336893113800033,0.0,-0.004336893113800033,0.8708394861473507,-0.2987123187927315
2022-03-30,benchmark_equal_weight,0.022881265776462212,0.0,0.022881265776462212,0.890765395878526,-0.2826659689732691
2022-03-31,benchmark_equal_weight,-0.007006131870068988,0.0,-0.007006131870068988,0.8845245760497069,-0.2876917057895305
2022-04-01,benchmark_equal_weight,0.010788576485312618,0.0,0.010788576485312618,0.894067337091558,-0.2800069132763183
2022-04-06,benchmark_equal_weight,-0.0026428290073897687,0.0,-0.0026428290073897687,0.8917044699985327,-0.28190973189103163
2022-04-07,benchmark_equal_weight,-0.015543212649927307,0.0,-0.015543212649927307,0.8778445178004548,-0.2930711616300927
2022-04-08,benchmark_equal_weight,0.004166757718120695,0.0,0.004166757718120695,0.8815022832203099,-0.2901255604366527
2022-04-11,benchmark_equal_weight,-0.029123499024653554,0.0,-0.029123499024653554,0.8558298523347132,-0.31079958798490237
2022-04-12,benchmark_equal_weight,0.01645472218294075,0.0,0.01645472218294075,0.8699122947907482,-0.2994589866768256
2022-04-13,benchmark_equal_weight,-0.008808671641666876,0.0,-0.008808671641666876,0.8622495230288876,-0.30562982243471004
2022-04-14,benchmark_equal_weight,0.014831636685873506,0.0,0.014831636685873506,0.8750380946870197,-0.29533117623555627
2022-04-15,benchmark_equal_weight,-0.004210781864487423,0.0,-0.004210781864487423,0.8713535001471759,-0.29829838293913324
2022-04-18,benchmark_equal_weight,-0.007043804234905082,0.0,-0.007043804234905082,0.8652158566727399,-0.30324103176102635
2022-04-19,benchmark_equal_weight,-0.003014671930917534,0.0,-0.003014671930917534,0.8626075147154438,-0.3053415314651914
2022-04-20,benchmark_equal_weight,-0.0156989930611236,0.0,-0.0156989930611236,0.8490654453274531,-0.31624696994257007
2022-04-21,benchmark_equal_weight,-0.0232152087552413,0.0,-0.0232152087552413,0.8293542137673143,-0.3321204392723821
2022-04-22,benchmark_equal_weight,0.0013330784233319681,0.0,0.0013330784233319681,0.8304598079749871,-0.33123010344059156
2022-04-25,benchmark_equal_weight,-0.05555952517413121,0.0,-0.05555952517413121,0.7843198553676967,-0.3683866413441851
2022-04-26,benchmark_equal_weight,-0.013081040125313859,0.0,-0.013081040125313859,0.7740601358685515,-0.376648801032446
2022-04-27,benchmark_equal_weight,0.029375212353780267,0.0,0.029375212353780267,0.7967983167342862,-0.3583377271917906
2022-04-28,benchmark_equal_weight,0.00475059795598487,0.0,0.00475059795598487,0.8005835851890962,-0.35528944771015536
2022-04-29,benchmark_equal_weight,0.025728512702729023,0.0,0.025728512702729023,0.8211814101302303,-0.3387020040759826
2022-05-05,benchmark_equal_weight,0.004438557446586222,0.0,0.004438557446586222,0.824826270993162,-0.33576679493176154
2022-05-06,benchmark_equal_weight,-0.025298290487791475,0.0,-0.025298290487791475,0.8039595763876152,-0.35257075950521466
2022-05-09,benchmark_equal_weight,-0.0005064382010661617,0.0,-0.0005064382010661617,0.8035524205460195,-0.3528986424050884
2022-05-10,benchmark_equal_weight,0.011583154195692336,0.0,0.011583154195692336,0.8128600921375259,-0.3454031675998247
2022-05-11,benchmark_equal_weight,0.00839923608533899,0.0,0.00839923608533899,0.8196874959557394,-0.3399050542637805
2022-05-12,benchmark_equal_weight,-0.0030895528390353366,0.0,-0.0030895528390353366,0.8171550281254876,-0.3419444524774128
2022-05-13,benchmark_equal_weight,0.009537329396546945,0.0,0.009537329396546945,0.8249485047967648,-0.33566835995946487
2022-05-16,benchmark_equal_weight,-0.005556919557583084,0.0,-0.005556919557583084,0.8203643323164608,-0.3393599974427274
2022-05-17,benchmark_equal_weight,0.008858821431129704,0.0,0.008858821431129704,0.8276317934449203,-0.33350750562981135
2022-05-18,benchmark_equal_weight,-0.003653868806737459,0.0,-0.003653868806737459,0.8246077354513878,-0.3359427817649152
2022-05-19,benchmark_equal_weight,0.003349923783103559,0.0,0.003349923783103559,0.8273701085161076,-0.3337182406962078
2022-05-20,benchmark_equal_weight,0.01934977839354335,0.0,0.01934977839354335,0.8433795367653363,-0.32082583630601924
2022-05-23,benchmark_equal_weight,-0.00146598183393859,0.0,-0.00146598183393859,0.8421431576853227,-0.3218214932920751
2022-05-24,benchmark_equal_weight,-0.027132133433611372,0.0,-0.027132133433611372,0.8192940171608016,-0.3402219230278818
2022-05-25,benchmark_equal_weight,0.010265424722719074,0.0,0.010265424722719074,0.8277044182197401,-0.33344902084502415
2022-05-26,benchmark_equal_weight,0.006028378179423033,0.0,0.006028378179423033,0.8326941334735479,-0.3294307994668132
2022-05-27,benchmark_equal_weight,0.002325383843179374,0.0,0.002325383843179374,0.8346304669578376,-0.32787146868215966
2022-05-30,benchmark_equal_weight,0.006420014351823378,0.0,0.006420014351823378,0.839988806534176,-0.32355639386482915
2022-05-31,benchmark_equal_weight,0.013274070411525507,0.0,0.013274070411525507,0.8511388770970039,-0.31457723380756464
2022-06-01,benchmark_equal_weight,-0.002907937008940209,0.0,-0.002907937008940209,0.8486638188565456,-0.3165704000361459
2022-06-02,benchmark_equal_weight,0.0031627983625558964,0.0,0.0031627983625558964,0.8513479713931856,-0.3144088500164579
2022-06-06,benchmark_equal_weight,0.015298438557987959,0.0,0.015298438557987959,0.8643722660250119,-0.3039203759325344
2022-06-07,benchmark_equal_weight,0.003673285455549402,0.0,0.003673285455549402,0.867547352097982,-0.301363476773543
2022-06-08,benchmark_equal_weight,0.008234881164042585,0.0,0.008234881164042585,0.8746915014466885,-0.29561028802791334
2022-06-09,benchmark_equal_weight,-0.008898060908998695,0.0,-0.008898060908998695,0.8669084431902323,-0.3018779905887131
2022-06-10,benchmark_equal_weight,0.014354381406054606,0.0,0.014354381406054606,0.879352377627914,-0.29185688099766216
2022-06-13,benchmark_equal_weight,-0.00997864287716399,0.0,-0.00997864287716399,0.87057763428838,-0.2989231882881076
2022-06-14,benchmark_equal_weight,0.010039910810919261,0.0,0.010039910810919261,0.8793181560906164,-0.29188443962691657
2022-06-15,benchmark_equal_weight,0.006005367352669988,0.0,0.006005367352669988,0.884598784637813,-0.2876319455587343
2022-06-16,benchmark_equal_weight,-0.00528340054380988,0.0,-0.00528340054380988,0.8799250949380041,-0.29139567132496214
2022-06-17,benchmark_equal_weight,0.01186767010871137,0.0,0.01186767010871137,0.8903677556851047,-0.2829861889146419
2022-06-20,benchmark_equal_weight,-0.0008066967777349277,0.0,-0.0008066967777349277,0.8896494988855945,-0.2835646016456359
2022-06-21,benchmark_equal_weight,-0.003950520821476233,0.0,-0.003950520821476233,0.886134920016431,-0.2863948946040775
2022-06-22,benchmark_equal_weight,-0.013602293607769544,0.0,-0.013602293607769544,0.8740814526582701,-0.29610156076767624
2022-06-23,benchmark_equal_weight,0.01731934334913332,0.0,0.01731934334913332,0.8892199694519678,-0.28391050201569257
2022-06-24,benchmark_equal_weight,0.0120011405350392,0.0,0.0120011405350392,0.8998916232719242,-0.2753166113147172
2022-06-27,benchmark_equal_weight,0.009686146224998637,0.0,0.009686146224998637,0.9086081051215874,-0.2682972220450841
2022-06-28,benchmark_equal_weight,0.011528806601944774,0.0,0.011528806601944774,0.9190832722424936,-0.2598615622279361
2022-06-29,benchmark_equal_weight,-0.0147357445624402,0.0,-0.0147357445624402,0.9055398959111166,-0.27076805318778874
2022-06-30,benchmark_equal_weight,0.01442644492297318,0.0,0.01442644492297318,0.9186036173450332,-0.2602478286710299
2022-07-01,benchmark_equal_weight,-0.0033502823500393686,0.0,-0.0033502823500393686,0.9155260358591598,-0.2627262073140366
2022-07-04,benchmark_equal_weight,0.007371037027844807,0.0,0.007371037027844807,0.9222744121694336,-0.2572917348884889
2022-07-05,benchmark_equal_weight,-0.0005680045415513701,0.0,-0.0005680045415513701,0.9217505561147648,-0.2577135965561199
2022-07-06,benchmark_equal_weight,-0.01621294658240885,0.0,-0.01621294658240885,0.9068062635861704,-0.26974824636400396
2022-07-07,benchmark_equal_weight,0.0014282603269530347,0.0,0.0014282603269530347,0.9081014189966832,-0.26870525675559775
2022-07-08,benchmark_equal_weight,-0.003076092465621849,0.0,-0.003076092465621849,0.905308015063687,-0.27095478700544073
2022-07-11,benchmark_equal_weight,-0.015180118079700822,0.0,-0.015180118079700822,0.8915653324965206,-0.28202177942413875
2022-07-12,benchmark_equal_weight,-0.009593120106854092,0.0,-0.009593120106854092,0.8830124391787741,-0.2889094307282284
2022-07-13,benchmark_equal_weight,0.0008449190421176977,0.0,0.0008449190421176977,0.8837585132030632,-0.2883086167655803
2022-07-14,benchmark_equal_weight,-0.0005520924622456902,0.0,-0.0005520924622456902,0.8832705967894783,-0.2887015362137092
2022-07-15,benchmark_equal_weight,-0.01803476951763744,0.0,-0.01803476951763744,0.8673410151546739,-0.30152964006634464
2022-07-18,benchmark_equal_weight,0.016234758432919216,0.0,0.016234758432919216,0.881422087014673,-0.29019014250026764
2022-07-19,benchmark_equal_weight,-0.00041450132286391383,0.0,-0.00041450132286391383,0.8810567363936039,-0.29048435962518304
2022-07-20,benchmark_equal_weight,0.007397469323593642,0.0,0.007397469323593642,0.8875743265734212,-0.2852357394409004
2022-07-21,benchmark_equal_weight,-0.011431482867127252,0.0,-0.011431482867127252,0.8774280358658951,-0.2934065548395166
2022-07-22,benchmark_equal_weight,-0.002498432900164549,0.0,-0.002498432900164549,0.8752358407935611,-0.2951719311499461
2022-07-25,benchmark_equal_weight,-0.006596294738122566,0.0,-0.006596294738122566,0.8694625272223182,-0.2998211848317829
2022-07-26,benchmark_equal_weight,0.009218778601693733,0.0,0.009218778601693733,0.8774779097632499,-0.2933663913531508
2022-07-27,benchmark_equal_weight,-0.0024049772936423075,0.0,-0.0024049772936423075,0.8753675953145966,-0.29506582913687096
2022-07-28,benchmark_equal_weight,0.0007607076802006452,0.0,0.0007607076802006452,0.8760334941673513,-0.2945295802990594
2022-07-29,benchmark_equal_weight,-0.010408033385145843,0.0,-0.010408033385145843,0.8669157083135516,-0.30187213997953966
2022-08-01,benchmark_equal_weight,0.0023123749893549372,0.0,0.0023123749893549372,0.8689203425153348,-0.30025780657665646
2022-08-02,benchmark_equal_weight,-0.02311480922382214,0.0,-0.02311480922382214,0.8488354145673946,-0.31643221388349585
2022-08-03,benchmark_equal_weight,-0.007369664863306091,0.0,-0.007369664863306091,0.8425797820379274,-0.32146987937852667
2022-08-04,benchmark_equal_weight,0.008410717858960082,0.0,0.008410717858960082,0.8496664828583125,-0.3157629539751733
2022-08-05,benchmark_equal_weight,0.015139376847011388,0.0,0.015139376847011388,0.8625299039365792,-0.30540403148271755
2022-08-08,benchmark_equal_weight,0.0018163254598148604,0.0,0.0018163254598148604,0.864096538960951,-0.30414241914081475
2022-08-09,benchmark_equal_weight,0.001982578790718059,0.0,0.001982578790718059,0.8658096784322277,-0.30276282665964316
2022-08-10,benchmark_equal_weight,-0.007520420727918475,0.0,-0.007520420727918475,0.8592984253801135,-0.3080063435503072
2022-08-11,benchmark_equal_weight,0.019548798599111628,0.0,0.019548798599111628,0.8760966772344031,-0.2944786989285093
2022-08-12,benchmark_equal_weight,0.00032580244434127215,0.0,0.00032580244434127215,0.8763821116733254,-0.29424883836408544
2022-08-15,benchmark_equal_weight,-0.0008328280900257168,0.0,-0.0008328280900257168,0.8756522360331278,-0.294836607756064
2022-08-16,benchmark_equal_weight,-0.0006720688459508906,0.0,-0.0006720688459508906,0.8750637374454027,-0.2953105261032962
2022-08-17,benchmark_equal_weight,0.005185790246225119,0.0,0.005185790246225119,0.8796016344398724,-0.2916561543029452
2022-08-18,benchmark_equal_weight,-0.006668504296932887,0.0,-0.006668504296932887,0.873736007161021,-0.2963797482816819
2022-08-19,benchmark_equal_weight,-0.007528521401833965,0.0,-0.007528521401833965,0.8671580669315563,-0.30167696840550706
2022-08-22,benchmark_equal_weight,0.007376598657730993,0.0,0.007376598657730993,0.8735547439641242,-0.29652571966798447
2022-08-23,benchmark_equal_weight,-0.00424020868019398,0.0,-0.00424020868019398,0.8698506895561429,-0.2995085974177415
2022-08-24,benchmark_equal_weight,-0.01909945744127778,0.0,-0.01909945744127778,0.8532370133306992,-0.3128876031493423
2022-08-25,benchmark_equal_weight,0.011242565644172697,0.0,0.011242565644172697,0.8628295864631074,-0.30516269692282405
2022-08-26,benchmark_equal_weight,-0.002098986421797344,0.0,-0.002098986421797344,0.8610185188767964,-0.3066211509873412
2022-08-29,benchmark_equal_weight,-0.002567452117170299,0.0,-0.002567452117170299,0.8588078950575833,-0.30840136798123996
2022-08-30,benchmark_equal_weight,-0.0029540374923991974,0.0,-0.0029540374923991974,0.8562709443368147,-0.3104443762699154
2022-08-31,benchmark_equal_weight,-0.003914374677822741,0.0,-0.003914374677822741,0.8529191790349473,-0.3131435553423947
2022-09-01,benchmark_equal_weight,-0.007673424489835545,0.0,-0.007673424489835545,0.8463743681186902,-0.31841409640583174
2022-09-02,benchmark_equal_weight,-0.002018279915387111,0.0,-0.002018279915387111,0.8446661477306177,-0.3197897275456668
2022-09-05,benchmark_equal_weight,0.0002118101293757113,0.0,0.0002118101293757113,0.8448450565766478,-0.31964565211985563
2022-09-06,benchmark_equal_weight,0.013763241412885319,0.0,0.013763241412885319,0.8564728630467948,-0.31028177098367504
2022-09-07,benchmark_equal_weight,-0.0017405287414022363,0.0,-0.0017405287414022363,0.8549821474124307,-0.3114822453847471
2022-09-08,benchmark_equal_weight,-0.0027443269639756407,0.0,-0.0027443269639756407,0.852635796851569,-0.3133717632239137
2022-09-09,benchmark_equal_weight,0.01263844597304875,0.0,0.01263844597304875,0.8634117883047648,-0.30469384934984955
2022-09-13,benchmark_equal_weight,0.0008058024814628917,0.0,0.0008058024814628917,0.864107527666305,-0.3041335699282792
2022-09-14,benchmark_equal_weight,-0.00830278582874533,0.0,-0.00830278582874533,0.8569330279310851,-0.3099111998625784
2022-09-15,benchmark_equal_weight,-0.011672037247368316,0.0,-0.011672037247368316,0.8469308737105733,-0.3179659420417741
2022-09-16,benchmark_equal_weight,-0.024531547102371876,0.0,-0.024531547102371876,0.8261543490896893,-0.33469729265999826
2022-09-19,benchmark_equal_weight,-0.003182654295388665,0.0,-0.003182654295388665,0.823524985401905,-0.3368147211792476
2022-09-20,benchmark_equal_weight,0.0027525759858387233,0.0,0.0027525759858387233,0.8257918005004604,-0.3349892533066039
2022-09-21,benchmark_equal_weight,-0.002348884315662658,0.0,-0.002348884315662658,0.823852111092262,-0.33655128661925915
2022-09-22,benchmark_equal_weight,-0.005368366134126279,0.0,-0.005368366134126279,0.8194293713195459,-0.340112922223902
2022-09-23,benchmark_equal_weight,-0.006309867159583149,0.0,-0.006309867159583149,0.8142588808398588,-0.3442767220249947
2022-09-26,benchmark_equal_weight,-0.009905045598119111,0.0,-0.009905045598119111,0.8061936094964666,-0.35077169099308514
2022-09-27,benchmark_equal_weight,0.015152097999328817,0.0,0.015152097999328817,0.8184091340739895,-0.34093452003107394
2022-09-28,benchmark_equal_weight,-0.018567161995654113,0.0,-0.018567161995654113,0.8032135991029148,-0.35317149556340055
2022-09-29,benchmark_equal_weight,-0.0003704170859897271,0.0,-0.0003704170859897271,0.8029160750621077,-0.3534110918931491
2022-09-30,benchmark_equal_weight,-0.004790314411553032,0.0,-0.004790314411553032,0.7990698546164701,-0.35650845605800374
2022-10-10,benchmark_equal_weight,-0.019320472659642263,0.0,-0.019320472659642263,0.7836314473372082,-0.368941016839446
2022-10-11,benchmark_equal_weight,0.003326414159643243,0.0,0.003326414159643243,0.7862381300795724,-0.3668418533022907
2022-10-12,benchmark_equal_weight,0.01492598625105146,0.0,0.01492598625105146,0.7979735095991924,-0.3573913435099395
2022-10-13,benchmark_equal_weight,-0.005294285543011257,0.0,-0.005294285543011257,0.7937488099836155,-0.3607934972298087
2022-10-14,benchmark_equal_weight,0.024368489407387228,0.0,0.024368489407387228,0.8130912694518275,-0.34521700033792024
2022-10-17,benchmark_equal_weight,0.003685933048891865,0.0,0.003685933048891865,0.8160882694336654,-0.3428035140396133
2022-10-18,benchmark_equal_weight,-0.0013344731535985255,0.0,-0.0013344731535985255,0.8149992215471396,-0.3436805251067667
2022-10-19,benchmark_equal_weight,-0.014955158995899942,0.0,-0.014955158995899942,0.8028107786073674,-0.3534958872059005
2022-10-20,benchmark_equal_weight,-0.005649917485134881,0.0,-0.005649917485134881,0.7982749639520589,-0.3571485820969875
2022-10-21,benchmark_equal_weight,-0.002179218650390946,0.0,-0.002179218650390946,0.7965353482624744,-0.358549495896312
2022-10-24,benchmark_equal_weight,-0.024056218111587924,0.0,-0.024056218111587924,0.7773737201910826,-0.37398036913081845
2022-10-25,benchmark_equal_weight,-0.0018144017368433851,0.0,-0.0018144017368433851,0.7759632519629915,-0.3751162202363655
2022-10-26,benchmark_equal_weight,0.009841450921599715,0.0,0.009841450921599715,0.7835998562241503,-0.36896645718611787
2022-10-27,benchmark_equal_weight,-0.004729978958831205,0.0,-0.004729978958831205,0.779893445392067,-0.3719512325659442
2022-10-28,benchmark_equal_weight,-0.02660017398751252,0.0,-0.02660017398751252,0.7591481440529173,-0.38865743905233296
2022-10-31,benchmark_equal_weight,-0.004476240502677364,0.0,-0.004476240502677364,0.7557500143829753,-0.3913939553846575
2022-11-01,benchmark_equal_weight,0.033472295891328274,0.0,0.033472295891328274,0.7810467024842779,-0.37102251377804174
2022-11-02,benchmark_equal_weight,0.009294020900174615,0.0,0.009294020900174615,0.7883057668611793,-0.36517678387535557
2022-11-03,benchmark_equal_weight,-0.00647296164970762,0.0,-0.00647296164970762,0.7832030938640434,-0.3692859702076745
2022-11-04,benchmark_equal_weight,0.028328436608536123,0.0,0.028328436608536123,0.8053900130601803,-0.3514188277965882
2022-11-07,benchmark_equal_weight,0.002570184521988317,0.0,0.002570184521988317,0.8074600140059116,-0.3497518545065379
2022-11-08,benchmark_equal_weight,-0.004350884684836409,0.0,-0.004350884684836409,0.8039468485973555,-0.3525810092041086
2022-11-09,benchmark_equal_weight,-0.0049047011542852625,0.0,-0.0049047011542852625,0.800003729561056,-0.35575640587557156
2022-11-10,benchmark_equal_weight,-0.00255039287403247,0.0,-0.00255039287403247,0.7979634057499841,-0.3573994801471675
2022-11-11,benchmark_equal_weight,0.019943732808527126,0.0,0.019943732808527126,0.8138777747052443,-0.34458362707660195
2022-11-14,benchmark_equal_weight,0.003278616778591148,0.0,0.003278616778591148,0.8165461680331153,-0.3424347679593719
2022-11-15,benchmark_equal_weight,0.01766593718353171,0.0,0.01766593718353171,0.8309712213450419,-0.33081826187606767
2022-11-16,benchmark_equal_weight,-0.004699937422231737,0.0,-0.004699937422231737,0.8270657086050447,-0.3339633741693504
2022-11-17,benchmark_equal_weight,-0.0014302583172427497,0.0,-0.0014302583172427497,0.825882790996406,-0.334915978593033
2022-11-18,benchmark_equal_weight,-0.00465327815919403,0.0,-0.00465327815919403,0.8220397286430082,-0.33801079954387503
2022-11-21,benchmark_equal_weight,-0.006411951929717663,0.0,-0.006411951929717663,0.8167688494186311,-0.3422554424751919
2022-11-22,benchmark_equal_weight,-0.0019163756168626978,0.0,-0.0019163756168626978,0.8152036135109922,-0.34351592810735665
2022-11-23,benchmark_equal_weight,2.5891538219802168e-05,0.0,2.5891538219802168e-05,0.8152247203865084,-0.34349893072491855
2022-11-24,benchmark_equal_weight,-0.002585201694876582,0.0,-0.002585201694876582,0.8131172000576599,-0.3451961184018968
2022-11-25,benchmark_equal_weight,0.002139770493706783,0.0,0.002139770493706783,0.8148570842502687,-0.3437949883768885
2022-11-28,benchmark_equal_weight,-0.010730028332670338,0.0,-0.010730028332670338,0.8061136446491862,-0.35083608674364475
2022-11-29,benchmark_equal_weight,0.029757465491832447,0.0,0.029757465491832447,0.8301015436123297,-0.33151861399637583
2022-11-30,benchmark_equal_weight,-0.0008540403571362654,0.0,-0.0008540403571362654,0.8293926033935637,-0.3320895240780173
2022-12-01,benchmark_equal_weight,0.007163847410218693,0.0,0.007163847410218693,0.8353342454474392,-0.32730471534482564
2022-12-02,benchmark_equal_weight,-0.004614913914379681,0.0,-0.004614913914379681,0.831479249814966,-0.3304091461741183
2022-12-05,benchmark_equal_weight,0.015585437545349468,0.0,0.015585437545349468,0.8444382177332111,-0.31997327974087786
2022-12-06,benchmark_equal_weight,0.0013144449676019132,0.0,0.0013144449676019132,0.8455481852989613,-0.31907942204059847
2022-12-07,benchmark_equal_weight,-0.0032275771905906914,0.0,-0.0032275771905906914,0.8428191132625449,-0.32127714576662414
2022-12-08,benchmark_equal_weight,-0.0010072358205571175,0.0,-0.0010072358205571175,0.8419701956614167,-0.3219607797376387
2022-12-09,benchmark_equal_weight,0.006817143394075353,0.0,0.006817143394075353,0.8477100272187783,-0.31733848914630314
2022-12-12,benchmark_equal_weight,-0.009086179855525678,0.0,-0.009086179855525678,0.8400075814461359,-0.32354127441436475
2022-12-13,benchmark_equal_weight,-0.002139263873322028,0.0,-0.002139263873322028,0.8382105835738316,-0.32498839812780356
2022-12-14,benchmark_equal_weight,-0.0002958694349703972,0.0,-0.0002958694349703972,0.8379625826820835,-0.32518811342904785
2022-12-15,benchmark_equal_weight,-0.00163048557388068,0.0,-0.00163048557388068,0.8365962967795685,-0.32628838447518504
2022-12-16,benchmark_equal_weight,7.1246693676974e-05,0.0,7.1246693676974e-05,0.8366559014996564,-0.3262403847500871
2022-12-19,benchmark_equal_weight,-0.019061570151242713,0.0,-0.019061570151242713,0.8207079263407695,-0.3390833009212476
2022-12-20,benchmark_equal_weight,-0.013744711529753317,0.0,-0.013744711529753317,0.8094275326430336,-0.34816741029528187
2022-12-21,benchmark_equal_weight,-0.0012123671077609588,0.0,-0.0012123671077609588,0.808446209326341,-0.3489576706868065
2022-12-22,benchmark_equal_weight,-0.003346680380527156,0.0,-0.003346680380527156,0.8057405982588771,-0.35113650127721163
2022-12-23,benchmark_equal_weight,-0.002099242274071711,0.0,-0.002099242274071711,0.8040491535330762,-0.3524986229638326
2022-12-26,benchmark_equal_weight,0.005335314986792017,0.0,0.005335314986792017,0.8083390090320387,-0.349043999162963
2022-12-27,benchmark_equal_weight,0.008409029335824658,0.0,0.008409029335824658,0.8151363554722807,-0.3435700910555932
2022-12-28,benchmark_equal_weight,-0.0008902593249598967,0.0,-0.0008902593249598967,0.8144106727307077,-0.34415448390321357
2022-12-29,benchmark_equal_weight,-0.0034769968625644743,0.0,-0.0034769968625644743,0.811578969376784,-0.34643485670500906
2022-12-30,benchmark_equal_weight,0.0031157357438206246,0.0,0.0031157357438206246,0.8141076349806045,-0.3443985204271295
2023-01-03,benchmark_equal_weight,0.008966565185985265,0.0,0.008966565185985265,0.8214073841580662,-0.338520027024511
2023-01-04,benchmark_equal_weight,0.0015249733742774274,0.0,0.0015249733742774274,0.8226600085483422,-0.3375112876781057
2023-01-05,benchmark_equal_weight,0.01417176954246857,0.0,0.01417176954246857,0.8343185566012945,-0.328122650322593
2023-01-06,benchmark_equal_weight,0.0026624319419151776,0.0,0.0026624319419151776,0.8365398729761223,-0.3263338226057626
2023-01-09,benchmark_equal_weight,0.007526470694880993,0.0,0.007526470694880993,0.8428360658151766,-0.3212634938634724
2023-01-10,benchmark_equal_weight,-0.0008796892656693922,0.0,-0.0008796892656693922,0.8420946319753599,-0.3218605710821386
2023-01-11,benchmark_equal_weight,-0.0016198898307508425,0.0,-0.0016198898307508425,0.8407305314444932,-0.32295908224687386
2023-01-12,benchmark_equal_weight,0.0004138081679941896,0.0,0.0004138081679941896,0.8410784326054871,-0.32267891718504127
2023-01-13,benchmark_equal_weight,0.01180535624410639,0.0,0.01180535624410639,0.8510076631316296,-0.31468290051076675
2023-01-16,benchmark_equal_weight,0.01407220179254276,0.0,0.01407220179254276,0.8629832146942181,-0.30503897999487406
2023-01-17,benchmark_equal_weight,-0.0007540660520020115,0.0,-0.0007540660520020115,0.8623324683485697,-0.30556302650752465
2023-01-18,benchmark_equal_weight,-0.0014621567540269997,0.0,-0.0014621567540269997,0.8610716031057571,-0.3065784022185627
2023-01-19,benchmark_equal_weight,0.006204928800064624,0.0,0.006204928800064624,0.866414491094786,-0.3022757705759017
2023-01-20,benchmark_equal_weight,0.006632472377817389,0.0,0.006632472377817389,0.872160961274713,-0.29764813389691236
2023-01-30,benchmark_equal_weight,0.0029588535113344028,0.0,0.0029588535113344028,0.8747415577974296,-0.2955699776117009
2023-01-31,benchmark_equal_weight,-0.005025967825809552,0.0,-0.005025967825809552,0.8703451348720411,-0.29911042023975876
2023-02-01,benchmark_equal_weight,0.008403202680254074,0.0,0.008403202680254074,0.8776588214421439,-0.2932207030445554
2023-02-02,benchmark_equal_weight,-0.0012673968486690557,0.0,-0.0012673968486690557,0.8765464794176415,-0.2941164728982213
2023-02-03,benchmark_equal_weight,-0.008663952326477653,0.0,-0.008663952326477653,0.8689521225080252,-0.30023221412507706
2023-02-06,benchmark_equal_weight,-0.01043027774007843,0.0,-0.01043027774007843,0.8598887105274359,-0.3075309864853122
2023-02-07,benchmark_equal_weight,0.0021768558975724384,0.0,0.0021768558975724384,0.8617605643382034,-0.3060235812293567
2023-02-08,benchmark_equal_weight,-0.005552536478594938,0.0,-0.005552536478594938,0.856975607368901,-0.30987691060986533
2023-02-09,benchmark_equal_weight,0.01248832374692399,0.0,0.01248832374692399,0.8676777961969406,-0.30125843004433395
2023-02-10,benchmark_equal_weight,-0.004340570316271053,0.0,-0.004340570316271053,0.8639115797106807,-0.3042913669616282
2023-02-13,benchmark_equal_weight,0.0077488350600948275,0.0,0.0077488350600948275,0.8706058880483646,-0.2989004355143299
2023-02-14,benchmark_equal_weight,0.0027084539563848598,0.0,0.0027084539563848598,0.8729638840103011,-0.2970015396250789
2023-02-15,benchmark_equal_weight,-0.005442785446118703,0.0,-0.005442785446118703,0.8682125288874225,-0.30082780941385157
2023-02-16,benchmark_equal_weight,-0.009161870998528165,0.0,-0.009161870998528165,0.8602580776984501,-0.3072335348297601
2023-02-17,benchmark_equal_weight,-0.009337880614071203,0.0,-0.009337880614071203,0.8522250904716117,-0.3137025053749518
2023-02-20,benchmark_equal_weight,0.022361770270906356,0.0,0.022361770270906356,0.8712823521638401,-0.2983556784626481
2023-02-21,benchmark_equal_weight,0.005407082986277123,0.0,0.005407082986277123,0.8759934481464687,-0.29456182938924547
2023-02-22,benchmark_equal_weight,-0.006505736637225645,0.0,-0.006505736637225645,0.8702944654768926,-0.2991512243410853
2023-02-23,benchmark_equal_weight,-0.001483284693396758,0.0,-0.001483284693396758,0.8690035710175028,-0.30019078260240606
2023-02-24,benchmark_equal_weight,-0.008747820400033468,0.0,-0.008747820400033468,0.8614016838512539,-0.3063125879504882
2023-02-27,benchmark_equal_weight,-0.0033869466168792717,0.0,-0.0033869466168792717,0.8584841623323599,-0.3086620701839009
2023-02-28,benchmark_equal_weight,0.006481264856838753,0.0,0.006481264856838753,0.8640482255638372,-0.3041813259551843
2023-03-01,benchmark_equal_weight,0.010174652231145775,0.0,0.010174652231145775,0.8728396157698878,-0.29710161293084136
2023-03-02,benchmark_equal_weight,-0.0023735854369865694,0.0,-0.0023735854369865694,0.8707678563690714,-0.2987700023060701
2023-03-03,benchmark_equal_weight,0.0016085176959150793,0.0,0.0016085176959150793,0.8721685018750751,-0.2976420614458729
2023-03-06,benchmark_equal_weight,-0.005089053992505754,0.0,-0.005089053992505754,0.86772998927847,-0.30121639891723984
2023-03-07,benchmark_equal_weight,-0.014315530240060603,0.0,-0.014315530240060603,0.8553079743767465,-0.31121985668979857
2023-03-08,benchmark_equal_weight,-0.0025435449945119815,0.0,-0.0025435449945119815,0.8531324600597544,-0.3129717999756345
2023-03-09,benchmark_equal_weight,-0.004966298964344251,0.0,-0.004966298964344251,0.8488955492069112,-0.3163837874138907
2023-03-10,benchmark_equal_weight,-0.013081970989711311,0.0,-0.013081970989711311,0.8377903222588914,-0.32532683487503855
2023-03-13,benchmark_equal_weight,0.008475308402525972,0.0,0.008475308402525972,0.8448908536166871,-0.31960877172969615
2023-03-14,benchmark_equal_weight,-0.00800369712872323,0.0,-0.00800369712872323,0.8381286031175108,-0.32505441704981164
2023-03-15,benchmark_equal_weight,0.0034653453138663304,0.0,0.0034653453138663304,0.8410330081447414,-0.3227154975368204
2023-03-16,benchmark_equal_weight,-0.01155793928813914,0.0,-0.01155793928813914,0.8313123996972834,-0.3305435106970873
2023-03-17,benchmark_equal_weight,0.004548001119146328,0.0,0.004548001119146328,0.8350932094214669,-0.32749882183451795
2023-03-20,benchmark_equal_weight,-0.004098423501627091,0.0,-0.004098423501627091,0.8316706437859248,-0.33025501646798316
2023-03-21,benchmark_equal_weight,0.01111667294427654,0.0,0.01111667294427654,0.840916054330249,-0.3228096805299878
2023-03-22,benchmark_equal_weight,0.0043581377075190275,0.0,0.0043581377075190275,0.8445808822954838,-0.3198583918635387
2023-03-23,benchmark_equal_weight,0.006103646497426118,0.0,0.006103646497426118,0.8497359054394997,-0.3157070479192827
2023-03-24,benchmark_equal_weight,-0.0025382720363126277,0.0,-0.0025382720363126277,0.8475790445524719,-0.31744396958419496
2023-03-27,benchmark_equal_weight,-0.0024556121014963073,0.0,-0.0024556121014963073,0.8454977191936942,-0.3191200624324333
2023-03-28,benchmark_equal_weight,-0.0026771329661106624,0.0,-0.0026771329661106624,0.8432342093768694,-0.3209428685592588
2023-03-29,benchmark_equal_weight,-0.002018788135893901,0.0,-0.002018788135893901,0.8415318981591995,-0.3223137410398056
2023-03-30,benchmark_equal_weight,0.007355190934449807,0.0,0.007355190934449807,0.8477215259475903,-0.3173292292115003
2023-03-31,benchmark_equal_weight,0.0038363999448743913,0.0,0.0038363999448743913,0.8509737247630044,-0.31471023110408014
2023-04-03,benchmark_equal_weight,0.006549689884014498,0.0,0.006549689884014498,0.8565473387596467,-0.31022179563712393
2023-04-04,benchmark_equal_weight,0.0015294659797961407,0.0,0.0015294659797961407,0.8578573987743646,-0.30916680333994595
2023-04-06,benchmark_equal_weight,-0.001149458410706572,0.0,-0.001149458410706572,0.8568713273721565,-0.3099608873682421
2023-04-07,benchmark_equal_weight,0.007163516612807896,0.0,0.007163516612807896,0.8630095393608257,-0.3050177807214174
2023-04-10,benchmark_equal_weight,-0.004163678340668608,0.0,-0.004163678340668608,0.8594162452339986,-0.3079114631349774
2023-04-11,benchmark_equal_weight,-9.833633331141067e-05,0.0,-9.833633331141067e-05,0.8593317333916541,-0.30797952058401945
2023-04-12,benchmark_equal_weight,-0.0009060835846575466,0.0,-0.0009060835846575466,0.8585531070142527,-0.3086065489806651
2023-04-13,benchmark_equal_weight,-0.002214162976509948,0.0,-0.002214162976509948,0.8566521305113342,-0.31013740676211354
2023-04-14,benchmark_equal_weight,0.0037468900899786384,0.0,0.0037468900899786384,0.8598619118897062,-0.3075525674480636
2023-04-17,benchmark_equal_weight,0.012262375415351912,0.0,0.012262375415351912,0.87040586145866,-0.2990615170747152
2023-04-18,benchmark_equal_weight,0.0013736629997219696,0.0,0.0013736629997219696,0.8716015057852867,-0.29809866381563954
2023-04-19,benchmark_equal_weight,-0.006873505937069757,0.0,-0.006873505937069757,0.8656105476605127,-0.3029231868171399
2023-04-20,benchmark_equal_weight,-0.0033209311209143055,0.0,-0.0033209311209143055,0.8627359146541952,-0.30523813089970664
2023-04-21,benchmark_equal_weight,-0.021933753250166832,0.0,-0.021933753250166832,0.843812877982113,-0.32047686630417727
2023-04-24,benchmark_equal_weight,-0.010072223302848127,0.0,-0.010072223302848127,0.8353138062492583,-0.3273211750462126
2023-04-25,benchmark_equal_weight,-0.007154268075542425,0.0,-0.007154268075542425,0.8293377473521494,-0.3321336996886729
2023-04-26,benchmark_equal_weight,0.001721905888448727,0.0,0.001721905888448727,0.8307657889028279,-0.3309836967734703
2023-04-27,benchmark_equal_weight,0.00750944911271112,0.0,0.00750944911271112,0.8370043823191751,-0.3259597528888165
2023-04-28,benchmark_equal_weight,0.011892731843479942,0.0,0.011892731843479942,0.8469586509899146,-0.3179435729782103
2023-05-04,benchmark_equal_weight,0.004482594905149462,0.0,0.004482594905149462,0.8507552235237142,-0.3148861903134179
2023-05-05,benchmark_equal_weight,-0.006331237137171708,0.0,-0.006331237137171708,0.8453688904578981,-0.31922380830849484
2023-05-08,benchmark_equal_weight,0.010416328998722801,0.0,0.010416328998722801,0.8541745309461927,-0.31213261952133864
2023-05-09,benchmark_equal_weight,-0.008341551242184442,0.0,-0.008341551242184442,0.8470493903265361,-0.3178705005234286
2023-05-10,benchmark_equal_weight,-0.0062136442518399004,0.0,-0.0062136442518399004,0.8417861267513091,-0.3221090105668616
2023-05-11,benchmark_equal_weight,-0.003033130458243216,0.0,-0.003033130458243216,0.8392328796109332,-0.32416514237427996
2023-05-12,benchmark_equal_weight,-0.0116892186661256,0.0,-0.0116892186661256,0.8294229029693587,-0.33206512380725683
2023-05-15,benchmark_equal_weight,0.014319337615569916,0.0,0.014319337615569916,0.8412996895430631,-0.322500738809839
2023-05-16,benchmark_equal_weight,-0.005172309543809206,0.0,-0.005172309543809206,0.8369482271296358,-0.3260049747044166
2023-05-17,benchmark_equal_weight,-0.003031149818076284,0.0,-0.003031149818076284,0.8344113116632326,-0.3280479546027255
2023-05-18,benchmark_equal_weight,-0.00046959099002358284,0.0,-0.00046959099002358284,0.8340194796293017,-0.32836349722897207
2023-05-19,benchmark_equal_weight,-0.0029532219016051853,0.0,-0.0029532219016051853,0.8315564350356951,-0.3303469888588729
2023-05-22,benchmark_equal_weight,0.00467865216923774,0.0,0.00467865216923774,0.8354469983543185,-0.3272139153456609
2023-05-23,benchmark_equal_weight,-0.01289871705281792,0.0,-0.01289871705281792,0.8246708039099201,-0.3358919926886904
2023-05-24,benchmark_equal_weight,-0.011531354684996775,0.0,-0.011531354684996775,0.8151612323716734,-0.34355005767014357
2023-05-25,benchmark_equal_weight,-0.003955996741599854,0.0,-0.003955996741599854,0.8119364571925325,-0.346146971503024
2023-05-26,benchmark_equal_weight,0.0029538077397344153,0.0,0.0029538077397344153,0.8143347613839603,-0.3442156153668008
2023-05-29,benchmark_equal_weight,-0.003027122031993734,0.0,-0.003027122031993734,0.8118696706863566,-0.3462007547257614
2023-05-30,benchmark_equal_weight,0.00042165352616230223,0.0,0.00042165352616230223,0.8122119983957857,-0.3459250779685893
2023-05-31,benchmark_equal_weight,-0.009357223743993448,0.0,-0.009357223743993448,0.8046119489992404,-0.3520454033593722
2023-06-01,benchmark_equal_weight,0.0017041692748248627,0.0,0.0017041692748248627,0.8059831439608819,-0.35094117904429567
2023-06-02,benchmark_equal_weight,0.013087906783882497,0.0,0.013087906783882497,0.8165317762184224,-0.34244635769837073
2023-06-05,benchmark_equal_weight,-0.0036478424467374926,0.0,-0.0036478424467374926,0.8135531969460229,-0.3448450097857655
2023-06-06,benchmark_equal_weight,-0.01114419428107094,0.0,-0.01114419428107094,0.8044868020612701,-0.3521461842809259
2023-06-07,benchmark_equal_weight,-0.0012473996794998832,0.0,-0.0012473996794998832,0.8034832854822169,-0.3529543169230168
2023-06-08,benchmark_equal_weight,0.003966006584705362,0.0,0.003966006584705362,0.8066699054831401,-0.3503881294833283
2023-06-09,benchmark_equal_weight,0.004401333525113182,0.0,0.004401333525113182,0.8102203287818429,-0.3475289709793118
2023-06-12,benchmark_equal_weight,0.0011673047340762799,0.0,0.0011673047340762799,0.8111661028072749,-0.3467673384582882
2023-06-13,benchmark_equal_weight,0.0018958508810872354,0.0,0.0018958508810872354,0.81270395277799,-0.3455289067413495
2023-06-14,benchmark_equal_weight,-0.0006130508114020605,0.0,-0.0006130508114020605,0.8122057239603098,-0.345930130776111
2023-06-15,benchmark_equal_weight,0.011233078559323761,0.0,0.011233078559323761,0.8213292946638884,-0.33858291255183237
2023-06-16,benchmark_equal_weight,0.008890659328890993,0.0,0.008890659328890993,0.8286314536195835,-0.3327024785530234
2023-06-19,benchmark_equal_weight,-0.009116875781148615,0.0,-0.009116875781148615,0.8210769235885811,-0.3387861471651238
2023-06-20,benchmark_equal_weight,-0.003022085388756812,0.0,-0.003022085388756812,0.8185955590147587,-0.34078439188861964
2023-06-21,benchmark_equal_weight,-0.01657080632839375,0.0,-0.01657080632839375,0.8050307705450418,-0.3517081260592877
2023-06-26,benchmark_equal_weight,-0.014686433533695031,0.0,-0.014686433533695031,0.7932077396408528,-0.3612292215763525
2023-06-27,benchmark_equal_weight,0.008766697315295224,0.0,0.008766697315295224,0.8001615518024338,-0.3556293115080569
2023-06-28,benchmark_equal_weight,0.00034261795419071595,0.0,0.00034261795419071595,0.8004357015163345,-0.35540853854102517
2023-06-29,benchmark_equal_weight,-0.00409254255204633,0.0,-0.00409254255204633,0.7971598843477018,-0.3580465565257318
2023-06-30,benchmark_equal_weight,0.005136257969745817,0.0,0.005136257969745817,0.8012543031568443,-0.35474931803548126
2023-07-03,benchmark_equal_weight,0.012133834528655574,0.0,0.012133834528655574,0.8109765902867226,-0.34691995303102174
2023-07-04,benchmark_equal_weight,0.0016871640055746706,0.0,0.0016871640055746706,0.8123448407992181,-0.3458180998830166
2023-07-05,benchmark_equal_weight,-0.006276002117756085,0.0,-0.006276002117756085,0.8072465628580139,-0.34992374687354855
2023-07-06,benchmark_equal_weight,-0.006421245091388861,0.0,-0.006421245091388861,0.8020630348287213,-0.35409804582296533
2023-07-07,benchmark_equal_weight,-0.004604938837214301,0.0,-0.004604938837214301,0.7983695836097446,-0.3570723848167877
2023-07-10,benchmark_equal_weight,0.004661684170044089,0.0,0.004661684170044089,0.802091330459503,-0.3540752593306038
2023-07-11,benchmark_equal_weight,0.006802013005365093,0.0,0.006802013005365093,0.8075471661207791,-0.3496816708440835
2023-07-12,benchmark_equal_weight,-0.006524376762808037,0.0,-0.006524376762808037,0.8022784241552693,-0.35392459263925646
2023-07-13,benchmark_equal_weight,0.013371884095152886,0.0,0.013371884095152886,0.8130063982551154,-0.3452853471752999
2023-07-14,benchmark_equal_weight,-0.0008140640353831996,0.0,-0.0008140640353831996,0.8123445589857595,-0.34581832682760294
2023-07-17,benchmark_equal_weight,-0.006806659917168667,0.0,-0.006806659917168667,0.8068152058371811,-0.3502711190009318
2023-07-18,benchmark_equal_weight,-0.0027207274958709893,0.0,-0.0027207274958709893,0.8046200815225731,-0.3520388542323274
2023-07-19,benchmark_equal_weight,0.00039038749325603916,0.0,0.00039038749325603916,0.8049341951392222,-0.3517858983049039
2023-07-20,benchmark_equal_weight,-0.007701591290658116,0.0,-0.007701591290658116,0.798734920952385,-0.3567781783850007
2023-07-21,benchmark_equal_weight,0.0004965242875208942,0.0,0.0004965242875208942,0.799131512239929,-0.35645880312830536
2023-07-24,benchmark_equal_weight,-0.0026036345896479074,0.0,-0.0026036345896479074,0.7970508657929835,-0.35813434924834386
2023-07-25,benchmark_equal_weight,0.02411389215341364,0.0,0.02411389215341364,0.8162708644115004,-0.3426564701691378
2023-07-26,benchmark_equal_weight,-0.001634369524416035,0.0,-0.001634369524416035,0.8149367761870375,-0.3437308124013654
2023-07-27,benchmark_equal_weight,-0.0035611667818960524,0.0,-0.0035611667818960524,0.8120346504103348,-0.3460678964322236
2023-07-28,benchmark_equal_weight,0.02079675137793391,0.0,0.02079675137793391,0.828922333145186,-0.33246823305627515
2023-07-31,benchmark_equal_weight,0.004920203799609557,0.0,0.004920203799609557,0.8330007999583081,-0.3291838407201987
2023-08-01,benchmark_equal_weight,-0.000535323499079976,0.0,-0.000535323499079976,0.8325548750553381,-0.3295429443738236
2023-08-02,benchmark_equal_weight,-0.006519305121548413,0.0,-0.006519305121548413,0.8271271957944197,-0.3339138584903456
2023-08-03,benchmark_equal_weight,0.006414267410484342,0.0,0.006414267410484342,0.8324326108107292,-0.32964140386028495
2023-08-04,benchmark_equal_weight,0.003146721505285943,0.0,0.003146721505285943,0.8350520444088685,-0.327531972049559
2023-08-07,benchmark_equal_weight,-0.005778444783843872,0.0,-0.005778444783843872,0.8302267422786159,-0.3314177914179709
2023-08-08,benchmark_equal_weight,-0.002629797840970005,0.0,-0.002629797840970005,0.828043413784256,-0.3331760274666109
2023-08-09,benchmark_equal_weight,-0.004163633145686407,0.0,-0.004163633145686407,0.8245957447805565,-0.3359524378609893
2023-08-10,benchmark_equal_weight,0.0009675763100029933,0.0,0.0009675763100029933,0.8253936040885355,-0.33530992117114833
2023-08-11,benchmark_equal_weight,-0.021324359367994927,0.0,-0.021324359367994927,0.807792614254907,-0.3494840112804357
2023-08-14,benchmark_equal_weight,-0.0035256680290818854,0.0,-0.0035256680290818854,0.8049446056607,-0.35177751470427077
2023-08-15,benchmark_equal_weight,-0.003686246034948215,0.0,-0.003686246034948215,0.8019773817997303,-0.3541670222704565
2023-08-16,benchmark_equal_weight,-0.0070290022581286915,0.0,-0.0070290022581286915,0.7963402809720919,-0.35870658372929143
2023-08-17,benchmark_equal_weight,0.0046488717794033185,0.0,0.0046488717794033185,0.8000423648311051,-0.3557252928640734
2023-08-18,benchmark_equal_weight,-0.013917765389193038,0.0,-0.013917765389193038,0.7889075628959706,-0.36469215708418223
2023-08-21,benchmark_equal_weight,-0.01227807108005291,0.0,-0.01227807108005291,0.7792212997631426,-0.3724925119372178
2023-08-22,benchmark_equal_weight,0.006423737362191817,0.0,0.006423737362191817,0.7842268127398467,-0.3684615686410937
2023-08-23,benchmark_equal_weight,-0.016247648722277463,0.0,-0.016247648722277463,0.7714849709678584,-0.37872258322843144
2023-08-24,benchmark_equal_weight,0.006032802272446736,0.0,0.006032802272446736,0.7761391872538718,-0.3749745394167121
2023-08-25,benchmark_equal_weight,-0.0053974073635770226,0.0,-0.0053974073635770226,0.7719500478894271,-0.3783480564400874
2023-08-28,benchmark_equal_weight,0.012246616764083784,0.0,0.012246616764083784,0.7814038242869451,-0.37073492332666125
2023-08-29,benchmark_equal_weight,0.013368999754510558,0.0,0.013368999754510558,0.7918504118220109,-0.36232227867109335
2023-08-30,benchmark_equal_weight,-0.0009015358442913679,0.0,-0.0009015358442913679,0.7911365302924364,-0.3628971679939774
2023-08-31,benchmark_equal_weight,-0.0054908314399444436,0.0,-0.0054908314399444436,0.7867925329586181,-0.36639539225443374
2023-09-01,benchmark_equal_weight,0.005334630796142048,0.0,0.005334630796142048,0.7909897806351136,-0.3630153456013768
2023-09-04,benchmark_equal_weight,0.0157940072150089,0.0,0.0157940072150089,0.803482678937463,-0.35295480537395507
2023-09-05,benchmark_equal_weight,-0.006563110693923735,0.0,-0.006563110693923735,0.798209333174946,-0.3572014346102571
2023-09-06,benchmark_equal_weight,-0.00033094944120581893,0.0,-0.00033094944120581893,0.7979451662421665,-0.3574141684362808
2023-09-07,benchmark_equal_weight,-0.012494642312903259,0.0,-0.012494642312903259,0.7879751268046604,-0.36544304855700904
2023-09-08,benchmark_equal_weight,-0.002279760884854376,0.0,-0.002279760884854376,0.786178731932333,-0.36688968667412114
2023-09-11,benchmark_equal_weight,0.009004892293999034,0.0,0.009004892293999034,0.7932581867372165,-0.36118859649240165
2023-09-12,benchmark_equal_weight,-0.001186162116161349,0.0,-0.001186162116161349,0.792317253927774,-0.3619463303786141
2023-09-13,benchmark_equal_weight,-0.006249631710524783,0.0,-0.006249631710524783,0.7873655628928311,-0.36593393082529657
2023-09-14,benchmark_equal_weight,0.00011193101724982224,0.0,0.00011193101724982224,0.7874536935212333,-0.3658629591651702
2023-09-15,benchmark_equal_weight,-0.0029361889943863573,0.0,-0.0029361889943863573,0.7851415806527273,-0.36772490536540225
2023-09-18,benchmark_equal_weight,0.004680395945560245,0.0,0.004680395945560245,0.7888163541235051,-0.36476560757599563
2023-09-19,benchmark_equal_weight,-0.0027034838049173615,0.0,-0.0027034838049173615,0.7866838018850782,-0.36648295346824056
2023-09-20,benchmark_equal_weight,-0.005359302417216494,0.0,-0.005359302417216494,0.7824677254840505,-0.369878162907066
2023-09-21,benchmark_equal_weight,-0.00857884149925947,0.0,-0.00857884149925947,0.7757550588888368,-0.3752838782727085
2023-09-22,benchmark_equal_weight,0.018809831966711377,0.0,0.018809831966711377,0.7903468811938621,-0.3635330729961225
2023-09-25,benchmark_equal_weight,-0.007100339942369582,0.0,-0.007100339942369582,0.7847351496649941,-0.3680522045399254
2023-09-26,benchmark_equal_weight,-0.00487776369209908,0.0,-0.00487776369209908,0.7809073970440442,-0.37113469655192266
2023-09-27,benchmark_equal_weight,0.0037912339449706067,0.0,0.0037912339449706067,0.7838679996755963,-0.36875052106667594
2023-09-28,benchmark_equal_weight,-0.0011426279756522884,0.0,-0.0011426279756522884,0.7829723301699483,-0.3694718043809212
2023-10-09,benchmark_equal_weight,-0.004371457234852383,0.0,-0.004371457234852383,0.7795496001125377,-0.3722281314234386
2023-10-10,benchmark_equal_weight,-0.0058558788355762,0.0,-0.0058558788355762,0.7749846521079568,-0.37590428742220616
2023-10-11,benchmark_equal_weight,0.0016240525037736764,0.0,0.0016240525037736764,0.7762432678725988,-0.37489072321759986
2023-10-12,benchmark_equal_weight,0.008441490631859727,0.0,0.008441490631859727,0.7827959181463895,-0.3696138691137527
2023-10-13,benchmark_equal_weight,-0.008396955443252307,0.0,-0.008396955443252307,0.7762228157005544,-0.37490719336684875
2023-10-16,benchmark_equal_weight,-0.008834775682590779,0.0,-0.008834775682590779,0.769365061244131,-0.3804297480942538
2023-10-17,benchmark_equal_weight,0.0034353215250551017,0.0,0.0034353215250551017,0.7720080775996483,-0.3783013250715981
2023-10-18,benchmark_equal_weight,-0.008684217538528938,0.0,-0.008684217538528938,0.7653037915122715,-0.3837002916080915
2023-10-19,benchmark_equal_weight,-0.01870789756472091,0.0,-0.01870789756472091,0.7509865665747674,-0.3952299634218547
2023-10-20,benchmark_equal_weight,-0.006338384569370248,0.0,-0.006338384569370248,0.7462265249093855,-0.3990632284897192
2023-10-23,benchmark_equal_weight,-0.016328265472724313,0.0,-0.016328265472724313,0.7340419401078765,-0.4088754836272609
2023-10-24,benchmark_equal_weight,0.00762349471318724,0.0,0.00762349471318724,0.7396379049575466,-0.404369049001858
2023-10-25,benchmark_equal_weight,0.0038939615324071752,0.0,0.0038939615324071752,0.7425180265073614,-0.4020496849911601
2023-10-26,benchmark_equal_weight,0.003690336172376796,0.0,0.003690336172376796,0.7452581676392234,-0.3998430473143989
2023-10-27,benchmark_equal_weight,0.013045114049269113,0.0,0.013045114049269113,0.7549801454322264,-0.3920139314191534
2023-10-30,benchmark_equal_weight,0.004792466265023387,0.0,0.004792466265023387,0.7585983623099728,-0.38910017869587554
2023-10-31,benchmark_equal_weight,-0.0021905605072695122,0.0,-0.0021905605072695122,0.7569366066966172,-0.3904383917183224
2023-11-01,benchmark_equal_weight,0.00026635487450860085,0.0,0.00026635487450860085,0.7571382204515048,-0.39027603201264327
2023-11-02,benchmark_equal_weight,-0.005260492524826854,0.0,-0.005260492524826854,0.753155300502559,-0.3934834803884485
2023-11-03,benchmark_equal_weight,0.008691583889466559,0.0,0.008691583889466559,0.7597014129786733,-0.38821189117789745
2023-11-06,benchmark_equal_weight,0.012662695251934086,0.0,0.012662695251934086,0.7693212804536859,-0.3804650047971262
2023-11-07,benchmark_equal_weight,-0.0020683729681659213,0.0,-0.0020683729681659213,0.7677300371133607,-0.38174643423403654
2023-11-08,benchmark_equal_weight,-0.0017613500083772937,0.0,-0.0017613500083772937,0.7663777958060596,-0.3828353951572777
2023-11-09,benchmark_equal_weight,-0.0015180950639361313,0.0,-0.0015180950639361313,0.7652143614571361,-0.3837723096975256
2023-11-10,benchmark_equal_weight,-0.006254930741081854,0.0,-0.006254930741081854,0.7604279986241405,-0.38762677122110456
2023-11-13,benchmark_equal_weight,0.0015815694128720748,0.0,0.0015815694128720748,0.7616306682874558,-0.38665826045320617
2023-11-14,benchmark_equal_weight,0.0019810841830615322,0.0,0.0019810841830615322,0.7631395227577348,-0.38544317883417856
2023-11-15,benchmark_equal_weight,0.007331576898725212,0.0,0.007331576898725212,0.7687345388532896,-0.3809375082411651
2023-11-16,benchmark_equal_weight,-0.009575349281446432,0.0,-0.009575349281446432,0.7613736371390577,-0.38686524782679854
2023-11-17,benchmark_equal_weight,0.0006949177271087792,0.0,0.0006949177271087792,0.7619027291764588,-0.38643916961840696
2023-11-20,benchmark_equal_weight,0.0038855132590369656,0.0,0.0038855132590369656,0.7648631123327704,-0.3840551708767336
2023-11-21,benchmark_equal_weight,0.0007346392442338923,0.0,0.0007346392442338923,0.765425010791557,-0.3836026736329766
2023-11-22,benchmark_equal_weight,-0.01004514184066363,0.0,-0.01004514184066363,0.7577362079897644,-0.3897944722065392
2023-11-23,benchmark_equal_weight,0.006217463622987474,0.0,0.006217463622987474,0.7624474052987612,-0.38600054153493746
2023-11-24,benchmark_equal_weight,-0.007614898579037799,0.0,-0.007614898579037799,0.7566414456355606,-0.3906760851387331
2023-11-27,benchmark_equal_weight,-0.004596792936548577,0.0,-0.004596792936548577,0.7531633215827631,-0.3934770210066375
2023-11-28,benchmark_equal_weight,0.0023486107247764343,0.0,0.0023486107247764343,0.7549322090373407,-0.3920525346333503
2023-11-29,benchmark_equal_weight,-0.006173772425387025,0.0,-0.006173772425387025,0.7502714293821495,-0.39580586393111483
2023-11-30,benchmark_equal_weight,0.0009249219903209593,0.0,0.0009249219903209593,0.7509653719258945,-0.3952470314882418
2023-12-01,benchmark_equal_weight,-0.0009903540147624401,0.0,-0.0009903540147624401,0.7502216503548601,-0.3958459510185469
2023-12-04,benchmark_equal_weight,-0.004552995425499529,0.0,-0.004552995425499529,0.7468058946126838,-0.3985966616398564
2023-12-05,benchmark_equal_weight,-0.019006630854364437,0.0,-0.019006630854364437,0.7326116306539171,-0.4100273128866502
2023-12-06,benchmark_equal_weight,0.0014105014060300514,0.0,0.0014105014060300514,0.7336449803890284,-0.4091951555819575
2023-12-07,benchmark_equal_weight,-0.0020845241055427177,0.0,-0.0020845241055427177,0.732115679742497,-0.41042670252181834
2023-12-08,benchmark_equal_weight,0.00303659765747033,0.0,0.00303659765747033,0.7343388205006005,-0.4086364056277889
2023-12-11,benchmark_equal_weight,0.008497932860323631,0.0,0.008497932860323631,0.7405791824939438,-0.4036110375067742
2023-12-12,benchmark_equal_weight,0.0028361317454043133,0.0,0.0028361317454043133,0.7426795626234004,-0.4019195998376385
2023-12-13,benchmark_equal_weight,-0.01483963506406727,0.0,-0.01483963506406727,0.731658468944528,-0.4107948947150193
2023-12-14,benchmark_equal_weight,-0.004101205771724015,0.0,-0.004101205771724015,0.7286577870087619,-0.41321134609354326
2023-12-15,benchmark_equal_weight,-0.00463496794254048,0.0,-0.00463496794254048,0.7252804815248939,-0.4159310926934462
2023-12-18,benchmark_equal_weight,-0.0045959340433475715,0.0,-0.0045959340433475715,0.7219471402688781,-0.4186154348681972
2023-12-19,benchmark_equal_weight,0.0008269903896441222,0.0,0.0008269903896441222,0.7225441836157115,-0.41813463542014584
2023-12-20,benchmark_equal_weight,-0.010908263005159013,0.0,-0.010908263005159013,0.7146624816279834,-0.42448177585057556
2023-12-21,benchmark_equal_weight,0.008094220623300008,0.0,0.008094220623300008,0.7204471174254753,-0.4198234043715804
2023-12-22,benchmark_equal_weight,-0.0005189343137069757,0.0,-0.0005189343137069757,0.720073252695032,-0.4201244779150617
2023-12-25,benchmark_equal_weight,0.0008876695298640769,0.0,0.0008876695298640769,0.7207124397807194,-0.4196097400829929
2023-12-26,benchmark_equal_weight,-0.007734703819797961,0.0,-0.007734703819797961,0.7151379425197716,-0.4240988868433465
2023-12-27,benchmark_equal_weight,0.0035488147694784367,0.0,0.0035488147694784367,0.7176758346124001,-0.42205512046721705
2023-12-28,benchmark_equal_weight,0.020486933666052365,0.0,0.020486933666052365,0.7323788118298332,-0.4102148020575943
2023-12-29,benchmark_equal_weight,0.006140236605397753,0.0,0.006140236605397753,0.7368757910192485,-0.40659338139586654
2024-01-02,benchmark_equal_weight,-0.009117245979345434,0.0,-0.009117245979345434,0.7301575131763013,-0.412003615503452
2024-01-03,benchmark_equal_weight,-0.00017634641479746804,0.0,-0.00017634641479746804,0.7300287525166153,-0.41210730655777184
2024-01-04,benchmark_equal_weight,-0.007707378869705128,0.0,-0.007707378869705128,0.7244021443351916,-0.41663841828086245
2024-01-05,benchmark_equal_weight,-0.009160965835301904,0.0,-0.009160965835301904,0.7177659210399174,-0.4219825738006191
2024-01-08,benchmark_equal_weight,-0.0162508993444484,0.0,-0.0162508993444484,0.7061015793042225,-0.4313758768131224
2024-01-09,benchmark_equal_weight,0.001649868808397681,0.0,0.001649868808397681,0.7072665542754768,-0.43043772160857396
2024-01-10,benchmark_equal_weight,-0.0044972521991081815,0.0,-0.0044972521991081815,0.7040857982089057,-0.43299918681759886
2024-01-11,benchmark_equal_weight,0.00747234866312485,0.0,0.00747234866312485,0.7093469727818773,-0.42876235904922455
2024-01-12,benchmark_equal_weight,-0.0023397643865461504,0.0,-0.0023397643865461504,0.7076872679972579,-0.4300989205377759
2024-01-15,benchmark_equal_weight,-0.0009476649606051102,0.0,-0.0009476649606051102,0.7070166175703105,-0.4306389958217932
2024-01-16,benchmark_equal_weight,0.0020600624368352083,0.0,0.0020600624368352083,0.7084731159463854,-0.429466076604087
2024-01-17,benchmark_equal_weight,-0.02346621676383248,0.0,-0.02346621676383248,0.6918479322362397,-0.44285434932161516
2024-01-18,benchmark_equal_weight,0.009447368784385679,0.0,0.009447368784385679,0.6983840747947901,-0.43759078889304004
2024-01-19,benchmark_equal_weight,-0.0036534584887873978,0.0,-0.0036534584887873978,0.6958325575682972,-0.4396455275995309
2024-01-22,benchmark_equal_weight,-0.026540271020822792,0.0,-0.026540271020822792,0.6773649729053223,-0.4545174871647696
2024-01-23,benchmark_equal_weight,0.007915171597869863,0.0,0.007915171597869863,0.6827264329002544,-0.45019989947204153
2024-01-24,benchmark_equal_weight,0.01466086176199044,0.0,0.01466086176199044,0.6927357907542617,-0.4421393562014727
2024-01-25,benchmark_equal_weight,0.025702386461880722,0.0,0.025702386461880722,0.7105407537642042,-0.42780100634268947
2024-01-26,benchmark_equal_weight,-0.004213461830237353,0.0,-0.004213461830237353,0.7075469174193907,-0.43021194496176474
2024-01-29,benchmark_equal_weight,-0.012011449793044637,0.0,-0.012011449793044637,0.6990482531445842,-0.43705592557753303
2024-01-30,benchmark_equal_weight,-0.018716842594588057,0.0,-0.018716842594588057,0.6859642770244553,-0.4475924612080544
2024-01-31,benchmark_equal_weight,-0.015926876370339904,0.0,-0.015926876370339904,0.6750390087898172,-0.45639058778443753
2024-02-01,benchmark_equal_weight,-0.0032803649674246205,0.0,-0.0032803649674246205,0.672824634473738,-0.4581738250562317
2024-02-02,benchmark_equal_weight,-0.016625939080956775,0.0,-0.016625939080956775,0.6616382930888106,-0.4671821940333146
2024-02-05,benchmark_equal_weight,-0.005389349512100627,0.0,-0.005389349512100627,0.6580724930767653,-0.47005373541593976
2024-02-06,benchmark_equal_weight,0.05283791371407798,0.0,0.05283791371407798,0.6928436706835636,-0.4420524804147493
2024-02-07,benchmark_equal_weight,0.037050408439703975,0.0,0.037050408439703975,0.7185138116672535,-0.42138029692619594
2024-02-08,benchmark_equal_weight,0.005776227549775914,0.0,0.005776227549775914,0.7226641109411004,-0.41803805785645787
2024-02-19,benchmark_equal_weight,0.0031945670349936006,0.0,0.0031945670349936006,0.7249727098872858,-0.4161789414204652
2024-02-20,benchmark_equal_weight,-0.0005825219094219292,0.0,-0.0005825219094219292,0.7245503974000435,-0.41651902997826973
2024-02-21,benchmark_equal_weight,0.008496846740899289,0.0,0.008496846740899289,0.7307067910828092,-0.4115612815997639
2024-02-22,benchmark_equal_weight,0.008370724873187019,0.0,0.008370724873187019,0.7368233365939327,-0.4066356229833048
2024-02-23,benchmark_equal_weight,0.002130913939223933,0.0,0.002130913939223933,0.7383934437126263,-0.4053712145612809
2024-02-26,benchmark_equal_weight,-0.008406035469795792,0.0,-0.008406035469795792,0.7321864822341133,-0.4103696852230404
2024-02-27,benchmark_equal_weight,0.013216181429998919,0.0,0.013216181429998919,0.741863191623912,-0.40257702400632067
2024-02-28,benchmark_equal_weight,-0.01570180551852629,0.0,-0.01570180551852629,0.7302146000676801,-0.4119576433876727
2024-02-29,benchmark_equal_weight,0.02146600675584509,0.0,0.02146600675584509,0.7458893916059496,-0.39933472218790944
2024-03-01,benchmark_equal_weight,0.003370177063161006,0.0,0.003370177063161006,0.748403170925195,-0.39731037384599
2024-03-04,benchmark_equal_weight,0.0016827184277450336,0.0,0.0016827184277450336,0.7496625227322937,-0.3962962169058498
2024-03-05,benchmark_equal_weight,0.0023216460089304225,0.0,0.0023216460089304225,0.7514029737362399,-0.39489463042725303
2024-03-06,benchmark_equal_weight,-0.002675406251336665,0.0,-0.002675406251336665,0.749392665523033,-0.39651353311572535
2024-03-07,benchmark_equal_weight,-0.008271015571498341,0.0,-0.008271015571498341,0.7431944271173253,-0.40150497908051375
2024-03-08,benchmark_equal_weight,0.0066838290821823465,0.0,0.0066838290821823465,0.7481618116430079,-0.39750474065415076
2024-03-11,benchmark_equal_weight,0.012038701799015228,0.0,0.012038701799015228,0.7571687085907891,-0.3902514798915657
2024-03-12,benchmark_equal_weight,-8.587128073966888e-05,0.0,-8.587128073966888e-05,0.7571036895440464,-0.3903038397779166
2024-03-13,benchmark_equal_weight,-0.005460282283631823,0.0,-0.005460282283631823,0.7529696896811567,-0.3936329529199756
2024-03-14,benchmark_equal_weight,-0.0028190938211618555,0.0,-0.0028190938211618555,0.7508469974814544,-0.39534235851575505
2024-03-15,benchmark_equal_weight,0.006365169301603024,0.0,0.006365169301603024,0.7556262657400243,-0.39149361025819973
2024-03-18,benchmark_equal_weight,0.009076189544518498,0.0,0.009076189544518498,0.7624844729526976,-0.38597069092585234
2024-03-19,benchmark_equal_weight,-0.008921678917195641,0.0,-0.008921678917195641,0.7556818313056665,-0.39144886326715944
2024-03-20,benchmark_equal_weight,0.003377296746488123,0.0,0.003377296746488123,0.7582339930959153,-0.38939360549299995
2024-03-21,benchmark_equal_weight,-0.0023783961821746136,0.0,-0.0023783961821746136,0.756430612261541,-0.3908458694105068
2024-03-22,benchmark_equal_weight,-0.012357032593145023,0.0,-0.012357032593145023,0.7470833745313724,-0.39837320685645017
2024-03-25,benchmark_equal_weight,-0.008754679635846419,0.0,-0.008754679635846419,0.7405428989260832,-0.40364025669076353
2024-03-26,benchmark_equal_weight,0.0016338822855812563,0.0,0.0016338822855812563,0.7417528588503515,-0.4026658750703368
2024-03-27,benchmark_equal_weight,-0.015152654359291862,0.0,-0.015152654359291862,0.7305133341601755,-0.4117170726024061
2024-03-28,benchmark_equal_weight,0.007143950377392794,0.0,0.007143950377392794,0.7357320851694397,-0.40751440856121024
2024-03-29,benchmark_equal_weight,0.008660514560068,0.0,0.008660514560068,0.7421039036053588,-0.402383178469924
2024-04-01,benchmark_equal_weight,0.016400560554130306,0.0,0.016400560554130306,0.7542748236138949,-0.39258192760025323
2024-04-02,benchmark_equal_weight,-0.0030408323626241462,0.0,-0.0030408323626241462,0.7519812003199372,-0.3944289841324491
2024-04-03,benchmark_equal_weight,-0.0017634302326643425,0.0,-0.0017634302326643425,0.7506551339368978,-0.39549686636985526
2024-04-08,benchmark_equal_weight,-0.010378690771738863,0.0,-0.010378690771738863,0.7428643164255484,-0.4017708174643497
2024-04-09,benchmark_equal_weight,0.002217110110488585,0.0,0.002217110110488585,0.7445113284122167,-0.4004444774953606
2024-04-10,benchmark_equal_weight,-0.00794547511099436,0.0,-0.00794547511099436,0.738595832182464,-0.4052082309770805
2024-04-11,benchmark_equal_weight,0.002104781488684704,0.0,0.002104781488684704,0.7401504150176614,-0.4039563242720189
2024-04-12,benchmark_equal_weight,-0.0066657710832053185,0.0,-0.0066657710832053185,0.7352167417840143,-0.4079294149700139
2024-04-15,benchmark_equal_weight,0.016446151602695136,0.0,0.016446151602695136,0.7473082277802336,-0.39819213236911444
2024-04-16,benchmark_equal_weight,-0.016286455475299888,0.0,-0.016286455475299888,0.7351372256021655,-0.40799344940997007
2024-04-17,benchmark_equal_weight,0.01997940895730077,0.0,0.01997940895730077,0.7498248328722066,-0.39616550843033094
2024-04-18,benchmark_equal_weight,0.0020409370203274824,0.0,0.0020409370203274824,0.7513551781323764,-0.39493312026233574
2024-04-19,benchmark_equal_weight,-0.00625840631286928,0.0,-0.00625840631286928,0.7466528921423458,-0.39871987464219405
2024-04-22,benchmark_equal_weight,-0.005648675215062293,0.0,-0.005648675215062293,0.7424352924562467,-0.4021163107836122
2024-04-23,benchmark_equal_weight,-0.007899657124502413,0.0,-0.007899657124502413,0.7365703082087127,-0.4068393869287542
2024-04-24,benchmark_equal_weight,0.007407930567705945,0.0,0.007407930567705945,0.7420267699101566,-0.40244529429162457
2024-04-25,benchmark_equal_weight,0.0011957337250175781,0.0,0.0011957337250175781,0.7429140363438042,-0.40173077797746604
2024-04-26,benchmark_equal_weight,0.016939144818767904,0.0,0.016939144818767904,0.7554983647933272,-0.3915966089850147
2024-04-29,benchmark_equal_weight,0.012435683558328137,0.0,0.012435683558328137,0.7648935033867313,-0.38403069693853864
2024-04-30,benchmark_equal_weight,-0.0054489387791349375,0.0,-0.0054489387791349375,0.760725645514219,-0.38738707596074695
2024-05-06,benchmark_equal_weight,0.014432253492800196,0.0,0.014432253492800196,0.7717046308687543,-0.3785456909480469
2024-05-07,benchmark_equal_weight,0.0006658342661821082,0.0,0.0006658342661821082,0.7722184582553581,-0.3781319053742136
2024-05-08,benchmark_equal_weight,-0.008931981560775626,0.0,-0.008931981560775626,0.7653210172253306,-0.3836864197286458
2024-05-09,benchmark_equal_weight,0.012137858515225197,0.0,0.012137858515225197,0.77461037545114,-0.37620569269030013
2024-05-10,benchmark_equal_weight,-0.0005553880676996137,0.0,-0.0005553880676996137,0.7741801660914981,-0.376552140605279
2024-05-13,benchmark_equal_weight,-0.003143862401045361,0.0,-0.003143862401045361,0.771746250175688,-0.3785121748894422
2024-05-14,benchmark_equal_weight,-0.0023502903836771227,0.0,-0.0023502903836771227,0.7699324223852612,-0.3799728517483719
2024-05-15,benchmark_equal_weight,-0.008790282334039612,0.0,-0.008790282334039612,0.7631644990143637,-0.38542306543627325
2024-05-16,benchmark_equal_weight,0.00040811290943132406,0.0,0.00040811290943132406,0.7634759562984311,-0.3851722486554391
2024-05-17,benchmark_equal_weight,0.01317750216944702,0.0,0.01317750216944702,0.7735366623688744,-0.3770703546282598
2024-05-20,benchmark_equal_weight,0.004591722861346237,0.0,0.004591722861346237,0.7770885283455631,-0.374210034334596
2024-05-21,benchmark_equal_weight,-0.005534830009847558,0.0,-0.005534830009847558,0.7727874754385677,-0.3776736754164224
2024-05-22,benchmark_equal_weight,-0.00018671083801125032,0.0,-0.00018671083801125032,0.772643187641424,-0.3777898704860019
2024-05-23,benchmark_equal_weight,-0.015298204087166034,0.0,-0.015298204087166034,0.760823134470327,-0.387308568032409
2024-05-24,benchmark_equal_weight,-0.009832396110856456,0.0,-0.009832396110856456,0.7533424200419114,-0.39333279288524214
2024-05-27,benchmark_equal_weight,0.010132761806003532,0.0,0.010132761806003532,0.7609758593425545,-0.3871855785800348
2024-05-28,benchmark_equal_weight,-0.0066314125186749395,0.0,-0.0066314125186749395,0.7559295145025009,-0.3912494038058637
2024-05-29,benchmark_equal_weight,0.0017492802418548337,0.0,0.0017492802418548337,0.757251847066455,-0.39018452841572393
2024-05-30,benchmark_equal_weight,-0.005736444359456083,0.0,-0.005736444359456083,0.752907913979663,-0.3936827009380026
2024-05-31,benchmark_equal_weight,-0.0023508116903860343,0.0,-0.0023508116903860343,0.7511379692536954,-0.3951080387327208
2024-06-03,benchmark_equal_weight,-0.001859134940667806,0.0,-0.001859134940667806,0.7497415024097935,-0.396232614513242
2024-06-04,benchmark_equal_weight,0.009331720635030405,0.0,0.009331720635030405,0.7567378806587696,-0.39059842594333694
2024-06-05,benchmark_equal_weight,-0.009036916618024804,0.0,-0.009036916618024804,0.7498993035295555,-0.3961055371549801
2024-06-06,benchmark_equal_weight,-0.004717100208662062,0.0,-0.004717100208662062,0.7463619533684006,-0.39895416785167626
2024-06-07,benchmark_equal_weight,-0.004048894158352356,0.0,-0.004048894158352356,0.7433400128153909,-0.4013877388103636
2024-06-11,benchmark_equal_weight,-0.006029748678099078,0.0,-0.006029748678099078,0.7388578593557391,-0.40499722030096563
2024-06-12,benchmark_equal_weight,0.001481432373985181,0.0,0.001481432373985181,0.7399524273083621,-0.4041157639205084
2024-06-13,benchmark_equal_weight,-0.006044946525736727,0.0,-0.006044946525736727,0.7354794544536939,-0.4077178522631384
2024-06-14,benchmark_equal_weight,0.004773280278545511,0.0,0.004773280278545511,0.7389901040289131,-0.4048907235680115
2024-06-17,benchmark_equal_weight,-0.0026671970784882815,0.0,-0.0026671970784882815,0.7370190717824154,-0.40647799729149214
2024-06-18,benchmark_equal_weight,0.0020928208077686805,0.0,0.0020928208077686805,0.738561520631564,-0.40523586209435525
2024-06-19,benchmark_equal_weight,-0.006234484482077085,0.0,-0.006234484482077085,0.7339569702921273,-0.40894390988262397
2024-06-20,benchmark_equal_weight,-0.00835000159179855,0.0,-0.00835000159179855,0.7278284284218763,-0.41387922917594633
2024-06-21,benchmark_equal_weight,-0.001185588589255826,0.0,-0.001185588589255826,0.7269655233422034,-0.4145741272737611
2024-06-24,benchmark_equal_weight,-0.009653769686382152,0.0,-0.009653769686382152,0.7199475656099176,-0.4202256938175094
2024-06-25,benchmark_equal_weight,-0.006486458854651045,0.0,-0.006486458854651045,0.7152776553480826,-0.42398637599954603
2024-06-26,benchmark_equal_weight,0.008098016136588115,0.0,0.008098016136588115,0.7210699853432322,-0.4193218083774959
2024-06-27,benchmark_equal_weight,-0.011221641915905745,0.0,-0.011221641915905745,0.7129783961714031,-0.4258379711122592
2024-06-28,benchmark_equal_weight,0.0028161895068891107,0.0,0.0028161895068891107,0.7149862784493396,-0.42422102203125145
2024-07-01,benchmark_equal_weight,0.008319174046039768,0.0,0.008319174046039768,0.7209343737402899,-0.4194310165014785
2024-07-02,benchmark_equal_weight,-0.003034287110351308,0.0,-0.003034287110351308,0.7187468518626405,-0.42119262948477787
2024-07-03,benchmark_equal_weight,-0.0042698390576854095,0.0,-0.0042698390576854095,0.715677918481969,-0.42366404380227995
2024-07-04,benchmark_equal_weight,-0.00922290748526644,0.0,-0.00922290748526644,0.7090772872505617,-0.4289795370067241
2024-07-05,benchmark_equal_weight,-0.0012618993005910628,0.0,-0.0012618993005910628,0.7081825031177152,-0.4297001073295985
2024-07-08,benchmark_equal_weight,-0.011491719284968671,0.0,-0.011491719284968671,0.7000442685893601,-0.4362538336044145
2024-07-09,benchmark_equal_weight,0.013480712597360944,0.0,0.013480712597360944,0.709481364179643,-0.4286541335573716
2024-07-10,benchmark_equal_weight,-0.0049368880646660784,0.0,-0.0049368880646660784,0.7059787341007215,-0.4314748041462084
2024-07-11,benchmark_equal_weight,0.012924219387909108,0.0,0.012924219387909108,0.7151029581434376,-0.42412705978744003
2024-07-12,benchmark_equal_weight,0.0013207359294151733,0.0,0.0013207359294151733,0.7160474203134887,-0.42336648370452346
2024-07-15,benchmark_equal_weight,-0.0019669061990081893,0.0,-0.0019669061990081893,0.7146390222036902,-0.4245006677422809
2024-07-16,benchmark_equal_weight,0.002355460568984835,0.0,0.002355460568984835,0.7163223262415489,-0.4231451017576707
2024-07-17,benchmark_equal_weight,-0.002599384850866193,0.0,-0.002599384850866193,0.7144603288383794,-0.4246445696413098
2024-07-18,benchmark_equal_weight,0.00457325939188058,0.0,0.00457325939188058,0.7177277412473656,-0.4220133200157524
2024-07-19,benchmark_equal_weight,0.0019340602951306574,0.0,0.0019340602951306574,0.7191158699744259,-0.4208954589268805
2024-07-22,benchmark_equal_weight,-0.005556842820359731,0.0,-0.005556842820359731,0.7151198561153518,-0.4241134518381804
2024-07-23,benchmark_equal_weight,-0.022086532966901773,0.0,-0.022086532966901773,0.699325337837974,-0.43683278906935175
2024-07-24,benchmark_equal_weight,-0.0069880556657637705,0.0,-0.0069880556657637705,0.6944384134486832,-0.440768232888468
2024-07-25,benchmark_equal_weight,-0.004721382535280205,0.0,-0.004721382535280205,0.6911597040515989,-0.4434085799868823
2024-07-26,benchmark_equal_weight,0.0045633158010151,0.0,0.0045633158010151,0.6943136840501225,-0.44086867756522696
2024-07-29,benchmark_equal_weight,-0.004358113803805408,0.0,-0.004358113803805408,0.6912877859994927,-0.44330543549966994
2024-07-30,benchmark_equal_weight,-0.003818468154510979,0.0,-0.003818468154510979,0.6886481256030512,-0.4454311559660038
2024-07-31,benchmark_equal_weight,0.028492358878424162,0.0,0.028492358878424162,0.7082693351386875,-0.42963018143899434
2024-08-01,benchmark_equal_weight,-0.006573364030690587,0.0,-0.006573364030690587,0.7036136229670457,-0.43337942988851474
2024-08-02,benchmark_equal_weight,-0.01016955947970799,0.0,-0.01016955947970799,0.6964581823775494,-0.43914171147868963
2024-08-05,benchmark_equal_weight,-0.013051053333298479,0.0,-0.013051053333298479,0.6873686694949279,-0.44646150291460374
2024-08-06,benchmark_equal_weight,0.0027179247823218566,0.0,0.0027179247823218566,0.6892368858363398,-0.4449570269154062
2024-08-07,benchmark_equal_weight,0.00035818099523954317,0.0,0.00035818099523954317,0.6894837573900645,-0.4447582210709059
2024-08-08,benchmark_equal_weight,0.0017035054543130812,0.0,0.0017035054543130812,0.6906582967314387,-0.4438123636720377
2024-08-09,benchmark_equal_weight,-0.0042570037235742375,0.0,-0.0042570037235742375,0.6877181617905356,-0.44618005651089176
2024-08-12,benchmark_equal_weight,-0.0008847853114397619,0.0,-0.0008847853114397619,0.6871096788625729,-0.44667006826207345
2024-08-13,benchmark_equal_weight,0.002034979092303657,0.0,0.002034979092303657,0.6885079326931778,-0.4455440534198408
2024-08-14,benchmark_equal_weight,-0.00933222715179155,0.0,-0.00933222715179155,0.6820826202694746,-0.45071836225898854
2024-08-15,benchmark_equal_weight,0.009819486328134563,0.0,0.009819486328134563,0.6887803212338689,-0.4453246987268953
2024-08-16,benchmark_equal_weight,-0.0010293725467889203,0.0,-0.0010293725467889203,0.6880713096804223,-0.4458956662544078
2024-08-19,benchmark_equal_weight,0.0039021189399467415,0.0,0.0039021189399467415,0.6907562457699603,-0.4437334852389925
2024-08-20,benchmark_equal_weight,-0.010848065383300354,0.0,-0.010848065383300354,0.6832628768519248,-0.4497679007616604
2024-08-21,benchmark_equal_weight,-0.0032295939684964803,0.0,-0.0032295939684964803,0.6810562151859462,-0.45154492703063376
2024-08-22,benchmark_equal_weight,-0.005414658699121722,0.0,-0.005414658699121722,0.6773685282257986,-0.4545146240625648
2024-08-23,benchmark_equal_weight,0.0034486708607297523,0.0,0.0034486708607297523,0.6797045493310664,-0.45263342454161515
2024-08-26,benchmark_equal_weight,0.0001421177613871727,0.0,0.0001421177613871727,0.679801147420022,-0.4525556340292528
2024-08-27,benchmark_equal_weight,-0.005794526110156795,0.0,-0.005794526110156795,0.6758620219215821,-0.45572781470172863
2024-08-28,benchmark_equal_weight,-0.00250956163786209,0.0,-0.00250956163786209,0.6741659045188798,-0.4570936992985084
2024-08-29,benchmark_equal_weight,0.002476345225266241,0.0,0.002476345225266241,0.6758353720375725,-0.4557492758729993
2024-08-30,benchmark_equal_weight,0.012695479868755077,0.0,0.012695479868755077,0.6844154263978681,-0.44883975176128954
2024-09-02,benchmark_equal_weight,-0.017494963424732335,0.0,-0.017494963424732335,0.6724416035457148,-0.4584822801453923
2024-09-03,benchmark_equal_weight,0.003550826013346331,0.0,0.003550826013346331,0.6748293266840413,-0.45655944493904443
2024-09-04,benchmark_equal_weight,-0.005793402002567782,0.0,-0.005793402002567782,0.6709197691114385,-0.4597078145390112
2024-09-05,benchmark_equal_weight,0.002802738256739712,0.0,0.002802738256739712,0.6728001816155301,-0.4581935169610021
2024-09-06,benchmark_equal_weight,-0.009454777412926163,0.0,-0.009454777412926163,0.666439005654979,-0.46331617665901614
2024-09-09,benchmark_equal_weight,-0.01009537899924945,0.0,-0.01009537899924945,0.659711051313009,-0.46873420325840964
2024-09-10,benchmark_equal_weight,0.0006684662291146504,0.0,0.0006684662291146504,0.6601520458717854,-0.4683790700146042
2024-09-11,benchmark_equal_weight,-0.0025301962076837436,0.0,-0.0025301962076837436,0.658481731668826,-0.46972417527557864
2024-09-12,benchmark_equal_weight,-0.004559366693496547,0.0,-0.004559366693496547,0.6554794719931791,-0.47214189720919364
2024-09-13,benchmark_equal_weight,-0.005922512104235833,0.0,-0.005922512104235833,0.6515973868862214,-0.47526814321229116
2024-09-18,benchmark_equal_weight,0.004249630131494708,0.0,0.004249630131494708,0.6543664347751362,-0.473038226902731
2024-09-19,benchmark_equal_weight,0.008957288663208107,0.0,0.008957288663208107,0.6602277838229315,-0.46831807818662274
2024-09-20,benchmark_equal_weight,-0.0016599573472643736,0.0,-0.0016599573472643736,0.6591318338623064,-0.4692006474991446
2024-09-23,benchmark_equal_weight,0.0017755165762107783,0.0,0.0017755165762107783,0.6603021333592372,-0.46825820445013744
2024-09-24,benchmark_equal_weight,0.046006401882390024,0.0,0.046006401882390024,0.6906802586703618,-0.4437946777064067
2024-09-25,benchmark_equal_weight,0.01173034824599739,0.0,0.01173034824599739,0.6987821786312006,-0.43727019557962565
2024-09-26,benchmark_equal_weight,0.045281074932417065,0.0,0.045281074932417065,0.7304237868232377,-0.41178918513896223
2024-09-27,benchmark_equal_weight,0.041269640401047525,0.0,0.041269640401047525,0.7605681138458041,-0.38751393632964004
2024-09-30,benchmark_equal_weight,0.08790029046076053,0.0,0.08790029046076053,0.8274222719680432,-0.33367623342984754
2024-10-08,benchmark_equal_weight,0.0536349693044883,0.0,0.0536349693044883,0.8718010401268993,-0.2979379786630063
2024-10-09,benchmark_equal_weight,-0.06432696286083128,0.0,-0.06432696286083128,0.8157207269966221,-0.34309949623555125
2024-10-10,benchmark_equal_weight,0.006978905313598072,0.0,0.006978905313598072,0.8214135647126709,-0.33851504981932423
2024-10-11,benchmark_equal_weight,-0.03004380071699858,0.0,-0.03004380071699858,0.796735179268204,-0.3583885718398462
2024-10-14,benchmark_equal_weight,0.020535022869518027,0.0,0.020535022869518027,0.8130961543954262,-0.34521306648923333
2024-10-15,benchmark_equal_weight,-0.024586627170112063,0.0,-0.024586627170112063,0.7931048623938539,-0.36131206869932353
2024-10-16,benchmark_equal_weight,-0.001978501793315268,0.0,-0.001978501793315268,0.7915357030013206,-0.3625757139167708
2024-10-17,benchmark_equal_weight,-0.011346180796752314,0.0,-0.011346180796752314,0.7825547958079832,-0.3698080451109118
2024-10-18,benchmark_equal_weight,0.03407842305936659,0.0,0.03407842305936659,0.8092230292066639,-0.34833209706359214
2024-10-21,benchmark_equal_weight,0.00553254778862472,0.0,0.00553254778862472,0.8137000942874054,-0.34472671324828363
2024-10-22,benchmark_equal_weight,0.006514003646287736,0.0,0.006514003646287736,0.8190005396685783,-0.3404582606690679
2024-10-23,benchmark_equal_weight,0.00481487120603219,0.0,0.00481487120603219,0.8229439217847535,-0.33728265213918696
2024-10-24,benchmark_equal_weight,-0.00934837095514035,0.0,-0.00934837095514035,0.8152507367286317,-0.3434779797453966
2024-10-25,benchmark_equal_weight,0.007734051639075035,0.0,0.007734051639075035,0.8215559280252848,-0.3384004045385577
2024-10-28,benchmark_equal_weight,0.006923910024169588,0.0,0.006923910024169588,0.8272443073507549,-0.3338195484675558
2024-10-29,benchmark_equal_weight,-0.009465547731366708,0.0,-0.009465547731366708,0.8194139868740249,-0.3401253113292396
2024-10-30,benchmark_equal_weight,-0.004036837094637369,0.0,-0.004036837094637369,0.8161061460959472,-0.3427891179502779
2024-10-31,benchmark_equal_weight,0.005118760373822195,0.0,0.005118760373822195,0.8202835978974158,-0.33942501292999716
2024-11-01,benchmark_equal_weight,-0.0023885337172175336,0.0,-0.0023885337172175336,0.8183243228661573,-0.34100281855936443
2024-11-04,benchmark_equal_weight,0.01289402813160534,0.0,0.01289402813160534,0.8288758197059704,-0.3325056903632203
2024-11-05,benchmark_equal_weight,0.02513545858977806,0.0,0.02513545858977806,0.8497099935482582,-0.3157279147844325
2024-11-06,benchmark_equal_weight,-0.0027287269605262288,0.0,-0.0027287269605262288,0.8473913669802344,-0.31759510647169575
2024-11-07,benchmark_equal_weight,0.026142456564605676,0.0,0.026142456564605676,0.8695442589847371,-0.2997553661831577
2024-11-08,benchmark_equal_weight,-0.00714762131207225,0.0,-0.00714762131207225,0.8633290859074277,-0.30476044965149107
2024-11-11,benchmark_equal_weight,0.006559675971236356,0.0,0.006559675971236356,0.8689922449675241,-0.30019990347881675
2024-11-12,benchmark_equal_weight,-0.012802101246832454,0.0,-0.012802101246832454,0.8578673182647377,-0.30915881516702404
2024-11-13,benchmark_equal_weight,0.0026202081376921482,0.0,0.0026202081376921482,0.8601151091931152,-0.30734866747267175
2024-11-14,benchmark_equal_weight,-0.018912534812431547,0.0,-0.018912534812431547,0.8438481522478021,-0.3204484599119719
2024-11-15,benchmark_equal_weight,-0.018699706653050374,0.0,-0.018699706653050374,0.8280684393410497,-0.3331558743672466
2024-11-18,benchmark_equal_weight,-0.006440935996935682,0.0,-0.006440935996935682,0.8227349035221715,-0.33745097470037977
2024-11-19,benchmark_equal_weight,0.007554869690697019,0.0,0.007554869690697019,0.8289505585082697,-0.3324455031505428
2024-11-20,benchmark_equal_weight,0.005638024590846946,0.0,0.005638024590846946,0.8336242021417356,-0.3286818144815751
2024-11-21,benchmark_equal_weight,0.0002672322711296804,0.0,0.0002672322711296804,0.8338469734305426,-0.32850241659820834
2024-11-22,benchmark_equal_weight,-0.03441630572340032,0.0,-0.03441630572340032,0.8051490410664249,-0.3516128827210889
2024-11-25,benchmark_equal_weight,-0.005017664291822099,0.0,-0.005017664291822099,0.8011090734734712,-0.3548662716067368
2024-11-26,benchmark_equal_weight,-0.0018688051676049033,0.0,-0.0018688051676049033,0.7996119566971488,-0.35607190085215434
2024-11-27,benchmark_equal_weight,0.016425323626928057,0.0,0.016425323626928057,0.8127458418618606,-0.3454951734311784
2024-11-28,benchmark_equal_weight,-0.007055603030480362,0.0,-0.007055603030480362,0.8070114298370098,-0.3501130996689813
2024-11-29,benchmark_equal_weight,0.011034535281976288,0.0,0.011034535281976288,0.8159164259325045,-0.3429418997379845
2024-12-02,benchmark_equal_weight,0.01051671670257659,0.0,0.01051671670257659,0.8244971878370154,-0.3360318058403957
2024-12-03,benchmark_equal_weight,0.0016577186624386897,0.0,0.0016577186624386897,0.825863972212421,-0.33493113337367164
2024-12-04,benchmark_equal_weight,-0.00523546967733679,0.0,-0.00523546967733679,0.821540186428298,-0.33841308125823455
2024-12-05,benchmark_equal_weight,-0.0005586781468465141,0.0,-0.0005586781468465141,0.8210812098793843,-0.33878269541197503
2024-12-06,benchmark_equal_weight,0.012207190991248118,0.0,0.012207190991248118,0.831104305027707,-0.33071108948815076
2024-12-09,benchmark_equal_weight,-0.0022773170032723278,0.0,-0.0022773170032723278,0.8292116170623746,-0.33223527250416096
2024-12-10,benchmark_equal_weight,0.007856308629311637,0.0,0.007856308629311637,0.8357261594450273,-0.3269891067131855
2024-12-11,benchmark_equal_weight,0.0022147499413069927,0.0,0.0022147499413069927,0.8375770839076069,-0.32549855587677945
2024-12-12,benchmark_equal_weight,0.00921019751910579,0.0,0.00921019751910579,0.8452913342878726,-0.3192862643494825
2024-12-13,benchmark_equal_weight,-0.021074724191060767,0.0,-0.021074724191060767,0.827477052556662,-0.33363211858138375
2024-12-16,benchmark_equal_weight,-0.005650101232492377,0.0,-0.005650101232492377,0.8228017234421525,-0.3373971645694803
2024-12-17,benchmark_equal_weight,-0.0034078336408738252,0.0,-0.0034078336408738252,0.8199977520492374,-0.3396552048025988
2024-12-18,benchmark_equal_weight,0.007040490340438854,0.0,0.007040490340438854,0.8257709383017217,-0.3350060536506525
2024-12-19,benchmark_equal_weight,-0.0006720447421416087,0.0,-0.0006720447421416087,0.8252159832844227,-0.3354529593358525
2024-12-20,benchmark_equal_weight,-0.0011983833616675543,0.0,-0.0011983833616675543,0.8242270581802725,-0.3362493414524298
2024-12-23,benchmark_equal_weight,-0.004040353373373384,0.0,-0.004040353373373384,0.8208968896053283,-0.33893112866477126
2024-12-24,benchmark_equal_weight,0.012409229480951911,0.0,0.012409229480951911,0.8310835874886404,-0.33072777333765857
2024-12-25,benchmark_equal_weight,-0.0032037079002981694,0.0,-0.0032037079002981694,0.8284210384335948,-0.3328719260576669
2024-12-26,benchmark_equal_weight,0.0026076810840970355,0.0,0.0026076810840970355,0.8305812963051861,-0.3311322687985775
2024-12-27,benchmark_equal_weight,0.0008631420924084532,0.0,0.0008631420924084532,0.8312982059831941,-0.33055494090552384
2024-12-30,benchmark_equal_weight,0.0031306401718700916,0.0,0.0031306401718700916,0.8339007015416486,-0.3284591493106628
2024-12-31,benchmark_equal_weight,-0.020925471334645174,0.0,-0.020925471334645174,0.8164509363155984,-0.3425114581318057
2025-01-02,benchmark_equal_weight,-0.02957234927561775,0.0,-0.02957234927561775,0.7923065640604684,-0.36195493893664854
2025-01-03,benchmark_equal_weight,-0.015085701469166324,0.0,-0.015085701469166324,0.7803540637629913,-0.37158029625172617
2025-01-06,benchmark_equal_weight,-0.0014501913168207814,0.0,-0.0014501913168207814,0.7792224010756764,-0.372491625049421
2025-01-07,benchmark_equal_weight,0.008018870142664114,0.0,0.008018870142664114,0.7854708843221572,-0.3674597168772582
2025-01-08,benchmark_equal_weight,-0.0014348523157974857,0.0,-0.0014348523157974857,0.7843438496047961,-0.368367318767332
2025-01-09,benchmark_equal_weight,-0.0038977958253443856,0.0,-0.0038977958253443856,0.781286637422172,-0.3708292939953918
2025-01-10,benchmark_equal_weight,-0.011745832894662411,0.0,-0.011745832894662411,0.7721097751361784,-0.3782194279703387
2025-01-13,benchmark_equal_weight,-0.00018941513301462543,0.0,-0.00018941513301462543,0.771963525860419,-0.3783372026200956
2025-01-14,benchmark_equal_weight,0.026605376904554445,0.0,0.026605376904554445,0.7925019064225043,-0.36179762958826367
2025-01-15,benchmark_equal_weight,-0.00587501810509905,0.0,-0.00587501810509905,0.7878459433739465,-0.3655470800691497
2025-01-16,benchmark_equal_weight,-9.83881373960993e-05,0.0,-9.83881373960993e-05,0.7877684286790229,-0.3656095027102073
2025-01-17,benchmark_equal_weight,0.004215067829108743,0.0,0.004215067829108743,0.7910889260395354,-0.36293550373398875
2025-01-20,benchmark_equal_weight,0.0036939951762958723,0.0,0.0036939951762958723,0.7940112047163465,-0.36058219055779284
2025-01-21,benchmark_equal_weight,0.0009378179195400071,0.0,0.0009378179195400071,0.794755842652445,-0.35998253307802486
2025-01-22,benchmark_equal_weight,-0.008871077971344399,0.0,-0.008871077971344399,0.7877055016040937,-0.36566017793011196
2025-01-23,benchmark_equal_weight,0.0011261339543724436,0.0,0.0011261339543724436,0.788592563515496,-0.36494582631786854
2025-01-24,benchmark_equal_weight,0.008145042261259339,0.0,0.008145042261259339,0.7950156832722445,-0.35977328323503854
2025-01-27,benchmark_equal_weight,-0.004480338440018827,0.0,-0.004480338440018827,0.791453743946062,-0.36264171560448755
2025-02-05,benchmark_equal_weight,-0.0019610250261575257,0.0,-0.0019610250261575257,0.7899016833471378,-0.36389159115081593
2025-02-06,benchmark_equal_weight,0.015497725654460948,0.0,0.015497725654460948,0.8021433629296486,-0.3540333575439757
2025-02-07,benchmark_equal_weight,0.012848749636642287,0.0,0.012848749636642287,0.8124499021726259,-0.3457334938814358
2025-02-10,benchmark_equal_weight,0.007159236838681915,0.0,0.007159236838681915,0.8182664234418437,-0.3410494450085161
2025-02-11,benchmark_equal_weight,-0.0038519424448513195,0.0,-0.0038519424448513195,0.8151145082741914,-0.34358768462034606
2025-02-12,benchmark_equal_weight,0.01193974955224153,0.0,0.01193974955224153,0.8248467713593838,-0.335750285971706
2025-02-13,benchmark_equal_weight,-0.0033522303812211773,0.0,-0.0033522303812211773,0.8220816949525807,-0.33797700404378916
2025-02-14,benchmark_equal_weight,0.007933193290578067,0.0,0.007933193290578067,0.8286034279392857,-0.33272504765406086
2025-02-17,benchmark_equal_weight,0.0007579019102745832,0.0,0.0007579019102745832,0.8292314280601809,-0.3322193186929995
2025-02-18,benchmark_equal_weight,-0.01158597772322606,0.0,-0.01158597772322606,0.8196239712072767,-0.3399562107906231
2025-02-19,benchmark_equal_weight,0.011187965017783297,0.0,0.011187965017783297,0.8287938955248804,-0.3325716639667434
2025-02-20,benchmark_equal_weight,-0.0017482762079860104,0.0,-0.0017482762079860104,0.8273449348760101,-0.33373851304716606
2025-02-21,benchmark_equal_weight,0.014785419226525098,0.0,0.014785419226525098,0.8395775765830941,-0.3238875576480804
2025-02-24,benchmark_equal_weight,-0.002512116060083225,0.0,-0.002512116060083225,0.837468460269274,-0.3255860305729348
2025-02-25,benchmark_equal_weight,-0.011151696442887438,0.0,-0.011151696442887438,0.8281292662198587,-0.3331068904368282
2025-02-26,benchmark_equal_weight,0.010432172703745857,0.0,0.010432172703745857,0.8367684537460905,-0.32614974634292715
2025-02-27,benchmark_equal_weight,0.00044885633760533006,0.0,0.00044885633760533006,0.8371440425696627,-0.3258472843859762
2025-02-28,benchmark_equal_weight,-0.021512687434452227,0.0,-0.021512687434452227,0.8191348244442478,-0.3403501210400678
2025-03-03,benchmark_equal_weight,0.00023296474162975978,0.0,0.00023296474162975978,0.8193256539769843,-0.3401964458764498
2025-03-04,benchmark_equal_weight,0.0030156863661108257,0.0,0.0030156863661108257,0.8217964831810876,-0.338206685293968
2025-03-05,benchmark_equal_weight,0.004959657307564647,0.0,0.004959657307564647,0.8258723121142276,-0.33492441724458877
2025-03-06,benchmark_equal_weight,0.016201563026763344,0.0,0.016201563026763344,0.839252734431005,-0.32414915327301563
2025-03-07,benchmark_equal_weight,-0.0031709481004484896,0.0,-0.0031709481004484896,0.8365915075669648,-0.32629224123163103
2025-03-10,benchmark_equal_weight,-0.0024756179322044103,0.0,-0.0024756179322044103,0.834520426628902,-0.3279600842403033
2025-03-11,benchmark_equal_weight,0.005120640733265569,0.0,0.005120640733265569,0.8387937059182401,-0.3245188092732839
2025-03-12,benchmark_equal_weight,-0.002832576899980399,0.0,-0.002832576899980399,0.8364177582430071,-0.3264321616905077
2025-03-13,benchmark_equal_weight,-0.004675231645877909,0.0,-0.004675231645877909,0.8325073114704952,-0.3295812473638178
2025-03-14,benchmark_equal_weight,0.023083571201071296,0.0,0.023083571201071296,0.8517245532702368,-0.3141055883528071
2025-03-17,benchmark_equal_weight,0.00018732052819581124,0.0,0.00018732052819581124,0.8518840987634327,-0.31397710624933073
2025-03-18,benchmark_equal_weight,0.0024025985877622613,0.0,0.0024025985877622613,0.8539308342960589,-0.31232886861363285
2025-03-19,benchmark_equal_weight,-0.001280529186366064,0.0,-0.001280529186366064,0.8528373509396049,-0.3132094515679944
2025-03-20,benchmark_equal_weight,-0.008675672759271724,0.0,-0.008675672759271724,0.8454384131659687,-0.3191678216203512
2025-03-21,benchmark_equal_weight,-0.015102801641838803,0.0,-0.015102801641838803,0.8326699245115321,-0.3294502949618001
2025-03-24,benchmark_equal_weight,0.003120358248074162,0.0,0.003120358248074162,0.835268152978405,-0.32735793965894044
2025-03-25,benchmark_equal_weight,-0.0021197013153879674,0.0,-0.0021197013153879674,0.833497633975835,-0.32878373991903065
2025-03-26,benchmark_equal_weight,-0.0025790312747860367,0.0,-0.0025790312747860367,0.8313480175103511,-0.3305148276459243
2025-03-27,benchmark_equal_weight,0.0032920781597428617,0.0,0.0032920781597428617,0.8340848801619424,-0.3283108301317459
2025-03-28,benchmark_equal_weight,-0.005551934859972685,0.0,-0.005551934859972685,0.8294540952395952,-0.3320400046490035
2025-03-31,benchmark_equal_weight,-0.007555821652330208,0.0,-0.007555821652330208,0.82318688802717,-0.33708699124476693
2025-04-01,benchmark_equal_weight,0.0024459504736081827,0.0,0.0024459504736081827,0.825200362385808,-0.3354655388570411
2025-04-02,benchmark_equal_weight,-0.00023894804853752394,0.0,-0.00023894804853752394,0.8250031823695634,-0.3356243280697172
2025-04-03,benchmark_equal_weight,-0.0038586213696711336,0.0,-0.0038586213696711336,0.8218198074600255,-0.338187902234917
2025-04-07,benchmark_equal_weight,-0.0750557545041155,0.0,-0.0750557545041155,0.7601375017446863,-0.3878607085726268
2025-04-08,benchmark_equal_weight,0.015171714647418844,0.0,0.015171714647418844,0.7716700910139586,-0.3785735059186175
2025-04-09,benchmark_equal_weight,0.015011483812888304,0.0,0.015011483812888304,0.7832540040941046,-0.36924497216181495
2025-04-10,benchmark_equal_weight,0.012573601851213367,0.0,0.012573601851213367,0.7931023280899526,-0.36131410957612653
2025-04-11,benchmark_equal_weight,0.004691252180985872,0.0,0.004691252180985872,0.7968229711163496,-0.35831787299971063
2025-04-14,benchmark_equal_weight,0.0057518591351544135,0.0,0.0057518591351544135,0.8014061846018661,-0.3546270077956587
2025-04-15,benchmark_equal_weight,-0.000971135737612927,0.0,-0.000971135737612927,0.8006279104156552,-0.3552537525724785
2025-04-16,benchmark_equal_weight,0.0004605396121613592,0.0,0.0004605396121613592,0.8009966312830035,-0.3549568213857458
2025-04-17,benchmark_equal_weight,0.00027652714352588426,0.0,0.00027652714352588426,0.801218128593426,-0.35477844943811276
2025-04-18,benchmark_equal_weight,-9.082891918915648e-05,0.0,-9.082891918915648e-05,0.8011453548167711,-0.3548370542141879
2025-04-21,benchmark_equal_weight,0.006434530647718761,0.0,0.006434530647718761,0.8063003491556171,-0.3506857334667566
2025-04-22,benchmark_equal_weight,-0.0009075424648306019,0.0,-0.0009075424648306019,0.8055685973493506,-0.3512750137366558
2025-04-23,benchmark_equal_weight,-0.0004961739205839866,0.0,-0.0004961739205839866,0.8051688952201045,-0.3515968941564709
2025-04-24,benchmark_equal_weight,-0.0013458509896398518,0.0,-0.0013458509896398518,0.8040852578656453,-0.3524695481181559
2025-04-25,benchmark_equal_weight,0.0006657003622472235,0.0,0.0006657003622472235,0.8046205377130842,-0.35203848686177197
2025-04-28,benchmark_equal_weight,-0.0021107033987489143,0.0,-0.0021107033987489143,0.80292222240943,-0.3534061414298113
2025-04-29,benchmark_equal_weight,-0.0004870144997416448,0.0,-0.0004870144997416448,0.8025311876449518,-0.35372104201437893
2025-04-30,benchmark_equal_weight,6.689566521189683e-05,0.0,6.689566521189683e-05,0.8025848735026025,-0.35367780875357213
2025-05-06,benchmark_equal_weight,0.012397583075137164,0.0,0.012397583075137164,0.8125349861466994,-0.3456649756942899
2025-05-07,benchmark_equal_weight,0.005207974897310619,0.0,0.005207974897310619,0.816766647957738,-0.3422572153132747
2025-05-08,benchmark_equal_weight,0.0036933966953489605,0.0,0.0036933966953489605,0.8197832911961763,-0.3398279102859231
2025-05-09,benchmark_equal_weight,-0.0036712205014182153,0.0,-0.0036712205014182153,0.8167736859708168,-0.3422515475961456
2025-05-12,benchmark_equal_weight,0.00975473094726953,0.0,0.00975473094726953,0.8247410935222717,-0.33583538841196314
2025-05-13,benchmark_equal_weight,-2.9402193883865113e-05,0.0,-2.9402193883865113e-05,0.8247168443247359,-0.33585491630864384
2025-05-14,benchmark_equal_weight,0.009951764979992506,0.0,0.009951764979992506,0.8329242325344968,-0.32924550052312995
2025-05-15,benchmark_equal_weight,-0.009676059235179058,0.0,-0.009676059235179058,0.824864808322077,-0.33573576079233103
2025-05-16,benchmark_equal_weight,-0.0042642985818284185,0.0,-0.0042642985818284185,0.821347338489749,-0.3385683818455436
2025-05-19,benchmark_equal_weight,-0.001697438302298182,0.0,-0.001697438302298182,0.8199531520579058,-0.33969112120855005
2025-05-20,benchmark_equal_weight,0.004455615277148217,0.0,0.004455615277148217,0.8236065478487608,-0.3367490388805703
2025-05-21,benchmark_equal_weight,0.003089510030606313,0.0,0.003089510030606313,0.8261510885396125,-0.33469991838338264
2025-05-22,benchmark_equal_weight,-0.003790961865950848,0.0,-0.003790961865950848,0.823019181267445,-0.33722204562220526
2025-05-23,benchmark_equal_weight,-0.00838783367775947,0.0,-0.00838783367775947,0.8161158332613679,-0.34278131686881175
2025-05-26,benchmark_equal_weight,-0.0008396967715522674,0.0,-0.0008396967715522674,0.8154305434309657,-0.34333318127524093
2025-05-27,benchmark_equal_weight,-0.004146404732164766,0.0,-0.004146404732164766,0.8120494383669318,-0.3460559876798569
2025-05-28,benchmark_equal_weight,-0.0017318224925733094,0.0,-0.0017318224925733094,0.8106431128844864,-0.3471885026292765
2025-05-29,benchmark_equal_weight,0.00879181186270206,0.0,0.00879181186270206,0.8177701346207619,-0.34144910676258433
2025-05-30,benchmark_equal_weight,-0.006535472487839755,0.0,-0.006535472487839755,0.8124256204045709,-0.34575304800717976
2025-06-03,benchmark_equal_weight,0.003700740863158969,0.0,0.003700740863158969,0.8154321970962795,-0.34333184957734264
2025-06-04,benchmark_equal_weight,0.004534313782206811,0.0,0.004534313782206811,0.8191296225460284,-0.3403543101325449
2025-06-05,benchmark_equal_weight,0.0029398586726193665,0.0,0.0029398586726193665,0.8215377478708696,-0.33841504503033215
2025-06-06,benchmark_equal_weight,-0.0012925543153256003,0.0,-0.0012925543153256003,0.8204758657096562,-0.33927017951883265
2025-06-09,benchmark_equal_weight,0.0034051723798434463,0.0,0.0034051723798434463,0.8232697274658989,-0.33702028058359135
2025-06-10,benchmark_equal_weight,-0.0060450708405612175,0.0,-0.0060450708405612175,0.8182930036424779,-0.341028039953319
2025-06-11,benchmark_equal_weight,0.005974904469854492,0.0,0.005974904469854492,0.8231822261675921,-0.3370907454437273
2025-06-12,benchmark_equal_weight,0.0004429656379270619,0.0,0.0004429656379270619,0.8235468676075366,-0.33679709942289504
2025-06-13,benchmark_equal_weight,-0.00790344293966283,0.0,-0.00790344293966283,0.8170380119312624,-0.34203868570502505
2025-06-16,benchmark_equal_weight,0.004003552950276323,0.0,0.004003552950276323,0.8203090668744176,-0.3394045027440118
2025-06-17,benchmark_equal_weight,-0.001661411661069423,0.0,-0.001661411661069423,0.8189461958250316,-0.3405020238064027
2025-06-18,benchmark_equal_weight,-0.0011892055590335127,0.0,-0.0011892055590335127,0.8179723004564071,-0.34128630246586344
2025-06-19,benchmark_equal_weight,-0.008694803214847113,0.0,-0.008694803214847113,0.810860192268743,-0.347013688440847
2025-06-20,benchmark_equal_weight,-0.0017488812442653101,0.0,-0.0017488812442653101,0.8094420940867628,-0.34815568395389485
2025-06-23,benchmark_equal_weight,0.0051404489424896616,0.0,0.0051404489424896616,0.8136029898433178,-0.34480491152880766
2025-06-24,benchmark_equal_weight,0.01387795025292049,0.0,0.01387795025292049,0.8248941316619908,-0.33571214668504656
2025-06-25,benchmark_equal_weight,0.014242459641344518,0.0,0.014242459641344518,0.8366426530405685,-0.326251053743973
2025-06-26,benchmark_equal_weight,-0.00375852638181412,0.0,-0.00375852638181412,0.8334981095569646,-0.3287833569331958
2025-06-27,benchmark_equal_weight,-0.0034588770808650637,0.0,-0.0034588770808650637,0.8306151420488737,-0.33110501279619475
2025-06-30,benchmark_equal_weight,0.005220580201916958,0.0,0.005220580201916958,0.8349514350148665,-0.32761299286883705
2025-07-01,benchmark_equal_weight,0.002685811671613414,0.0,0.002685811671613414,0.8371939573242598,-0.3258070879972429
2025-07-02,benchmark_equal_weight,-0.0026245521002208894,0.0,-0.0026245521002208894,0.8349966981652722,-0.3275765424203938
2025-07-03,benchmark_equal_weight,0.0028874441271787843,0.0,0.0028874441271787843,0.8374077044776033,-0.32563495725682823
2025-07-04,benchmark_equal_weight,0.001969418701046166,0.0,0.001969418701046166,0.8390569108712016,-0.324306850130318
2025-07-07,benchmark_equal_weight,-0.0025588446447677993,0.0,-0.0025588446447677993,0.8369098945881634,-0.32603584392836826
2025-07-08,benchmark_equal_weight,0.009419251640068071,0.0,0.009419251640068071,0.8447929594853523,-0.3196876059459435
2025-07-09,benchmark_equal_weight,-0.003351589349458728,0.0,-0.003351589349458728,0.8419615603998435,-0.32196773372015974
2025-07-10,benchmark_equal_weight,0.005587826894372427,0.0,0.005587826894372427,0.8466662958510734,-0.3181790067873891
2025-07-11,benchmark_equal_weight,0.0036499744104544485,0.0,0.0036499744104544485,0.849756606165124,-0.31569037760965246
2025-07-14,benchmark_equal_weight,-0.0003282275091047171,0.0,-0.0003282275091047171,0.8494776926709372,-0.315914986852466
2025-07-15,benchmark_equal_weight,-0.0020927998761974265,0.0,-0.0020927998761974265,0.847699905860883,-0.3173466398832897
2025-07-16,benchmark_equal_weight,-0.0012812913346777477,0.0,-0.0012812913346777477,0.8466137553170963,-0.31822131771819584
2025-07-17,benchmark_equal_weight,0.006036499545405749,0.0,0.006036499545405749,0.8517243388662022,-0.3141057610125344
2025-07-18,benchmark_equal_weight,0.005100000587360154,0.0,0.005100000587360154,0.8560681334946887,-0.3106076999908315
2025-07-21,benchmark_equal_weight,0.006454270796497852,0.0,0.006454270796497852,0.8615934290485159,-0.30615817540155177
2025-07-22,benchmark_equal_weight,0.007824941351969539,0.0,0.007824941351969539,0.8683353471000629,-0.3007289038165254
2025-07-23,benchmark_equal_weight,0.0002750436481769314,0.0,0.0002750436481769314,0.8685741772217702,-0.30053657374316645
2025-07-24,benchmark_equal_weight,0.009820567085907173,0.0,0.009820567085907173,0.8771040681982631,-0.2936674462414728
2025-07-25,benchmark_equal_weight,-0.0025337857191257696,0.0,-0.0025337857191257696,0.8748816744360752,-0.2954571415791398
2025-07-28,benchmark_equal_weight,0.003188874945878495,0.0,0.003188874945878495,0.8776715626882927,-0.2932104425096239
2025-07-29,benchmark_equal_weight,0.0036256728741795863,0.0,0.0036256728741795863,0.8808537126655703,-0.2906478547832777
2025-07-30,benchmark_equal_weight,-0.0013448780724970022,0.0,-0.0013448780724970022,0.8796690718223289,-0.29160184692905833
2025-07-31,benchmark_equal_weight,-0.014684363341390505,0.0,-0.014684363341390505,0.8667516915515061,-0.302004222799122
2025-08-01,benchmark_equal_weight,-0.004993262035050683,0.0,-0.004993262035050683,0.8624237732362661,-0.30548949861404484
2025-08-04,benchmark_equal_weight,0.006676351622892485,0.0,0.006676351622892485,0.8681816175943331,-0.3008527023010008
2025-08-05,benchmark_equal_weight,0.007166128045145492,0.0,0.007166128045145492,0.8744031182324555,-0.2958425232432724
2025-08-06,benchmark_equal_weight,0.005494152603005675,0.0,0.005494152603005675,0.8792072224005687,-0.2919737746094234
2025-08-07,benchmark_equal_weight,-0.001401287696113085,0.0,-0.001401287696113085,0.877975200137485,-0.2929659230475887
2025-08-08,benchmark_equal_weight,-0.0027404282897985355,0.0,-0.0027404282897985355,0.8755691720612867,-0.2949034992339207
2025-08-11,benchmark_equal_weight,0.005526635235318933,0.0,0.005526635235318933,0.8804081234985597,-0.29100668806848673
2025-08-12,benchmark_equal_weight,0.00513274662920149,0.0,0.00513274662920149,0.8849270353267685,-0.2873676050365438
2025-08-13,benchmark_equal_weight,0.008069601099711443,0.0,0.008069601099711443,0.8920680435042058,-0.28161694587845676
2025-08-14,benchmark_equal_weight,-0.0030808270426943563,0.0,-0.0030808270426943563,0.8893197361518547,-0.2838301598186077
2025-08-15,benchmark_equal_weight,0.0113892985091546,0.0,0.0113892985091546,0.8994484640969708,-0.27567348772552824
2025-08-18,benchmark_equal_weight,0.008640168813826454,0.0,0.008640168813826454,0.9072198506661056,-0.2694151843831467
2025-08-19,benchmark_equal_weight,-0.005622996705134831,0.0,-0.005622996705134831,0.9021185564349771,-0.27352326039418184
2025-08-20,benchmark_equal_weight,0.01161184090916445,0.0,0.01161184090916445,0.912593813593505,-0.2650875280696706
2025-08-21,benchmark_equal_weight,0.0008905727682916864,0.0,0.0008905727682916864,0.9134065447924029,-0.2644330350350915
2025-08-22,benchmark_equal_weight,0.02045734837082913,0.0,0.02045734837082913,0.9320924206834164,-0.24938528538273097
2025-08-25,benchmark_equal_weight,0.019912791918701545,0.0,0.019912791918701545,0.950652983105484,-0.2344384507594418
2025-08-26,benchmark_equal_weight,-0.0024825186298284563,0.0,-0.0024825186298284563,0.9482929693644225,-0.2363389715677119
2025-08-27,benchmark_equal_weight,-0.015941014511560714,0.0,-0.015941014511560714,0.9331762173785733,-0.2485125031038644
2025-08-28,benchmark_equal_weight,0.018082045820940196,0.0,0.018082045820940196,0.9500499525002242,-0.23492407175112495
2025-08-29,benchmark_equal_weight,0.00499704725694694,0.0,0.00499704725694694,0.954797397009328,-0.23110095118251273
2025-09-01,benchmark_equal_weight,0.005503909836757415,0.0,0.005503909836757415,0.9600525157948381,-0.2268690001442527
2025-09-02,benchmark_equal_weight,-0.008490856041938888,0.0,-0.008490856041938888,0.9519008480905229,-0.23343354416558804
2025-09-03,benchmark_equal_weight,-0.012023039593454743,0.0,-0.012023039593454743,0.9404561065048874,-0.24265000301509942
2025-09-04,benchmark_equal_weight,-0.02090791075170889,0.0,-0.02090791075170889,0.9207931341641835,-0.2584846091598668
2025-09-05,benchmark_equal_weight,0.021540042762802858,0.0,0.021540042762802858,0.9406270576497754,-0.2425123359318938
2025-09-08,benchmark_equal_weight,0.005255982725953512,0.0,0.005255982725953512,0.9455709772163471,-0.238530993854429
2025-09-09,benchmark_equal_weight,-0.0064292704071606255,0.0,-0.0064292704071606255,0.93949164571466,-0.24342668400161072
2025-09-10,benchmark_equal_weight,0.0020978566686172817,0.0,0.0020978566686172817,0.9414625645287329,-0.2418395016253455
2025-09-11,benchmark_equal_weight,0.02114491732561763,0.0,0.02114491732561763,0.961369712620857,-0.22580826056766434
2025-09-12,benchmark_equal_weight,-0.000679586550653033,0.0,-0.000679586550653033,0.9607163786939548,-0.22633439086140916
2025-09-15,benchmark_equal_weight,-0.0017243839619523471,0.0,-0.0017243839619523471,0.95905973477855,-0.2276684874297218
2025-09-16,benchmark_equal_weight,0.001260351601976517,0.0,0.001260351601976517,0.9602684872516692,-0.22669507817059698
2025-09-17,benchmark_equal_weight,0.0056411763664822034,0.0,0.0056411763664822034,0.9656855311474308,-0.22233272872148868
2025-09-18,benchmark_equal_weight,-0.010907903053405499,0.0,-0.010907903053405499,0.9551519269935983,-0.230815447924401
2025-09-19,benchmark_equal_weight,-0.0025799421842592207,0.0,-0.0025799421842592207,0.9526876902447711,-0.23279989959778136
2025-09-22,benchmark_equal_weight,0.005956686363382979,0.0,0.005956686363382979,0.9583625520178148,-0.22822992922172947
2025-09-23,benchmark_equal_weight,-0.0035295503324470068,0.0,-0.0035295503324470068,0.9549799631537356,-0.2309539305316176
2025-09-24,benchmark_equal_weight,0.013380948990042385,0.0,0.013380948990042385,0.9677585013272082,-0.2206633643050686
2025-09-25,benchmark_equal_weight,0.003452501342666281,0.0,0.003452501342666281,0.971099688852417,-0.21797270352394293
2025-09-26,benchmark_equal_weight,-0.00882290704143851,0.0,-0.00882290704143851,0.9625317665697023,-0.22487245766461872
2025-09-29,benchmark_equal_weight,0.013015710691822058,0.0,0.013015710691822058,0.9750598015750619,-0.21478362182431832
2025-09-30,benchmark_equal_weight,0.006877847331758891,0.0,0.006877847331758891,0.9817661140296302,-0.20938302345282944
2025-10-09,benchmark_equal_weight,0.014507065837892186,0.0,0.014507065837892186,0.9960086596832695,-0.19791349092150445
2025-10-10,benchmark_equal_weight,-0.017553289989408416,0.0,-0.017553289989408416,0.978525430847887,-0.21199274801195156
2025-10-13,benchmark_equal_weight,-0.0027492560265807153,0.0,-0.0027492560265807153,0.975835213909966,-0.21415918169846904
2025-10-14,benchmark_equal_weight,-0.013345639296903467,0.0,-0.013345639296903467,0.962812069131907,-0.22464672980430467
2025-10-15,benchmark_equal_weight,0.013686482944246015,0.0,0.013686482944246015,0.975989580094595,-0.2140348704960059
2025-10-16,benchmark_equal_weight,-0.001308855399318798,0.0,-0.001308855399318798,0.9747121508630093,-0.21506358519943347
2025-10-17,benchmark_equal_weight,-0.023413582028100843,0.0,-0.023413582028100843,0.9518906479649917,-0.23344175833421
2025-10-20,benchmark_equal_weight,0.005012527520397492,0.0,0.005012527520397492,0.956662026034325,-0.22959936405187276
2025-10-21,benchmark_equal_weight,0.013648267721345864,0.0,0.013648267721345864,0.9697188054844866,-0.2190847299197577
2025-10-22,benchmark_equal_weight,-0.00350562951849126,0.0,-0.00350562951849126,0.9663193306153441,-0.22182232954199155
2025-10-23,benchmark_equal_weight,0.003807518373637131,0.0,0.003807518373637131,0.9699986092214626,-0.21885940376376867
2025-10-24,benchmark_equal_weight,0.011214473887440568,0.0,0.011214473887440568,0.9808766332954305,-0.21009932294485756
2025-10-27,benchmark_equal_weight,0.012218108263397975,0.0,0.012218108263397975,0.9928610901940715,-0.20044823095526643
2025-10-28,benchmark_equal_weight,-0.005712740160707219,0.0,-0.005712740160707219,0.9871891327701163,-0.20501586245685277
2025-10-29,benchmark_equal_weight,0.011597179422825232,0.0,0.011597179422825232,0.9986377422671145,-0.19579628877546496
2025-10-30,benchmark_equal_weight,-0.00904529752170491,0.0,-0.00904529752170491,0.9896047667719048,-0.2030705506115501
2025-10-31,benchmark_equal_weight,-0.009456919297729904,0.0,-0.009456919297729904,0.9802461543558941,-0.21060704810040098
2025-11-03,benchmark_equal_weight,0.0009734727688938127,0.0,0.0009734727688938127,0.9812003972939726,-0.20983859555776996
2025-11-04,benchmark_equal_weight,-0.008931329932499898,0.0,-0.008931329932499898,0.9724369728158401,-0.216895787760771
2025-11-05,benchmark_equal_weight,0.00045428520730217414,0.0,0.00045428520730217414,0.972878736547624,-0.21654003510137476
2025-11-06,benchmark_equal_weight,0.014161642886665216,0.0,0.014161642886665216,0.9866562977866417,-0.20544495486248104
2025-11-07,benchmark_equal_weight,-0.002262771657655649,0.0,-0.002262771657655649,0.9844237198801626,-0.2072428514990654
2025-11-10,benchmark_equal_weight,0.00363689500563924,0.0,0.00363689500563924,0.9880039655904275,-0.20435967698499768
2025-11-11,benchmark_equal_weight,-0.006701072857112689,0.0,-0.006701072857112689,0.9813832790338898,-0.2096913207575779
2025-11-12,benchmark_equal_weight,-0.0017231707778619376,0.0,-0.0017231707778619376,0.9796921880455762,-0.21105315757913912
2025-11-13,benchmark_equal_weight,0.01255715630237697,0.0,0.01255715630237697,0.9919943359790823,-0.20114622876459354
2025-11-14,benchmark_equal_weight,-0.01387838111167461,0.0,-0.01387838111167461,0.978227060523742,-0.21223302585429704
2025-11-17,benchmark_equal_weight,-0.004344438072676038,0.0,-0.004344438072676038,0.9739772136382807,-0.21565543068917237
2025-11-18,benchmark_equal_weight,-0.007330821548795441,0.0,-0.007330821548795441,0.9668371604925055,-0.22140532075955688
2025-11-19,benchmark_equal_weight,0.0009089121995357052,0.0,0.0009089121995357052,0.9677159305826417,-0.22069764655710156
2025-11-20,benchmark_equal_weight,-0.006263968724544711,0.0,-0.006263968724544711,0.9616541882592283,-0.22557917212603196
2025-11-21,benchmark_equal_weight,-0.026029171861617684,0.0,-0.026029171861617684,0.9366231261215844,-0.24573670494797983
2025-11-24,benchmark_equal_weight,0.002886018882162389,0.0,0.002886018882162389,0.9393262381490413,-0.24355988683633767
2025-11-25,benchmark_equal_weight,0.009222928033452704,0.0,0.009222928033452704,0.9479895764434236,-0.23658329411101242
2025-11-26,benchmark_equal_weight,0.0013565061318567828,0.0,0.0013565061318567828,0.9492755301168054,-0.23554771466831215
2025-11-27,benchmark_equal_weight,-0.000909349657653713,0.0,-0.000909349657653713,0.9484123067384747,-0.2362428690922711
2025-11-28,benchmark_equal_weight,0.005328021079614109,0.0,0.005328021079614109,0.9534654675009426,-0.2321735549990892
2025-12-01,benchmark_equal_weight,0.00904846224986755,0.0,0.00904846224986755,0.9620928637901773,-0.22522590639704831
2025-12-02,benchmark_equal_weight,-0.006872274206915607,0.0,-0.006872274206915607,0.9554810978176945,-0.23055036641670235
2025-12-03,benchmark_equal_weight,-0.005704681038550985,0.0,-0.005704681038550985,0.95003038291628,-0.23493983115152506
2025-12-04,benchmark_equal_weight,0.00307586375910307,0.0,0.00307586375910307,0.952952546941139,-0.23258661030463068
2025-12-05,benchmark_equal_weight,0.010714405691308104,0.0,0.010714405691308104,0.9631628671336318,-0.2243642319144925
2025-12-08,benchmark_equal_weight,0.008140344234891184,0.0,0.008140344234891184,0.9710033444263644,-0.2180502897613822
2025-12-09,benchmark_equal_weight,-0.007102281184713954,0.0,-0.007102281184713954,0.9641070056429507,-0.22360391647580247
2025-12-10,benchmark_equal_weight,0.0008792964040371665,0.0,0.0008792964040371665,0.9649547414661196,-0.22292123419145105
2025-12-11,benchmark_equal_weight,-0.007049310409612264,0.0,-0.007049310409612264,0.9581524759622977,-0.228399103624354
2025-12-12,benchmark_equal_weight,0.009092440810863578,0.0,0.009092440810863578,0.9668644206377673,-0.22138336814444914
2025-12-15,benchmark_equal_weight,-0.005158307311369292,0.0,-0.005158307311369292,0.9618770368276888,-0.2253997120093033
2025-12-16,benchmark_equal_weight,-0.013320542936860302,0.0,-0.013320542936860302,0.9490643124586455,-0.23571780840438772
2025-12-17,benchmark_equal_weight,0.01599173873587645,0.0,0.01599173873587645,0.9642415009870285,-0.22349560727590756
2025-12-18,benchmark_equal_weight,-0.0014486283309509962,0.0,-0.0014486283309509962,0.96284467343082,-0.2246204735383155
2025-12-19,benchmark_equal_weight,0.00580952560263559,0.0,0.00580952560263559,0.9684383442124777,-0.22011588632757695
2025-12-22,benchmark_equal_weight,0.008649470775292656,0.0,0.008649470775292656,0.9768148233684163,-0.2133703014782523
2025-12-23,benchmark_equal_weight,0.0012846017929672993,0.0,0.0012846017929672993,0.9780696414419124,-0.21235979555712992
2025-12-24,benchmark_equal_weight,0.006177314520171451,0.0,0.006177314520171451,0.9841114852397304,-0.20749429428555421
2025-12-25,benchmark_equal_weight,0.005255831194346361,0.0,0.005255831194346361,0.9892838090825677,-0.20332901807576287
2025-12-26,benchmark_equal_weight,0.005318131874329168,0.0,0.005318131874329168,0.9945449508404075,-0.19909221673343847
2025-12-29,benchmark_equal_weight,-0.003660034790400668,0.0,-0.003660034790400668,0.9909048817197142,-0.20202356708409686
2025-12-30,benchmark_equal_weight,0.0022216695292330835,0.0,0.0022216695292330835,0.9931063449017992,-0.20025072715804149
2025-12-31,benchmark_equal_weight,-0.00044854677231204176,0.0,-0.00044854677231204176,0.9926608902562308,-0.20060945211303371
2026-01-05,benchmark_equal_weight,0.023751283484232832,0.0,0.023751283484232832,1.0162378604644176,-0.18162290059555408
2026-01-06,benchmark_equal_weight,0.020167492549455712,0.0,0.020167492549455712,1.0367328299438086,-0.16511828654066973
2026-01-07,benchmark_equal_weight,0.0017401390503396508,0.0,0.0017401390503396508,1.0385368892259628,-0.1636654762686648
2026-01-08,benchmark_equal_weight,-0.002429818878862511,0.0,-0.002429818878862511,1.0360134326861263,-0.1656976176834717
2026-01-09,benchmark_equal_weight,0.01223292004886678,0.0,0.01223292004886678,1.0486869021777279,-0.15549166334401443
2026-01-12,benchmark_equal_weight,0.01344451722477924,0.0,0.01344451722477924,1.0627859912974567,-0.14413765646537346
2026-01-13,benchmark_equal_weight,-0.008134063291389382,0.0,-0.008134063291389382,1.0541412227790412,-0.15109929493640084
2026-01-14,benchmark_equal_weight,0.0018543531783498102,0.0,0.0018543531783498102,1.0560959729059312,-0.1495251332158627
2026-01-15,benchmark_equal_weight,-0.0013133567085519826,0.0,-0.0013133567085519826,1.0547089421750404,-0.15064211008760853
2026-01-16,benchmark_equal_weight,-0.0035838565381280385,0.0,-0.0035838565381280385,1.0509290166368042,-0.15368608691458174
2026-01-19,benchmark_equal_weight,0.002735549782586777,0.0,0.002735549782586777,1.053803885279779,-0.1513709530736408
2026-01-20,benchmark_equal_weight,-0.0032815677090322626,0.0,-0.0032815677090322626,1.0503457564781922,-0.15415578675098118
2026-01-21,benchmark_equal_weight,0.005030795743918903,0.0,0.005030795743918903,1.0556298314395258,-0.14990051728294973
2026-01-22,benchmark_equal_weight,0.0005565962784886969,0.0,0.0005565962784886969,1.0562173910751669,-0.1494273550745241
2026-01-23,benchmark_equal_weight,0.008647222486285355,0.0,0.008647222486285355,1.0653507378496776,-0.14207226417310537
2026-01-26,benchmark_equal_weight,-0.0019903821763271323,0.0,-0.0019903821763271323,1.0632302827295246,-0.143779868247072
2026-01-27,benchmark_equal_weight,0.0029427648992518263,0.0,0.0029427648992518263,1.0663591194853628,-0.14126021369731656
2026-01-28,benchmark_equal_weight,0.0043921805924389545,0.0,0.0043921805924389545,1.0710427613145366,-0.13748847347396287
2026-01-29,benchmark_equal_weight,0.003383071349531641,0.0,0.003383071349531641,1.0746661753944629,-0.13457053543993192
2026-01-30,benchmark_equal_weight,-0.01578681398660786,0.0,-0.01578681398660786,1.0577006203858113,-0.1482329094154713
2026-02-02,benchmark_equal_weight,-0.03025043775765307,0.0,-0.03025043775765307,1.0257047136025992,-0.17399923677321594
2026-02-03,benchmark_equal_weight,0.020766534873962628,0.0,0.020766534873962628,1.0470050463080154,-0.15684606311774718
2026-02-04,benchmark_equal_weight,0.006456903237744616,0.0,0.006456903237744616,1.0537654565814565,-0.15140189973277507
2026-02-05,benchmark_equal_weight,-0.010881638040101171,0.0,-0.010881638040101171,1.0422987623037752,-0.1606360371014005
2026-02-06,benchmark_equal_weight,-0.003438541459306943,0.0,-0.003438541459306943,1.0387147747966092,-0.16352222488727552
2026-02-09,benchmark_equal_weight,0.017347775354022543,0.0,0.017347775354022543,1.0567341653666849,-0.14901119635598747
2026-02-10,benchmark_equal_weight,0.0006217120626544337,0.0,0.0006217120626544337,1.0573911497443123,-0.1484821263515782
2026-02-11,benchmark_equal_weight,0.001336101134486789,0.0,0.001336101134486789,1.058803931259082,-0.14734441235456075
2026-02-12,benchmark_equal_weight,0.004457533006475001,0.0,0.004457533006475001,1.0635235847300548,-0.14354367192947592
2026-02-13,benchmark_equal_weight,-0.01472714285343285,0.0,-0.01472714285343285,1.0478609209697403,-0.15615682662069708
2026-02-24,benchmark_equal_weight,0.0067721424003301944,0.0,0.0067721424003301944,1.0549571843422885,-0.15044220048702595
2026-02-25,benchmark_equal_weight,0.01025757239219982,0.0,0.01025757239219982,1.065778484031351,-0.14172779985716355
2026-02-26,benchmark_equal_weight,-0.001510633397697747,0.0,-0.001510633397697747,1.0641684834588254,-0.1430243345070149
2026-02-27,benchmark_equal_weight,0.006633461607126523,0.0,0.006633461607126523,1.0712276042373636,-0.13733961933172545
2026-03-02,benchmark_equal_weight,0.001150665051307953,0.0,0.001150665051307953,1.072460228403556,-0.1363469861805423
2026-03-03,benchmark_equal_weight,-0.02703898252728537,0.0,-0.02703898252728537,1.0434619950265438,-0.15969928493084395
2026-03-04,benchmark_equal_weight,-0.008617516052491059,0.0,-0.008617516052491059,1.0344699445342382,-0.1669405898318721
2026-03-05,benchmark_equal_weight,0.0060445933516729555,0.0,0.0060445933516729555,1.0407228946834752,-0.16190508445962137
2026-03-06,benchmark_equal_weight,0.003790069141788588,0.0,0.003790069141788588,1.044667306411768,-0.1587286467823419
2026-03-09,benchmark_equal_weight,-0.009799841002573306,0.0,-0.009799841002573306,1.0344297329083463,-0.16697297228389452
2026-03-10,benchmark_equal_weight,0.011080653690146769,0.0,0.011080653690146769,1.0458918905454946,-0.15774248827524007
2026-03-11,benchmark_equal_weight,0.0001739553598407717,0.0,0.0001739553598407717,1.046073829045669,-0.15759597306670936
2026-03-12,benchmark_equal_weight,-0.004918091837213312,0.0,-0.004918091837213312,1.040929141885917,-0.1617389934352057
2026-03-13,benchmark_equal_weight,-0.009633864123943792,0.0,-0.009633864123943792,1.0309009719703348,-0.1698146860728511
2026-03-16,benchmark_equal_weight,-0.0037824052717613244,0.0,-0.0037824052717613244,1.0270016866992904,-0.17295478338078796
2026-03-17,benchmark_equal_weight,-0.008725109042461654,0.0,-0.008725109042461654,1.018040984996047,-0.1801708430788369
2026-03-18,benchmark_equal_weight,0.004652050704211652,0.0,0.004652050704211652,1.0227769632772141,-0.17635695627204862
2026-03-19,benchmark_equal_weight,-0.02117537137990294,0.0,-0.02117537137990294,1.0011192812410097,-0.19379790360746174
2026-03-20,benchmark_equal_weight,-0.012980029570583362,0.0,-0.012980029570583362,0.9881247233668202,-0.20426243065850314
2026-03-23,benchmark_equal_weight,-0.03644310508047566,0.0,-0.03644310508047566,0.9521143902405472,-0.2332615785144977
2026-03-24,benchmark_equal_weight,0.017423427574387862,0.0,0.017423427574387862,0.9687034863614359,-0.2199023671592445
2026-03-25,benchmark_equal_weight,0.01627300529918807,0.0,0.01627300529918807,0.9844672033283376,-0.20720783424614275
2026-03-26,benchmark_equal_weight,-0.014176041310294596,0.0,-0.014176041310294596,0.9705113555853249,-0.21844648873834738
2026-03-27,benchmark_equal_weight,0.008483234032506726,0.0,0.008483234032506726,0.9787444305459605,-0.21181638739338737
2026-03-30,benchmark_equal_weight,0.0003182614342390755,0.0,0.0003182614342390755,0.9790559271521797,-0.2115655389463954
2026-03-31,benchmark_equal_weight,-0.010045150032340855,0.0,-0.010045150032340855,0.9692211634738834,-0.21948548139834667
2026-04-01,benchmark_equal_weight,0.018033058051793782,0.0,0.018033058051793782,0.9866991849798351,-0.20541041777413516
2026-04-02,benchmark_equal_weight,-0.01374316372814438,0.0,-0.01374316372814438,0.9731388165302306,-0.21633059249934306
2026-04-03,benchmark_equal_weight,-0.008630417509523314,0.0,-0.008630417509523314,0.9647402222488513,-0.2230939866755145
2026-04-07,benchmark_equal_weight,0.002387253543863155,0.0,0.002387253543863155,0.9670433017633222,-0.22123931504195704
2026-04-08,benchmark_equal_weight,0.038222949357811786,0.0,0.038222949357811786,1.0040065489134327,-0.19147278481895103
2026-04-09,benchmark_equal_weight,-0.0067640386541665265,0.0,-0.0067640386541665265,0.9972154098075459,-0.19694169415538132
2026-04-10,benchmark_equal_weight,0.0070460492631454485,0.0,0.0070460492631454485,1.0042418387110177,-0.19128330577122188
2026-04-13,benchmark_equal_weight,-0.00012349046046522538,0.0,-0.00012349046046522538,1.0041178244239368,-0.1913831745681781
2026-04-14,benchmark_equal_weight,0.01184680147908268,0.0,0.01184680147908268,1.0160134089514956,-0.1818036515646413
2026-04-15,benchmark_equal_weight,-0.0010348279061093701,0.0,-0.0010348279061093701,1.0149620099229313,-0.18265034397867896
2026-04-16,benchmark_equal_weight,0.009399185159474577,0.0,0.009399185159474577,1.0245018257840295,-0.17496792322170163
2026-04-17,benchmark_equal_weight,-0.0028287907563471215,0.0,-0.0028287907563471215,1.021603724489391,-0.17730176633418193
2026-04-20,benchmark_equal_weight,0.00852864897510719,0.0,0.00852864897510719,1.030316624047223,-0.17028526188680548
2026-04-21,benchmark_equal_weight,-0.0014574323667435607,0.0,-0.0014574323667435607,1.0288150072513427,-0.17149451500129576
2026-04-22,benchmark_equal_weight,0.006144375273946345,0.0,0.006144375273946345,1.0351364327433628,-0.16640386638494076
2026-04-23,benchmark_equal_weight,-0.005284766513914629,0.0,-0.005284766513914629,1.0296659783862676,-0.1708092273179983
2026-04-24,benchmark_equal_weight,6.924759758603072e-05,0.0,6.924759758603072e-05,1.029737280281587,-0.17075180784904964
2026-04-27,benchmark_equal_weight,0.002085279122176764,0.0,0.002085279122176764,1.0318845699334853,-0.16902259390685437
2026-04-28,benchmark_equal_weight,-0.0037947938703796202,0.0,-0.0037947938703796202,1.0279687806925624,-0.17217598187392058
2026-04-29,benchmark_equal_weight,0.011333499346928289,0.0,0.011333499346928289,1.0396192641972042,-0.16279383890511712
2026-04-30,benchmark_equal_weight,0.003457809150789637,0.0,0.003457809150789637,1.0432140692022824,-0.15989893978018577
2026-05-06,benchmark_equal_weight,0.021164363770826755,0.0,0.021164363770826755,1.0652930312537239,-0.14211873533743646
2026-05-07,benchmark_equal_weight,0.0067628328997864084,0.0,0.0067628328997864084,1.0724974300133998,-0.1363170276966661
2026-05-08,benchmark_equal_weight,-0.004378287284355131,0.0,-0.004378287284355131,1.0678017281530685,-0.14009847987201585
2026-05-11,benchmark_equal_weight,0.014705735455159075,0.0,0.014705735455159075,1.0835045378858494,-0.1274529955995244
2026-05-12,benchmark_equal_weight,-0.0027249013495628804,0.0,-0.0027249013495628804,1.0805520949083067,-0.12983060010937242
2026-05-13,benchmark_equal_weight,0.00813290884844664,0.0,0.00813290884844664,1.089340126602194,-0.12275359169735445
2026-05-14,benchmark_equal_weight,-0.022223157426988716,0.0,-0.022223157426988716,1.0651315494771778,-0.1422487767313244
2026-05-15,benchmark_equal_weight,-0.01421940064558036,0.0,-0.01421940064558036,1.049986017234914,-0.1544454850292183
2026-05-18,benchmark_equal_weight,-0.002779929076416998,0.0,-0.002779929076416998,1.0470671305757715,-0.15679606661108125
2026-05-19,benchmark_equal_weight,0.00756271623475846,0.0,0.00756271623475846,1.054985802163059,-0.15041915453482857
2026-05-20,benchmark_equal_weight,0.001590185972906999,0.0,0.001590185972906999,1.0566634257872747,-0.14906816299151937
2026-05-21,benchmark_equal_weight,-0.019214148773213702,0.0,-0.019214148773213702,1.0363605375209843,-0.16541809390366435
2026-05-22,benchmark_equal_weight,0.009773710301231198,0.0,0.009773710301231198,1.0464896251823428,-0.15726113213082937
2026-05-25,benchmark_equal_weight,0.015126291994913554,0.0,0.015126291994913554,1.0623191328224986,-0.1445136179399774
2026-05-26,benchmark_equal_weight,-0.0018109905114471747,0.0,-0.0018109905114471747,1.0603952829528283,-0.1460628956605603
2026-05-27,benchmark_equal_weight,-0.013873842821348736,0.0,-0.013873842821348736,1.0456835254686412,-0.1579102848254833
2026-05-28,benchmark_equal_weight,-0.0016068495052365406,0.0,-0.0016068495052365406,1.0440032694131078,-0.15926339626767627
2026-05-29,benchmark_equal_weight,-0.010709259419369177,0.0,-0.010709259419369177,1.0328227675662933,-0.16826706266040514
2026-06-01,benchmark_equal_weight,-0.009788347345202841,0.0,-0.009788347345202841,1.0227131395713207,-0.176408353549531
2026-06-02,benchmark_equal_weight,0.007441163632869174,0.0,0.007441163632869174,1.030323315392356,-0.17027987334162897
2026-06-03,benchmark_equal_weight,0.0025577031386037063,0.0,0.0025577031386037063,1.0329585765699116,-0.16815769556951232
2026-06-04,benchmark_equal_weight,-0.005385069166823353,0.0,-0.005385069166823353,1.0273960231886192,-0.17263722391476022
2026-06-05,benchmark_equal_weight,-0.01072518629755248,0.0,-0.01072518629755248,1.0163770094385567,-0.18151084382393468
2026-06-08,benchmark_equal_weight,-0.024560692654938376,0.0,-0.024560692654938376,0.9914140860881908,-0.2016135044301749
2026-06-09,benchmark_equal_weight,0.016485608965131737,0.0,0.016485608965131737,1.0077581510339642,-0.18845161686116896
2026-06-10,benchmark_equal_weight,-0.005518376607446418,0.0,-0.005518376607446418,1.0021969620273348,-0.1929300464744933
2026-06-11,benchmark_equal_weight,-0.002522005341481559,0.0,-0.002522005341481559,0.9996694159358852,-0.19496548120823398
2026-06-12,benchmark_equal_weight,0.01226662617125951,0.0,0.01226662617125951,1.0119319869560122,-0.1850904237112555
2026-06-15,benchmark_equal_weight,0.026814514522428112,0.0,0.026814514522428112,1.0390664519159536,-0.16323901904339522
2026-06-16,benchmark_equal_weight,0.0018245279226390965,0.0,0.0018245279226390965,1.0409622576709516,-0.1617123252690652
2026-06-17,benchmark_equal_weight,0.010513751168476526,0.0,0.010513751168476526,1.0519066758238795,-0.1528987772493433
2026-06-18,benchmark_equal_weight,0.0016919022533475325,0.0,0.0016919022533475325,1.0536863990990173,-0.1514655647817581
2026-06-22,benchmark_equal_weight,0.02560593224137564,0.0,0.02560593224137564,1.0806670216380059,-0.12973804952908574
2026-06-23,benchmark_equal_weight,-0.024402608706302786,0.0,-0.024402608706302786,1.0542959271671681,-0.15097471137841123
2026-06-24,benchmark_equal_weight,0.011797759178234668,0.0,0.011797759178234668,1.0667342566184799,-0.14095811548702264
2026-06-25,benchmark_equal_weight,0.011094932041895822,0.0,0.011094932041895822,1.0785696007024241,-0.13142710415720904
2026-06-26,benchmark_equal_weight,-0.024974754253758058,0.0,-0.024974754253758058,1.051632589979307,-0.15311949878235775
2026-06-29,benchmark_equal_weight,0.0212235300946485,0.0,0.0212235300946485,1.073951945901246,-0.13514570497819411
2026-06-30,benchmark_equal_weight,0.011638754322864375,0.0,0.011638754322864375,1.0864514087541528,-0.12507987831336131
2026-07-01,benchmark_equal_weight,-0.0008315871251185492,0.0,-0.0008315871251185492,1.085547929750566,-0.1258074506220631
2026-07-02,benchmark_equal_weight,-0.03075882686796505,0.0,-0.03075882686796505,1.0521577489224905,-0.15269658789764395
2026-07-03,benchmark_equal_weight,0.0062012850758862426,0.0,0.0062012850758862426,1.0586824790683618,-0.14744221789342593
2026-07-06,benchmark_equal_weight,-0.0008298117349097023,0.0,-0.0008298117349097023,1.0578039719236876,-0.14814968034570652
2026-07-07,benchmark_equal_weight,-0.014326029900200654,0.0,-0.014326029900200654,1.042649840593358,-0.16035331349556936
2026-07-08,benchmark_equal_weight,-0.007158041470408216,0.0,-0.007158041470408216,1.0351865097952762,-0.16636353929805892
2026-07-09,benchmark_equal_weight,0.028489174683278384,0.0,0.028489174683278384,1.0646781191026071,-0.14261392454677135
2026-07-10,benchmark_equal_weight,-0.015320190547198964,0.0,-0.015320190547198964,1.0483670474465219,-0.15574924259522982
2026-07-13,benchmark_equal_weight,-0.028670706171157745,0.0,-0.028670706171157745,1.0183096238696585,-0.17995450799555934
2026-07-14,benchmark_equal_weight,0.015737209874187807,0.0,0.015737209874187807,1.0343349761374008,-0.16704927998150365
2026-07-15,benchmark_equal_weight,-0.005806640119188355,0.0,-0.005806640119188355,1.0283289651682817,-0.17188592504966982
2026-07-16,benchmark_equal_weight,-0.02238577625720617,0.0,-0.02238577625720617,1.0053090230352202,-0.1904239014469512
2026-07-17,benchmark_equal_weight,-0.04093457775392484,0.0,-0.04093457775392484,0.9641571226650627,-0.22356355720089016
2026-07-20,benchmark_equal_weight,0.00824477430743803,0.0,0.00824477430743803,0.9721063805383451,-0.21716201396594137
2026-07-21,benchmark_equal_weight,0.03672750262538249,0.0,0.03672750262538249,1.0078094201817183,-0.18841032977862626
2026-07-22,benchmark_equal_weight,-0.00023968715992822576,0.0,-0.00023968715992822576,1.007567861204046,-0.18860485740170874
2026-07-23,benchmark_equal_weight,-0.0031715220895457974,0.0,-0.0031715220895457974,1.004372337475521,-0.19117821501980947
2026-07-24,benchmark_equal_weight,-0.016797547953433634,0.0,-0.016797547953433634,0.9875013449736736,-0.20476443773879593
2026-07-27,benchmark_equal_weight,0.011471994678064146,0.0,0.011471994678064146,0.9988299551477927,-0.19564149960072819
2026-07-28,benchmark_equal_weight,-0.02256378675002285,0.0,-0.02256378675002285,0.976292569040303,-0.21379087327430546
2026-07-29,benchmark_equal_weight,0.004074725561733716,0.0,0.004074725561733716,0.9802706933271023,-0.21058728684876793
2026-07-30,benchmark_equal_weight,-0.01234621394825014,0.0,-0.01234621394825014,0.9681680616200863,-0.22033354509880165
2026-07-31,benchmark_equal_weight,0.012014933751992751,0.0,0.012014933751992751,0.9798005367412469,-0.21096590429451278
2026-08-03,benchmark_equal_weight,-0.011445050630385645,0.0,-0.011445050630385645,0.9685866699905643,-0.21999643946896252
2026-08-04,benchmark_equal_weight,0.011560467458257895,0.0,0.011560467458257895,0.9797839846694926,-0.21097923369011828
2026-08-05,benchmark_equal_weight,0.021142420749503343,0.0,0.021142420749503343,1.000498989917,-0.19429742466869904
2026-08-06,benchmark_equal_weight,0.0006187957945313904,0.0,0.0006187957945313904,1.0011180944843936,-0.19379885930344098
2026-08-07,benchmark_equal_weight,0.016526620799236724,0.0,0.016526620799236724,1.0176631936071916,-0.18047507876323687
2026-08-10,benchmark_equal_weight,0.0044188504082794955,0.0,0.0044188504082794955,1.022160095025754,-0.17685372073043448
2026-08-11,benchmark_equal_weight,-0.010317021675793903,0.0,-0.010317021675793903,1.0116144471692416,-0.18534613873600758
2026-08-12,benchmark_equal_weight,0.0063235310387737,0.0,0.0063235310387737,1.0180114225251882,-0.180194649758448
2026-08-13,benchmark_equal_weight,-0.006527572947482019,0.0,-0.006527572947482019,1.011366278703285,-0.18554598898488572
2026-08-14,benchmark_equal_weight,-0.0006707314217486715,0.0,-0.0006707314217486715,1.0106879235612618,-0.18609226888164276
2026-08-17,benchmark_equal_weight,0.0171802193758005,0.0,0.0171802193758005,1.0280517638085165,-0.17210915550936945
2026-08-18,benchmark_equal_weight,-0.0012556741289699858,0.0,-0.0012556741289699858,1.02676086580546,-0.17314871662440745
2026-08-19,benchmark_equal_weight,-0.03174838788053802,0.0,-0.03174838788053802,0.9941628635773113,-0.19939991188853645
2026-08-20,benchmark_equal_weight,0.001861571265969364,0.0,0.001861571265969364,0.9960135685978406,-0.19790953776897569
2026-08-21,benchmark_equal_weight,0.0006157478179762421,0.0,0.0006157478179762421,0.9966268617793794,-0.1974156523170374
2026-08-24,benchmark_equal_weight,-0.010947001285157576,0.0,-0.010947001285157576,0.985716786242658,-0.2062015442025701
2026-08-25,benchmark_equal_weight,0.0004208897154724389,0.0,0.0004208897154724389,0.9861316643003561,-0.20586744259636702
2026-08-26,benchmark_equal_weight,0.009007338922981778,0.0,0.009007338922981778,0.9950140864233934,-0.1987144215020583
2026-08-27,benchmark_equal_weight,0.01565322558443427,0.0,0.01565322558443427,1.0105892663778684,-0.1861717175842763
2026-08-28,benchmark_equal_weight,-0.004392571150523328,0.0,-0.004392571150523328,1.0061501811213485,-0.18974651621909555
2026-08-31,benchmark_equal_weight,0.005905291055518402,0.0,0.005905291055518402,1.0120917907864326,-0.18496173356862144
2026-09-01,benchmark_equal_weight,-0.005042692168904184,0.0,-0.005042692168904184,1.0069881234388216,-0.1890717206521123
2026-09-02,benchmark_equal_weight,-0.012878801918431548,0.0,-0.012878801918431548,0.9940193228628399,-0.19951550533188822
2026-09-03,benchmark_equal_weight,0.0025572154891222443,0.0,0.0025572154891222443,0.9965612444717515,-0.19746849398332078
2026-09-04,benchmark_equal_weight,-0.00588083315307536,0.0,-0.00588083315307536,0.9907006340661921,-0.2021880478702911
2026-09-07,benchmark_equal_weight,0.004904264892043708,0.0,0.004904264892043708,0.9955592924043684,-0.1982753667230085
2026-09-08,benchmark_equal_weight,0.00022962423574351964,0.0,0.00022962423574351964,0.9957878969460241,-0.1980912713168156
2026-09-09,benchmark_equal_weight,0.00010551609365139214,0.0,0.00010551609365139214,0.9958929685950152,-0.19800665704029996
2026-09-10,benchmark_equal_weight,-0.004287428820173411,0.0,-0.004287428820173411,0.9916231483796528,-0.20144514641249256
2026-09-11,benchmark_equal_weight,-0.01508603744477871,0.0,-0.01508603744477871,0.976663484432088,-0.2134921748354236
2026-09-14,benchmark_equal_weight,-0.001882774252555064,0.0,-0.001882774252555064,0.9748246475701885,-0.21497299151807647
2026-09-15,benchmark_equal_weight,-0.0032109752174391826,0.0,-0.0032109752174391826,0.9716945097854918,-0.2174936937873324
2026-09-16,benchmark_equal_weight,0.011395778487985897,0.0,0.011395778487985897,0.9827677251769993,-0.20857642525628073
2026-09-17,benchmark_equal_weight,-0.005530614453416849,0.0,-0.005530614453416849,0.9773324157917838,-0.21295348391753322
2026-09-18,benchmark_equal_weight,0.012355017613547958,0.0,0.012355017613547958,0.9894073750031825,-0.20322951034865278
2026-09-21,benchmark_equal_weight,0.0077768878605141145,0.0,0.0077768878605141145,0.9971018852069481,-0.1970331156000672
2026-09-22,benchmark_equal_weight,0.0007801389838628103,0.0,0.0007801389838628103,0.9978797632584812,-0.196406689830796
2026-09-23,benchmark_equal_weight,-0.0050045246794030995,0.0,-0.0050045246794030995,0.9928858493561772,-0.20042829238374094
2026-09-24,benchmark_equal_weight,-0.01787761057294146,0.0,-0.01787761057294146,0.9751354227980032,-0.21472272399764625
2026-09-28,benchmark_equal_weight,-0.020841076227352873,0.0,-0.020841076227352873,0.954812551119478,-0.2310887475664194
2026-09-29,benchmark_equal_weight,0.003087350742620232,0.0,0.003087350742620232,0.9577603923582397,-0.22871484884020965
2026-09-30,benchmark_equal_weight,0.0020424187018471818,0.0,0.0020424187018471818,0.9597165400954808,-0.22713956162302373
2015-04-16,model1,0.0,0.0,0.0,1.0,0.0
2015-04-17,model1,0.0,0.0,0.0,1.0,0.0
2015-04-20,model1,0.0,0.0,0.0,1.0,0.0
2015-04-21,model1,0.0,0.0,0.0,1.0,0.0
2015-04-22,model1,0.0,0.0004,-0.0004,0.9996,-0.00039999999999995595
2015-04-23,model1,0.007325033602062403,0.0,0.007325033602062403,1.0069221035886218,0.0
2015-04-24,model1,0.006440539023762604,0.0,0.006440539023762604,1.0134072246906733,0.0
2015-04-27,model1,-0.006021226419843818,0.0,-0.006021226419843818,1.0073052703353054,-0.006021226419843706
2015-04-28,model1,-0.00842536064436139,0.0,-0.00842536064436139,0.9988183601537645,-0.014395856060096524
2015-04-29,model1,0.007711787800587811,0.0008,0.00691178780058781,1.0057219807104782,-0.007583569361804043
2015-04-30,model1,-0.005960748416022055,0.0,-0.005960748416022055,0.9997271250069998,-0.013499114028764914
2015-05-04,model1,0.0007203481418406987,0.0,0.0007203481418406987,1.0004472765838464,-0.012788489948631243
2015-05-05,model1,-0.000436414402923236,0.0008,-0.001236414402923236,0.9992103091617128,-0.014009092478390328
2015-05-06,model1,-0.004431795583732612,0.0,-0.004431795583732612,0.9947820133263499,-0.018378802627945112
2015-05-07,model1,-0.0032595777202470535,0.0,-0.0032595777202470535,0.9915394440392087,-0.021578473212621407
2015-05-08,model1,0.013059992312839875,0.0008,0.012259992312839875,1.0036957100010069,-0.00958303281549111
2015-05-11,model1,-0.009862196367131216,0.0008,-0.010662196367131217,0.992994109248129,-0.020143053004950784
2015-05-12,model1,0.006340912660636633,0.0,0.006340912660636633,0.9992905981673981,-0.013929865684137122
2015-05-13,model1,0.00952336129017084,0.0,0.00952336129017084,1.0088072035676172,-0.004539163537599866
2015-05-14,model1,0.0010973405970374996,0.0,0.0010973405970374996,1.009914208666676,-0.0034468039489886637
2015-05-15,model1,0.005514607960146245,0.0,0.005514607960146245,1.015483489600854,0.0
2015-05-18,model1,0.015459083854936485,0.0,0.015459083854936485,1.031181934019897,0.0
2015-05-19,model1,-0.005762098860887476,0.0,-0.005762098860887476,1.0252401617725133,-0.005762098860887521
2015-05-20,model1,0.0058166974604990426,0.0008,0.005016697460499042,1.0303834814884791,-0.0007743081071109881
2015-05-21,model1,-0.011147963769487124,0.0,-0.011147963769487124,1.0188968037681676,-0.01191363991787353
2015-05-22,model1,0.005825448055346883,0.0,0.005825448055346883,1.024832334172278,-0.006157594153018309
2015-05-25,model1,0.0017317937658056348,0.0,0.0017317937658056348,1.0266071324195936,-0.004436464070379342
2015-05-26,model1,-0.008910382641643455,0.0,-0.008910382641643455,1.0174596700470946,-0.013307316119579915
2015-05-27,model1,-0.009715734498211726,0.0,-0.009715734498211726,1.007574302030279,-0.022893760267489904
2015-05-28,model1,-0.0023591993129664438,0.0008,-0.0031591993129664437,1.0043911739875422,-0.02598063362874814
2015-05-29,model1,0.005690272298800859,0.0,0.005690272298800859,1.0101064332620435,-0.020438198209790315
2015-06-01,model1,0.003831140178401072,0.0,0.003831140178401072,1.0139762926029752,-0.01668535963372486
2015-06-02,model1,0.013457251719313314,0.0008,0.012657251719313313,1.026810445775867,-0.004239298711322892
2015-06-03,model1,-0.00587956052017069,0.0,-0.00587956052017069,1.0207732516171844,-0.010093934018157391
2015-06-04,model1,0.008016508205652341,0.0,0.008016508205652341,1.0289562887648838,-0.002158343917389116
2015-06-05,model1,-0.0059324898276070575,0.0,-0.0059324898276070575,1.0228520160487338,-0.0080780293916618
2015-06-08,model1,0.02280847365937988,0.0,0.02280847365937988,1.046181709314225,0.0
2015-06-09,model1,-0.004547870091410111,0.0,-0.004547870091410111,1.0414238108082545,-0.004547870091410111
2015-06-10,model1,-0.01216709640742586,0.0008,-0.01296709640742586,1.027919567852515,-0.017455993828912164
2015-06-11,model1,0.00840857286187462,0.0,0.00840857286187462,1.0365629044349496,-0.009194200963024368
2015-06-12,model1,0.005946050031372341,0.0,0.005946050031372341,1.0427263593253844,-0.0033028201105766986
2015-06-15,model1,0.003099891911702058,0.0,0.003099891911702058,1.0459586983327755,-0.00021316658422132484
2015-06-16,model1,-0.0058357548712149945,0.0,-0.0058357548712149945,1.0398547397638904,-0.006047677467504009
2015-06-17,model1,0.00408205030619433,0.0,0.00408205030619433,1.0440994791227411,-0.001990314084967748
2015-06-18,model1,0.004534426584347263,0.0008,0.0037344265843472627,1.0479985919742802,0.0
2015-06-19,model1,0.006165603583285197,0.0,0.006165603583285197,1.0544601358482346,0.0
2015-06-23,model1,0.01141102799672078,0.0,0.01141102799672078,1.0664926099798249,0.0
2015-06-24,model1,-0.0031835060172180187,0.0,-0.0031835060172180187,1.0630974243386355,-0.003183506017218063
2015-06-25,model1,0.0007839615555348626,0.0,0.0007839615555348626,1.0639308518491053,-0.0024020402080123793
2015-06-26,model1,0.0052703510711599386,0.0,0.0052703510711599386,1.0695381409537885,0.0
2015-06-29,model1,0.017622354884744507,0.0008,0.016822354884744508,1.087530291123683,0.0
2015-06-30,model1,-0.008757562832189956,0.0,-0.008757562832189956,1.0780061762672575,-0.00875756283218998
2015-07-01,model1,-0.003630971974382693,0.0,-0.003630971974382693,1.0740919660530197,-0.012356736341365027
2015-07-02,model1,-0.024124944678970153,0.0,-0.024124944678970153,1.0481795567918644,-0.03618357543968709
2015-07-03,model1,-0.005035149239220216,0.0008,-0.005835149239220216,1.0420632726484842,-0.041807588116208105
2015-07-06,model1,0.03248036614034002,0.0,0.03248036614034002,1.075909869285508,-0.010685147745327028
2015-07-07,model1,0.035201176146143355,0.0,0.035201176146143355,1.1137831621116012,0.0
2015-07-08,model1,-0.019407703454747828,0.0,-0.019407703454747828,1.0921671887884479,-0.01940770345474785
2015-07-09,model1,0.008575407145973827,0.0,0.008575407145973827,1.1015329671037826,-0.010998725267666765
2015-07-10,model1,-0.003333709745927036,0.0,-0.003333709745927036,1.0978607759158887,-0.014295768455976243
2015-07-13,model1,-0.028944179122663897,0.0008,-0.029744179122663895,1.0652058083452998,-0.043614731680989394
2015-07-14,model1,0.02326966520215379,0.0,0.02326966520215379,1.0899927908768845,-0.02135996668293405
2015-07-15,model1,-0.022353535871147613,0.0,-0.022353535871147613,1.0656275979267258,-0.043236031772628136
2015-07-16,model1,0.011560340602077624,0.0,0.011560340602077624,1.0779466159137325,-0.03217551442412436
2015-07-17,model1,0.01258768717052483,0.0,0.01258768717052483,1.0915154707013806,-0.019992842563721025
2015-07-20,model1,0.009414657188355458,0.0008,0.008614657188355457,1.1009185022972594,-0.011550416860272805
2015-07-21,model1,-0.006702571146795933,0.0008,-0.0075025711467959335,1.09265878290695,-0.018966330182799473
2015-07-22,model1,0.009613753936243353,0.0,0.009613753936243353,1.1031633355820927,-0.00953491387800709
2015-07-23,model1,0.0036990567276236957,0.0,0.0036990567276236957,1.1072439993402454,-0.005871127337711113
2015-07-24,model1,0.0011901234044400686,0.0,0.0011901234044400686,1.1085617563382861,-0.004687991299326066
2015-07-27,model1,0.006201506976803373,0.0008,0.005401506976803373,1.1145496603993648,0.0
2015-07-28,model1,0.006186800033927709,0.0,0.006186800033927709,1.1214451562761378,0.0
2015-07-29,model1,-0.012136937742311903,0.0,-0.012136937742311903,1.107834246232997,-0.012136937742311948
2015-07-30,model1,0.0009541203692887915,0.0,0.0009541203692887915,1.108891253453124,-0.011194397472543693
2015-07-31,model1,0.002776644461866518,0.0008,0.001976644461866518,1.1110831372080743,-0.009239880354445118
2015-08-03,model1,-0.012676831903284393,0.0,-0.012676831903284393,1.0969981230471137,-0.02179957984766967
2015-08-04,model1,0.012450013836715802,0.0008,0.011650013836715802,1.1097781663594637,-0.010403531417814027
2015-08-05,model1,-0.0023441710727495563,0.0,-0.0023441710727495563,1.1071766564847147,-0.012723314833159471
2015-08-06,model1,-0.0007282177324213547,0.0,-0.0007282177324213547,1.1063703908105396,-0.013442267222104176
2015-08-07,model1,-0.005480042134811392,0.0008,-0.0062800421348113925,1.0994223381395416,-0.019637891352373482
2015-08-10,model1,0.0008162570246531345,0.0,0.0008162570246531345,1.1003197493461085,-0.018837663894486045
2015-08-11,model1,0.006083281572627986,0.0,0.006083281572627986,1.1070133042013044,-0.012868977135498727
2015-08-12,model1,-0.00012645312655541491,0.0,-0.00012645312655541491,1.1068733189078497,-0.012993802939659793
2015-08-13,model1,0.006435824295696779,0.0,0.006435824295696779,1.1139969611059353,-0.006641604476615659
2015-08-14,model1,0.004835975590847897,0.0008,0.0040359755908478965,1.1184930256492376,-0.00263243423931947
2015-08-17,model1,-0.013177483327149943,0.0,-0.013177483327149943,1.1037541024522113,-0.01577522870817094
2015-08-18,model1,0.0075447181112671576,0.0008,0.006744718111267157,1.1111986127374063,-0.009136910067681026
2015-08-19,model1,0.0051013994672716835,0.0,0.0051013994672716835,1.1168672807484579,-0.004082121628561142
2015-08-20,model1,-0.0019028699496602026,0.0008,-0.0027028699496602026,1.113848533737564,-0.006773958134340674
2015-08-21,model1,0.007175741810242407,0.0,0.007175741810242407,1.1218412232313821,0.0
2015-08-24,model1,-0.005651259011448542,0.0,-0.005651259011448542,1.1155014079091812,-0.005651259011448695
2015-08-25,model1,0.001936972055098088,0.0,0.001936972055098088,1.117662102963724,-0.003725233287131813
2015-08-26,model1,0.020924402804070222,0.0,0.020924402804070222,1.1410485150049812,0.0
2015-08-27,model1,0.0174093198840028,0.0008,0.016609319884002802,1.1600005547938652,0.0
2015-08-28,model1,0.011510380782392282,0.0008,0.010710380782392281,1.172424602443494,0.0
2015-08-31,model1,0.02464063133930199,0.0,0.02464063133930199,1.2013138848454317,0.0
2015-09-01,model1,0.02864344067498377,0.0,0.02864344067498377,1.2357236478380362,0.0
2015-09-02,model1,0.005412106839917996,0.0,0.005412106839917996,1.2424115162447489,0.0
2015-09-07,model1,-0.02092139355189566,0.0,-0.02092139355189566,1.216418535959985,-0.020921393551895706
2015-09-08,model1,-0.006408642085978933,0.0008,-0.0072086420859789335,1.207649810107499,-0.02797922079981907
2015-09-09,model1,0.005352557914102008,0.0,0.005352557914102008,1.2141138256560537,-0.022776423285439495
2015-09-10,model1,-0.0062674408125271705,0.0,-0.0062674408125271705,1.2065044391140836,-0.02890111421310404
2015-09-11,model1,0.00566339894736112,0.0,0.00566339894736112,1.2133373550845488,-0.02340139380555506
2015-09-14,model1,-0.033291572774082706,0.0008,-0.03409157277408271,1.1719727763441707,-0.056695176259700775
2015-09-15,model1,0.013085324475051507,0.0,0.013085324475051507,1.187308420398561,-0.044351726562177785
2015-09-16,model1,-0.014125695593298017,0.0,-0.014125695593298017,1.1705368630766515,-0.05785092316702123
2015-09-17,model1,-0.0005570778993634132,0.0,-0.0005570778993634132,1.1698847828598413,-0.05837577359563062
2015-09-18,model1,-0.004033123776378301,0.0008,-0.004833123776378301,1.1642305849001782,-0.06292676003267939
2015-09-21,model1,0.011338285837025541,0.0,0.011338285837025541,1.1774309640519838,-0.05230195578770236
2015-09-22,model1,-0.0012192530833552875,0.0,-0.0012192530833552875,1.1759953777186254,-0.053457439550197994
2015-09-23,model1,0.005975282899513567,0.0,0.005975282899513567,1.1830222827890147,-0.04780157997508039
2015-09-24,model1,0.0040642688008105665,0.0,0.0040642688008105665,1.1878304033436178,-0.04393158964439192
2015-09-25,model1,-0.012238215307994028,0.0,-0.012238215307994028,1.173293479118117,-0.0556321606994955
2015-09-28,model1,0.009755705495711899,0.0,0.009755705495711899,1.1847397847604326,-0.04641918617965801
2015-09-29,model1,0.00041255905046248993,0.0,0.00041255905046248993,1.1852285598810786,-0.046025777784569066
2015-09-30,model1,-0.0022381894398760594,0.0,-0.0022381894398760594,1.1825757938345132,-0.04816095281464561
2015-10-08,model1,0.007820043358659936,0.0,0.007820043358659936,1.1918235878172008,-0.04071753019519064
2015-10-09,model1,0.0010217728559096528,0.0,0.0010217728559096528,1.1930413608082653,-0.039737361406394056
2015-10-12,model1,0.0038140223503172702,0.0,0.0038140223503172702,1.197591647223241,-0.036074898240623265
2015-10-13,model1,0.007148917209835837,0.0,0.007148917209835837,1.206153130760431,-0.029183877491662957
2015-10-14,model1,-0.0015608345993087802,0.0008,-0.00236083459930878,1.203305602717267,-0.031475813783247486
2015-10-15,model1,-0.004371406297185399,0.0,-0.004371406297185399,1.1980454650281103,-0.035709626509851766
2015-10-16,model1,-0.0023264323418012546,0.0,-0.0023264323418012546,1.1952582933113205,-0.037952982821626846
2015-10-19,model1,-0.0009022522029521696,0.0,-0.0009022522029521696,1.1941798688830836,-0.038820991862219545
2015-10-20,model1,-0.0032999556169967196,0.0,-0.0032999556169967196,1.1902391283170586,-0.04199283992906311
2015-10-21,model1,0.025656758879601105,0.0,0.025656758879601105,1.2207768066413558,-0.01741348121819175
2015-10-22,model1,-0.0164545768054027,0.0,-0.0164545768054027,1.2006894409142213,-0.033581526559440356
2015-10-23,model1,-0.007901864390694603,0.0,-0.007901864390694603,1.1912017557767782,-0.04121803428122972
2015-10-26,model1,-0.0016856441925722444,0.0008,-0.0024856441925722446,1.1882408520503498,-0.04360122510626163
2015-10-27,model1,0.0025065172720317276,0.0,0.0025065172720317276,1.1912191982693476,-0.04120399505804051
2015-10-28,model1,-0.0034241966143769174,0.0,-0.0034241966143769174,1.187140229523653,-0.04448710109204079
2015-10-29,model1,0.003990531715048195,0.0,0.003990531715048195,1.1918775502597767,-0.040674096564811024
2015-10-30,model1,-0.0023264475335821547,0.0,-0.0023264475335821547,1.189104709672643,-0.04290591794675913
2015-11-02,model1,-0.0026997235070120853,0.0008,-0.0034997235070120853,1.1849431719679029,-0.04625548260414303
2015-11-03,model1,-0.0005388700067642915,0.0,-0.0005388700067642915,1.1843046416328091,-0.04676942691868369
2015-11-04,model1,-0.00270288194474411,0.0,-0.00270288194474411,1.1811036059998632,-0.049345896623843255
2015-11-05,model1,0.011371008364246739,0.0,0.011371008364246739,1.1945339449827295,-0.038536000862847586
2015-11-06,model1,-0.0007080808803242369,0.0,-0.0007080808803242369,1.193688118335389,-0.039216795137756666
2015-11-09,model1,0.001305138567325859,0.0,0.001305138567325859,1.195246046735987,-0.03796283992225202
2015-11-10,model1,-0.0034542867329899083,0.0,-0.0034542867329899083,1.1911173241740884,-0.04128599212095174
2015-11-11,model1,-0.008462838761994985,0.0,-0.008462838761994985,1.1810370903129843,-0.049399434188498015
2015-11-12,model1,-0.00457787806992731,0.0008,-0.0053778780699273105,1.1746856168452193,-0.05451164812463627
2015-11-13,model1,-0.001376983438225344,0.0,-0.001376983438225344,1.173068094205702,-0.05581356992620368
2015-11-16,model1,0.008099828049688007,0.0,0.008099828049688007,1.1825697440593432,-0.04816582219575716
2015-11-17,model1,-0.004523127857432341,0.0008,-0.005323127857432342,1.1762747741113841,-0.05323255722328324
2015-11-18,model1,0.004202310173560786,0.0,0.004202310173560786,1.1812178455615354,-0.04925394676650652
2015-11-19,model1,-0.0054244097897965925,0.0,-0.0054244097897965925,1.1748104359161888,-0.054411182965276805
2015-11-20,model1,-0.004822484626992152,0.0,-0.004822484626992152,1.169144930649353,-0.05897127049888251
2015-11-23,model1,0.0015731975039286362,0.0008,0.0007731975039286361,1.170048910591462,-0.05824366943410708
2015-11-24,model1,0.00426043451339253,0.0,0.00426043451339253,1.1750338273525032,-0.054231378260158225
2015-11-25,model1,0.0044491774970295776,0.0,0.0044491774970295776,1.1802617614154085,-0.050023485790916644
2015-11-26,model1,-0.0010401133676379627,0.0,-0.0010401133676379627,1.1790341553800483,-0.051011569062287654
2015-11-27,model1,-0.006279333591972726,0.0,-0.006279333591972726,1.1716306066020872,-0.05697058399506838
2015-11-30,model1,0.0014331706238612796,0.0008,0.0006331706238612795,1.1723724486842044,-0.05637348547141696
2015-12-01,model1,-0.00045669076094574375,0.0,-0.00045669076094574375,1.171837037018503,-0.056804430982385634
2015-12-02,model1,0.021421521909411736,0.0,0.021421521909411736,1.196939569781255,-0.03659974643581465
2015-12-03,model1,-0.008398438575042189,0.0,-0.008398438575042189,1.1868871463264097,-0.04469080428855354
2015-12-04,model1,-0.007273504230834682,0.0,-0.007273504230834682,1.1782543176460811,-0.0516392497653162
2015-12-07,model1,-0.005152073177306793,0.0008,-0.005952073177306793,1.171241261725974,-0.057283962349198525
2015-12-08,model1,-0.005206270716793649,0.0,-0.005206270716793649,1.1651434626427495,-0.0621919972502718
2015-12-09,model1,-0.0025261301904957014,0.0,-0.0025261301904957014,1.1622001585655088,-0.06456102235890637
2015-12-10,model1,0.0008095338375835315,0.0008,9.533837583531441e-06,1.1622112387930603,-0.06455210403562417
2015-12-11,model1,0.0007344819381982504,0.0,0.0007344819381982504,1.1630648619563249,-0.06386503445191272
2015-12-14,model1,0.00412634347118237,0.0,0.00412634347118237,1.16786406705602,-0.060002220048677724
2015-12-15,model1,-0.008221018726711327,0.0,-0.008221018726711327,1.1582630346904992,-0.06772995940072468
2015-12-16,model1,-0.0028899154585253052,0.0008,-0.003689915458525305,1.1539891420137562,-0.07116995703505202
2015-12-17,model1,0.004576066405698676,0.0,0.004576066405698676,1.1592698729590665,-0.06691956907883645
2015-12-18,model1,-0.003285355187131378,0.0,-0.003285355187131378,1.1554612596686553,-0.06998506971257401
2015-12-21,model1,-0.00811651001608107,0.0008,-0.00891651001608107,1.1451585777736262,-0.07827755715358675
2015-12-22,model1,-0.004136217246726615,0.0,-0.004136217246726615,1.1404219531140019,-0.08209000141838318
2015-12-23,model1,0.005364891145140183,0.0,0.005364891145140183,1.1465401927519867,-0.07716551419495699
2015-12-24,model1,-0.002362787425715851,0.0,-0.002362787425715851,1.1438311620014745,-0.07934597591403403
2015-12-25,model1,-0.00031103947831381254,0.0,-0.00031103947831381254,1.1434753853535664,-0.07963233566139338
2015-12-28,model1,-0.0032983796174687278,0.0,-0.0032983796174687278,1.139703769449439,-0.08266805760602514
2015-12-29,model1,-0.00017498439078469366,0.0008,-0.0009749843907846937,1.1385925760641074,-0.08356244193102735
2015-12-30,model1,0.0034918770160625723,0.0,0.0034918770160625723,1.142568401311125,-0.08036235468534991
2015-12-31,model1,-0.004405752191019597,0.0,-0.004405752191019597,1.1375345280736588,-0.0844140502561389
2016-01-04,model1,-0.00846453054360765,0.0,-0.00846453054360765,1.127905832316371,-0.09216405549304385
2016-01-05,model1,-0.008474708433866907,0.0,-0.008474708433866907,1.1183471592466319,-0.09985770042852449
2016-01-06,model1,0.005047278382215036,0.0008,0.004247278382215036,1.1230970909599116,-0.09603454549863732
2016-01-07,model1,0.010503185400099868,0.0008,0.009703185400099868,1.1339947102558086,-0.08726320109832497
2016-01-08,model1,-0.0004615778380872909,0.0,-0.0004615778380872909,1.1334712834290461,-0.08768450017670482
2016-01-11,model1,-0.008985758414647282,0.0,-0.008985758414647282,1.1232861843062125,-0.09588234685605512
2016-01-12,model1,-0.0015778457601879126,0.0008,-0.0023778457601879126,1.1206151830153823,-0.09803219918429451
2016-01-13,model1,0.009005480130659473,0.0008,0.008205480130659472,1.1298103686337304,-0.09063112031620657
2016-01-14,model1,0.008509153441515416,0.0,0.008509153441515416,1.13942409842025,-0.0828931609840382
2016-01-15,model1,-0.0036233150019720824,0.0,-0.0036233150019720824,1.1352956059908352,-0.08621612795225597
2016-01-18,model1,0.006103647515507404,0.0008,0.005303647515507404,1.141316813710915,-0.08136974038955913
2016-01-19,model1,-0.0031342251625916095,0.0,-0.0031342251625916095,1.1377396698348934,-0.08424893446434834
2016-01-20,model1,-0.0037069681884559728,0.0008,-0.004506968188455973,1.1326119133362031,-0.0883761953852622
2016-01-21,model1,-0.007252690913546633,0.0,-0.007252690913546633,1.124397429203775,-0.09498792106956422
2016-01-22,model1,0.0022559149549459256,0.0,0.0022559149549459256,1.1269339741796187,-0.09294629078629824
2016-01-25,model1,0.003385393501670286,0.0008,0.002585393501670286,1.129847541953274,-0.09060120002083127
2016-01-26,model1,0.007883798097955277,0.0008,0.007083798097955276,1.137851153821942,-0.0841592025312562
2016-01-27,model1,-0.005755256834733302,0.0,-0.005755256834733302,1.131302528191999,-0.08943010154041575
2016-01-28,model1,-0.009281107834921443,0.0,-0.009281107834921443,1.12080278743393,-0.09788119895925262
2016-01-29,model1,0.0024097107870356457,0.0008,0.0016097107870356457,1.122606955771002,-0.09642904859402968
2016-02-01,model1,-0.00219085967927235,0.0,-0.00219085967927235,1.1201474814559325,-0.0984086457588268
2016-02-02,model1,-0.0071441909550100215,0.0,-0.0071441909550100215,1.1121449339506377,-0.1048497865569119
2016-02-03,model1,-0.005189080012683789,0.0008,-0.00598908001268379,1.1054842089555064,-0.11021091280859352
2016-02-04,model1,0.0034557364468536644,0.0,0.0034557364468536644,1.109304471027815,-0.10713603622997359
2016-02-05,model1,-0.0025915382510779857,0.0,-0.0025915382510779857,1.1064296660590547,-0.10944992734509262
2016-02-15,model1,0.004131417658631964,0.0,0.004131417658631964,1.1110007891194453,-0.1057706930490302
2016-02-16,model1,0.005743587098097613,0.0008,0.004943587098097613,1.1164931182865125,-0.10134999258444655
2016-02-17,model1,-0.001960905369705746,0.0,-0.001960905369705746,1.114303780935625,-0.10311216020947378
2016-02-18,model1,-6.992825916052325e-05,0.0,-6.992825916052325e-05,1.1142258596120482,-0.10317487801477265
2016-02-19,model1,-0.002531604739515503,0.0008,-0.003331604739515503,1.110513699457274,-0.10616274484169519
2016-02-22,model1,-0.0016221570581266501,0.0,-0.0016221570581266501,1.108712271821553,-0.10761268925396683
2016-02-23,model1,0.0025632821515825474,0.0,0.0025632821515825474,1.1115542141991537,-0.10532524878803273
2016-02-24,model1,0.00033283131393204747,0.0008,-0.00046716868606795257,1.111034930877413,-0.10574321281601462
2016-02-25,model1,0.010428986639071079,0.0,0.010428986639071079,1.1226218993270747,-0.09641702073057434
2016-02-26,model1,0.0030906425894805523,0.0,0.0030906425894805523,1.1260915223810184,-0.09362436869171453
2016-02-29,model1,0.01893095409873569,0.0,0.01893095409873569,1.1474095093021888,-0.07646581321920487
2016-03-01,model1,-0.0033312333522274246,0.0,-0.0033312333522274246,1.1435872204761384,-0.0795423211041314
2016-03-02,model1,-0.006192762922010165,0.0,-0.006192762922010165,1.1365052559390891,-0.08524249728927713
2016-03-03,model1,0.0002745165173406504,0.0008,-0.0005254834826593496,1.1359080411991376,-0.08572318724759043
2016-03-04,model1,-0.024202326645676432,0.0,-0.024202326645676432,1.1084164237465854,-0.10785081331439228
2016-03-07,model1,0.012071350944163006,0.0008,0.011271350944163006,1.1209097742509073,-0.09779508673670911
2016-03-08,model1,0.0006015913083490254,0.0,0.0006015913083490254,1.1215841038285401,-0.09725232810254014
2016-03-09,model1,0.009608068721818476,0.0008,0.008808068721818475,1.131463093692361,-0.08930086457000574
2016-03-10,model1,0.0027871505133839417,0.0,0.0027871505133839417,1.1346166516348206,-0.08676260900715382
2016-03-11,model1,-0.002738543989576714,0.0,-0.002738543989576714,1.1315094540230124,-0.08926354977531403
2016-03-14,model1,0.011701723903396744,0.0,0.011701723903396744,1.1447500652480729,-0.0786063632860251
2016-03-15,model1,-0.007940139285148674,0.0,-0.007940139285148674,1.1356605902833201,-0.08592235709798379
2016-03-16,model1,-0.012126225689646965,0.0,-0.012126225689646965,1.121889313658707,-0.09700666889367415
2016-03-17,model1,0.01404120999217473,0.0008,0.01324120999217473,1.1367444856488387,-0.08504994457496184
2016-03-18,model1,-0.012332060787614462,0.0,-0.012332060787614462,1.1227260835518316,-0.09633316427609473
2016-03-21,model1,-0.00034680723016107355,0.0,-0.00034680723016107355,1.1223367140285654,-0.09664656246838055
2016-03-22,model1,-0.002097772732336134,0.0008,-0.002897772732336134,1.1190844373021536,-0.09926427542732186
2016-03-23,model1,0.00248911248074144,0.0,0.00248911248074144,1.1218699643420458,-0.09702224289343842
2016-03-24,model1,0.0003587207682971272,0.0,0.0003587207682971272,1.122272402397584,-0.09669832601865391
2016-03-25,model1,0.001748487561961731,0.0,0.001748487561961731,1.1242346817343092,-0.09511891427699826
2016-03-28,model1,0.0022606019274356466,0.0008,0.0014606019274356467,1.1258767410773403,-0.09379724321909122
2016-03-29,model1,0.004631846093241565,0.0,0.004631846093241565,1.1310916288619708,-0.08959985152041094
2016-03-30,model1,-0.004945822276859602,0.0,-0.004945822276859602,1.1254974506867759,-0.09410252885561754
2016-03-31,model1,-0.0013766103288562093,0.0,-0.0013766103288562093,1.1239480792710592,-0.09534959667127951
2016-04-01,model1,0.004118019746995305,0.0,0.004118019746995305,1.1285765196560948,-0.09162422844624463
2016-04-05,model1,-0.008281172415816853,0.0,-0.008281172415816853,1.1192305829123803,-0.09914664482883184
2016-04-06,model1,-0.004587663902335937,0.0,-0.004587663902335937,1.1140959291687629,-0.10327945724764875
2016-04-07,model1,0.0006925150985725098,0.0008,-0.00010748490142749019,1.1139761806776354,-0.10337584116679455
2016-04-08,model1,-0.0009511288540893668,0.0,-0.0009511288540893668,1.1129166457894246,-0.10422864627553441
2016-04-11,model1,0.004150181590031821,0.0,0.004150181590031821,1.1175354519640197,-0.10051103249442939
2016-04-12,model1,-0.0024234765225751966,0.0,-0.0024234765225751966,1.1148271310330393,-0.10269092288949455
2016-04-13,model1,0.0007346564714625359,0.0,0.0007346564714625359,1.1156461459994147,-0.1020317089690933
2016-04-14,model1,0.002242117790104992,0.0008,0.001442117790104992,1.1172550391540226,-0.10073673292164742
2016-04-15,model1,0.0016810168331005126,0.0,0.0016810168331005126,1.1191331636817068,-0.09922505623229982
2016-04-18,model1,0.002092975951234922,0.0,0.002092975951234922,1.1214754824795221,-0.09733975593751898
2016-04-19,model1,-0.0007245897538039614,0.0008,-0.0015245897538039613,1.1197656924497914,-0.09871594249678284
2016-04-20,model1,-0.016523756167411374,0.0,-0.016523756167411374,1.1012629571831185,-0.11360854050054126
2016-04-21,model1,-0.002092237272518638,0.0,-0.002092237272518638,1.0989588537772559,-0.11546308175014819
2016-04-22,model1,0.0008591183550640483,0.0,0.0008591183550640483,1.099902989499996,-0.11470315984794788
2016-04-25,model1,-0.0004613971313920382,0.0008,-0.0012613971313920383,1.0985155750242313,-0.11581987074254618
2016-04-26,model1,-0.0031979715563322133,0.0,-0.0031979715563322133,1.0950025534611159,-0.11864745364658569
2016-04-27,model1,5.7724311788209933e-05,0.0,5.7724311788209933e-05,1.0950657617299209,-0.11859657817740454
2016-04-28,model1,0.0011334970053749503,0.0008,0.00033349700537495025,1.0954309628821466,-0.1183026327756993
2016-04-29,model1,0.0009066443831224014,0.0,0.0009066443831224014,1.096424129211742,-0.11750324681009161
2016-05-03,model1,0.0078894449598093,0.0,0.0078894449598093,1.1050743070317648,-0.11054083724858954
2016-05-04,model1,0.0011403546104282738,0.0,0.0011403546104282738,1.1063344836126543,-0.10952653839155824
2016-05-05,model1,0.0022160642374896788,0.0,0.0022160642374896788,1.10878619189649,-0.10755319199885405
2016-05-06,model1,-0.00710127894383894,0.0,-0.00710127894383894,1.1009123918587562,-0.11389070572500881
2016-05-09,model1,-0.008059073304110376,0.0,-0.008059073304110376,1.092040058191363,-0.12103192548302444
2016-05-10,model1,-0.00031443965691568826,0.0008,-0.0011144396569156884,1.090823045443574,-0.12201148236242909
2016-05-11,model1,0.0022433830467968098,0.0,0.0022433830467968098,1.093270179370777,-0.12004181780667889
2016-05-12,model1,0.001023857396676675,0.0,0.001023857396676675,1.094389532130492,-0.11914086611307406
2016-05-13,model1,-0.0008113676793096937,0.0,-0.0008113676793096937,1.0935015798355465,-0.11985556674433451
2016-05-16,model1,-0.0056377583788782114,0.0008,-0.006437758378878212,1.0864618808776436,-0.1255217239441493
2016-05-17,model1,-0.00015435242507946248,0.0,-0.00015435242507946248,1.0862941828515738,-0.12565670178673782
2016-05-18,model1,-0.01162897822737148,0.0,-0.01162897822737148,1.0736616914506725,-0.135824420964908
2016-05-19,model1,0.003478029833358676,0.0008,0.002678029833358676,1.0765369894913117,-0.13351013298299197
2016-05-20,model1,-0.0028743067528561816,0.0,-0.0028743067528561816,1.0734426919527174,-0.13600069065904052
2016-05-23,model1,-0.0054782844049691805,0.0,-0.0054782844049691805,1.0675620675937647,-0.14073392460130718
2016-05-24,model1,0.0015358230998363974,0.0008,0.0007358230998363973,1.0683476044236093,-0.140101656774123
2016-05-25,model1,-0.0029686861048717093,0.0,-0.0029686861048717093,1.065176015735184,-0.1426544250372599
2016-05-26,model1,0.001227430500151705,0.0,0.001227430500151705,1.0664834452649272,-0.14160209292938064
2016-05-27,model1,-9.959981362892557e-05,0.0,-9.959981362892557e-05,1.0663772237125404,-0.14168758920094449
2016-05-30,model1,-0.005294203770550477,0.0,-0.005294203770550477,1.0607316053939324,-0.14623167000250703
2016-05-31,model1,0.004389473934552336,0.0008,0.0035894739345523363,1.0645390738430498,-0.14316709083583468
2016-06-01,model1,-0.004876889664065942,0.0,-0.004876889664065942,1.0593474342368303,-0.1473457703943689
2016-06-02,model1,-0.0029312462492773863,0.0008,-0.003731246249277386,1.0553947480961525,-0.15052723329051543
2016-06-03,model1,-0.001559620807329676,0.0,-0.001559620807329676,1.0537487324870753,-0.15185208869273548
2016-06-06,model1,0.0043082735630849195,0.0,0.0043082735630849195,1.0582885702933835,-0.14819803546886479
2016-06-07,model1,-0.0009439706054092057,0.0,-0.0009439706054092057,1.057289576990986,-0.14900211148501197
2016-06-08,model1,-0.00027941775859314805,0.0,-0.00027941775859314805,1.0569941515071992,-0.14923989540758842
2016-06-13,model1,-0.009296395442119154,0.0,-0.009296395442119154,1.047167915894781,-0.15714889776625818
2016-06-14,model1,-0.0009219775283670019,0.0008,-0.001721977528367002,1.0453647162751833,-0.15860026842406405
2016-06-15,model1,-0.010977631621826855,0.0,-0.010977631621826855,1.0338890875094588,-0.16783684472400862
2016-06-16,model1,-0.000745212754963376,0.0,-0.000745212754963376,1.0331186201742293,-0.16845698332153092
2016-06-17,model1,-0.0008644596044107724,0.0,-0.0008644596044107724,1.0322255308605242,-0.1691758186687793
2016-06-20,model1,-0.0010440018427806841,0.0,-0.0010440018427806841,1.0311478855041405,-0.1700432006451158
2016-06-21,model1,0.00465969790112779,0.0008,0.0038596979011277905,1.0351278048335733,-0.16683981812861892
2016-06-22,model1,0.004094481657027948,0.0,0.004094481657027948,1.0393661166431438,-0.16342845904658065
2016-06-23,model1,-0.00010923668668447748,0.0,-0.00010923668668447748,1.0392525797323096,-0.1635198433498889
2016-06-24,model1,0.0005650851222828825,0.0008,-0.00023491487771711754,1.0390084438396245,-0.16371634498360121
2016-06-27,model1,-0.005751665057342859,0.0,-0.005751665057342859,1.033032415278908,-0.16852636846018587
2016-06-28,model1,-0.00301290600563231,0.0008,-0.0038129060056323097,1.0290935597786783,-0.17169669926340891
2016-06-29,model1,-0.003148991273361812,0.0,-0.003148991273361812,1.0258529531394625,-0.17430501912912522
2016-06-30,model1,0.0002785638194109819,0.0008,-0.0005214361805890181,1.0253180362937315,-0.17473556636628196
2016-07-01,model1,0.0016215880400858751,0.0,0.0016215880400858751,1.0269806797586698,-0.17339732743079328
2016-07-04,model1,-0.0010693291530464505,0.0,-0.0010693291530464505,1.0258824993781883,-0.17428123776655768
2016-07-05,model1,-0.001386305956673706,0.0,-0.001386305956673706,1.024460312358453,-0.17542593660517913
2016-07-06,model1,-0.002103060771821097,0.0008,-0.002903060771821097,1.0214862418133577,-0.17781972522208178
2016-07-07,model1,0.0014625351208418015,0.0,0.0014625351208418015,1.0229802013174663,-0.17661725769455583
2016-07-08,model1,0.0020835553679706023,0.0,0.0020835553679706023,1.0251116372072488,-0.17490169416193102
2016-07-11,model1,-0.0004918667140281663,0.0,-0.0004918667140281663,1.0246074189147438,-0.1753075325543737
2016-07-12,model1,-0.0030446722367740275,0.0008,-0.0038446722367740274,1.0206681392176498,-0.17847820478783838
2016-07-13,model1,-0.003681537740794205,0.0008,-0.004481537740794205,1.0160939764309196,-0.18215988571796682
2016-07-14,model1,0.0010258124436196337,0.0008,0.0002258124436196337,1.0163234230946847,-0.18197520724327054
2016-07-15,model1,0.00038644813784300964,0.0008,-0.0004135518621569904,1.0159031206505102,-0.18231350291960557
2016-07-18,model1,-0.0009926235142184937,0.0,-0.0009926235142184937,1.0148947113247846,-0.1831251577638665
2016-07-19,model1,0.0035401144900459873,0.0008,0.0027401144900459874,1.0176756390291568,-0.18088682717210114
2016-07-20,model1,-0.0006502236460054877,0.0,-0.0006502236460054877,1.0170139222646963,-0.1814194339258285
2016-07-21,model1,0.0004222835488008059,0.0008,-0.00037771645119919416,1.0166297793751584,-0.18172862527226652
2016-07-22,model1,0.0005588260062014071,0.0008,-0.00024117399379859291,1.016384594711052,-0.18192597104772068
2016-07-25,model1,-0.0006871021026501722,0.0,-0.0006871021026501722,1.0156862347189246,-0.1824880714331374
2016-07-26,model1,-0.0010972410192922949,0.0008,-0.0018972410192922948,1.0137592331316854,-0.18403908859777518
2016-07-27,model1,-0.014769211576463449,0.0,-0.014769211576463449,0.9987868085299701,-0.19609018793639854
2016-07-28,model1,0.0027690542833441524,0.0008,0.0019690542833441524,1.0007534739734538,-0.19450724587753232
2016-07-29,model1,0.0010038797522558876,0.0,0.0010038797522558876,1.0017581101229753,-0.19369862801108007
2016-08-01,model1,0.004611346228646962,0.0,0.004611346228646962,1.0063775636061074,-0.18998049322020605
2016-08-02,model1,-0.0037110948138643356,0.0008,-0.0045110948138643355,1.0018376989981344,-0.19363456801636947
2016-08-03,model1,0.002434106839092731,0.0,0.002434106839092731,1.0042762789929267,-0.19167178840357013
2016-08-04,model1,0.0029335487565648856,0.0,0.0029335487565648856,1.007222372422414,-0.18930051818354499
2016-08-05,model1,-0.003143349768267356,0.0,-0.003143349768267356,1.0040563202114663,-0.1918488302118473
2016-08-08,model1,0.003594135150080202,0.0008,0.0027941351500802023,1.0068617892684293,-0.18959074662176378
2016-08-09,model1,-0.0003269867262812201,0.0,-0.0003269867262812201,1.0065325588281389,-0.18985573969047387
2016-08-10,model1,0.0005045818515450051,0.0,0.0005045818515450051,1.0070404368903128,-0.18944695559958835
2016-08-11,model1,0.007104728124010596,0.0,0.007104728124010596,1.0141951854043034,-0.18368819658903413
2016-08-12,model1,0.0036703671206857365,0.0,0.0036703671206857365,1.0179176540667692,-0.18069203258556688
2016-08-15,model1,0.002620403078724909,0.0,0.002620403078724909,1.0205850086213741,-0.17854511546533025
2016-08-16,model1,-0.006875127291223571,0.0,-0.006875127291223571,1.0135683567755878,-0.18419272236050344
2016-08-17,model1,-0.0019059520410341425,0.0008,-0.0027059520410341424,1.0108256894118433,-0.18640025772852253
2016-08-18,model1,0.001726254486378176,0.0,0.001726254486378176,1.0125706317931367,-0.1849957775233103
2016-08-19,model1,-0.0002598564037028517,0.0,-0.0002598564037028517,1.0123075088302638,-0.18520756158956575
2016-08-22,model1,-0.002702208944019979,0.0,-0.002702208944019979,1.0095720424258041,-0.1874093010041582
2016-08-23,model1,-0.0003427253065911628,0.0008,-0.0011427253065911629,1.0084183789040972,-0.1883378689598013
2016-08-24,model1,-0.002133225862985899,0.0,-0.002133225862985899,1.0062671947375086,-0.1900693276097427
2016-08-25,model1,0.001459747920765109,0.0,0.001459747920765109,1.0077360911827609,-0.18888703299475706
2016-08-26,model1,-0.0022770626202935685,0.0,-0.0022770626202935685,1.0054414129984077,-0.1907339880127602
2016-08-29,model1,-0.0019578548340780434,0.0008,-0.0027578548340780433,1.0026685515371878,-0.19296582619597424
2016-08-30,model1,-0.0018812994199658652,0.0,-0.0018812994199658652,1.0007822317727628,-0.19448409911904452
2016-08-31,model1,-0.0010292582334915147,0.0008,-0.0018292582334915146,0.9989515426353605,-0.19595759571293936
2016-09-01,model1,0.0010732616109021095,0.0,0.0010732616109021095,1.0000236789772226,-0.19509464786688047
2016-09-02,model1,0.003246636656121993,0.0,0.003246636656121993,1.0032703925103799,-0.19248141264593643
2016-09-05,model1,-0.002402851279152474,0.0,-0.002402851279152474,1.0008596829644005,-0.19442175971649944
2016-09-06,model1,-0.005661990297460662,0.0,-0.005661990297460662,0.9951928251503366,-0.19898293589683003
2016-09-07,model1,0.0006508902930620231,0.0008,-0.00014910970693797693,0.9950444322398316,-0.19910237531651076
2016-09-08,model1,0.0014433631359816346,0.0,0.0014433631359816346,0.9964806426919903,-0.19794638920934748
2016-09-09,model1,-0.0015716273477960564,0.0,-0.0015716273477960564,0.9949145464623862,-0.19920691859846462
2016-09-12,model1,-0.005827203696451866,0.0008,-0.006627203696451867,0.9883210451024169,-0.20451393746762192
2016-09-13,model1,-0.003038582396199363,0.0,-0.003038582396199363,0.9853179501729754,-0.20693108741365474
2016-09-14,model1,-0.00039014399469636816,0.0008,-0.001190143994696368,0.9841452799317104,-0.20787495361734987
2016-09-19,model1,0.0018287647335131223,0.0,0.0018287647335131223,0.9859450501123029,-0.2064263432679928
2016-09-20,model1,0.000824518445490563,0.0,0.000824518445490563,0.9867579799923606,-0.20577202715016196
2016-09-21,model1,-0.00043123785619574305,0.0008,-0.001231237856195743,0.9855430462124908,-0.20674991069678417
2016-09-22,model1,-0.00016379289808954312,0.0,-0.00016379289808954312,0.9853816212607597,-0.20687983942782096
2016-09-23,model1,0.00014169602657529976,0.0,0.00014169602657529976,0.9855212459211525,-0.20676745745247116
2016-09-26,model1,0.002817556725602576,0.0,0.002817556725602576,0.9882980079358219,-0.20453247976724964
2016-09-27,model1,-0.0012141729650791968,0.0,-0.0012141729650791968,0.9870980432131446,-0.20549831492491477
2016-09-28,model1,-0.0014293978575505408,0.0,-0.0014293978575505408,0.9856870873849835,-0.2066339739313814
2016-09-29,model1,0.00048144128393987637,0.0008,-0.00031855871606012367,0.9853730881719891,-0.2068867075940115
2016-09-30,model1,0.0014957343114581968,0.0,0.0014957343114581968,0.9868469445095553,-0.20570042082968631
2016-10-10,model1,0.0028721602924246525,0.0,0.0028721602924246525,0.9896813271182763,-0.20341906511810381
2016-10-11,model1,0.0012488777680350618,0.0,0.0012488777680350618,0.9909173181251537,-0.2024242328980892
2016-10-12,model1,0.0012628423245160559,0.0008,0.00046284232451605583,0.991375956600078,-0.20205508107606596
2016-10-13,model1,7.435864702252105e-05,0.0008,-0.000725641352977479,0.9906565732096214,-0.20263410290663553
2016-10-14,model1,-0.002344432005815511,0.0,-0.002344432005815511,0.9883340462326173,-0.20450347303612693
2016-10-17,model1,-0.0004190892904702981,0.0008,-0.001219089290470298,0.9871291787814479,-0.20547325433275498
2016-10-18,model1,-0.0005422522842770229,0.0,-0.0005422522842770229,0.9865939057293771,-0.2059040882755122
2016-10-19,model1,0.0006370465020211213,0.0,0.0006370465020211213,0.9872224119259374,-0.20539821225267885
2016-10-20,model1,0.00015679870835700883,0.0,0.00015679870835700883,0.9873772071249886,-0.20527361971870184
2016-10-21,model1,0.004529995431347711,0.0,0.004529995431347711,0.9918500213622817,-0.20167351284685597
2016-10-24,model1,0.001426246525200182,0.0,0.001426246525200182,0.9932646440087695,-0.20053490246857852
2016-10-25,model1,-0.0023028384599777852,0.0,-0.0023028384599777852,0.9909773159856099,-0.20237594144258375
2016-10-26,model1,0.0004106182519740375,0.0008,-0.0003893817480259625,0.9905914475060573,-0.20268652169277246
2016-10-27,model1,0.0004171282232198427,0.0,0.0004171282232198427,0.9910046511564924,-0.2023539397382168
2016-10-28,model1,-0.004405797144928547,0.0,-0.004405797144928547,0.9866384856938163,-0.2058682064731816
2016-10-31,model1,0.00036657031329609955,0.0008,-0.0004334296867039005,0.986210847284072,-0.2062124067676515
2016-11-01,model1,-0.0011435584336386031,0.0,-0.0011435584336386031,0.9850830575523145,-0.20712014926441003
2016-11-02,model1,-6.42940696915506e-05,0.0,-6.42940696915506e-05,0.9850197225535603,-0.20717112673679028
2016-11-03,model1,0.0033755006569540667,0.0,0.0033755006569540667,0.9883446572741525,-0.2044949323542381
2016-11-04,model1,0.0010039081396777674,0.0008,0.00020390813967776733,0.9885461887945779,-0.20433272239579015
2016-11-07,model1,-0.0004999890357805016,0.0,-0.0004999890357805016,0.988051926538818,-0.2047305473107216
2016-11-08,model1,0.0011648198281265288,0.0008,0.0003648198281265288,0.988412387472838,-0.2044404172456772
2016-11-09,model1,-0.00018993752950255969,0.0,-0.00018993752950255969,0.9882246508658317,-0.20459152386739765
2016-11-10,model1,-0.0006589824264584543,0.0008,-0.0014589824264584542,0.9867828484668254,-0.2057520108559312
2016-11-11,model1,-0.0004448925325013951,0.0,-0.0004448925325013951,0.9863438361463421,-0.20610536585525552
2016-11-14,model1,0.0002716438576075397,0.0,0.0002716438576075397,0.9866117703909204,-0.2058897092543025
2016-11-15,model1,0.002725094322798061,0.0008,0.0019250943227980609,0.9885110911089057,-0.2043609720419125
2016-11-16,model1,-0.0003903462807828273,0.0008,-0.0011903462807828272,0.9873344206080916,-0.205308057999688
2016-11-17,model1,-0.0016384902729141616,0.0,-0.0016384902729141616,0.9857166827638119,-0.2066101530166189
2016-11-18,model1,-0.00042677307165304166,0.0,-0.00042677307165304166,0.9852960054273291,-0.20694875043863425
2016-11-21,model1,-0.004192609839565886,0.0008,-0.004992609839565887,0.9803768068957477,-0.21090814591047435
2016-11-22,model1,0.00013233553908040784,0.0,0.00013233553908040784,0.9805065455889901,-0.21080372101457956
2016-11-23,model1,0.0030524419367804704,0.0,0.0030524419367804704,0.9834994848880337,-0.20839474519625334
2016-11-24,model1,0.0019132776073794047,0.0,0.0019132776073794047,0.9853811924293392,-0.20688018458835344
2016-11-25,model1,0.0024597089274591257,0.0008,0.0016597089274591257,0.9870166383913644,-0.20556383655016996
2016-11-28,model1,-0.00045394487486083435,0.0008,-0.0012539448748608343,0.9857789739362512,-0.20656001570573201
2016-11-29,model1,0.009397529530022953,0.0008,0.008597529530022952,0.9942542377747439,-0.19973839201046106
2016-11-30,model1,0.00150357920031583,0.0008,0.00070357920031583,0.9949537743762681,-0.19917534458826835
2016-12-01,model1,-0.00039580407358403864,0.0008,-0.0011958040735840386,0.9937640045998412,-0.2001329739734362
2016-12-02,model1,-0.003814354535240705,0.0,-0.003814354535240705,0.9899734363619368,-0.20318395039175008
2016-12-05,model1,0.0046837257934805535,0.0,0.0046837257934805535,0.9946102004806858,-0.19945188250754065
2016-12-06,model1,0.0014078188352818267,0.0,0.0014078188352818267,0.9960104314546859,-0.19832485578918535
2016-12-07,model1,0.0027462326557778026,0.0,0.0027462326557778026,0.9987457078270422,-0.19612326932882818
2016-12-08,model1,-0.00221626379028117,0.0,-0.00221626379028117,0.9965322238790864,-0.19790487221886433
2016-12-09,model1,-0.006261451993264356,0.0,-0.006261451993264356,0.9902924851995265,-0.2029271523554972
2016-12-12,model1,-0.01225580863147142,0.0008,-0.01305580863147142,0.9773634160235772,-0.21333358291968574
2016-12-13,model1,-0.004246838431058863,0.0,-0.004246838431058863,0.9732127115072973,-0.21667442809216586
2016-12-14,model1,0.0003485865197057074,0.0,0.0003485865197057074,0.973551960339335,-0.216401371357258
2016-12-15,model1,-0.011190561861120241,0.0,-0.011190561861120241,0.9626573669021428,-0.22517028028537356
2016-12-16,model1,-0.0037271670053783627,0.0008,-0.004527167005378363,0.958299256233219,-0.2286780638272522
2016-12-19,model1,0.002038942931000243,0.0,0.002038942931000243,0.9602531737274984,-0.2271053824179674
2016-12-20,model1,0.000771046841916867,0.0,0.000771046841916867,0.9609935739045417,-0.22650944446394627
2016-12-21,model1,-0.00012179319467024979,0.0,-0.00012179319467024979,0.9608765314271183,-0.22660365034975227
2016-12-22,model1,0.0005612928601867128,0.0008,-0.00023870713981328725,0.9606471633385876,-0.22678826558031928
2016-12-23,model1,0.001404232745634415,0.0,0.001404232745634415,0.9619961355423485,-0.22570249634353834
2016-12-26,model1,0.00203718069921095,0.0,0.00203718069921095,0.9639558955023909,-0.2241251124136422
2016-12-27,model1,-0.0009759223499621329,0.0,-0.0009759223499621329,0.9630151493995923,-0.22488230605721216
2016-12-28,model1,-0.0005272707684884192,0.0,-0.0005272707684884192,0.9625073796617024,-0.22529100295936633
2016-12-29,model1,0.0007612786939153791,0.0,0.0007612786939153791,0.9632401160225751,-0.22470123350593474
2016-12-30,model1,0.0013683637963364248,0.0008,0.0005683637963364248,0.9637875868317013,-0.22426058175571517
2017-01-03,model1,-2.3112022261973127e-05,0.0008,-0.0008231120222619732,0.9629942816820733,-0.22489910219701448
2017-01-04,model1,-0.0021961675708962684,0.0,-0.0021961675708962684,0.9608793848696846,-0.22660135365294198
2017-01-05,model1,-0.0002062547690840688,0.0,-0.0002062547690840688,0.9606811989140407,-0.22676087081215424
2017-01-06,model1,-0.0006382057472834827,0.0008,-0.0014382057472834826,0.9592995416924553,-0.2278729477717767
2017-01-09,model1,0.0011212546336796692,0.0,0.0011212546336796692,0.9603751607486648,-0.22700719673667635
2017-01-10,model1,-0.000349833327889737,0.0,-0.000349833327889737,0.9600391895101574,-0.22727761538147684
2017-01-11,model1,-0.0017794930429067433,0.0008,-0.0025794930429067432,0.9575627750998982,-0.22927084739669856
2017-01-12,model1,0.002852412190058429,0.0,0.002852412190058429,0.9602941388323393,-0.22707241016657953
2017-01-13,model1,0.007190890568789944,0.0,0.007190890568789944,0.9671995088985329,-0.22151437245048888
2017-01-16,model1,0.01563672859479164,0.0,0.01563672859479164,0.982323345116195,-0.2093414039775512
2017-01-17,model1,-0.004705452565851243,0.0,-0.004705452565851243,0.9777010692114225,-0.2130618104969173
2017-01-18,model1,0.0031491322781233236,0.0,0.0031491322781233236,0.980779979206832,-0.21058363804346514
2017-01-19,model1,0.0003076133829424954,0.0008,-0.0004923866170575046,0.9802970562707927,-0.2109723360953787
2017-01-20,model1,0.0030894427284079208,0.0,0.0030894427284079208,0.9833256278829681,-0.20853468031661593
2017-01-23,model1,0.003291262839285603,0.0,0.003291262839285603,0.9865620109809364,-0.20592975992135876
2017-01-24,model1,-0.001353920384078089,0.0,-0.001353920384078089,0.9852262845641122,-0.20700486780579108
2017-01-25,model1,-0.00013864676522867836,0.0,-0.00013864676522867836,0.9850896861267391,-0.20711481401571186
2017-01-26,model1,0.0019536481715788593,0.0,0.0019536481715788593,0.9870142047908819,-0.20556579532184172
2017-02-03,model1,0.0029990056854068744,0.0008,0.0021990056854068745,0.9891846546387943,-0.20381882998907275
2017-02-06,model1,-0.0026810081256192224,0.0,-0.0026810081256192224,0.9865326425419699,-0.20595339817533698
2017-02-07,model1,-0.00088557320636804,0.0008,-0.00168557320636804,0.9848697695524937,-0.20729182185198025
2017-02-08,model1,0.0007592100985381657,0.0,0.0007592100985381657,0.9856174926272828,-0.20668998979793662
2017-02-09,model1,0.0010716517399677274,0.0,0.0010716517399677274,0.9866737313281996,-0.20583983774516967
2017-02-10,model1,-0.0018814288465041963,0.0,-0.0018814288465041963,0.9848173749079907,-0.2073339935831804
2017-02-13,model1,0.00017559636510942065,0.0008,-0.0006244036348905794,0.9842024513593948,-0.2078289371188412
2017-02-14,model1,-0.0013023082540844833,0.0,-0.0013023082540844833,0.9829207163832993,-0.20886058803267826
2017-02-15,model1,0.0037421318801458712,0.0,0.0037421318801458712,0.9865989353317329,-0.2059000400175155
2017-02-16,model1,-0.0022484730691243906,0.0,-0.0022484730691243906,0.9843805941956127,-0.20768555239172892
2017-02-17,model1,0.0009164543554783136,0.0008,0.00011645435547831355,0.9844952296032552,-0.2075932839233965
2017-02-20,model1,-0.0003774775331910618,0.0,-0.0003774775331910618,0.9841236047725462,-0.20789239965586503
2017-02-21,model1,0.0026313755289458563,0.0,0.0026313755289458563,0.9867132035436026,-0.20580806710002764
2017-02-22,model1,0.0022550929514533634,0.0,0.0022550929514533634,0.9889383335340197,-0.2040170904700438
2017-02-23,model1,0.0017828533025336048,0.0,0.0017828533025336048,0.990701465507963,-0.20259796971102795
2017-02-24,model1,-0.00027796503014689835,0.0,-0.00027796503014689835,0.9904260851452366,-0.20281961959041628
2017-02-27,model1,2.7048627858361658e-05,0.0,2.7048627858361658e-05,0.9904528748118349,-0.20279805695497066
2017-02-28,model1,0.0016384905011360474,0.0008,0.0008384905011360474,0.9912833601391875,-0.2021296106982402
2017-03-01,model1,-0.0008280017168016408,0.0,-0.0008280017168016408,0.9904625758151554,-0.20279024875036722
2017-03-02,model1,-0.000827168333932482,0.0,-0.000827168333932482,0.9896432965364959,-0.20344967541210313
2017-03-03,model1,-0.0024515946152138925,0.0,-0.0024515946152138925,0.9872170923597244,-0.20540249389860965
2017-03-06,model1,-0.0035297667975621393,0.0008,-0.004329766797562139,0.9829426725712395,-0.20884291579795322
2017-03-07,model1,-0.0007303027965290809,0.0,-0.0007303027965290809,0.9822248267886329,-0.20942070002903979
2017-03-08,model1,-0.00190267176411143,0.0008,-0.00270267176411143,0.979570195483262,-0.21155737638036232
2017-03-09,model1,0.0015983479010936996,0.0,0.0015983479010936996,0.9811358894491866,-0.210297170767767
2017-03-10,model1,-0.0017777149183369812,0.0,-0.0017777149183369812,0.9793917095415969,-0.2117010372683461
2017-03-13,model1,-0.0010436843698090393,0.0,-0.0010436843698090393,0.9783695337224277,-0.21252377257448585
2017-03-14,model1,0.000887400575449604,0.0008,8.740057544960394e-05,0.9784550437826774,-0.21245494669905596
2017-03-15,model1,-0.000866158966678432,0.0008,-0.001666158966678432,0.9768247821379872,-0.21376712195127656
2017-03-16,model1,-0.0015154121885687212,0.0,-0.0015154121885687212,0.9753444899570393,-0.21495858883772512
2017-03-17,model1,-8.0194752182594e-05,0.0008,-0.000880194752182594,0.9744859968554088,-0.21564957816807617
2017-03-20,model1,0.0004018230732017791,0.0,0.0004018230732017791,0.9748775678134572,-0.2153344080711087
2017-03-21,model1,-0.00011955379010375466,0.0,-0.00011955379010375466,0.9747610175053381,-0.21542821781658772
2017-03-22,model1,0.002162925069442956,0.0,0.002162925069442956,0.9768693525468162,-0.21373124784012565
2017-03-23,model1,-0.0007573888020326438,0.0,-0.0007573888020326438,0.9761294826381482,-0.2143267589883998
2017-03-24,model1,-0.0009815068723288967,0.0008,-0.0017815068723288966,0.9743905012565455,-0.21572644126666696
2017-03-27,model1,0.0016696418799111434,0.0,0.0016696418799111434,0.976017384444831,-0.2144169852876988
2017-03-28,model1,-0.00030811400344630245,0.0,-0.00030811400344630245,0.9757166598210765,-0.21465903441540124
2017-03-29,model1,0.0005024905518266286,0.0008,-0.0002975094481733714,0.9754263748960394,-0.2148926807727003
2017-03-30,model1,-0.005443937785804698,0.0,-0.005443937785804698,0.9701162143964724,-0.2191667561737537
2017-03-31,model1,-0.0006051911514864726,0.0008,-0.0014051911514864728,0.968753015676089,-0.2202639761387648
2017-04-05,model1,-0.004487742047177257,0.0,-0.004487742047177257,0.9644055020343096,-0.22376323027874556
2017-04-06,model1,-0.00017636059954924117,0.0,-0.00017636059954924117,0.9642354189017622,-0.2239001278608459
2017-04-07,model1,-0.0015174763118610546,0.0008,-0.0023174763118610545,0.9620008261594,-0.22569872093016674
2017-04-10,model1,0.0007857752387072204,0.0008,-1.4224761292779648e-05,0.9619871419272844,-0.2257097351810302
2017-04-11,model1,-0.003318315919063775,0.0008,-0.004118315919063775,0.9580253749667507,-0.22889850710461024
2017-04-12,model1,-0.0026341366315353557,0.0,-0.0026341366315353557,0.9555018052326104,-0.23092969379367756
2017-04-13,model1,0.004194677696522486,0.0008,0.0033946776965224864,0.9587454258998206,-0.22831894797814112
2017-04-14,model1,0.0031671018298587324,0.0,0.0031671018298587324,0.9617818702925566,-0.2258749555062154
2017-04-17,model1,0.004725084613146491,0.0,0.004725084613146491,0.9663263710090793,-0.2222171491698265
2017-04-18,model1,-0.0010445450294324313,0.0,-0.0010445450294324313,0.9653169996014322,-0.22302957838063886
2017-04-19,model1,0.0021044565258225845,0.0,0.0021044565258225845,0.967348467260731,-0.22139447790649092
2017-04-20,model1,0.002005425298920338,0.0,0.002005425298920338,0.9692884123498474,-0.21983304269460557
2017-04-21,model1,0.005025254831219428,0.0,0.005025254831219428,0.9741593336268536,-0.21591250492324876
2017-04-24,model1,0.009318925230624098,0.0,0.009318925230624098,0.9832374516196368,-0.20860565218236116
2017-04-25,model1,-0.0009505410058767262,0.0,-0.0009505410058767262,0.9823028441033586,-0.20935790496178097
2017-04-26,model1,-0.001075063531443421,0.0,-0.001075063531443421,0.98124680613883,-0.21020789544458052
2017-04-27,model1,0.00018724845011997004,0.0008,-0.00061275154988003,0.9806455456375536,-0.21069184178072986
2017-04-28,model1,0.0020460112830587465,0.0,0.0020460112830587465,0.9826519574886092,-0.20907690838320292
2017-05-02,model1,0.0020202760963154097,0.0,0.0020202760963154097,0.9846371857493211,-0.20747902536718554
2017-05-03,model1,3.3297232640892935e-06,0.0,3.3297232640892935e-06,0.9846404643186651,-0.20747638649165911
2017-05-04,model1,-0.0006226099118317397,0.0,-0.0006226099118317397,0.9840274174059898,-0.20796981954879012
2017-05-05,model1,-0.004778968867988542,0.0,-0.004778968867988542,0.9793247810129594,-0.21175490712367373
2017-05-08,model1,-0.00844462093517464,0.0008,-0.009244620935174641,0.9702712946400717,-0.2190419342113269
2017-05-09,model1,-0.004126396244752595,0.0,-0.004126396244752595,0.9662675708134776,-0.22226447664130655
2017-05-10,model1,0.009883796292601632,0.0,0.009883796292601632,0.9758179626475451,-0.21457749715890928
2017-05-11,model1,0.003369263024828806,0.0008,0.002569263024828806,0.9783250956579392,-0.2125595401634911
2017-05-12,model1,-0.0067861323467890864,0.0,-0.0067861323467890864,0.9716860520806194,-0.21790321533915813
2017-05-15,model1,0.0009664479411414463,0.0008,0.00016644794114144626,0.971847787223424,-0.21777303693957806
2017-05-16,model1,-0.008300815277269936,0.0008,-0.009100815277269936,0.9630031800342801,-0.22489194003529078
2017-05-17,model1,0.003841827699827949,0.0,0.003841827699827949,0.9667028723263582,-0.22191410842015846
2017-05-18,model1,-0.001917357636611561,0.0,-0.001917357636611561,0.9648493571917689,-0.22340597734631884
2017-05-19,model1,-0.001262081332888876,0.0,-0.001262081332888876,0.9636316388290074,-0.2243861021655431
2017-05-22,model1,-0.009137323741380455,0.0,-0.009137323741380455,0.9548266245775897,-0.2314731374483705
2017-05-23,model1,-0.013498740309767766,0.0008,-0.014298740309767766,0.9411738066319026,-0.24246210347707686
2017-05-24,model1,-0.0030864989937508195,0.0,-0.0030864989937508195,0.9382688746247887,-0.2448002434324229
2017-05-25,model1,0.007397219452487747,0.0,0.007397219452487747,0.945209455395827,-0.2392138651026272
2017-05-26,model1,0.0005791244568964515,0.0,0.0005791244568964515,0.9457568493083365,-0.23877327524544045
2017-05-31,model1,0.0021520817400382695,0.0,0.0021520817400382695,0.9477921953542491,-0.23713505311106697
2017-06-01,model1,0.010639415049216838,0.0,0.010639415049216838,0.9578761499010313,-0.22901861631461695
2017-06-02,model1,-0.007741858023881943,0.0,-0.007741858023881943,0.9504604087440349,-0.23498744472616517
2017-06-05,model1,-0.0070580691154878755,0.0008,-0.007858069115487875,0.9429916251605894,-0.24099896625972295
2017-06-06,model1,-0.000787445971116618,0.0,-0.000787445971116618,0.9422490702045601,-0.24159663856581504
2017-06-07,model1,0.004847324551821864,0.0,0.004847324551821864,0.946816457256494,-0.2379204113317508
2017-06-08,model1,-0.0034375615387449267,0.0,-0.0034375615387449267,0.9435617174187783,-0.24054010681521942
2017-06-09,model1,-0.0012616426973613315,0.0008,-0.0020616426973613317,0.9416164302945521,-0.2421058417579427
2017-06-12,model1,0.004751605864524189,0.0,0.004751605864524189,0.9460906204468721,-0.23850462743095102
2017-06-13,model1,-0.0061874379887989495,0.0,-0.0061874379887989495,0.9402367434010728,-0.24321633282747934
2017-06-14,model1,-0.005104250877499972,0.0,-0.005104250877499972,0.9354375391785101,-0.2470791465247223
2017-06-15,model1,-0.006146848710884845,0.0008,-0.006946848710884845,0.9289391961153547,-0.25230957378508534
2017-06-16,model1,0.0009496990781897807,0.0,0.0009496990781897807,0.9298214088135999,-0.2515994928765376
2017-06-19,model1,-0.002154239256671975,0.0,-0.002154239256671975,0.9278183510330396,-0.2532117266286962
2017-06-20,model1,0.002187285312598597,0.0008,0.001387285312598597,0.9291054998041872,-0.2521757182254273
2017-06-21,model1,0.0029461804810452467,0.0,0.0029461804810452467,0.9318428122925422,-0.24997249292321133
2017-06-22,model1,0.00876056224054449,0.0,0.00876056224054449,0.9400062792480349,-0.24340183026534468
2017-06-23,model1,0.0007747933676887087,0.0,0.0007747933676887087,0.940734589878782,-0.2428156230214289
2017-06-26,model1,-0.004494037487253167,0.0,-0.004494037487253167,0.936506893366311,-0.24621843799633314
2017-06-27,model1,0.0016896956726781375,0.0,0.0016896956726781375,0.9380893050114654,-0.24494477655287084
2017-06-28,model1,-0.0009079641451137821,0.0008,-0.0017079641451137823,0.9364870821135911,-0.2462343838020994
2017-06-29,model1,-0.000394791474991774,0.0,-0.000394791474991774,0.9361173649971327,-0.24653196404151634
2017-06-30,model1,0.0018551051761004358,0.0,0.0018551051761004358,0.9378539611663764,-0.2451342015879835
2017-07-03,model1,0.005004205979628074,0.0,0.005004205979628074,0.9425471755668631,-0.2413566976457533
2017-07-04,model1,0.0016866138058568405,0.0,0.0016866138058568405,0.9441368886458456,-0.24007715937828178
2017-07-05,model1,-0.0028197999099264237,0.0,-0.0028197999099264237,0.9414746115322837,-0.24221998973581804
2017-07-06,model1,-0.0004107692220650883,0.0,-0.0004107692220650883,0.9410878827385106,-0.24253126244113066
2017-07-07,model1,0.0031719881066442747,0.0008,0.002371988106644275,0.9433201320036734,-0.2407345556044862
2017-07-10,model1,0.0022652572368663916,0.0,0.0022652572368663916,0.9454569947593765,-0.2390146240618667
2017-07-11,model1,0.008210717615720009,0.0,0.008210717615720009,0.953219875161153,-0.2327663880303461
2017-07-12,model1,-0.0011088373907934823,0.0,-0.0011088373907934823,0.9521629093219268,-0.2336171253467716
2017-07-13,model1,0.004479261842048921,0.0,0.004479261842048921,0.9564278963090668,-0.2301842957799377
2017-07-14,model1,0.004766474695150392,0.0,0.004766474695150392,0.9609866856745598,-0.2265149887058434
2017-07-17,model1,0.017751104282214047,0.0,0.017751104282214047,0.9780452605457882,-0.21278477560963127
2017-07-18,model1,-0.005298751838079241,0.0,-0.005298751838079241,0.9728628414237465,-0.2169560337268338
2017-07-19,model1,-0.003026860683890664,0.0008,-0.003826860683890664,0.9691398308650837,-0.21995263389512243
2017-07-20,model1,0.0014978520427225029,0.0,0.0014978520427225029,0.9705914589404286,-0.218784238354382
2017-07-21,model1,0.005696333736415227,0.0,0.005696333736415227,0.9761202718122676,-0.2143341726559006
2017-07-24,model1,0.00037984726030035896,0.0,0.00037984726030035896,0.976491048423239,-0.21403573964387246
2017-07-25,model1,0.0008260874650370732,0.0,0.0008260874650370732,0.9772977154380622,-0.2133864644204252
2017-07-26,model1,0.0005918904509697675,0.0,0.0005918904509697675,0.9778761686235846,-0.21292087538011206
2017-07-27,model1,0.0023638895078239132,0.0008,0.0015638895078239133,0.979405458903646,-0.21168997059529182
2017-07-28,model1,-0.002069068904880256,0.0,-0.002069068904880256,0.9773790015233585,-0.2133210383645383
2017-07-31,model1,-0.005049140348610148,0.0,-0.005049140348610148,0.9724440777708827,-0.21729309085113468
2017-08-01,model1,0.007351155517535136,0.0,0.007351155517535136,0.9795926654186825,-0.21153929063733212
2017-08-02,model1,0.0020311010536089302,0.0,0.0020311010536089302,0.981582317113522,-0.20993784725981635
2017-08-03,model1,-0.005781878205409542,0.0,-0.005781878205409542,0.9759069277073879,-0.2145058904016638
2017-08-04,model1,-0.0004293631739426653,0.0,-0.0004293631739426653,0.9754879092114347,-0.21484315264567422
2017-08-07,model1,-0.004061471204216271,0.0008,-0.0048614712042162715,0.9707456028307421,-0.2186601700498806
2017-08-08,model1,-0.00013436897957488372,0.0,-0.00013436897957488372,0.9706151647346629,-0.2187651578855322
2017-08-09,model1,0.004550822441965296,0.0,0.004550822441965296,0.9750322620088492,-0.2152098968335926
2017-08-10,model1,-0.0018254505843022795,0.0,-0.0018254505843022795,0.9732523887964516,-0.21664249238597233
2017-08-11,model1,-0.0018493692607743917,0.0008,-0.0026493692607743916,0.970673883834599,-0.21871789568684175
2017-08-14,model1,-0.005235332335793342,0.0,-0.005235332335793342,0.9655920834630496,-0.2228081671509291
2017-08-15,model1,0.0007221878350319954,0.0008,-7.781216496800466e-05,0.9655169486525593,-0.22286864213003854
2017-08-16,model1,0.0018279533741881074,0.0,0.0018279533741881074,0.9672818686166845,-0.2214480822422329
2017-08-17,model1,0.0015902286793755493,0.0,0.0015902286793755493,0.9688200679851988,-0.22021000665423152
2017-08-18,model1,-0.0025587355257720382,0.0,-0.0025587355257720382,0.9663411136591642,-0.22220528301284692
2017-08-21,model1,0.0029854288295176447,0.0,0.0029854288295176447,0.9692260562790305,-0.2198832322413069
2017-08-22,model1,-0.005814385910561137,0.0,-0.005814385910561137,0.963590601953253,-0.2244191321843556
2017-08-23,model1,-0.005800468184492714,0.0008,-0.0066004681844927145,0.9572304528421843,-0.229538329026874
2017-08-24,model1,0.000783709361747631,0.0,0.000783709361747631,0.9579806433094266,-0.22893451100246476
2017-08-25,model1,0.004716417927394723,0.0,0.004716417927394723,0.9624988803896282,-0.2252978439069614
2017-08-28,model1,-0.00045279870769903124,0.0,-0.00045279870769903124,0.962063062140426,-0.22564862804209196
2017-08-29,model1,0.0014126740624247347,0.0008,0.0006126740624247347,0.9626524932250164,-0.22517420304129032
2017-08-30,model1,0.004419560918404519,0.0,0.004419560918404519,0.9669069945620784,-0.22174981323047993
2017-08-31,model1,0.003045253900736711,0.0,0.003045253900736711,0.9698514718589181,-0.2193798438134711
2017-09-01,model1,0.004131715059900421,0.0,0.004131715059900421,0.9738586217910642,-0.2161545437580934
2017-09-04,model1,0.0021583598905928095,0.0,0.0021583598905928095,0.975960559179446,-0.21446272316491743
2017-09-05,model1,-0.0022918714514298167,0.0,-0.0022918714514298167,0.9737237830361412,-0.21626307362372965
2017-09-06,model1,0.004419665049032595,0.0008,0.0036196650490325955,0.9772483369810089,-0.2134262084636892
2017-09-07,model1,-0.00037849731178920534,0.0,-0.00037849731178920534,0.9768784511125111,-0.21372392452930955
2017-09-08,model1,-0.001714246758969118,0.0,-0.001714246758969118,0.9752038403937847,-0.21507179574334012
2017-09-11,model1,-0.006367988015920023,0.0008,-0.007167988015920023,0.9682135909527629,-0.22069815170480944
2017-09-12,model1,-0.0029982317997689027,0.0,-0.0029982317997689027,0.9653106621754,-0.22303467928798681
2017-09-13,model1,0.0031537301194760397,0.0008,0.00235373011947604,0.9675827429556135,-0.22120591261083855
2017-09-14,model1,-0.0014780005228425266,0.0,-0.0014780005228425266,0.9661526551556318,-0.22235697067918636
2017-09-15,model1,0.00233844727902528,0.0,0.00233844727902528,0.9684119522032035,-0.22053849345321808
2017-09-18,model1,-0.0019943861180374612,0.0,-0.0019943861180374612,0.9664805648491879,-0.22209304066141966
2017-09-19,model1,0.0014840360673299634,0.0,0.0014840360673299634,0.9679148568657976,-0.22093859867673415
2017-09-20,model1,-0.0046106774823884145,0.0,-0.0046106774823884145,0.9634521136303773,-0.22453059953721322
2017-09-21,model1,0.006748572302394163,0.0008,0.005948572302394163,0.9691832781882022,-0.219917663740266
2017-09-22,model1,-0.002945574563229014,0.0008,-0.003745574563229014,0.9655531299543135,-0.2228395202961847
2017-09-25,model1,0.005239632385646465,0.0,0.005239632385646465,0.9706122734040845,-0.21876748507788402
2017-09-26,model1,-0.0021506353340845497,0.0,-0.0021506353340845497,0.9685248403532055,-0.22044763132861134
2017-09-27,model1,-0.006432852609234408,0.0,-0.006432852609234408,0.9622944628068311,-0.22546237681745385
2017-09-28,model1,0.0008920227281739912,0.0008,9.202272817399114e-05,0.9623830157686053,-0.22539110175229526
2017-09-29,model1,0.0005001174616958261,0.0,0.0005001174616958261,0.9628643203196308,-0.22500370631629651
2017-10-09,model1,0.0015938341541924745,0.0,0.0015938341541924745,0.9643989663592096,-0.2237684907540507
2017-10-10,model1,0.0011095857384079367,0.0,0.0011095857384079367,0.9654690496984173,-0.22290719534168846
2017-10-11,model1,-0.004105597492222302,0.0,-0.004105597492222302,0.9615052223891573,-0.22609762561171765
2017-10-12,model1,-0.0020422419612963873,0.0008,-0.0028422419612963872,0.9587723919000772,-0.2282972434141508
2017-10-13,model1,-0.0037786310518014956,0.0,-0.0037786310518014956,0.9551495447684336,-0.23121322341294692
2017-10-16,model1,0.007357271256580145,0.0,0.007357271256580145,0.962176839059894,-0.22555705055912412
2017-10-17,model1,-7.745372079299707e-05,0.0,-7.745372079299707e-05,0.962102314883648,-0.2256170340471002
2017-10-18,model1,0.007323565764452367,0.0,0.007323565764452367,0.9691483344588302,-0.2199457894690725
2017-10-19,model1,0.004220267410982226,0.0,0.004220267410982226,0.9732383995911544,-0.21665375210556936
2017-10-20,model1,-0.006977922953712312,0.0,-0.006977922953712312,0.966447217023213,-0.22211988186945641
2017-10-23,model1,-0.0029945240196391333,0.0008,-0.0037945240196391333,0.9627800098445051,-0.22507156666210248
2017-10-24,model1,-0.0034108703270413713,0.0,-0.0034108703270413713,0.9594960920774579,-0.2277147470609553
2017-10-25,model1,0.0029385512250089453,0.0,0.0029385512250089453,0.9623156204942234,-0.22544534728487498
2017-10-26,model1,-0.0013012687623112917,0.0008,-0.0021012687623112917,0.9602935367413946,-0.2270728947813282
2017-10-27,model1,0.008705411985317336,0.0,0.008705411985317336,0.968653287605566,-0.22034424589578083
2017-10-30,model1,0.006447204895816006,0.0008,0.005647204895816006,0.9741234711936805,-0.21594137010415237
2017-10-31,model1,0.005167928137533018,0.0008,0.004367928137533018,0.9783783725129387,-0.2125166583531547
2017-11-01,model1,-0.00017494297899065534,0.0,-0.00017494297899065534,0.9782072120858712,-0.21265442303484794
2017-11-02,model1,0.004826459177415821,0.0008,0.00402645917741582,0.9821459234923886,-0.20948420821067892
2017-11-03,model1,-0.004485696304955367,0.0008,-0.005285696304955368,0.976954598413658,-0.21366263461034862
2017-11-06,model1,-0.006412848552394302,0.0,-0.006412848552394302,0.970689536531466,-0.2187052970456812
2017-11-07,model1,0.0017502933238841218,0.0,0.0017502933238841218,0.9723885279468212,-0.21733780214311416
2017-11-08,model1,-0.0008787585141501798,0.0008,-0.0016787585141501797,0.9707561224264685,-0.21865170297146996
2017-11-09,model1,0.0011828096951196799,0.0,0.0011828096951196799,0.9719043421796713,-0.2177275166304794
2017-11-10,model1,-0.002341717862869342,0.0,-0.002341717862869342,0.9696284164205888,-0.21955937807841697
2017-11-13,model1,0.0002450948389103758,0.0,0.0002450948389103758,0.9698660673411144,-0.21936809610990793
2017-11-14,model1,-0.0017160841394313843,0.0,-0.0017160841394313843,0.9682016955655776,-0.22070772613890788
2017-11-15,model1,-0.003057959413771805,0.0,-0.003057959413771805,0.9652409740761929,-0.22309077028384106
2017-11-16,model1,-0.002855262138203152,0.0008,-0.003655262138203152,0.96171276528941,-0.22593057717604303
2017-11-17,model1,0.020228494806905986,0.0,0.020228494806905986,0.981166766967802,-0.21027231787626388
2017-11-20,model1,-0.004157899766114958,0.0,-0.004157899766114958,0.9770871738969069,-0.21355592642106058
2017-11-21,model1,0.0048173639287462326,0.0,0.0048173639287462326,0.9817941584036786,-0.20976733910902512
2017-11-22,model1,0.004419687534398343,0.0,0.004419687534398343,0.9861333818069203,-0.20627475766841086
2017-11-23,model1,0.0007335644468843047,0.0,0.0007335644468843047,0.9868567741956996,-0.20569250905004188
2017-11-24,model1,-0.0007535674084159451,0.0008,-0.0015535674084159452,0.9853236256745347,-0.20692651928024242
2017-11-27,model1,-0.0026589226419276636,0.0,-0.0026589226419276636,0.9827037263766024,-0.20903524031484055
2017-11-28,model1,0.009534195113744516,0.0,0.009534195113744516,0.9920730154428806,-0.20149402796790628
2017-11-29,model1,0.0017380935777999264,0.0,0.0017380935777999264,0.9937973311797306,-0.20010614986608233
2017-11-30,model1,0.0006462282057064337,0.0,0.0006462282057064337,0.9944395510458948,-0.1995892358985546
2017-12-01,model1,0.0063540888762806174,0.0,0.0063540888762806174,1.0007583083353289,-0.1945033547659225
2017-12-04,model1,-0.005028472323596933,0.0,-0.005028472323596933,0.9957260228792549,-0.19855377235323224
2017-12-05,model1,-0.016210969145333508,0.0008,-0.017010969145333506,0.9787877582268503,-0.21218714940337535
2017-12-06,model1,-0.007376799519528987,0.0,-0.007376799519528987,0.9715674371622416,-0.21799868686113533
2017-12-07,model1,-0.0013146116301745,0.0,-0.0013146116301745,0.9702902033098493,-0.21902671488219938
2017-12-08,model1,-0.0021018737160726,0.0,-0.0021018737160726,0.9682507758345495,-0.2206682221031433
2017-12-11,model1,-0.0006402808112039972,0.0008,-0.0014402808112039972,0.9668562228216817,-0.22179067870840963
2017-12-12,model1,0.0033782730750684387,0.0,0.0033782730750684387,0.9701225271667026,-0.21916167511152296
2017-12-13,model1,-0.00035348136075965533,0.0,-0.00035348136075965533,0.9697796069356961,-0.21943768690513787
2017-12-14,model1,0.0036106471865752442,0.0,0.0036106471865752442,0.9732811389450766,-0.21661935178541514
2017-12-15,model1,0.001117802472182028,0.0,0.001117802472182028,0.9743690750083176,-0.2157436869601813
2017-12-18,model1,-0.0035558172927600664,0.0,-0.0035558172927600664,0.9709043966018723,-0.21853235912004454
2017-12-19,model1,-0.0029105179013050983,0.0,-0.0029105179013050983,0.9680785619751067,-0.22080683467811646
2017-12-20,model1,-0.004240311971018551,0.0008,-0.005040311971018552,0.9631991440102972,-0.2247342113170241
2017-12-21,model1,-0.0003412053239438607,0.0,-0.0003412053239438607,0.9628704953343427,-0.22499873613159427
2017-12-22,model1,-0.0022973259300345552,0.0,-0.0022973259300345552,0.9606584679781459,-0.2267791666308887
2017-12-25,model1,0.003577173180775528,0.0,0.003577173180775528,0.9640949096856821,-0.22401322180294392
2017-12-26,model1,-0.00025707915450769994,0.0,-0.00025707915450769994,0.963847060981435,-0.2242127118277919
2017-12-27,model1,-0.004537675842567923,0.0008,-0.0053376758425679235,0.9587023578081043,-0.22835361289484002
2017-12-28,model1,-0.0007191312684370565,0.0,-0.0007191312684370565,0.9580129249654802,-0.22890852793998373
2017-12-29,model1,0.002807756386519955,0.0,0.002807756386519955,0.9607027918739206,-0.22674349093471624
2018-01-02,model1,-0.0015442723539537788,0.0,-0.0015442723539537788,0.9592192051120635,-0.22793760958418052
2018-01-03,model1,0.0029164783971316055,0.0,0.0029164783971316055,0.9620167472018866,-0.22568590630129504
2018-01-04,model1,0.0009795688253728231,0.0,0.0009795688253728231,0.9629591088169321,-0.224927412354061
2018-01-05,model1,-0.0017818344892241988,0.0,-0.0017818344892241988,0.9612432750651295,-0.22630846342238076
2018-01-08,model1,-0.00029830514046880197,0.0008,-0.001098305140468802,0.9601875366348844,-0.22715821281414117
2018-01-09,model1,0.0029521243302406577,0.0,0.0029521243302406577,0.9630221296233781,-0.22487668777076308
2018-01-10,model1,0.00600596982678785,0.0,0.00600596982678785,0.968806011476425,-0.2202213205454745
2018-01-11,model1,-0.001051159461626039,0.0,-0.001051159461626039,0.9677876418709813,-0.2210409922823574
2018-01-12,model1,0.004529983999614729,0.0,0.004529983999614729,0.9721717044036817,-0.21751232044104074
2018-01-15,model1,0.013129180047036337,0.0,0.013129180047036337,0.9849355217474318,-0.20723889881152358
2018-01-16,model1,-0.0010797965945147149,0.0,-0.0010797965945147149,0.9838719917252323,-0.20809491954885062
2018-01-17,model1,0.003746129899129791,0.0,0.003746129899129791,0.9875577040103505,-0.20512834024969995
2018-01-18,model1,0.0027146493444003108,0.0,0.0027146493444003108,0.9902385768840997,-0.20297054241967638
2018-01-19,model1,0.0023685975308434418,0.0008,0.0015685975308434418,0.991791862670746,-0.20172032398050632
2018-01-22,model1,0.0031945455302735404,0.0,0.0031945455302735404,0.9949601869326026,-0.19917018320957003
2018-01-23,model1,-0.0054364840927942915,0.0,-0.0054364840927942915,0.9895511017033799,-0.20352388176958647
2018-01-24,model1,0.001991786862795575,0.0,0.001991786862795575,0.9915220765878177,-0.20193747110076465
2018-01-25,model1,0.0021521485788898787,0.0,0.0021521485788898787,0.993655979415884,-0.20021992196332894
2018-01-26,model1,-0.001883274759039022,0.0,-0.001883274759039022,0.9917846521906819,-0.20172612759707764
2018-01-29,model1,0.0019451270185841807,0.0,0.0019451270185841807,0.9937137993142751,-0.20017338351963698
2018-01-30,model1,0.005554812053631952,0.0008,0.004754812053631952,0.998438721665115,-0.1963703582827805
2018-01-31,model1,0.012762127674028224,0.0,0.012762127674028224,1.0111809241056988,-0.18611433419255174
2018-02-01,model1,0.016353620597725316,0.0,0.016353620597725316,1.0277173932941805,-0.17280435680400974
2018-02-02,model1,-0.00027276089582937155,0.0,-0.00027276089582937155,1.0274370721773263,-0.17302998342867393
2018-02-05,model1,0.0044669517123183235,0.0,0.0044669517123183235,1.0320265839661882,-0.16933594829711474
2018-02-06,model1,0.011575189292880683,0.0,0.011575189292880683,1.0439724870308817,-0.15972085465986263
2018-02-07,model1,-0.011772578381208243,0.0,-0.011772578381208243,1.0316822390994858,-0.16961310676047414
2018-02-08,model1,-0.014920846462291327,0.0008,-0.015720846462291327,1.0154633210207298,-0.1826674916133918
2018-02-09,model1,0.0037650741392694104,0.0,0.0037650741392694104,1.0192866157100815,-0.17959017412288125
2018-02-12,model1,0.011069253777517841,0.0,0.011069253777517841,1.0305693579314037,-0.17050884955867818
2018-02-13,model1,-0.004117207065828233,0.0,-0.004117207065828233,1.0263262904891024,-0.1739240363843173
2018-02-14,model1,-0.0014270709849534494,0.0,-0.0014270709849534494,1.0248616500188505,-0.1751029054233606
2018-02-22,model1,3.258343241716727e-05,0.0008,-0.0007674165675828328,1.0240751542091457,-0.17573594512028967
2018-02-23,model1,0.00195604040136379,0.0,0.00195604040136379,1.0260782865848117,-0.17412365132755303
2018-02-26,model1,-0.006705531105564245,0.0,-0.006705531105564245,1.0191978867173732,-0.179661590872926
2018-02-27,model1,-0.00501149759883739,0.0,-0.00501149759883739,1.014090178955349,-0.1837727148405004
2018-02-28,model1,-0.007491299438687405,0.0008,-0.008291299438687404,1.005682053623798,-0.19054029967178465
2018-03-01,model1,0.0026638734043420882,0.0,0.0026638734043420882,1.0083610632996705,-0.18838400150419377
2018-03-02,model1,0.0015254123586015745,0.0,0.0015254123586015745,1.0098992297275604,-0.1871459524296495
2018-03-05,model1,0.0005395964409335985,0.0008,-0.00026040355906640155,1.0096362483738408,-0.18735762251663846
2018-03-06,model1,-0.0013962172870621188,0.0,-0.0013962172870621188,1.0082265767902168,-0.18849224785227991
2018-03-07,model1,0.0018650321355561774,0.0,0.0018650321355561774,1.0101069517558523,-0.18697875981627143
2018-03-08,model1,-0.00016517124394193044,0.0,-0.00016517124394193044,1.0099401111341164,-0.18711304754586378
2018-03-09,model1,-0.0035505407252768963,0.0008,-0.004350540725276897,1.0055463255505368,-0.19064954533756173
2018-03-12,model1,0.005532666117926155,0.0,0.005532666117926155,1.0111096776359154,-0.18617167949952274
2018-03-13,model1,0.0009571297258200049,0.0,0.0009571297258200049,1.012077440764445,-0.1853927402222575
2018-03-14,model1,-0.0024755928030311125,0.0,-0.0024755928030311125,1.0095719491359785,-0.18740937609186015
2018-03-15,model1,-0.0038894422683315,0.0008,-0.0046894422683315005,1.0048376197647784,-0.19121997291046489
2018-03-16,model1,-0.0011627759055836684,0.0,-0.0011627759055836684,1.0036692187914917,-0.19216040283888203
2018-03-19,model1,0.00320585556755999,0.0,0.00320585556755999,1.006886837344543,-0.18957058576862762
2018-03-20,model1,-0.00030524139727443615,0.0,-0.00030524139727443615,1.0065794937994148,-0.1898179623754198
2018-03-21,model1,0.001476169709293451,0.0,0.001476169709293451,1.0080653759581575,-0.18862199619246478
2018-03-22,model1,-0.001976774652687219,0.0008,-0.002776774652687219,1.0052662055739452,-0.19087501006718555
2018-03-23,model1,-0.010097556773715998,0.0,-0.010097556773715998,0.9951154729904642,-0.1990451955900645
2018-03-26,model1,0.015541554297220062,0.0008,0.014741554297220062,1.009785021767557,-0.18723787685123616
2018-03-27,model1,-0.007658810092714231,0.0008,-0.008458810092714231,1.001243442033958,-0.19411287730150273
2018-03-28,model1,0.00360913731818795,0.0,0.00360913731818795,1.0048570671051937,-0.19120432001272447
2018-03-29,model1,-0.002406438442216441,0.0,-0.002406438442216441,1.002438940429979,-0.19315063702894442
2018-03-30,model1,0.007724559858653946,0.0008,0.006924559858653946,1.009380388877632,-0.18756356031813448
2018-04-02,model1,-0.0020566607990238684,0.0008,-0.0028566607990238684,1.0064969314894219,-0.18988441564707215
2018-04-03,model1,-0.0019873205088918326,0.0,-0.0019873205088918326,1.0044966994953362,-0.19149437496242971
2018-04-04,model1,-0.003529806709141603,0.0008,-0.004329806709141603,1.0001474229465506,-0.1949950480420961
2018-04-09,model1,0.0014486024447356804,0.0,0.0014486024447356804,1.0015962389485271,-0.19382891590066553
2018-04-10,model1,0.0070556988075112246,0.0008,0.006255698807511224,1.0078619233461252,-0.1887857524112152
2018-04-11,model1,0.0008563296796714859,0.0008,5.6329679671485904e-05,1.0079186958854203,-0.18874005697250373
2018-04-12,model1,-0.002799829149420985,0.0,-0.002799829149420985,1.005096695740434,-0.19101144620874966
2018-04-13,model1,-0.0017936955482591001,0.0,-0.0017936955482591001,1.0032938582717144,-0.19246252537627762
2018-04-16,model1,-0.00806995717860306,0.0008,-0.00886995717860306,0.9943946847112888,-0.19962534819630728
2018-04-17,model1,-0.003733095817576349,0.0,-0.003733095817576349,0.990682514072773,-0.20261322346144972
2018-04-18,model1,0.0026768871491575476,0.0,0.0026768871491575476,0.9933344593635896,-0.2004787090464255
2018-04-19,model1,-0.002055510513827574,0.0,-0.002055510513827574,0.9912926499386204,-0.2021221334660096
2018-04-20,model1,-0.0030082418382352937,0.0008,-0.0038082418382352936,0.9875175677951891,-0.20516064533914624
2018-04-23,model1,0.006521597933362645,0.0,0.006521597933362645,0.9939577603244815,-0.1999770226464347
2018-04-24,model1,-0.0004582468875185871,0.0,-0.0004582468875185871,0.9935022822744878,-0.20034363068575034
2018-04-25,model1,-0.003068279721578282,0.0,-0.003068279721578282,0.9904539393684432,-0.20279720010794822
2018-04-26,model1,0.002011311604887123,0.0,0.002011311604887123,0.9924460508708012,-0.20119377686507678
2018-04-27,model1,-0.0027621715843815678,0.0008,-0.0035621715843815677,0.9889107877493575,-0.20403926169455522
2018-05-02,model1,-0.0002638260283751137,0.0,-0.0002638260283751137,0.9886498873438082,-0.20424925685488482
2018-05-03,model1,0.0020810881780784383,0.0008,0.0012810881780784384,0.989916435026743,-0.2032298299851445
2018-05-04,model1,-0.0025569813955444334,0.0008,-0.0033569813955444333,0.9865933039712146,-0.20590457262240913
2018-05-07,model1,0.0017682548444742712,0.0,0.0017682548444742712,0.9883378523604874,-0.20450040953597393
2018-05-08,model1,-0.004310459937357081,0.0,-0.004310459937357081,0.984077661643314,-0.20792937865085304
2018-05-09,model1,-4.317769115003123e-06,0.0008,-0.0008043177691150032,0.9832861504938651,-0.20856645512599814
2018-05-10,model1,0.0010379216308680661,0.0,0.0010379216308680661,0.9843067244587956,-0.20774500913037885
2018-05-11,model1,0.002573466862768914,0.0,0.002573466862768914,0.9868398051969909,-0.20570616716451273
2018-05-14,model1,0.0058189455284042065,0.0,0.0058189455284042065,0.992582172268693,-0.20108421461769577
2018-05-15,model1,-0.0039464521271153075,0.0,-0.0039464521271153075,0.9886649942436065,-0.20423709751830366
2018-05-16,model1,-0.0038548519946608466,0.0008,-0.0046548519946608465,0.9840629050231003,-0.2079412560521977
2018-05-17,model1,0.00032370334811373516,0.0,0.00032370334811373516,0.9843814494802109,-0.20768486398487906
2018-05-18,model1,-0.004442336636006505,0.0,-0.004442336636006505,0.9800084957033798,-0.2112045945408615
2018-05-21,model1,0.004371677002846663,0.0008,0.003571677002846663,0.9835087695100779,-0.20838727213123187
2018-05-22,model1,-0.003957691806595021,0.0,-0.003957691806595021,0.9796163449112736,-0.21152023133831444
2018-05-23,model1,-0.0013063487182932484,0.0,-0.0013063487182932484,0.9783366243546796,-0.21255026087350581
2018-05-24,model1,-0.001273664704609656,0.0008,-0.002073664704609656,0.9763078822275283,-0.21418316760418654
2018-05-25,model1,-0.004336399489166265,0.0,-0.004336399489166265,0.9720742212257678,-0.217590783314766
2018-05-28,model1,-0.00358329714178165,0.0008,-0.00438329714178165,0.9678133310702692,-0.22102031539796607
2018-05-29,model1,0.002324147590339054,0.0,0.002324147590339054,0.9700626720915743,-0.2192098516410751
2018-05-30,model1,0.0018418599858147644,0.0,0.0018418599858147644,0.9718493917110322,-0.21777174550949452
2018-05-31,model1,0.0029818101397637523,0.0,0.0029818101397637523,0.9747472620815595,-0.21543928936864498
2018-06-01,model1,0.003150231073985532,0.0,0.003150231073985532,0.9778179411958511,-0.2129677418385859
2018-06-04,model1,0.007299244404670446,0.0,0.007299244404670446,0.9849552733319112,-0.20722300103190616
2018-06-05,model1,-0.004905192364907496,0.0008,-0.005705192364907496,0.9793359140267226,-0.2117459463134932
2018-06-06,model1,0.0018586054987518087,0.0,0.0018586054987518087,0.9811561131416577,-0.21028089299489805
2018-06-07,model1,-0.0029646054230938468,0.0,-0.0029646054230938468,0.9782473724077363,-0.21262209854224623
2018-06-08,model1,0.0016145242250690918,0.0,0.0016145242250690918,0.9798267764885988,-0.21135085784605856
2018-06-11,model1,-0.00386255847553203,0.0,-0.00386255847553203,0.9760421382685195,-0.21439706127430647
2018-06-12,model1,0.00022772574789851029,0.0008,-0.0005722742521014898,0.9754835744838223,-0.2148466416085144
2018-06-13,model1,0.0036728185211528873,0.0,0.0036728185211528873,0.979066348623267,-0.21196291581186866
2018-06-14,model1,0.0013836531942257757,0.0,0.0013836531942257757,0.9804210369038985,-0.2108725457831635
2018-06-15,model1,0.006875911095306942,0.0,0.006875911095306942,0.9871623247896183,-0.2054465755651027
2018-06-19,model1,0.014738462295843658,0.0,0.014738462295843658,1.0017115794934075,-0.19373607987703545
2018-06-20,model1,-0.004633158497279677,0.0,-0.004633158497279677,0.9970704909770542,-0.19747162840960308
2018-06-21,model1,0.005430586195718768,0.0008,0.0046305861957187675,1.0016875118287312,-0.19375545161044394
2018-06-22,model1,0.0048480447554798195,0.0,0.0048480447554798195,1.006543737717082,-0.18984674195598972
2018-06-25,model1,0.004594722414464902,0.0,0.004594722414464902,1.01116852678991,-0.18612431262210316
2018-06-26,model1,0.007441692037095616,0.0,0.007441692037095616,1.0186933315638842,-0.1800677004001574
2018-06-27,model1,0.004692659302917956,0.0,0.004692659302917956,1.023473712303068,-0.17622003746667725
2018-06-28,model1,0.00022108672129634872,0.0,0.00022108672129634872,1.023699988750454,-0.17603791065569108
2018-06-29,model1,0.003842628085559508,0.0,0.003842628085559508,1.0276336870784135,-0.17287173078974039
2018-07-02,model1,0.009031997901596079,0.0008,0.008231997901596079,1.0360931654340526,-0.16606281261325062
2018-07-03,model1,-0.004106056937462998,0.0,-0.004106056937462998,1.031838907904264,-0.16948700618692836
2018-07-04,model1,0.002392035754596345,0.0,0.002392035754596345,1.0343071034649547,-0.1675003894110707
2018-07-05,model1,0.011825335589963393,0.0008,0.011025335589963393,1.0457106863837389,-0.1583218018258138
2018-07-06,model1,-0.0036479439320340925,0.0008,-0.0044479439320340925,1.0410594238815751,-0.16206553926010803
2018-07-09,model1,0.0025525683918256274,0.0,0.0025525683918256274,1.0437167992609875,-0.1599266542412019
2018-07-10,model1,-0.002278664417080334,0.0,-0.002278664417080334,1.0413385189290025,-0.16184089948192015
2018-07-11,model1,0.001511863033573313,0.0008,0.0007118630335733129,1.0420798093260641,-0.16124424500200818
2018-07-12,model1,0.003865387136838462,0.0,0.003865387136838462,1.046107851216592,-0.1580021292956898
2018-07-13,model1,0.0020880612312038417,0.0,0.0020880612312038417,1.0482921884643752,-0.15624398618511603
2018-07-16,model1,0.003847245832606383,0.0,0.003847245832606383,1.0523252262177987,-0.15299784937723016
2018-07-17,model1,0.0030693506256342044,0.0,0.0030693506256342044,1.055555181309261,-0.1503981027963026
2018-07-18,model1,-0.0014513373937318887,0.0,-0.0014513373937318887,1.0540232146034794,-0.15163116179949987
2018-07-19,model1,-0.004407525676127566,0.0,-0.004407525676127566,1.04937758022188,-0.155370369236695
2018-07-20,model1,-0.00614295845530286,0.0,-0.00614295845530286,1.0429312973426508,-0.1605588939685919
2018-07-23,model1,-0.0023056588166542546,0.0008,-0.0031056588166542545,1.0396923085638938,-0.16316591164060035
2018-07-24,model1,-0.0011324682249379773,0.0,-0.0011324682249379773,1.0385148900607328,-0.16411359965521233
2018-07-25,model1,-0.000286656751219816,0.0,-0.000286656751219816,1.0382171927562547,-0.164353212135124
2018-07-26,model1,-0.002450757436881013,0.0008,-0.003250757436881013,1.0348422004958047,-0.16706969714538134
2018-07-27,model1,-0.0009023187460658556,0.0,-0.0009023187460658556,1.0339084429790772,-0.16782126577181333
2018-07-30,model1,-0.007456345275371756,0.0,-0.007456345275371756,1.0261992646451032,-0.17402627774504054
2018-07-31,model1,-0.0003256046495544674,0.0008,-0.0011256046495544674,1.0250441699814494,-0.17495599760722047
2018-08-01,model1,-0.002200043300927001,0.0,-0.002200043300927001,1.0227890284221275,-0.17677113013765466
2018-08-02,model1,0.000547863895798929,0.0,0.000547863895798929,1.0233493776038194,-0.17632011276187765
2018-08-03,model1,0.000910754592970609,0.0,0.000910754592970609,1.0242813977496856,-0.1755699425214381
2018-08-06,model1,0.007324446502308568,0.0008,0.006524446502308568,1.0309642669326133,-0.17019099271652394
2018-08-07,model1,-0.001263008518509157,0.0,-0.001263008518509157,1.029662150281199,-0.17123904856145866
2018-08-08,model1,-0.0008694456425103695,0.0,-0.0008694456425103695,1.0287669150113792,-0.17195961115936953
2018-08-09,model1,0.0007606691479542082,0.0,0.0007606691479542082,1.0295494662640645,-0.17132974638231835
2018-08-10,model1,0.0022827636236218305,0.0008,0.0014827636236218306,1.0310760447613603,-0.17010102427427642
2018-08-13,model1,-0.005915315679013844,0.0008,-0.006715315679013845,1.0241520436317186,-0.17567405787796497
2018-08-14,model1,0.00012609581157123633,0.0,0.00012609581157123633,1.0242811849148328,-0.17557011382929388
2018-08-15,model1,0.0014542963097426316,0.0,0.0014542963097426316,1.0257707932621931,-0.17437114848819435
2018-08-16,model1,-0.003012361509491912,0.0008,-0.003812361509491912,1.0218601841723993,-0.17751874414282398
2018-08-17,model1,0.0018292634068885595,0.0,0.0018292634068885595,1.0237294356142623,-0.17601420927863265
2018-08-20,model1,0.0034223754975558408,0.0,0.0034223754975558408,1.0272330221508352,-0.1731942204981337
2018-08-21,model1,0.002271078407566929,0.0,0.002271078407566929,1.0295659488869817,-0.17131647974505548
2018-08-22,model1,0.004130370434536479,0.0008,0.0033303704345364793,1.0329947848835603,-0.16855665664961084
2018-08-23,model1,0.0004218719245377754,0.0,0.0004218719245377754,1.0334305763814966,-0.16820589404620756
2018-08-24,model1,-0.00271234871266679,0.0,-0.00271234871266679,1.0306275522880177,-0.17046200971869518
2018-08-27,model1,0.000738883844728911,0.0,0.000738883844728911,1.0313890663363359,-0.1698490774990874
2018-08-28,model1,0.002915669562049539,0.0008,0.002115669562049539,1.0335711447906142,-0.16809275246044497
2018-08-29,model1,0.00137212383907217,0.0,0.00137212383907217,1.0349893323977586,-0.16695127269419896
2018-08-30,model1,0.00217956031475004,0.0,0.00217956031475004,1.0372451540728425,-0.16513559274791012
2018-08-31,model1,0.0035344089901480306,0.0008,0.0027344089901480306,1.0400814065471267,-0.16285273200716543
2018-09-03,model1,0.0033876139148493857,0.0008,0.002587613914849386,1.042772735667284,-0.16068651808772916
2018-09-04,model1,0.001356220755588211,0.0,0.001356220755588211,1.0441869656947573,-0.15954822372311483
2018-09-05,model1,-0.003316810706428441,0.0,-0.003316810706428441,1.0407235951874279,-0.16233584317290695
2018-09-06,model1,-0.002326826141579419,0.0008,-0.003126826141579419,1.0374694334438372,-0.16495507335633797
2018-09-07,model1,-0.003714234518650495,0.0,-0.003714234518650495,1.0336160286620955,-0.1680566260475017
2018-09-10,model1,-0.003274672293540704,0.0,-0.003274672293540704,1.0302312748908762,-0.17078096796397868
2018-09-11,model1,0.0022614988505678117,0.0008,0.0014614988505678118,1.0317369567149484,-0.16956906530178906
2018-09-12,model1,-0.002138633974458104,0.0,-0.002138633974458104,1.0295304490066137,-0.17134505311217563
2018-09-13,model1,0.0033769679467765103,0.0,0.0033769679467765103,1.0330071403331396,-0.16854671191759762
2018-09-14,model1,0.006006327066449435,0.0008,0.005206327066449435,1.0383853133676917,-0.16421789415936572
2018-09-17,model1,-0.001585673249524788,0.0,-0.001585673249524788,1.0367387735535851,-0.16554317148702868
2018-09-18,model1,-0.0027651291621976,0.0008,-0.0035651291621975997,1.0330426659184082,-0.16851811786095527
2018-09-19,model1,4.581712560014495e-05,0.0,4.581712560014495e-05,1.0330899969639828,-0.16848002175112708
2018-09-20,model1,0.00034370786575905755,0.0,0.00034370786575905755,1.0334450781219764,-0.16819422179406707
2018-09-21,model1,0.007796770165668044,0.0008,0.006996770165668044,1.0406758558124367,-0.16237426794148557
2018-09-25,model1,0.0029575861378474677,0.0,0.0029575861378474677,1.0437537442975802,-0.1598969176876449
2018-09-26,model1,-0.0035647950143187224,0.0,-0.0035647950143187224,1.0400329761537317,-0.1628917129669858
2018-09-27,model1,-0.00387118780247393,0.0008,-0.0046711878024739304,1.0351747868013517,-0.1668020029867242
2018-09-28,model1,0.0010342324300488311,0.0,0.0010342324300488311,1.0362453981366304,-0.16594028259756144
2018-10-08,model1,-0.0055395594946273455,0.0,-0.0055395594946273455,1.0305050551026187,-0.17056060602418444
2018-10-09,model1,0.0017771166315942112,0.0,0.0017771166315942112,1.0323363827749836,-0.16908659548225047
2018-10-10,model1,0.0008162055411789827,0.0008,1.6205541178982634e-05,1.0323531123447454,-0.16907313008085723
2018-10-11,model1,-0.011251570628672346,0.0,-0.011251570628672346,1.0207375183874687,-0.17842236244501408
2018-10-12,model1,-0.011702336364913357,0.0008,-0.012502336364913358,1.0079759145923017,-0.18869400241961742
2018-10-15,model1,0.002195559288718796,0.0,0.002195559288718796,1.0101889854743897,-0.18691273200063652
2018-10-16,model1,0.009974805762936878,0.0,0.009974805762936878,1.020265424388355,-0.17880234443402576
2018-10-17,model1,-0.0010156538826189276,0.0,-0.0010156538826189276,1.0192291878487731,-0.17963639702129897
2018-10-18,model1,0.0012174540073258012,0.0,0.0012174540073258012,1.020470052507903,-0.17863764206538846
2018-10-19,model1,0.002141308382761142,0.0008,0.001341308382761142,1.0218388175436885,-0.17753594184940624
2018-10-22,model1,0.0045371884507616755,0.0,0.0045371884507616755,1.0264750928251878,-0.17380426742359867
2018-10-23,model1,0.004516977791766186,0.0,0.004516977791766186,1.0311116580232802,-0.17007235964789924
2018-10-24,model1,-0.0028158900488944203,0.0,-0.0028158900488944203,1.0282081609661535,-0.17240934463166901
2018-10-25,model1,-0.0022714917243580324,0.0008,-0.0030714917243580323,1.0250500281088286,-0.17495128248078884
2018-10-26,model1,-0.002562117179040113,0.0008,-0.003362117179040113,1.0216036897999483,-0.17772519294750522
2018-10-29,model1,0.00610454530809812,0.0,0.00610454530809812,1.0278401158112522,-0.1727055791321458
2018-10-30,model1,-0.0003266357345706799,0.0,-0.0003266357345706799,1.027504386500003,-0.17297580305301208
2018-10-31,model1,0.0005963528047679741,0.0,0.0005963528047679741,1.0281171416228037,-0.17248260485355182
2018-11-01,model1,0.0009991379932473346,0.0008,0.0001991379932473346,1.0283218788072097,-0.172317814700105
2018-11-02,model1,0.0005012579420776032,0.0008,-0.00029874205792239687,1.0280146758129283,-0.17256507817944722
2018-11-05,model1,0.005164365427617401,0.0,0.005164365427617401,1.0333237192637799,-0.16829190187559384
2018-11-06,model1,0.0016508891486430866,0.0,0.0016508891486430866,1.035029622178948,-0.16691884400156176
2018-11-07,model1,0.0007061553491788165,0.0,0.0007061553491788165,1.035760513883208,-0.1663305592869534
2018-11-08,model1,-0.003562597760273745,0.0,-0.003562597760273745,1.0320705157962677,-0.1693005881692463
2018-11-09,model1,0.007080614767925609,0.0,0.007080614767925609,1.0393782095319555,-0.16341872564613036
2018-11-12,model1,0.008585931204732056,0.0,0.008585931204732056,1.0483022393346944,-0.15623589637736102
2018-11-13,model1,0.004359323520582149,0.0008,0.0035593235205821487,1.0520334861518372,-0.15323266695751403
2018-11-14,model1,-0.003777229298858176,0.0,-0.003777229298858176,1.0480597144445647,-0.15643110133719806
2018-11-15,model1,-0.0017395083682981037,0.0,-0.0017395083682981037,1.0462366058008123,-0.1578984964956579
2018-11-16,model1,-0.0030265430521861703,0.0008,-0.0038265430521861703,1.0422331363859423,-0.16112083415312806
2018-11-19,model1,-0.003979763000218562,0.0,-0.003979763000218562,1.0380852955121518,-0.1644593744190197
2018-11-20,model1,-0.004144789055290232,0.0008,-0.004944789055290232,1.0329521827044454,-0.1685909465596429
2018-11-21,model1,-0.0007859255337096193,0.0,-0.0007859255337096193,1.0321403592089569,-0.16924437216369914
2018-11-22,model1,-0.0019306846261889724,0.0,-0.0019306846261889724,1.030147621685363,-0.17084829928248269
2018-11-23,model1,0.009210306811264736,0.0,0.009210306811264736,1.0396355973419797,-0.16321155772579243
2018-11-26,model1,0.0011170423953881237,0.0008,0.00031704239538812363,1.0399652059020918,-0.1629462603136207
2018-11-27,model1,0.003115340974943504,0.0,0.003115340974943504,1.0432050521205543,-0.16033855250014595
2018-11-28,model1,0.000457755692250217,0.0,0.000457755692250217,1.0436825851713467,-0.15995419269298983
2018-11-29,model1,-0.0054734091537981915,0.0008,-0.006273409153798192,1.037135137287873,-0.16522414375015937
2018-11-30,model1,0.0015133670681278136,0.0,0.0015133670681278136,1.0387047034498427,-0.16396082146004265
2018-12-03,model1,-0.0027736198488892867,0.0,-0.0027736198488892867,1.0358237314672196,-0.1662796763200901
2018-12-04,model1,-0.0005637243825802329,0.0,-0.0005637243825802329,1.0352398123737363,-0.16674966479480124
2018-12-05,model1,0.0006550630884697207,0.0008,-0.00014493691153027934,1.0350897679126376,-0.16687043352491748
2018-12-06,model1,-0.0005148834447100013,0.0,-0.0005148834447100013,1.0345568173273507,-0.16729939814599382
2018-12-07,model1,0.0006074780623172683,0.0,0.0006074780623172683,1.0351852878980978,-0.16679355079788916
2018-12-10,model1,-0.0010441133800137333,0.0,-0.0010441133800137333,1.03410443708821,-0.16766351279981495
2018-12-11,model1,0.0021691984892339812,0.0008,0.0013691984892339813,1.0355203313211812,-0.16652387893900622
2018-12-12,model1,0.001486103331926536,0.0,0.001486103331926536,1.0370592215358352,-0.16528524729841632
2018-12-13,model1,0.0011718244141701636,0.0,0.0011718244141701636,1.038274472850571,-0.16430710817233274
2018-12-14,model1,0.003929374225699345,0.0,0.003929374225699345,1.0423542418033918,-0.16102335806258483
2018-12-17,model1,0.0010184988259203998,0.0008,0.0002184988259203998,1.042581994981419,-0.16084004265134677
2018-12-18,model1,0.002470053990344167,0.0008,0.0016700539903441673,1.0443231632023988,-0.15943860021603962
2018-12-19,model1,0.0007892430233074066,0.0008,-1.075697669259345e-05,1.0443119294424728,-0.15944764211542573
2018-12-20,model1,0.0069622698847676915,0.0,0.0069622698847676915,1.0515827109391338,-0.15359548974755544
2018-12-21,model1,0.002242545267140051,0.0,0.002242545267140051,1.0539409327705567,-0.15169738931900278
2018-12-24,model1,0.003584174918568284,0.0,0.003584174918568284,1.0577184414274454,-0.1486569243784439
2018-12-25,model1,-0.0025433798888827132,0.0,-0.0025433798888827132,1.0550282616154185,-0.15082221323551925
2018-12-26,model1,0.0011272007381912365,0.0008,0.0003272007381912365,1.0553734676414317,-0.15054436163683438
2018-12-27,model1,0.003515697635260384,0.0,0.003515697635260384,1.0590838416459352,-0.14755793245778248
2018-12-28,model1,0.0023445105510708332,0.0,0.0023445105510708332,1.0615668748871427,-0.145559373036253
2019-01-02,model1,-0.0018242646664469843,0.0,-0.0018242646664469843,1.0596302959462156,-0.14711809888159977
2019-01-03,model1,0.0029943880425642886,0.0,0.0029943880425642886,1.0628032402339358,-0.1445642395151714
2019-01-04,model1,-0.0015348636946108662,0.0,-0.0015348636946108662,1.061171982125986,-0.14587721680701138
2019-01-07,model1,-0.007413202038541878,0.0008,-0.008213202038541877,1.0524563622391452,-0.15289229979109709
2019-01-08,model1,0.0005526667723759983,0.0,0.0005526667723759983,1.0530380198999305,-0.15242413151256784
2019-01-09,model1,-0.0037071714935894566,0.0,-0.0037071714935894566,1.0491342273708917,-0.15556624061087865
2019-01-10,model1,-0.0004956512501926192,0.0,-0.0004956512501926192,1.0486142226794755,-0.15598478525942472
2019-01-11,model1,-0.0008008002495480506,0.0008,-0.0016008002495480505,1.0469356007701305,-0.15733588502580387
2019-01-14,model1,-0.0013429599105418523,0.0,-0.0013429599105418523,1.045529608229377,-0.1584675491502665
2019-01-15,model1,0.0024305363937716425,0.0,0.0024305363937716425,1.0480708059929442,-0.15642217390193647
2019-01-16,model1,0.0014430607658073137,0.0008,0.0006430607658073137,1.0487447792080662,-0.15587970209906787
2019-01-17,model1,-0.0013993067816484128,0.0008,-0.002199306781648413,1.0464382677029356,-0.15773618159476843
2019-01-18,model1,0.003664865085464087,0.0,0.003664865085464087,1.0502733227743335,-0.15464939833394553
2019-01-21,model1,0.0001269203414812738,0.0,0.0001269203414812738,1.0504066238231087,-0.15454210614691066
2019-01-22,model1,0.0008401737310635314,0.0,0.0008401737310635314,1.0512891478753799,-0.15383177463377506
2019-01-23,model1,-0.001387024227866096,0.0,-0.001387024227866096,1.0498309843567841,-0.15500543046320847
2019-01-24,model1,0.000337714148831836,0.0008,-0.00046228585116816405,1.049345662346598,-0.1553960594970193
2019-01-25,model1,-0.0068079923780462355,0.0,-0.0068079923780462355,1.0422017250754065,-0.1611461166864313
2019-01-28,model1,-0.0002835892781453352,0.0008,-0.0010835892781453351,1.0410724064604502,-0.16205508976032057
2019-01-29,model1,0.008012995436590398,0.0,0.008012995436590398,1.049414514902578,-0.1553406410184558
2019-01-30,model1,0.0014246022909949032,0.0,0.0014246022909949032,1.0509095132247115,-0.15413733736054036
2019-01-31,model1,0.010462283070342427,0.0,0.010462283070342427,1.0619044260333843,-0.14528768274537274
2019-02-01,model1,-0.00867688174590615,0.0,-0.00867688174590615,1.0526904069032383,-0.15270392044896053
2019-02-11,model1,-0.005662207810862885,0.0008,-0.006462207810862886,1.0458877027333278,-0.15817932379234878
2019-02-12,model1,0.002423391251319096,0.0,0.002423391251319096,1.048422297841994,-0.15613926293044766
2019-02-13,model1,-0.0009189060302674081,0.0,-0.0009189060302674081,1.04745889627024,-0.1569146916504468
2019-02-14,model1,0.002419057536142777,0.0,0.002419057536142777,1.0499927596070622,-0.15487521978167273
2019-02-15,model1,0.0065382996698367885,0.0,0.0065382996698367885,1.056857926920532,-0.14934954071020035
2019-02-18,model1,0.0036697151263027188,0.0,0.0036697151263027188,1.0607362944413052,-0.14622789585254825
2019-02-19,model1,0.0011285908029732283,0.0008,0.0003285908029732283,1.0610848426320387,-0.14594735419129012
2019-02-20,model1,0.0013852308253372138,0.0,0.0013852308253372138,1.0625546900643508,-0.14476429413985503
2019-02-21,model1,-0.0009640389608940757,0.0,-0.0009640389608940757,1.061530345945048,-0.1455887746810519
2019-02-22,model1,-0.0030280061590602257,0.0,-0.0030280061590602257,1.0583160255194972,-0.14817593713368782
2019-02-25,model1,0.00274432355220924,0.0008,0.0019443235522092401,1.0603737342935953,-0.14651971554591825
2019-02-26,model1,0.007259204185234048,0.0,0.007259204185234048,1.0680712037434914,-0.14032412789299464
2019-02-27,model1,-0.00404525066570014,0.0,-0.00404525066570014,1.063750587995533,-0.14380173228692184
2019-02-28,model1,0.0015165236588667863,0.0008,0.0007165236588667863,1.0645127904589653,-0.14318824597142454
2019-03-01,model1,0.007667622127690521,0.0008,0.006867622127690521,1.0718234620539309,-0.1373039866101925
2019-03-04,model1,0.00532383047384224,0.0008,0.004523830473842239,1.0766722096941495,-0.1334012960951576
2019-03-05,model1,-0.011152167830305837,0.0008,-0.011952167830305838,1.0638036427456588,-0.1437590292457538
2019-03-06,model1,0.005544267996680574,0.0,0.005544267996680574,1.0697016552368859,-0.13901179983415413
2019-03-07,model1,0.012211914147068636,0.0,0.012211914147068636,1.0827647600136159,-0.12849748585208975
2019-03-08,model1,-0.0006746575890530949,0.0,-0.0006746575890530949,1.0820342645511134,-0.12908545163713858
2019-03-11,model1,0.012638440342339321,0.0,0.012638440342339321,1.0957094900520097,-0.11807845007437912
2019-03-12,model1,0.005286378744871279,0.0008,0.0044863787448712784,1.1006252578187328,-0.11412181597814886
2019-03-13,model1,0.009705530594409284,0.0,0.009705530594409284,1.1113074099314721,-0.10552389816020502
2019-03-14,model1,0.010076508743023193,0.0,0.010076508743023193,1.1225055087638331,-0.09651070189959088
2019-03-15,model1,-0.0006584442946040887,0.0,-0.0006584442946040887,1.121766401415926,-0.09710559927316087
2019-03-18,model1,-0.0005418396349519128,0.0,-0.0005418396349519128,1.1211585839184817,-0.09759482324565072
2019-03-19,model1,-0.004115917278399994,0.0,-0.004115917278399994,1.1165439879311052,-0.1013090483047715
2019-03-20,model1,0.0013212874151555367,0.0008,0.0005212874151555366,1.1171260282604811,-0.10084057202153873
2019-03-21,model1,0.006759465015830247,0.0,0.006759465015830247,1.1246772025667813,-0.09476273532446433
2019-03-22,model1,0.0034182331305836035,0.0,0.0034182331305836035,1.1285216114418073,-0.09166842331531144
2019-03-25,model1,0.005892235549183323,0.0,0.005892235549183323,1.1351711265987663,-0.08631631970872422
2019-03-26,model1,-0.009387009919365318,0.0,-0.009387009919365318,1.1245152639732066,-0.09489307747878062
2019-03-27,model1,-0.001308275695327943,0.0,-0.001308275695327943,1.123044087984325,-0.09607720686718824
2019-03-28,model1,-0.004597852947327708,0.0,-0.004597852947327708,1.1178804964144073,-0.10023331094575072
2019-03-29,model1,-0.0020699144169781473,0.0008,-0.002869914416978147,1.114672275061289,-0.10281556433858419
2019-04-01,model1,-0.007528991076325654,0.0,-0.007528991076325654,1.106279917449325,-0.10957045794849718
2019-04-02,model1,-0.0017958318046091826,0.0,-0.0017958318046091826,1.1042932247887691,-0.11116951963987687
2019-04-03,model1,0.0001688591738025387,0.0,0.0001688591738025387,1.1044796948303426,-0.11101943245931278
2019-04-04,model1,0.001946729480221965,0.0008,0.001146729480221965,1.105746234256711,-0.11000001223516953
2019-04-08,model1,-0.0030244184523807952,0.0008,-0.003824418452380795,1.101517397954769,-0.11340374461099612
2019-04-09,model1,-5.159780592212094e-06,0.0,-5.159780592212094e-06,1.101511714366677,-0.11340831925314776
2019-04-10,model1,0.0020590327888963425,0.0,0.0020590327888963425,1.1037797631039115,-0.11158279791212722
2019-04-11,model1,0.0016455971276150734,0.0008,0.0008455971276150734,1.104713116101112,-0.11083155487791785
2019-04-12,model1,0.00018618243455770223,0.0,0.00018618243455770223,1.1049187942785554,-0.1106660073320731
2019-04-15,model1,-0.004690983652452286,0.0,-0.004690983652452286,1.0997356382773076,-0.11483785855324835
2019-04-16,model1,-0.00485633728171928,0.0008,-0.005656337281719281,1.0935151625864843,-0.11984463417428015
2019-04-17,model1,-0.0028690758924718287,0.0,-0.0028690758924718287,1.090377784595455,-0.12236986671600036
2019-04-18,model1,0.0005864308655310958,0.0008,-0.00021356913446890426,1.0901449135557548,-0.12255730142394972
2019-04-19,model1,-0.0025680374738378474,0.0,-0.0025680374738378474,1.08734538056583,-0.12481060715503833
2019-04-22,model1,0.003459766552795119,0.0008,0.002659766552795119,1.0902374654403952,-0.12248280768058828
2019-04-23,model1,0.007763729475879311,0.0008,0.006963729475879311,1.0978295842141905,-0.1163720153428427
2019-04-24,model1,0.0042086540107627805,0.0008,0.0034086540107627805,1.1015717054295562,-0.11336003326891886
2019-04-25,model1,0.00928590434317349,0.0008,0.00848590434317349,1.110919537548978,-0.1058360913244043
2019-04-26,model1,0.0011077526165510945,0.0,0.0011077526165510945,1.1121501615734755,-0.1048455789149435
2019-04-29,model1,-0.016970961807032392,0.0,-0.016970961807032392,1.093275903657727,-0.12003721040657422
2019-04-30,model1,0.0023928414210336872,0.0008,0.0015928414210336873,1.0950173188016912,-0.11863556922634144
2019-05-06,model1,0.011010338613977221,0.0,0.011010338613977221,1.1070738302698673,-0.10893144840120816
2019-05-07,model1,-0.005090197299969912,0.0,-0.005090197299969912,1.1014386060481602,-0.1134671631366444
2019-05-08,model1,-0.004779905550460839,0.0008,-0.00557990555046084,1.0952926826567804,-0.1184139326337239
2019-05-09,model1,0.0038268698141450397,0.0,0.0038268698141450397,1.0994842251616936,-0.115040217523949
2019-05-10,model1,0.0003168068126827347,0.0,0.0003168068126827347,1.099832549254662,-0.11475985623591056
2019-05-13,model1,0.002923686732841979,0.0,0.002923686732841979,1.1030481150872655,-0.11217169137220828
2019-05-14,model1,-0.0008295643638005501,0.0,-0.0008295643638005501,1.1021330656794317,-0.11290820209821928
2019-05-15,model1,0.0003033378942156155,0.0008,-0.0004966621057843845,1.1015856779501767,-0.1133487869785893
2019-05-16,model1,-0.0013749026225460704,0.0,-0.0013749026225460704,1.100071104912604,-0.11456784605665593
2019-05-17,model1,0.004927466173485318,0.0,0.004927466173485318,1.1054916680704894,-0.1102049090691839
2019-05-20,model1,-0.0013534755894854644,0.0,-0.0013534755894854644,1.1039954120833764,-0.11140922500440287
2019-05-21,model1,-0.00342484154647309,0.0,-0.00342484154647309,1.1002144027289575,-0.11445250760842052
2019-05-22,model1,0.0006217028896854603,0.0008,-0.00017829711031453973,1.1000182376802246,-0.11461039816736018
2019-05-23,model1,-0.00247635375107924,0.0008,-0.00327635375107924,1.0964141888009453,-0.11751124771049115
2019-05-24,model1,0.004954472811475608,0.0008,0.004154472811475607,1.1009692117384349,-0.11384497218267142
2019-05-27,model1,0.007005512463512619,0.0008,0.006205512463512619,1.1078012899038212,-0.10834592611294669
2019-05-28,model1,0.004489833324998749,0.0,0.004489833324998749,1.112775133052708,-0.10434254793763775
2019-05-29,model1,0.0009087401740906387,0.0,0.0009087401740906387,1.1137863565208421,-0.10352862802872498
2019-05-30,model1,0.0005937025210898119,0.0,0.0005937025210898119,1.114447614288664,-0.1029963907151008
2019-05-31,model1,-0.0008747410105555355,0.0,-0.0008747410105555355,1.1134727612563298,-0.1037810365587587
2019-06-03,model1,0.0068076517232450225,0.0008,0.006007651723245022,1.1201621178092778,-0.098396865158636
2019-06-04,model1,-0.00164119840888004,0.0008,-0.00244119840888004,1.117427579829594,-0.100597857296852
2019-06-05,model1,0.0007139516859241191,0.0,0.0007139516859241191,1.1182253691341113,-0.09995572762074556
2019-06-06,model1,0.00689548168021159,0.0,0.00689548168021159,1.1259360716813234,-0.093749488829175
2019-06-10,model1,0.0014368355785411959,0.0,0.0014368355785411959,1.1275538566882781,-0.09244735585165353
2019-06-11,model1,-0.0047792257948734655,0.0008,-0.005579225794873466,1.1212629791259339,-0.0975107969740916
2019-06-12,model1,-0.0008005468418994968,0.0,-0.0008005468418994968,1.1203653555890558,-0.09823328185542235
2019-06-13,model1,0.0014785077197097874,0.0,0.0014785077197097874,1.1220218244161895,-0.09690001280126836
2019-06-14,model1,-0.005456407016870202,0.0,-0.005456407016870202,1.1158996166603634,-0.101827693908355
2019-06-17,model1,-0.0005546470528007496,0.0008,-0.0013546470528007495,1.1143879665334329,-0.10304440037570939
2019-06-18,model1,0.0022979408637243018,0.0,0.0022979408637243018,1.1169487641797726,-0.10098324945038639
2019-06-19,model1,2.0666455485684673e-05,0.0,2.0666455485684673e-05,1.1169718475516872,-0.10096466996073039
2019-06-20,model1,0.006167917879899587,0.0,0.006167917879899587,1.1238612381815458,-0.09541949387391968
2019-06-21,model1,-0.005898489371795402,0.0008,-0.006698489371795402,1.116333065622214,-0.10147881678013848
2019-06-24,model1,-0.00123149854705229,0.0,-0.00123149854705229,1.1149583030738737,-0.10258534431176958
2019-06-25,model1,0.0014244148105560413,0.0,0.0014244148105560413,1.1165464661939244,-0.10130705358499725
2019-06-26,model1,-8.464608072848994e-05,0.0008,-0.00088464608072849,1.1155587177386548,-0.10210207877782163
2019-06-27,model1,0.00101638936303452,0.0,0.00101638936303452,1.116692559753205,-0.10118946488160041
2019-06-28,model1,0.003664147373825655,0.0,0.003664147373825655,1.1207842858633954,-0.09789609061977944
2019-07-01,model1,-0.002228501467025622,0.0,-0.002228501467025622,1.1182866164381295,-0.09990643050524284
2019-07-02,model1,0.0007285800284958732,0.0,0.0007285800284958732,1.1191013777330008,-0.09925064030673125
2019-07-03,model1,-0.00114378313461363,0.0008,-0.0019437831346136298,1.1169260873490405,-0.10100150172061695
2019-07-04,model1,0.0003000307022906325,0.0,0.0003000307022906325,1.1172611994674346,-0.10073177456981997
2019-07-05,model1,0.00023248707332506062,0.0,0.00023248707332506062,1.1175209482538384,-0.10052270633195548
2019-07-08,model1,-0.004935592006880275,0.0,-0.004935592006880275,1.1120053207941154,-0.10496215927295394
2019-07-09,model1,0.00309376101879737,0.0,0.00309376101879737,1.1154455995082835,-0.10219312609096398
2019-07-10,model1,-0.0027093534497209413,0.0,-0.0027093534497209413,1.1124234631252796,-0.1046256022419727
2019-07-11,model1,-0.0012011305429335374,0.0,-0.0012011305429335374,1.1110872973270438,-0.10570106377848065
2019-07-12,model1,-0.0005751432797872268,0.0,-0.0005751432797872268,1.1104482629347292,-0.10621541380176935
2019-07-15,model1,0.005179534534093478,0.0008,0.004379534534093478,1.115311509450576,-0.10230105334047368
2019-07-16,model1,-0.00303313768051976,0.0,-0.00303313768051976,1.1119286160857442,-0.10502389784134947
2019-07-17,model1,-0.0010815432496600775,0.0,-0.0010815432496600775,1.1107260171969129,-0.10599185320324622
2019-07-18,model1,0.00468858554190903,0.0008,0.00388858554190903,1.115045170328407,-0.10251542604926345
2019-07-19,model1,-0.0022452732272808086,0.0008,-0.0030452732272808086,1.1116495531239972,-0.10524851179421313
2019-07-22,model1,0.006476936678087153,0.0,0.006476936678087153,1.1188496368878054,-0.09945326306247992
2019-07-23,model1,-0.0040764382446494725,0.0,-0.0040764382446494725,1.1142887154379837,-0.1031242862220263
2019-07-24,model1,-0.0005384645937069445,0.0,-0.0005384645937069445,1.113688710417553,-0.10360722203885153
2019-07-25,model1,0.0018608865418470624,0.0008,0.0010608865418470625,1.114870207782242,-0.1026562510045036
2019-07-26,model1,-0.0005873297586442839,0.0,-0.0005873297586442839,1.1142154113321856,-0.10318328769202212
2019-07-29,model1,0.0011173242990000444,0.0008,0.00031732429900004435,1.1145689789565216,-0.10289870595745743
2019-07-30,model1,-0.00026791169544910804,0.0008,-0.001067911695449108,1.1133787177085093,-0.10385673092136793
2019-07-31,model1,0.0026594946852622316,0.0,0.0026594946852622316,1.1163397424909391,-0.10147344266001979
2019-08-01,model1,0.0007346745387646347,0.0,0.0007346745387646347,1.1171598888763583,-0.10081331807593819
2019-08-02,model1,0.0011350140612757182,0.0,0.0011350140612757182,1.1184278810589263,-0.0997927285482425
2019-08-05,model1,0.0032066939632100066,0.0,0.0032066939632100066,1.1220143369934037,-0.09690603932524045
2019-08-06,model1,-0.004799539653898411,0.0,-0.004799539653898411,1.1166291846907612,-0.10124047460069519
2019-08-07,model1,-0.000135334762934569,0.0008,-0.000935334762934569,1.1155847625970126,-0.10208111562831979
2019-08-08,model1,0.003197956061283147,0.0,0.003197956061283147,1.1191523536504349,-0.09920961048950272
2019-08-09,model1,0.0026761755828184075,0.0,0.0026761755828184075,1.122147401852728,-0.09679893724385713
2019-08-12,model1,0.00023370867407699301,0.0,0.00023370867407699301,1.1224096574341338,-0.09658785132105563
2019-08-13,model1,-0.002239879521789412,0.0008,-0.003039879521789412,1.118997667301441,-0.09933411541156056
2019-08-14,model1,0.0005468068167282071,0.0,0.0005468068167282071,1.1196095428538244,-0.09884162516627304
2019-08-15,model1,0.0005084115011944944,0.0,0.0005084115011944944,1.1201787652222583,-0.09838346588410996
2019-08-16,model1,-2.8866799777205188e-05,0.0,-2.8866799777205188e-05,1.120146429246128,-0.09840949266807597
2019-08-19,model1,0.005398507139950049,0.0,0.005398507139950049,1.126193547742203,-0.09354224987693338
2019-08-20,model1,2.000583745607188e-05,0.0,2.000583745607188e-05,1.126216078187263,-0.09352411543052375
2019-08-21,model1,0.0017252513731258468,0.0008,0.0009252513731258467,1.1272581111600422,-0.09268539737362036
2019-08-22,model1,0.0007993268935763354,0.0,0.0007993268935763354,1.1281591588842945,-0.09196015641080646
2019-08-23,model1,0.005473173527753739,0.0,0.005473173527753739,1.134333769727793,-0.08699029677672832
2019-08-26,model1,-0.004734880360001759,0.0008,-0.005534880360001759,1.12805536802404,-0.09204369625158992
2019-08-27,model1,0.003326410112143918,0.0,0.003326410112143918,1.1318077428072935,-0.08902346122141624
2019-08-28,model1,0.002157495111067176,0.0,0.002157495111067176,1.1342496124790682,-0.0870580337927046
2019-08-29,model1,0.002101329178824374,0.0,0.002101329178824374,1.1366330442858406,-0.08513964220054004
2019-08-30,model1,-0.006240564613943134,0.0,-0.006240564613943134,1.1295398123306317,-0.09084888737612284
2019-09-02,model1,0.0068293507582790625,0.0,0.0068293507582790625,1.1372538359044784,-0.08463997553573466
2019-09-03,model1,0.0032495013994106262,0.0008,0.0024495013994106263,1.1400395407670114,-0.08239779987484497
2019-09-04,model1,-8.964456122093631e-05,0.0,-8.964456122093631e-05,1.139937342422605,-0.08248005792145041
2019-09-05,model1,0.0014092169988948028,0.0,0.0014092169988948028,1.1415437615032218,-0.08118707322224838
2019-09-06,model1,0.00215101320239528,0.0,0.00215101320239528,1.1439992372053271,-0.07921069448621809
2019-09-09,model1,-0.008375670460992968,0.0,-0.008375670460992968,1.134417476586868,-0.08692292227320808
2019-09-10,model1,-0.0002008993074804177,0.0008,-0.0010008993074804178,1.1332820389201586,-0.08783682048798103
2019-09-11,model1,-0.00043100379925133927,0.0,-0.00043100379925133927,1.1327935900557606,-0.0882299662838879
2019-09-12,model1,-0.003796418864230322,0.0,-0.003796418864230322,1.1284930311011938,-0.09169142723972767
2019-09-16,model1,0.00287179945000986,0.0008,0.00207179945000986,1.1308310423423693,-0.08980959403824362
2019-09-17,model1,0.0022776231255744687,0.0,0.0022776231255744687,1.133406649275526,-0.08773652332094894
2019-09-18,model1,0.0023172022357673687,0.0,0.0023172022357673687,1.1360329816972607,-0.08562262435317936
2019-09-19,model1,-0.003604677486961006,0.0008,-0.004404677486961006,1.1310291227983336,-0.08965016179427743
2019-09-20,model1,9.384358402551027e-05,0.0,9.384358402551027e-05,1.131135262624854,-0.08956473130274323
2019-09-23,model1,0.0018533947242111988,0.0008,0.0010533947242111989,1.1323267945428726,-0.08860568359396159
2019-09-24,model1,0.0005350669877452141,0.0008,-0.0002649330122547859,1.1320268037943375,-0.08884714203555899
2019-09-25,model1,-0.0057070519024377655,0.0008,-0.006507051902437766,1.124660646627097,-0.09477606097338809
2019-09-26,model1,0.00905081998234456,0.0,0.00905081998234456,1.134839747680946,-0.08658304205754952
2019-09-27,model1,-0.002630993201291432,0.0,-0.002630993201291432,1.1318539920202422,-0.08898623586384036
2019-09-30,model1,0.0008352644355356991,0.0,0.0008352644355356991,1.1327993894059958,-0.08822529846637384
2019-10-08,model1,0.0033326100315757227,0.0008,0.0025326100315757227,1.1356683285033682,-0.08591612871073295
2019-10-09,model1,0.003247796285929017,0.0,0.003247796285929017,1.1393567478827287,-0.08294737050853196
2019-10-10,model1,0.002651148890999977,0.0008,0.0018511488909999769,1.141465866863025,-0.08124976955046026
2019-10-11,model1,0.00503036388634639,0.0008,0.0042303638863463895,1.1462946828436995,-0.07736312175499416
2019-10-14,model1,0.0019046547482973967,0.0,0.0019046547482973967,1.148477978454326,-0.07560581704389036
2019-10-15,model1,-0.005717331630221967,0.0,-0.005717331630221967,1.1419117489814958,-0.0808908851448984
2019-10-16,model1,-0.00037095422547785985,0.0008,-0.00117095422547786,1.140574622593903,-0.0819671198466132
2019-10-17,model1,0.0016108685865710015,0.0008,0.0008108685865710015,1.1414994787260047,-0.0812227158226575
2019-10-18,model1,0.001040382779417248,0.0008,0.000240382779417248,1.1417738755434041,-0.08100185758542144
2019-10-21,model1,0.001641844721383734,0.0,0.001641844721383734,1.143648490953979,-0.07949300533633663
2019-10-22,model1,-0.00382351906761258,0.0,-0.00382351906761258,1.1392757291421702,-0.08301258138230383
2019-10-23,model1,0.0005208760997613472,0.0008,-0.0002791239002386529,1.138957730057205,-0.08326853448705807
2019-10-24,model1,-0.0013605472933309495,0.0,-0.0013605472933309495,1.1374081242003573,-0.0845157910011729
2019-10-25,model1,0.0018460829636112843,0.0,0.0018460829636112843,1.1395078739611166,-0.08282573119948511
2019-10-28,model1,0.0052706043920983,0.0008,0.0044706043920982996,1.1446021628672778,-0.07872540788506599
2019-10-29,model1,0.004283709828160998,0.0,0.004283709828160998,1.1495053064016867,-0.07477893486038822
2019-10-30,model1,0.0025996421831244736,0.0,0.0025996421831244736,1.1524936088859339,-0.07237369115073589
2019-10-31,model1,0.002818360088808136,0.0,0.002818360088808136,1.1557417508758243,-0.06975930618454684
2019-11-01,model1,0.002831578026134096,0.0008,0.0020315780261340962,1.1580897304207896,-0.0678694496319755
2019-11-04,model1,-0.0005600828966813689,0.0008,-0.0013600828966813688,1.156514632385622,-0.06913722445100523
2019-11-05,model1,-0.0006617187887763441,0.0,-0.0006617187887763441,1.1557493449238776,-0.06975319383935852
2019-11-06,model1,0.003079637790173484,0.0,0.003079637790173484,1.1593086342824732,-0.06688837062091813
2019-11-07,model1,-0.0025327857218471195,0.0,-0.0025327857218471195,1.1563723539263484,-0.06925174243269905
2019-11-08,model1,-0.0012484188845028666,0.0008,-0.0020484188845028665,1.1540036189590486,-0.07115830474021811
2019-11-11,model1,-0.0027839991456104045,0.0,-0.0027839991456104045,1.1507908738698351,-0.07374419922622877
2019-11-12,model1,-0.00031497892493588254,0.0,-0.00031497892493588254,1.1504283989975574,-0.07403595028257226
2019-11-13,model1,-6.951782506092524e-07,0.0,-6.951782506092524e-07,1.1504275992447555,-0.07403659399264051
2019-11-14,model1,0.0028787383450096906,0.0008,0.0020787383450096906,1.1528190372084628,-0.07211175835449746
2019-11-15,model1,0.0016876258592515294,0.0008,0.0008876258592515294,1.1538423091969265,-0.07128814075671741
2019-11-18,model1,-0.0015790267206138965,0.0008,-0.0023790267206138965,1.1510972875119723,-0.07349757108560817
2019-11-19,model1,-0.004100696445035723,0.0,-0.004100696445035723,1.1463769869571816,-0.07729687630217441
2019-11-20,model1,-0.0020299184267989824,0.0,-0.0020299184267989824,1.1440499351872988,-0.0791698883754337
2019-11-21,model1,-0.0024867857129249327,0.0,-0.0024867857129249327,1.1412049281536023,-0.08145979554105276
2019-11-22,model1,-0.00030389600373799137,0.0008,-0.0011038960037379913,1.1399451565939676,-0.08247376840202758
2019-11-25,model1,-0.004177345897435592,0.0,-0.004177345897435592,1.1351832113707683,-0.08630659284138276
2019-11-26,model1,-0.0009438913773947011,0.0008,-0.001743891377394701,1.1332035751566956,-0.08789997489570911
2019-11-27,model1,-0.0021149892855879316,0.0,-0.0021149892855879316,1.1308068617368492,-0.08982905667618923
2019-11-28,model1,-0.0006570496855919927,0.0,-0.0006570496855919927,1.1300638654438797,-0.09042708420833512
2019-11-29,model1,-0.005346819090089339,0.0008,-0.006146819090089339,1.1231175673027491,-0.0960180643709515
2019-12-02,model1,0.0002036166094697479,0.0,0.0002036166094697479,1.1233462526938391,-0.09583399863419684
2019-12-03,model1,0.0003101665400265575,0.0,0.0003101665400265575,1.1236946771142888,-0.09555355659394371
2019-12-04,model1,0.0007065196269396169,0.0,0.0007065196269396169,1.1244885894583576,-0.0949145474301617
2019-12-05,model1,0.0009361529562124105,0.0008,0.00013615295621241042,1.1246416919040396,-0.09479131737016933
2019-12-06,model1,-0.001008600670878579,0.0,-0.001008600670878579,1.1235073775390871,-0.09570431145475489
2019-12-09,model1,-0.002047125430786734,0.0008,-0.002847125430786734,1.120308611112819,-0.0982789547065629
2019-12-10,model1,0.0014073888407640568,0.0,0.0014073888407640568,1.121885320950311,-0.09700988256993492
2019-12-11,model1,-0.003448258857623676,0.0008,-0.0042482588576236765,1.1171192616983459,-0.1008460183346539
2019-12-12,model1,-0.00035784287830402666,0.0,-0.00035784287830402666,1.1167195085263308,-0.10116777418349154
2019-12-13,model1,0.004371440546734018,0.0,0.004371440546734018,1.1216011814652318,-0.09723858254684592
2019-12-16,model1,-0.008227132318768282,0.0,-0.008227132318768282,1.1123736201364305,-0.1046657201805119
2019-12-17,model1,-0.0008951724261196505,0.0,-0.0008951724261196505,1.1113778539441415,-0.10546719873996602
2019-12-18,model1,-0.0008986677315079294,0.0,-0.0008986677315079294,1.1103790945292893,-0.1062710865032338
2019-12-19,model1,-0.001572345852838719,0.0008,-0.002372345852838719,1.107744891289304,-0.10839132058472989
2019-12-20,model1,-0.003680165682935055,0.0,-0.003680165682935055,1.1036682065549344,-0.11167258824932103
2019-12-23,model1,-0.0039715421452772405,0.0008,-0.004771542145277241,1.098402007192955,-0.11591127993329442
2019-12-24,model1,-0.0044359556000556745,0.0008,-0.005235955600055675,1.0926508230522807,-0.12054032921807378
2019-12-25,model1,0.003065857041108444,0.0008,0.002265857041108444,1.0951266136131668,-0.1185475993306615
2019-12-26,model1,0.0006521996815897603,0.0008,-0.0001478003184102397,1.0949647535509752,-0.11867787827614384
2019-12-27,model1,-0.0038774641807587163,0.0008,-0.004677464180758716,1.0898430951370472,-0.12280023093221748
2019-12-30,model1,0.0011148882713603921,0.0,0.0011148882713603921,1.0910581484214386,-0.1218222511980438
2019-12-31,model1,-0.0019016782489249984,0.0,-0.0019016782489249984,1.0889833068722732,-0.12349226272163039
2020-01-02,model1,-0.0038718302133968767,0.0,-0.0038718302133968767,1.0847669484028404,-0.12688595186110085
2020-01-03,model1,-0.0027054789080926513,0.0008,-0.0035054789080926512,1.0809643207450181,-0.12994663474121115
2020-01-06,model1,0.006816650244251177,0.0,0.006816650244251177,1.0883328764460516,-0.12401578525640822
2020-01-07,model1,0.002535160954101645,0.0,0.002535160954101645,1.0910919754594826,-0.12179502427878097
2020-01-08,model1,-0.0008249560463831074,0.0,-0.0008249560463831074,1.090191872537167,-0.12251950478346607
2020-01-09,model1,0.0015289729059697168,0.0,0.0015289729059697168,1.0918587463725848,-0.12117786088076299
2020-01-10,model1,-0.0013035708442517447,0.0,-0.0013035708442517447,1.0904354311447724,-0.1223234677986017
2020-01-13,model1,0.002894642155377714,0.0008,0.002094642155377714,1.0927195031665657,-0.1204850495354669
2020-01-14,model1,1.1179730170729485e-05,0.0,1.1179730170729485e-05,1.0927317194757635,-0.12047521679563955
2020-01-15,model1,-0.002045612825909604,0.0,-0.002045612825909604,1.0904964134551256,-0.12227438397286783
2020-01-16,model1,-0.001780272024133378,0.0,-0.001780272024133378,1.0885550331978338,-0.12383697433194607
2020-01-17,model1,0.0026001483139304503,0.0008,0.0018001483139304503,1.0905145937054654,-0.12225975093856145
2020-01-20,model1,0.003946142749706283,0.0008,0.003146142749706283,1.0939455082879008,-0.11949825481785137
2020-01-21,model1,-0.002476592617095763,0.0,-0.002476592617095763,1.09123625091857,-0.12167889893930928
2020-01-22,model1,-0.002968605445416195,0.0,-0.002968605445416195,1.0879968010418575,-0.12428628774274209
2020-01-23,model1,0.0028713173752582307,0.0,0.0028713173752582307,1.0911207851609142,-0.12177183574498618
2020-02-03,model1,0.006706744283186426,0.0,0.006706744283186426,1.0984386532490582,-0.11588178402503535
2020-02-04,model1,0.0029404917892739135,0.0,0.0029404917892739135,1.101668603089958,-0.1132820416702135
2020-02-05,model1,-0.007595698182164767,0.0,-0.007595698182164767,1.0933006608841196,-0.12001728365439202
2020-02-06,model1,-0.006435979100172506,0.0008,-0.007235979100172507,1.0853895601517574,-0.12638482019838182
2020-02-07,model1,0.0037876379309137675,0.0,0.0037876379309137675,1.089500622819606,-0.12307588220634313
2020-02-10,model1,0.004841213881243344,0.0,0.004841213881243344,1.0947751283584235,-0.11883050499448344
2020-02-11,model1,-0.006197450407597094,0.0,-0.006197450407597094,1.0879903137929514,-0.1242915092404675
2020-02-12,model1,0.005177018898952657,0.0008,0.004377018898952657,1.0927524679583007,-0.12045851662643958
2020-02-13,model1,0.0006733604903632617,0.0,0.0006733604903632617,1.0934882842959708,-0.11986626814190038
2020-02-14,model1,0.0021361327945145447,0.0,0.0021361327945145447,1.0958241204804728,-0.11798618561371987
2020-02-17,model1,-0.0052125276572695615,0.0,-0.0052125276572695615,1.0901121069449653,-0.12258370701530208
2020-02-18,model1,-0.008226811652336165,0.0008,-0.009026811652336165,1.0802718702756418,-0.13050397863276597
2020-02-19,model1,-0.003979837763329375,0.0,-0.003979837763329375,1.0759725634916564,-0.1339644317336679
2020-02-20,model1,-6.015410466924092e-05,0.0,-6.015410466924092e-05,1.0759078393254509,-0.1340165273278887
2020-02-21,model1,0.0067686583419999564,0.0,0.0067686583419999564,1.0831902918973242,-0.12815498107155254
2020-02-24,model1,0.010766862318360016,0.0008,0.009966862318360015,1.093986300401249,-0.1194654218049448
2020-02-25,model1,-0.005026844320096303,0.0008,-0.005826844320096303,1.0876118125404928,-0.12459615971054905
2020-02-26,model1,-0.009415151345521223,0.0,-0.009415151345521223,1.0773717827202474,-0.1328382193553247
2020-02-27,model1,-0.0007087853170018478,0.0008,-0.0015087853170018478,1.075746259993527,-0.13414658031742654
2020-02-28,model1,0.008526446187928504,0.0,0.008526446187928504,1.084918552591227,-0.12676392772786926
2020-03-02,model1,-0.0027380165380796132,0.0,-0.0027380165380796132,1.0819480276517628,-0.1291548625353981
2020-03-03,model1,-0.0019257935727537757,0.0,-0.0019257935727537757,1.0798644190940574,-0.13083193050399133
2020-03-04,model1,0.0031222607015417127,0.0008,0.0023222607015417128,1.0823721457975126,-0.1288134956531659
2020-03-05,model1,-0.0036473855396099717,0.0,-0.0036473855396099717,1.078424317284454,-0.13199104871142397
2020-03-06,model1,0.0044864034666328495,0.0008,0.0036864034666328495,1.0823998244261928,-0.12879121750432532
2020-03-09,model1,0.0035672217064493424,0.0008,0.0027672217064493424,1.0853950647154018,-0.1263803896505541
2020-03-10,model1,0.003084497670280229,0.0,0.003084497670280229,1.0887429632638501,-0.12368571199772016
2020-03-11,model1,-0.0011273636288708921,0.0,-0.0011273636288708921,1.0875155540458774,-0.12467363685347366
2020-03-12,model1,-0.00042189267750227834,0.0008,-0.0012218926775022783,1.0861867267537189,-0.1257431917270272
2020-03-13,model1,-0.0034112393203780127,0.0,-0.0034112393203780127,1.082481483882144,-0.12872549092751606
2020-03-16,model1,0.00387345098305536,0.0,0.00387345098305536,1.0866744228500265,-0.1253506518238382
2020-03-17,model1,-0.0021710200508496145,0.0,-0.0021710200508496145,1.0843152308892736,-0.12724953309619125
2020-03-18,model1,-0.0018074535720961748,0.0,-0.0018074535720961748,1.0823553814519244,-0.1288269890451451
2020-03-19,model1,-0.011521043709268541,0.0,-0.011521043709268541,1.0698855177932547,-0.13886381138269122
2020-03-20,model1,0.004359423859902822,0.0008,0.003559423859902822,1.0736936938326525,-0.13579866268630103
2020-03-23,model1,-0.006419311768060031,0.0,-0.006419311768060031,1.0668013192685406,-0.14134624050089206
2020-03-24,model1,-0.004692811303672696,0.0,-0.004692811303672696,1.0617950219787042,-0.1453757405694106
2020-03-25,model1,0.00031288076609046166,0.0008,-0.0004871192339095384,1.061277801201029,-0.14579204448394478
2020-03-26,model1,0.002318473170124546,0.0,0.002318473170124546,1.0637383453091624,-0.1438115862573739
2020-03-27,model1,0.0040370668776573025,0.0,0.0040370668776573025,1.068032728149504,-0.1403550963712198
2020-03-30,model1,0.006864800568929264,0.0008,0.0060648005689292635,1.0745101336468201,-0.13514152147061476
2020-03-31,model1,0.0012099007895982172,0.0008,0.00040990078959821715,1.0749505761990332,-0.1347870152973748
2020-04-01,model1,0.0006784718533618505,0.0,0.0006784718533618505,1.0756798999087394,-0.13419999264009097
2020-04-02,model1,-0.004561006118276988,0.0,-0.004561006118276988,1.070773717303948,-0.13814891177086375
2020-04-03,model1,0.001494317774322074,0.0008,0.0006943177743220739,1.071517174528149,-0.13755051324148737
2020-04-07,model1,0.005360505247896797,0.0,0.005360505247896797,1.0772610479654188,-0.13292734824167252
2020-04-08,model1,0.0023199375846733707,0.0,0.0023199375846733707,1.0797602263590984,-0.13091579380821594
2020-04-09,model1,0.002575760682667827,0.0,0.002575760682667827,1.0825414302968626,-0.12867724087997967
2020-04-10,model1,-0.008165423008945983,0.0,-0.008165423008945983,1.0737020215937794,-0.1357919597855165
2020-04-13,model1,-0.0014672458140985614,0.0008,-0.0022672458140985613,1.0712676751797316,-0.13775133184720312
2020-04-14,model1,-0.0024425383206156497,0.0,-0.0024425383206156497,1.0686510628314683,-0.1398574072610662
2020-04-15,model1,-0.0015478103588893789,0.0,-0.0015478103588893789,1.0669969936463795,-0.14118874487622957
2020-04-16,model1,-0.003114939272580575,0.0008,-0.003914939272580575,1.0628197652122278,-0.14455093878664793
2020-04-17,model1,-0.00578579145228657,0.0,-0.00578579145228657,1.0566705116993418,-0.14950038865288262
2020-04-20,model1,0.0032369026593287668,0.0008,0.002436902659328767,1.059245514879336,-0.14742780388823284
2020-04-21,model1,-0.0021846380777458484,0.0,-0.0021846380777458484,1.056931446793849,-0.14929036557188602
2020-04-22,model1,-0.00044366273673448467,0.0,-0.00044366273673448467,1.0564625256956237,-0.14966779373646288
2020-04-23,model1,0.0012768976760222817,0.0008,0.00047689767602228166,1.0569663502189326,-0.1492622722834489
2020-04-24,model1,-0.003195842639260294,0.0,-0.003195842639260294,1.0535884520886396,-0.15198109618851285
2020-04-27,model1,-0.0048001824015742045,0.0008,-0.005600182401574205,1.047688164580751,-0.15673015672984025
2020-04-28,model1,0.005717675863173533,0.0,0.005717675863173533,1.053678505911507,-0.15190861310083215
2020-04-29,model1,0.0028648487527862974,0.0,0.0028648487527862974,1.0566971354650052,-0.1494789595488254
2020-04-30,model1,-0.007319337101408952,0.0,-0.007319337101408952,1.0489628129164437,-0.15570420975572863
2020-05-06,model1,-0.007010408745768527,0.0008,-0.007810408745768527,1.040769984588455,-0.16229850497986809
2020-05-07,model1,0.0009077524557050689,0.0,0.0009077524557050689,1.0417147460977894,-0.1615380793906157
2020-05-08,model1,0.0019449293529353543,0.0,0.0019449293529353543,1.0437408076848607,-0.15990733018990388
2020-05-11,model1,-0.0006733365476055742,0.0,-0.0006733365476055742,1.043038018852819,-0.16047299528786263
2020-05-12,model1,0.0014976669932979193,0.0,0.0014976669932979193,1.0446001424664098,-0.15921566340292304
2020-05-13,model1,0.0019909255612834634,0.0008,0.0011909255612834635,1.0458441834773933,-0.1582143518449428
2020-05-14,model1,-0.001075212524249425,0.0,-0.001075212524249425,1.044719678712905,-0.1591194503165726
2020-05-15,model1,-0.0036126329764023524,0.0008,-0.004412632976402353,1.04010971420752,-0.162829947559321
2020-05-18,model1,-0.004594018290433377,0.0,-0.004594018290433377,1.0353314311563933,-0.16667592209243642
2020-05-19,model1,0.0017289208303179929,0.0,0.0017289208303179929,1.0371214372340025,-0.16523517073573657
2020-05-20,model1,-0.0035610952063173775,0.0,-0.0035610952063173775,1.0334281490554995,-0.16820784776763187
2020-05-21,model1,-0.0033241934789560723,0.0008,-0.004124193478956073,1.0291660914221952,-0.17163831953771536
2020-05-22,model1,-0.002757652001751332,0.0,-0.002757652001751332,1.0263280094900502,-0.1739226527840163
2020-05-25,model1,0.002875580286242485,0.0008,0.002075580286242485,1.0284582356737662,-0.17220806292722335
2020-05-26,model1,0.005051844897681334,0.0,0.005051844897681334,1.033653847164133,-0.16802618645358058
2020-05-27,model1,-0.0018398051836022945,0.0,-0.0018398051836022945,1.03175212545807,-0.1695568561883647
2020-05-28,model1,-0.0026502817388498914,0.0008,-0.0034502817388498913,1.0281922899405824,-0.17242211900261095
2020-05-29,model1,-0.0037975763666369565,0.0,-0.0037975763666369565,1.0242876511999457,-0.1755649092050382
2020-06-01,model1,-0.002993069133014713,0.0,-0.002993069133014713,1.021221887447811,-0.17803250042747087
2020-06-02,model1,0.002387128929770599,0.0,0.002387128929770599,1.0236596757590526,-0.17607035802991
2020-06-03,model1,2.012176925489937e-05,0.0,2.012176925489937e-05,1.0236802736028436,-0.1760537791077721
2020-06-04,model1,-0.0011142330287657654,0.0,-0.0011142330287657654,1.0225396552310992,-0.1769718472010171
2020-06-05,model1,0.0011796965393715553,0.0008,0.00037969653937155524,1.0229279099995607,-0.1766593462595939
2020-06-08,model1,-0.0025528297729783935,0.0,-0.0025528297729783935,1.0203165491753032,-0.17876119479376595
2020-06-09,model1,-5.686265429227788e-05,0.0,-5.686265429227788e-05,1.0202585312680987,-0.17880789261203778
2020-06-10,model1,0.0030554056121753,0.0008,0.0022554056121753,1.0225596280853906,-0.1769557713243609
2020-06-11,model1,-0.0025336859172331305,0.0,-0.0025336859172331305,1.0199687831561794,-0.17904110689581643
2020-06-12,model1,0.0008865069548755324,0.0,0.0008865069548755324,1.0208729925762035,-0.1783133211274125
2020-06-15,model1,-0.006251228700523947,0.0008,-0.0070512287005239475,1.0136745836313603,-0.18410722182031714
2020-06-16,model1,0.0017972066311632943,0.0,0.0017972066311632943,1.0154963663149044,-0.18264089390905436
2020-06-17,model1,0.002520308544082717,0.0,0.002520308544082717,1.0180557304834128,-0.18058089677038947
2020-06-18,model1,-0.0011572431779363068,0.0,-0.0011572431779363068,1.016877592434552,-0.18152916393747265
2020-06-19,model1,-0.00144071177238061,0.0008,-0.00224071177238061,1.0145990628421138,-0.18336312117518816
2020-06-22,model1,-0.0003371223639953236,0.0,-0.0003371223639953236,1.014257018807541,-0.18363842773030326
2020-06-23,model1,-0.0009224839634767612,0.0,-0.0009224839634767612,1.0133213829728474,-0.18439150818912076
2020-06-24,model1,0.003520215393893267,0.0,0.003520215393893267,1.0168884925041497,-0.1815203906208579
2020-06-29,model1,-0.0006032186390762197,0.0,-0.0006032186390762197,1.016275086411609,-0.18201411277693924
2020-06-30,model1,-0.004810412464133229,0.0,-0.004810412464133229,1.0113863840689465,-0.18594896228432223
2020-07-01,model1,0.008024550815440713,0.0008,0.007224550815440713,1.0186931963946975,-0.1800678091959831
2020-07-02,model1,-0.003533291105354941,0.0,-0.003533291105354941,1.0150938567847905,-0.18296486831274505
2020-07-03,model1,-0.004613467656456828,0.0,-0.004613467656456828,1.0104107541082459,-0.18673423346697315
2020-07-06,model1,-0.010804222094958505,0.0008,-0.011604222094958505,0.9986857233104393,-0.19617155004404907
2020-07-07,model1,-0.004186546902344013,0.0,-0.004186546902344013,0.9945046786890988,-0.19953681555122815
2020-07-08,model1,-0.004042829537045911,0.0008,-0.004842829537045911,0.9896884620564128,-0.2034133223041945
2020-07-09,model1,0.008282335944848108,0.0,0.008282335944848108,0.9978853943799041,-0.19681572383032742
2020-07-10,model1,0.00945264884245094,0.0,0.00945264884245094,1.0073180545979878,-0.18922350491191742
2020-07-13,model1,0.008790341394846468,0.0,0.008790341394846468,1.0161727241910967,-0.1820965027251762
2020-07-14,model1,-0.00035608885662394806,0.0008,-0.001156088856623948,1.0149979382282541,-0.18304207184416943
2020-07-15,model1,0.005829407053066583,0.0,0.005829407053066583,1.02091477436821,-0.178279691535719
2020-07-16,model1,0.0008943398386755536,0.0,0.0008943398386755536,1.02182781912282,-0.1775447943276106
2020-07-17,model1,0.0014625267841594791,0.0,0.0014625267841594791,1.0233222696770865,-0.17634193156054334
2020-07-20,model1,0.001319937250004788,0.0008,0.0005199372500047879,1.0238543330438512,-0.17591368104949456
2020-07-21,model1,0.0023702646885846333,0.0008,0.0015702646885846334,1.0254620553492844,-0.1746196474025009
2020-07-22,model1,-0.002942890139429899,0.0,-0.002942890139429899,1.0224442331782373,-0.17704865110343937
2020-07-23,model1,-0.000844663498615672,0.0008,-0.001644663498615672,1.020762656468559,-0.17840212914810594
2020-07-24,model1,-0.004982767514235941,0.0,-0.004982767514235941,1.0156764334641621,-0.18249596032875237
2020-07-27,model1,0.0003127077394015742,0.0,0.0003127077394015742,1.0159940433456343,-0.18224032048855499
2020-07-28,model1,0.0010038597048659171,0.0,0.0010038597048659171,1.0170139588261327,-0.1814194044980295
2020-07-29,model1,0.0035119575581370917,0.0,0.0035119575581370917,1.020585668685563,-0.178544584188712
2020-07-30,model1,0.0003096438341430919,0.0008,-0.0004903561658569081,1.0200852182101379,-0.17894738991683157
2020-07-31,model1,-0.0019860652973281217,0.0,-0.0019860652973281217,1.0180592623579332,-0.18057805401299853
2020-08-03,model1,-0.005825200842387179,0.0,-0.005825200842387179,1.0121288626852458,-0.1853513514230325
2020-08-04,model1,0.006281839294546421,0.0008,0.005481839294546421,1.0176771904558584,-0.18088557845001407
2020-08-05,model1,0.00688134372178122,0.0008,0.006081343721781219,1.0238660352488371,-0.17590426210510057
2020-08-06,model1,0.00013679117959379815,0.0,0.00013679117959379815,1.0240060910915447,-0.17579153307701578
2020-08-07,model1,0.001353147398555521,0.0,0.001353147398555521,1.0253917222698103,-0.17467625753413152
2020-08-10,model1,0.0005205425844554412,0.0,0.0005205425844554412,1.0259254823269999,-0.17424664138021584
2020-08-11,model1,0.004609664635908839,0.0,0.004609664635908839,1.0306546547419604,-0.17044019532500332
2020-08-12,model1,0.0027858908595105097,0.0,0.0027858908595105097,1.033525946123918,-0.16812913224774195
2020-08-13,model1,-0.002457818471202611,0.0,-0.002457818471202611,1.0309857269630673,-0.1701737198321588
2020-08-14,model1,0.0014299698692836317,0.0,0.0014299698692836317,1.032460005488286,-0.16898709325477912
2020-08-17,model1,0.0024653014272631776,0.0008,0.0016653014272631776,1.0341793626090179,-0.16760320627510206
2020-08-18,model1,0.0028401721655382686,0.0,0.0028401721655382686,1.037116610048874,-0.1652390560708814
2020-08-19,model1,-0.0001655489078324912,0.0,-0.0001655489078324912,1.0369449165267854,-0.16537724983345015
2020-08-20,model1,0.0008657414343976383,0.0,0.0008657414343976383,1.0378426427062106,-0.16465468233654013
2020-08-21,model1,0.0005685025480246966,0.0,0.0005685025480246966,1.0384326588930377,-0.164179786394968
2020-08-24,model1,0.0010063509104841551,0.0,0.0010063509104841551,1.039477686544791,-0.16333865796200564
2020-08-25,model1,-0.0036471968571498703,0.0,-0.0036471968571498703,1.0356865067933474,-0.1663901265791855
2020-08-26,model1,-0.0036355627836427646,0.0,-0.0036355627836427646,1.0319212034737286,-0.16942076761107128
2020-08-27,model1,0.0016696255759069522,0.0,0.0016696255759069522,1.0336441255073692,-0.16803401128185746
2020-08-28,model1,-0.002603627539433973,0.0008,-0.003403627539433973,1.030125985895818,-0.17086571363293102
2020-08-31,model1,-0.001553755676664448,0.0,-0.001553755676664448,1.0285254217975528,-0.17215398573709095
2020-09-01,model1,-0.0011802372805584053,0.0,-0.0011802372805584053,1.0273115177507453,-0.17313104046568573
2020-09-02,model1,-0.0013520517224147267,0.0,-0.0013520517224147267,1.025922539443714,-0.1742490100666354
2020-09-03,model1,0.0017526255437768422,0.0008,0.0009526255437768422,1.0268998594607244,-0.1734623785808258
2020-09-04,model1,0.00040104309784574346,0.0,0.00040104309784574346,1.02731169056154,-0.17313090137264575
2020-09-07,model1,-0.0017039165271961034,0.0008,-0.0025039165271961033,1.0247393878409612,-0.17520131257452654
2020-09-08,model1,0.0016284792196074702,0.0,0.0016284792196074702,1.0264081546395736,-0.1738581450516945
2020-09-09,model1,0.004190247815502614,0.0,0.004190247815502614,1.0307090591673662,-0.1703964059487021
2020-09-10,model1,0.008371524619409643,0.0,0.008371524619409643,1.0393376654316344,-0.1634513590367509
2020-09-11,model1,-0.0024364855852125446,0.0,-0.0024364855852125446,1.0368053341916417,-0.16548959774178706
2020-09-14,model1,0.0010209868036161751,0.0008,0.00022098680361617507,1.037034454488417,-0.16530518195540755
2020-09-15,model1,-0.0005447947922665899,0.0,-0.0005447947922665899,1.0364694835182107,-0.16575991934541012
2020-09-16,model1,0.0005274936665811583,0.0008,-0.00027250633341884174,1.0361870390195567,-0.16598725505098022
2020-09-17,model1,-0.004580158538151036,0.0,-0.004580158538151036,1.0314411381056698,-0.1698071656456852
2020-09-18,model1,0.0037444987379215535,0.0,0.0037444987379215535,1.035303368145547,-0.16669850962521393
2020-09-21,model1,-0.0028701958674150155,0.0008,-0.0036701958674150155,1.0315036020022583,-0.16975688931149824
2020-09-22,model1,-0.00045683379976844095,0.0,-0.00045683379976844095,1.0310323762922808,-0.1701361724264856
2020-09-23,model1,0.0014614786505775966,0.0008,0.0006614786505775965,1.0317143821972525,-0.16958723522165908
2020-09-24,model1,0.002260573076427219,0.0008,0.0014605730764272189,1.0332212764464526,-0.16837435669510237
2020-09-25,model1,-0.0018709027061018179,0.0,-0.0018709027061018179,1.031288219964347,-0.1699302473616251
2020-09-28,model1,-0.006313537838362793,0.0,-0.006313537838362793,1.0247771427653443,-0.17517092415338797
2020-09-29,model1,0.004386091187181274,0.0008,0.003586091187181274,1.0284520870458398,-0.17221301187356364
2020-09-30,model1,0.0012300569297233111,0.0,0.0012300569297233111,1.029717141662399,-0.1711947867524839
2020-10-09,model1,-0.003951570275246752,0.0,-0.003951570275246752,1.0256481420134937,-0.17446986879712234
2020-10-12,model1,0.0007687378736365609,0.0008,-3.1262126363439135e-05,1.0256160780716737,-0.1744956766244008
2020-10-13,model1,0.0007422287949683248,0.0,0.0007422287949683248,1.0263773198574009,-0.1738829635452207
2020-10-14,model1,-0.0005724694417635679,0.0008,-0.0013724694417635679,1.0249686483501774,-0.17501678393307507
2020-10-15,model1,0.0031965223846922796,0.0,0.0031965223846922796,1.0282449835782366,-0.17237970661592172
2020-10-16,model1,0.0029819169628571896,0.0,0.0029819169628571896,1.0313111247367412,-0.16991181162427493
2020-10-19,model1,0.0013175683366383859,0.0,0.0013175683366383859,1.0326699476199173,-0.1688181137106537
2020-10-20,model1,-0.0029794527871637834,0.0,-0.0029794527871637834,1.0295931562662608,-0.17129458089839855
2020-10-21,model1,0.0062079233935506736,0.0008,0.005407923393550673,1.0351611171818729,-0.1668130054760767
2020-10-22,model1,-0.0011354931454511164,0.0,-0.0011354931454511164,1.0339856988288754,-0.16775908359723757
2020-10-23,model1,-0.0038566405050654232,0.0,-0.0038566405050654232,1.0299979877011136,-0.1709687376254092
2020-10-26,model1,0.005080383070323747,0.0008,0.004280383070323746,1.034406773650137,-0.16742016624517186
2020-10-27,model1,-0.001733114506081668,0.0,-0.001733114506081668,1.0326140282655347,-0.16886312243252344
2020-10-28,model1,0.0007392342871892946,0.0008,-6.0765712810705486e-05,1.0325512807380488,-0.16891362705733215
2020-10-29,model1,-0.0007643185293407128,0.0,-0.0007643185293407128,1.0317620826616862,-0.16954884177165475
2020-10-30,model1,-0.003889108530943019,0.0,-0.003889108530943019,1.0277494479441032,-0.1727785564556521
2020-11-02,model1,0.0038370808032619054,0.0,0.0038370808032619054,1.0316930056213724,-0.1696044409345816
2020-11-03,model1,0.0013299281635892335,0.0008,0.0005299281635892335,1.0322397288012293,-0.1691643909409133
2020-11-04,model1,0.003475486215906809,0.0,0.003475486215906809,1.0358272637501893,-0.16627683323394393
2020-11-05,model1,-0.0030806271336749624,0.0,-0.0030806271336749624,1.0326362661756803,-0.16884522344345687
2020-11-06,model1,0.0019620139582003926,0.0008,0.0011620139582003927,1.0338362039307205,-0.16787940999167306
2020-11-09,model1,0.000598887534114567,0.0008,-0.00020111246588543302,1.0336282865824264,-0.1680467598154436
2020-11-10,model1,0.002775322544382686,0.0,0.002775322544382686,1.0364969384686904,-0.16573782123208713
2020-11-11,model1,0.0043506321818982405,0.0,0.0043506321818982405,1.0410063554056312,-0.16210825334899892
2020-11-12,model1,-0.0029543689527569586,0.0008,-0.0037543689527569585,1.0370980334652737,-0.16525400810839663
2020-11-13,model1,0.006411931611157185,0.0,0.006411931611157185,1.0437478351299188,-0.1599016738957001
2020-11-16,model1,0.00045013708513783664,0.0,0.00045013708513783664,1.044217664738043,-0.1595235144839584
2020-11-17,model1,-0.0034144694017868463,0.0,-0.0034144694017868463,1.0406522154729896,-0.16239329572667427
2020-11-18,model1,-0.0006626876356275347,0.0,-0.0006626876356275347,1.0399625881168073,-0.1629483673331149
2020-11-19,model1,-0.0014864941225554598,0.0008,-0.0022864941225554597,1.0375847197714008,-0.16486228097148314
2020-11-20,model1,-0.0037075870185170777,0.0,-0.0037075870185170777,1.0337377841337647,-0.16795862673722717
2020-11-23,model1,0.0036743220524918744,0.0,0.0036743220524918744,1.0375360696705016,-0.16490143877086205
2020-11-24,model1,-0.003261520554569719,0.0,-0.003261520554569719,1.0341521244531637,-0.1676251298934025
2020-11-25,model1,0.005104522756250285,0.0008,0.0043045227562502845,1.038603655806297,-0.16404215332329775
2020-11-26,model1,-0.003987779553199334,0.0008,-0.004787779553199334,1.0336310504591495,-0.16804453520895302
2020-11-27,model1,0.0050503011337932335,0.0,0.0050503011337932335,1.0388511985252071,-0.16384290958185332
2020-11-30,model1,-0.0014117813233121002,0.0,-0.0014117813233121002,1.0373845678054288,-0.16502338054546073
2020-12-01,model1,0.003066283883889743,0.0,0.003066283883889743,1.0405654833870865,-0.16246310519380258
2020-12-02,model1,-0.0014967859434459108,0.0008,-0.0022967859434459108,1.038175527211608,-0.1643867481609108
2020-12-03,model1,0.0013287561262832705,0.0,0.0013287561262832705,1.039555009303548,-0.16327642193332603
2020-12-04,model1,0.0009491067551286924,0.0,0.0009491067551286924,1.0405416579852058,-0.16248228193320746
2020-12-07,model1,0.0010885200824091168,0.0,0.0010885200824091168,1.0416743084765059,-0.1615706270777184
2020-12-08,model1,0.0011762522406387089,0.0,0.0011762522406387089,1.0428995802158672,-0.16058442264920125
2020-12-09,model1,-0.003760002289111553,0.0,-0.003760002289111553,1.038978275406942,-0.16374062714155613
2020-12-10,model1,0.0019111960959399266,0.0,0.0019111960959399266,1.0409639666306663,-0.16214237149295585
2020-12-11,model1,-0.003398825225646985,0.0,-0.003398825225646985,1.0374259120418925,-0.1649901031362263
2020-12-14,model1,-0.001462654587678358,0.0008,-0.002262654587678358,1.0350785755426344,-0.16687944211012207
2020-12-15,model1,-0.0002970513430196498,0.0,-0.0002970513430196498,1.0347711040616385,-0.1671269216907405
2020-12-16,model1,0.00383604854414541,0.0,0.00383604854414541,1.0387405362488977,-0.16393198013123456
2020-12-17,model1,0.0014999745128103648,0.0,0.0014999745128103648,1.0402986205786942,-0.16267789941045552
2020-12-18,model1,-0.002490437128950518,0.0,-0.002490437128950518,1.037707822268809,-0.16476319745865453
2020-12-21,model1,-0.005152910065424532,0.0,-0.005152910065424532,1.0323606071864704,-0.16906709758548266
2020-12-22,model1,0.003453094282491076,0.0008,0.002653094282491076,1.0350995572108659,-0.16686255425295304
2020-12-23,model1,0.0009532615126229163,0.0,0.0009532615126229163,1.036086277780488,-0.16606835639119744
2020-12-24,model1,-0.005884341965294039,0.0008,-0.006684341965294039,1.0291607227942547,-0.17164264067275825
2020-12-25,model1,-0.002062381271242409,0.0,-0.002062381271242409,1.0270382009944656,-0.17335102937653046
2020-12-28,model1,0.0034597730860514986,0.0,0.0034597730860514986,1.030591520120613,-0.17049101151635526
2020-12-29,model1,0.0021224669892852435,0.0,0.0021224669892852435,1.0327789166015062,-0.16873040607098344
2020-12-30,model1,0.001979939125063268,0.0008,0.001179939125063268,1.0339975328527449,-0.16774955855363105
2020-12-31,model1,-0.00119906145461286,0.0,-0.00119906145461286,1.0327577062669364,-0.16874747797855383
2021-01-04,model1,0.006967951289110897,0.0,0.006967951289110897,1.0399539116576584,-0.16295535089615776
2021-01-05,model1,-0.0008784188577267036,0.0008,-0.0016784188577267036,1.0382084334011656,-0.1643602624199728
2021-01-06,model1,0.006495352101964569,0.0,0.006495352101964569,1.0449519627313353,-0.15893248809399718
2021-01-07,model1,0.007034395207668354,0.0,0.007034395207668354,1.0523025678102162,-0.1530160868189201
2021-01-08,model1,-0.003266376814046401,0.0,-0.003266376814046401,1.0488653511013595,-0.15578265543480507
2021-01-11,model1,0.0049889929967463775,0.0008,0.004188992996746377,1.053259040711653,-0.15224623489068956
2021-01-12,model1,-0.008283908867660016,0.0,-0.008283908867660016,1.0445339388043586,-0.15926894982307083
2021-01-13,model1,0.0005371010068272678,0.0,0.0005371010068272678,1.0450949590345557,-0.15881739232954983
2021-01-14,model1,0.00289230688988118,0.0008,0.00209230688988118,1.0472816184179239,-0.15705738016387272
2021-01-15,model1,0.0020946210825355306,0.0,0.0020946210825355306,1.049475276575214,-0.15529173478099623
2021-01-18,model1,-0.0027472688611076103,0.0008,-0.0035472688611076103,1.0457525056061165,-0.15828814210692776
2021-01-19,model1,0.0018908243210683743,0.0,0.0018908243210683743,1.0477298398775348,-0.15669661285469183
2021-01-20,model1,0.0030208829263447257,0.0,0.0030208829263447257,1.0508949090622428,-0.1541490920507358
2021-01-21,model1,0.0016173362903443515,0.0,0.0016173362903443515,1.0525945595360073,-0.1527810666810887
2021-01-22,model1,0.0013050842757833083,0.0,0.0013050842757833083,1.0539682841444329,-0.15167537457306823
2021-01-25,model1,-0.004929485613970908,0.0,-0.004929485613970908,1.0487727626501613,-0.15585717861008763
2021-01-26,model1,0.0019446058329456234,0.0,0.0019446058329456234,1.0508122122818453,-0.1542156535557736
2021-01-27,model1,0.0009595311116465944,0.0008,0.0001595311116465944,1.0509798495222025,-0.1540807246387721
2021-01-28,model1,-9.758557767636233e-06,0.0,-9.758557767636233e-06,1.0509695934746284,-0.1540889795908873
2021-01-29,model1,0.001922471375466772,0.0,0.001922471375466772,1.0529900524345694,-0.15246273986795877
2021-02-01,model1,0.0005969493448334975,0.0,0.0005969493448334975,1.0536186341564864,-0.15195680305580106
2021-02-02,model1,-0.0011685033349687402,0.0008,-0.00196850333496874,1.051544582361364,-0.15362617891718333
2021-02-03,model1,-0.003887452992670593,0.0,-0.003887452992670593,1.047456752227737,-0.1569164173608697
2021-02-04,model1,-0.007152781541025633,0.0008,-0.007952781541025633,1.0391265575035975,-0.16362127691442396
2021-02-05,model1,0.009738997418061102,0.0,0.009738997418061102,1.0492466083641636,-0.15547578668977236
2021-02-08,model1,-0.00016333967925010774,0.0,-0.00016333967925010774,1.0490752247596993,-0.1556137310038933
2021-02-09,model1,-0.0021104691007108652,0.0,-0.0021104691007108652,1.0468611839135227,-0.1573957821336741
2021-02-10,model1,0.0034928871919589705,0.0008,0.0026928871919589706,1.0496802629874424,-0.15512674402749127
2021-02-18,model1,0.0068894231044061005,0.0,0.0068894231044061005,1.0569119544435073,-0.14930605469749936
2021-02-19,model1,0.005365134804178418,0.0,0.005365134804178418,1.0625824295552442,-0.14474196700385322
2021-02-22,model1,0.010440816112882879,0.0,0.010440816112882879,1.0736766573070107,-0.13581237515227462
2021-02-23,model1,-0.003184940285304405,0.0,-0.003184940285304405,1.0702570612677627,-0.13856476113271365
2021-02-24,model1,0.0037334922701424585,0.0,0.0037334922701424585,1.0742528577330712,-0.13534859932717436
2021-02-25,model1,-0.007054944067258351,0.0008,-0.00785494406725835,1.0658146616214854,-0.142140387717136
2021-02-26,model1,-0.0014847493168381309,0.0,-0.0014847493168381309,1.0642321940307669,-0.14341409419041606
2021-03-01,model1,-0.004497134603581099,0.0,-0.004497134603581099,1.059446198604746,-0.1472662763083722
2021-03-02,model1,-0.0038990488255556954,0.0,-0.0038990488255556954,1.0553153661483368,-0.15059112673224373
2021-03-03,model1,0.004925487939647599,0.0008,0.004125487939647599,1.0596690569639065,-0.14708690066974806
2021-03-04,model1,0.0038696031927003115,0.0,0.0038696031927003115,1.0637695557299398,-0.14378646541748374
2021-03-05,model1,0.0022488409545426526,0.0008,0.0014488409545426527,1.065310788628477,-0.1425459481827469
2021-03-08,model1,-0.0033098457871794107,0.0,-0.0033098457871794107,1.0617847742026982,-0.14538398886385406
2021-03-09,model1,0.0023447536640758947,0.0008,0.0015447536640758948,1.0634249701231078,-0.14406381764927367
2021-03-10,model1,-0.005553292554265222,0.0,-0.005553292554265222,1.0575194601545035,-0.14881708167764807
2021-03-11,model1,-0.0005594201939248759,0.0,-0.0005594201939248759,1.0569278624130245,-0.1492932505908815
2021-03-12,model1,-0.00025221684807466007,0.0008,-0.0010522168480746601,1.055815745108994,-0.1501883785653806
2021-03-15,model1,-0.004116353152718143,0.0,-0.004116353152718143,1.051469634637925,-0.15368650331248956
2021-03-16,model1,0.0022361372430141024,0.0,0.0022361372430141024,1.0538208650478376,-0.15179403018328097
2021-03-17,model1,-0.002870243009076301,0.0008,-0.003670243009076301,1.049953086385077,-0.15490715221425755
2021-03-18,model1,0.0014706912446682096,0.0,0.0014706912446682096,1.051497243196536,-0.15366428156208733
2021-03-19,model1,0.006094258232190431,0.0,0.006094258232190431,1.0579053389270119,-0.1485064931428004
2021-03-22,model1,0.003378486152359628,0.0,0.003378486152359628,1.061479457465084,-0.14562973412105917
2021-03-23,model1,-0.002994438819774459,0.0,-0.002994438819774459,1.0583009221712576,-0.14818809361166807
2021-03-24,model1,0.0007959771943172548,0.0008,-4.0228056827452474e-06,1.0582966648322938,-0.1481915202854457
2021-03-25,model1,-0.0012182641701895757,0.0,-0.0012182641701895757,1.0570073799240975,-0.14922924803614557
2021-03-26,model1,0.0014732403475889557,0.0,0.0014732403475889557,1.058564605843901,-0.1479758582378038
2021-03-29,model1,0.00070319005299746,0.0008,-9.680994700254008e-05,1.0584621262605105,-0.14805834264981266
2021-03-30,model1,-0.0028444638534494975,0.0008,-0.0036444638534494974,1.0546045993011088,-0.15116321322527326
2021-03-31,model1,-0.002560575696361367,0.0,-0.002560575696361367,1.0519042043948674,-0.1533367240716662
2021-04-01,model1,0.0012076253314093678,0.0,0.0012076253314093678,1.0531745105583106,-0.15231427205248116
2021-04-02,model1,0.0028618538956981967,0.0,0.0028618538956981967,1.0561885421342019,-0.14988831934962688
2021-04-06,model1,-0.0034817199893987906,0.0008,-0.004281719989398791,1.051666238540772,-0.1535282595258889
2021-04-07,model1,0.004346684671653511,0.0,0.004346684671653511,1.0562375000595328,-0.14984891378658205
2021-04-08,model1,-0.0010908639248288663,0.0,-0.0010908639248288663,1.0550852886746664,-0.1507763129371863
2021-04-09,model1,0.0052430569250715205,0.0008,0.00444305692507152,1.0597730926730535,-0.14700316375344713
2021-04-12,model1,0.002654106906548481,0.0,0.002654106906548481,1.0625858437576914,-0.14473921895910113
2021-04-13,model1,-0.0007264587048021909,0.0,-0.0007264587048021909,1.061813919021894,-0.14536053059836418
2021-04-14,model1,-0.0034521772619307,0.0008,-0.0042521772619307,1.0572988980190277,-0.14899460911730233
2021-04-15,model1,0.004296700866680059,0.0,0.004296700866680059,1.061841795110486,-0.1453380935167472
2021-04-16,model1,0.002086955685497216,0.0,0.002086955685497216,1.0640578118818904,-0.14355445199183403
2021-04-19,model1,-0.002168748288676081,0.0,-0.002168748288676081,1.0617501383233192,-0.1454118668084209
2021-04-20,model1,0.000576674018474943,0.0,0.000576674018474943,1.0623624220422025,-0.14491904803551225
2021-04-21,model1,-0.00119609126788931,0.0008,-0.00199609126788931,1.0602418496882304,-0.14662586765706698
2021-04-22,model1,-0.0048320936338738015,0.0,-0.0048320936338738015,1.0551186617959853,-0.15074945136927387
2021-04-23,model1,0.003124297794955844,0.0008,0.002324297794955844,1.0575710717750144,-0.14877554019172645
2021-04-26,model1,0.0051526478749064795,0.0,0.0051526478749064795,1.0630203631105584,-0.14438948028782705
2021-04-27,model1,-0.0007709732315302808,0.0,-0.0007709732315302808,1.0622008028660286,-0.14504913309514078
2021-04-28,model1,0.0030723110727000963,0.0,0.0030723110727000963,1.0654642141541046,-0.14242245808013465
2021-04-29,model1,-0.004952747841013139,0.0,-0.004952747841013139,1.0601872385677762,-0.1466698233993795
2021-04-30,model1,0.00257618825489363,0.0008,0.0017761882548936302,1.0620703306889083,-0.14515414836215523
2021-05-06,model1,-0.004950648945313318,0.0,-0.004950648945313318,1.0568123933264348,-0.14938619007597154
2021-05-07,model1,-0.0022904748321278313,0.0,-0.0022904748321278313,1.0543917911372398,-0.15133449959946288
2021-05-10,model1,-0.002701118310158801,0.0008,-0.003501118310158801,1.050700240731208,-0.1543057779221153
2021-05-11,model1,-0.005671304793785348,0.0,-0.005671304793785348,1.0447413994191177,-0.15910196761786222
2021-05-12,model1,0.0022895867903756084,0.0008,0.0014895867903756085,1.046297632407051,-0.15784937701677293
2021-05-13,model1,0.000544042483006768,0.0,0.000544042483006768,1.04686686276895,-0.15739121130077938
2021-05-14,model1,0.005054732411431217,0.0,0.005054732411431217,1.0521584946306415,-0.15313204934638458
2021-05-17,model1,0.0010027103209619527,0.0,0.0010027103209619527,1.0532135048124955,-0.1522828861117722
2021-05-18,model1,-0.0015552489973854834,0.0,-0.0015552489973854834,1.051575495565103,-0.15360129730321337
2021-05-19,model1,-0.0020436762088004825,0.0,-0.0020436762088004825,1.049426415743059,-0.15533106219507442
2021-05-20,model1,0.003418488723043378,0.0008,0.002618488723043378,1.0521743269783461,-0.1531193061067272
2021-05-21,model1,0.0033358548550360464,0.0,0.0033358548550360464,1.055684227815341,-0.15029423503236705
2021-05-24,model1,-0.0008286762228209455,0.0,-0.0008286762228209455,1.0548094073969434,-0.15099836599618965
2021-05-25,model1,-0.011797881443498335,0.0,-0.011797881443498335,1.0423648910629875,-0.16101478661950297
2021-05-26,model1,-0.0012306292173635215,0.0,-0.0012306292173635215,1.0410821263728913,-0.16204726633602506
2021-05-27,model1,0.002603994616723071,0.0008,0.0018039946167230712,1.0429602329244345,-0.160535604115427
2021-05-28,model1,0.0004150321847096627,0.0,0.0004150321847096627,1.0433930949884704,-0.16018719937321702
2021-05-31,model1,-0.004640016285579129,0.0,-0.004640016285579129,1.038551734035463,-0.1640839444449631
2021-06-01,model1,-0.0005659264689809264,0.0008,-0.0013659264689809265,1.037133148732538,-0.16522574431109194
2021-06-02,model1,-0.0003389242815047045,0.0,-0.0003389242815047045,1.036781639125279,-0.16550866957591992
2021-06-03,model1,0.002629504955865736,0.0,0.002629504955865736,1.0395078615835096,-0.16331437048694275
2021-06-04,model1,-0.0008801992662766267,0.0,-0.0008801992662766267,1.038592887526455,-0.16405082056414444
2021-06-07,model1,0.0029834455122277337,0.0008,0.0021834455122277338,1.0408605985057564,-0.16222557107985458
2021-06-08,model1,-0.00011495522741138391,0.0,-0.00011495522741138391,1.0407409461389516,-0.16232187762985062
2021-06-09,model1,0.00031062615761552343,0.0,0.00031062615761552343,1.041064227500124,-0.16206167289338003
2021-06-10,model1,-0.002100866072709273,0.0008,-0.002900866072709273,1.0380442396030578,-0.16449241975750628
2021-06-11,model1,0.0010774039303994786,0.0,0.0010774039303994786,1.0391626325467347,-0.16359224060667443
2021-06-15,model1,0.001677879567924023,0.0,0.001677879567924023,1.040906222295635,-0.16218884911673537
2021-06-16,model1,-0.001041054186219137,0.0,-0.001041054186219137,1.0398225825154526,-0.16306105592262343
2021-06-17,model1,0.003576826072977513,0.0,0.003576826072977513,1.0435418470398647,-0.16006747088595707
2021-06-18,model1,0.0056178028093616834,0.0,0.0056178028093616834,1.0494042593598518,-0.15534889556422593
2021-06-21,model1,0.005670790885831023,0.0008,0.004870790885831023,1.054515688061894,-0.1512347766630331
2021-06-22,model1,0.0019546171921084547,0.0008,0.0011546171921084547,1.0557332500046783,-0.15025477774410445
2021-06-23,model1,0.0022104441058298013,0.0008,0.0014104441058298014,1.057222302744476,-0.14905625960391655
2021-06-24,model1,0.0035148501800370546,0.0,0.0035148501800370546,1.0609382807456167,-0.14606531984478388
2021-06-25,model1,0.0024010109122404094,0.0,0.0024010109122404094,1.0634856051349004,-0.14401501335939082
2021-06-28,model1,-0.00250190616889312,0.0,-0.00250190616889312,1.0608248639388844,-0.1461566074779468
2021-06-29,model1,-0.000622381774334135,0.0008,-0.001422381774334135,1.0593159659866571,-0.1473710987576059
2021-06-30,model1,0.0007004301959606886,0.0,0.0007004301959606886,1.0600579428762975,-0.14677389172922684
2021-07-01,model1,-0.009561430154666307,0.0,-0.009561430154666307,1.0499222728955866,-0.15493195356959555
2021-07-02,model1,0.010879877306254882,0.0008,0.010079877306254882,1.0605053605874784,-0.14641377134614064
2021-07-05,model1,-0.003586680818419419,0.0008,-0.0043866808184194195,1.0558532620643584,-0.15015818168224337
2021-07-06,model1,-0.0001476599381468713,0.0,-0.0001476599381468713,1.0556973548369897,-0.15028366927257086
2021-07-07,model1,0.0010122341874296836,0.0,0.0010122341874296836,1.0567659677911347,-0.1494235573529913
2021-07-08,model1,0.005057649070732006,0.0008,0.004257649070732006,1.0612653064318818,-0.14580210135236882
2021-07-09,model1,-0.0046951056058742065,0.0,-0.0046951056058742065,1.0562825537423337,-0.14981265069483518
2021-07-12,model1,-0.0031427737918670933,0.0008,-0.003942773791867094,1.052117870572632,-0.15316474709385264
2021-07-13,model1,0.0024742052602621635,0.0,0.0024742052602621635,1.0547210261424187,-0.15106950285653675
2021-07-14,model1,0.0025497966290280337,0.0,0.0025497966290280337,1.0574103502594416,-0.14890490273664114
2021-07-15,model1,-0.006661894543619163,0.0,-0.006661894543619163,1.0503659940166818,-0.15457480852120098
2021-07-16,model1,0.004433009577248281,0.0008,0.0036330095772482813,1.0541819837325603,-0.15150337070371156
2021-07-19,model1,0.0039029077719491046,0.0,0.0039029077719491046,1.0582963587899188,-0.14819176661475852
2021-07-20,model1,-0.0014808236405499556,0.0,-0.0014808236405499556,1.0567292085231148,-0.1494531443839704
2021-07-21,model1,-0.0036635736878034564,0.0,-0.0036635736878034564,1.052857803199636,-0.1525691854644493
2021-07-22,model1,-0.0019103115136883454,0.0,-0.0019103115136883454,1.0508465168159071,-0.15418804230651095
2021-07-23,model1,-0.0018357377641687656,0.0008,-0.0026357377641687656,1.0480767609671902,-0.1564173808247893
2021-07-26,model1,0.008647602295829903,0.0008,0.007847602295829903,1.0563016505627623,-0.1497972799258277
2021-07-27,model1,-0.003962374772864097,0.0008,-0.004762374772864097,1.0512711462295874,-0.1538462639117294
2021-07-28,model1,-0.009406230850679887,0.0,-0.009406230850679887,1.041382647141493,-0.16180538128854083
2021-07-29,model1,0.004698861817711642,0.0008,0.003898861817711642,1.0454428541820604,-0.15853737629383546
2021-07-30,model1,-0.006779549588992806,0.0,-0.006779549588992806,1.0383552225096748,-0.1642421138785355
2021-08-02,model1,0.0038127475895962876,0.0008,0.0030127475895962877,1.0414835247034355,-0.1617241863216371
2021-08-03,model1,-0.004838703116965349,0.0,-0.004838703116965349,1.036444095126185,-0.16578035411415915
2021-08-04,model1,0.005616843376363968,0.0008,0.004816843376363967,1.0414364840007653,-0.16176204873844113
2021-08-05,model1,0.00041512155526022285,0.0,0.00041512155526022285,1.0418688067337083,-0.16141407809643538
2021-08-06,model1,-0.005489126057352323,0.0,-0.005489126057352323,1.0361498575183237,-0.16601718193168513
2021-08-09,model1,0.0026016860161554695,0.0008,0.0018016860161554696,1.0380166742272559,-0.16451460675065754
2021-08-10,model1,-0.004332525509679641,0.0008,-0.005132525509679641,1.0326890271673117,-0.16880275684447443
2021-08-11,model1,-0.0062656456476875904,0.0,-0.0062656456476875904,1.0262185636588261,-0.17401074423342178
2021-08-12,model1,-0.005696293623647453,0.0,-0.005696293623647453,1.0203729213981878,-0.17871582156424615
2021-08-13,model1,-0.0006702339788823952,0.0008,-0.0014702339788823953,1.0188727344580166,-0.17992330146970104
2021-08-16,model1,-0.0026488030216495154,0.0,-0.0026488030216495154,1.016173941280308,-0.18209552310675237
2021-08-17,model1,6.304922133524259e-05,0.0,6.304922133524259e-05,1.0162380102560467,-0.18204395486635783
2021-08-18,model1,-0.0024612260832673092,0.0008,-0.003261226083267309,1.012923828350192,-0.18471149445571378
2021-08-19,model1,-0.006137803426465993,0.0008,-0.006937803426465994,1.005896361943115,-0.19036780584303725
2021-08-20,model1,0.007554451718807931,0.0,0.007554451718807931,1.0134953574435388,-0.18425147852228596
2021-08-23,model1,0.0025107760597827605,0.0,0.0025107760597827605,1.016040017323709,-0.18220331666375655
2021-08-24,model1,-0.0024079259570987336,0.0,-0.0024079259570987336,1.0135934681925443,-0.18417251052519112
2021-08-25,model1,0.0019807312171643333,0.0,0.0019807312171643333,1.015601124416507,-0.18255657554896754
2021-08-26,model1,0.007074104539454452,0.0008,0.0062741045394544516,1.0219731120414839,-0.17742785004887196
2021-08-27,model1,0.000988748316376764,0.0008,0.00018874831637676396,1.022166007745764,-0.17727259094047043
2021-08-30,model1,0.003930944291561067,0.0008,0.0031309442915610675,1.0253663525727432,-0.1746966772555647
2021-08-31,model1,-0.003585519670517323,0.0,-0.003585519670517323,1.021689881346107,-0.17765581855340817
2021-09-01,model1,0.01221127833350515,0.0,0.01221127833350515,1.0341660208577501,-0.16761394486782544
2021-09-02,model1,-0.006073957691811494,0.0,-0.006073957691811494,1.027884540200751,-0.17266982254995222
2021-09-03,model1,0.0026598448559418397,0.0,0.0026598448559418397,1.030618553607506,-0.17046925263329626
2021-09-06,model1,0.00023222297458715992,0.0008,-0.0005677770254128401,1.0300333920708036,-0.17094024113352457
2021-09-07,model1,0.00321436977724634,0.0008,0.00241436977724634,1.032520273562174,-0.1689385843081862
2021-09-08,model1,-0.006691625703287541,0.0,-0.006691625703287541,1.0256110343604399,-0.17449973623844006
2021-09-09,model1,-0.005009994031146725,0.0008,-0.005809994031146726,1.0196522403725274,-0.17929588784360473
2021-09-10,model1,-0.006511107945693384,0.0,-0.006511107945693384,1.0130131745683937,-0.18463958090932964
2021-09-13,model1,0.0034249014733795935,0.0,0.0034249014733795935,1.016482644882526,-0.18184705180865057
2021-09-14,model1,0.0018166363393787854,0.0008,0.0010166363393787855,1.0175160380776616,-0.18101528779034914
2021-09-15,model1,-0.0071117501237388135,0.0,-0.0071117501237388135,1.0102797182679566,-0.18683970241874637
2021-09-16,model1,0.00536494520042754,0.0008,0.00456494520042754,1.0148915898189532,-0.18312767022112453
2021-09-17,model1,-0.007021092809131169,0.0,-0.007021092809131169,1.0077659417756277,-0.18886300666171318
2021-09-22,model1,0.008147984946820319,0.0,0.008147984946820319,1.0159772034991337,-0.18225387465018372
2021-09-23,model1,0.0019385994810868115,0.0008,0.0011385994810868116,1.0171339946158338,-0.18132278933619972
2021-09-24,model1,0.008739741779353504,0.0,0.008739741779353504,1.0260234830837784,-0.1741677619143568
2021-09-27,model1,0.018347897499596755,0.0,0.018347897499596755,1.0448488567835787,-0.1590154766580989
2021-09-28,model1,-0.00018164587604285742,0.0,-0.00018164587604285742,1.0446590642976559,-0.15916823802857982
2021-09-29,model1,0.008997875781224664,0.0,0.008997875781224664,1.0540587767919365,-0.15160253828145287
2021-09-30,model1,-0.005608193316973199,0.0,-0.005608193316973199,1.048147411404235,-0.1563605152563997
2021-10-08,model1,0.008106853512071589,0.0,0.008106853512071589,1.0566445889275462,-0.14952125353658385
2021-10-11,model1,0.0025236934841148086,0.0008,0.0017236934841148087,1.0584659203205058,-0.14805528886292674
2021-10-12,model1,-0.005721925539134887,0.0,-0.005721925539134887,1.05240945713872,-0.15293005306351293
2021-10-13,model1,-0.0024050223401753004,0.0,-0.0024050223401753004,1.0498783888832897,-0.1549672752095862
2021-10-14,model1,0.004212988066725165,0.0,0.004212988066725165,1.0543015140071677,-0.15140716242405183
2021-10-15,model1,-0.0020491147145285105,0.0,-0.0020491147145285105,1.052141129261266,-0.1531460264941722
2021-10-18,model1,0.010418183191163478,0.0,0.010418183191163478,1.0631025282888673,-0.14432334666202384
2021-10-19,model1,-0.0003902428051632432,0.0,-0.0003902428051632432,1.0626876601760518,-0.14465726831953518
2021-10-20,model1,0.00011614940679081089,0.0008,-0.0006838505932091892,1.0619609405892443,-0.14524219495399193
2021-10-21,model1,0.0040474722872208884,0.0008,0.0032474722872208885,1.0654096293139188,-0.14246639266981942
2021-10-22,model1,-0.0088975101219801,0.0,-0.0088975101219801,1.0559301363530431,-0.15009630662097784
2021-10-25,model1,0.00513806890920594,0.0008,0.004338068909205939,1.0605108340478497,-0.1464093658329111
2021-10-26,model1,-0.0026015877739967498,0.0,-0.0026015877739967498,1.0577518220277997,-0.14863005679075836
2021-10-27,model1,-0.0021889658038985356,0.0,-0.0021889658038985356,1.0554364394603695,-0.15049367648291034
2021-10-28,model1,0.004657750822296692,0.0008,0.003857750822296692,1.0595080502525798,-0.14721649276481596
2021-10-29,model1,0.0007439238097187943,0.0,0.0007439238097187943,1.0602962435177514,-0.14658208680924822
2021-11-01,model1,0.004178836192394364,0.0,0.004178836192394364,1.0647270478348232,-0.14301579314636903
2021-11-02,model1,0.0004990046112651747,0.0,0.0004990046112651747,1.0652583515414316,-0.14258815407536762
2021-11-03,model1,0.005683270118994122,0.0,0.005683270118994122,1.071312502499756,-0.1377152509517524
2021-11-04,model1,-5.373758709863478e-05,0.0,-5.373758709863478e-05,1.0712549327508432,-0.1377615880535582
2021-11-05,model1,-0.003920562527245641,0.0,-0.003920562527245641,1.0670550108043733,-0.14114204766098715
2021-11-08,model1,0.002665158681149604,0.0,0.002665158681149604,1.0698988817296828,-0.13885305493343636
2021-11-09,model1,0.004283815803385105,0.0008,0.003483815803385105,1.073626212361877,-0.13585297759717652
2021-11-10,model1,-0.000980554968573344,0.0,-0.000980554968573344,1.072573462844955,-0.13670032125357134
2021-11-11,model1,0.004685893989271949,0.0008,0.003885893989271949,1.0767413696172767,-0.13334563022099033
2021-11-12,model1,0.003651082233997594,0.0008,0.002851082233997594,1.0798112478068027,-0.13087472734429706
2021-11-15,model1,0.003405507364440741,0.0,0.003405507364440741,1.0834885529634148,-0.1279149148276464
2021-11-16,model1,0.0030061699581838577,0.0,0.0030061699581838577,1.0867457037013695,-0.12529327884362107
2021-11-17,model1,-0.00498962106418257,0.0008,-0.005789621064182571,1.08045385788381,-0.13035749930141016
2021-11-18,model1,0.0032952184093115286,0.0,0.0032952184093115286,1.0840141893267206,-0.12749183732358838
2021-11-19,model1,-0.00017295210201782006,0.0,-0.00017295210201782006,1.0838267067940592,-0.12764273944435112
2021-11-22,model1,0.004847249730709091,0.0008,0.004047249730709091,1.0882132241412668,-0.12411209175648519
2021-11-23,model1,0.001147077695776222,0.0,0.001147077695776222,1.089461489258928,-0.12310738027293888
2021-11-24,model1,0.0012430669166497489,0.0,0.0012430669166497489,1.0908157627931896,-0.12201734406790199
2021-11-25,model1,-0.0004618680209790948,0.0,-0.0004618680209790948,1.0903119498755756,-0.12242285617965121
2021-11-26,model1,-0.003058684539137291,0.0,-0.003058684539137291,1.0869770295716545,-0.12510708782135482
2021-11-29,model1,-0.00015160617338283444,0.0008,-0.0009516061733828345,1.0859426555199887,-0.1259396413176329
2021-11-30,model1,0.004432486978789241,0.0,0.004432486978789241,1.0907560822002929,-0.12206538015909751
2021-12-01,model1,-0.000796628332607785,0.0,-0.000796628332607785,1.0898871550012479,-0.12276476775143996
2021-12-02,model1,-0.003671430018082989,0.0008,-0.004471430018082989,1.0850138008600523,-0.12668726370183614
2021-12-03,model1,-0.00014976055032249773,0.0,-0.00014976055032249773,1.084851308596128,-0.12681805149782777
2021-12-06,model1,0.004201270761633769,0.0,0.004201270761633769,1.0894090626796529,-0.12314957770799939
2021-12-07,model1,0.005123827609349041,0.0,0.005123827609349041,1.0949910069128859,-0.11865674730499032
2021-12-08,model1,0.0008335477778362412,0.0,0.0008335477778362412,1.0959037342334488,-0.11792210559519545
2021-12-09,model1,0.005765688630002508,0.0008,0.004965688630002508,1.101345650946109,-0.11354198142417293
2021-12-10,model1,3.306903017832321e-05,0.0,3.306903017832321e-05,1.101382071378677,-0.11351266711720476
2021-12-13,model1,0.0010558310947476278,0.0,0.0010558310947476278,1.1025449448168363,-0.1125766862260471
2021-12-14,model1,0.0002782846458337484,0.0,0.0002782846458337484,1.1028517661463204,-0.11232972994346901
2021-12-15,model1,0.0032234035319567145,0.0,0.0032234035319567145,1.1064067024245412,-0.10946841045975575
2021-12-16,model1,0.0022185085929655735,0.0,0.0022185085929655735,1.1088612752011848,-0.10749275847605333
2021-12-17,model1,0.0026390979738348365,0.0,0.0026390979738348365,1.1117876687458321,-0.10513734442331468
2021-12-20,model1,-0.003612427783705607,0.0,-0.003612427783705607,1.1077714160816734,-0.10836997114292046
2021-12-21,model1,0.002246423068398418,0.0008,0.001446423068398418,1.1093737222124063,-0.10708029690070486
2021-12-22,model1,-0.003006965155855657,0.0008,-0.0038069651558556568,1.1051503751071217,-0.11047961109738091
2021-12-23,model1,-0.0013630609523817227,0.0,-0.0013630609523817227,1.1036439877843032,-0.11169208160584143
2021-12-24,model1,-0.003556550093041189,0.0008,-0.004356550093041189,1.0988359074666372,-0.1155620395503707
2021-12-27,model1,-0.0011043775213224194,0.0,-0.0011043775213224194,1.0976223777908092,-0.11653879295289549
2021-12-28,model1,0.0023151712363647546,0.0,0.0023151712363647546,1.1001635615482608,-0.11449342897789594
2021-12-29,model1,-0.005474190117642408,0.0,-0.005474190117642408,1.094141057051843,-0.11934086029809243
2021-12-30,model1,-0.0009016291720974402,0.0008,-0.00170162917209744,1.0922792347107741,-0.1208394155808834
2021-12-31,model1,0.0011141643574663187,0.0,0.0011141643574663187,1.0934962133024895,-0.1198598861932344
2022-01-04,model1,0.0009839662454201204,0.0,0.0009839662454201204,1.0945721766658738,-0.11899385803000839
2022-01-05,model1,-0.005968147213008157,0.0,-0.005968147213008157,1.088039608780269,-0.12425183238084969
2022-01-06,model1,0.005798708313730395,0.0008,0.004998708313730394,1.093478401418347,-0.11987422273463766
2022-01-07,model1,0.004608289894944884,0.0008,0.0038082898949448837,1.097642684164809,-0.11652244863079741
2022-01-10,model1,-0.0007152032588297885,0.0008,-0.0015152032588297885,1.0959795323927317,-0.11786109669573508
2022-01-11,model1,0.0004591513713256834,0.0,0.0004591513713256834,1.0964827528979748,-0.11745606140858311
2022-01-12,model1,-0.0007493088116817151,0.0,-0.0007493088116817151,1.0956611487093715,-0.11811735935846579
2022-01-13,model1,-0.0009399684678661037,0.0,-0.0009399684678661037,1.0946312617781186,-0.11894630123302741
2022-01-14,model1,-0.004724260257750413,0.0008,-0.0055242602577504135,1.0885842338017866,-0.12381347116606978
2022-01-17,model1,0.003231001032731129,0.0,0.003231001032731129,1.0921014505854152,-0.12098251158654216
2022-01-18,model1,-0.004764790297200072,0.0,-0.004764790297200072,1.0868978161901077,-0.12517084558640368
2022-01-19,model1,-0.0024374632391707786,0.0008,-0.0032374632391707786,1.0833790244654573,-0.1280030728143725
2022-01-20,model1,0.009319424333794624,0.0,0.009319424333794624,1.0934754933087834,-0.11987656343216468
2022-01-21,model1,0.002693032108647042,0.0,0.002693032108647042,1.0964202579222826,-0.1175063627579147
2022-01-24,model1,-0.0012680911925957439,0.0,-0.0012680911925957439,1.0950298970498278,-0.11862544516682316
2022-01-25,model1,0.005410219459248645,0.0,0.005410219459248645,1.1009542491073059,-0.11385701539937809
2022-01-26,model1,9.100915114252945e-05,0.0008,-0.0007089908488574706,1.1001736826196782,-0.11448528266623903
2022-01-27,model1,-0.004800244081659599,0.0,-0.004800244081659599,1.0948925804108856,-0.11873596944734277
2022-01-28,model1,0.006826122991336492,0.0,0.006826122991336492,1.102366451827072,-0.11272035278694947
2022-02-07,model1,-0.0020494549790170073,0.0,-0.0020494549790170073,1.1001072014136737,-0.1145387924777107
2022-02-08,model1,0.003640645944081378,0.0,0.003640645944081378,1.1041123022345551,-0.11131514172390322
2022-02-09,model1,0.003022755430878998,0.0,0.003022755430878998,1.107449763692435,-0.10862886474220923
2022-02-10,model1,-0.0008555722939296296,0.0,-0.0008555722939296296,1.1065022603577008,-0.10939149718914443
2022-02-11,model1,-0.005302234382759874,0.0,-0.005302234382759874,1.1006353260282307,-0.11411371221432642
2022-02-14,model1,0.002027414373261527,0.0008,0.0012274143732615272,1.1019862616471172,-0.11302636265162291
2022-02-15,model1,-0.0018051940133974932,0.0,-0.0018051940133974932,1.0999969626447454,-0.11462752215180572
2022-02-16,model1,0.0013755450674103995,0.0,0.0013755450674103995,1.1015100580408779,-0.11340965240708067
2022-02-17,model1,0.0005864188980155838,0.0008,-0.00021358110198441626,1.1012747963088345,-0.1135990113505283
2022-02-18,model1,0.0009012027761710509,0.0008,0.00010120277617105082,1.1013862483755483,-0.11350930510967616
2022-02-21,model1,-0.0041490048924347715,0.0008,-0.004949004892434772,1.0959354824438774,-0.11789655189578618
2022-02-22,model1,0.0006139088425885838,0.0,0.0006139088425885838,1.0966082869274563,-0.11735502078891713
2022-02-23,model1,0.004026542792053167,0.0,0.004026542792053167,1.1010238271208899,-0.11380101300993284
2022-02-24,model1,0.0003742641768933906,0.0,0.0003742641768933906,1.1014359008972872,-0.11346934047550328
2022-02-25,model1,0.0011410811943004086,0.0008,0.0003410811943004086,1.1018115799698105,-0.11316696153936878
2022-02-28,model1,-0.001312067510489534,0.0008,-0.002112067510489534,1.099484479529075,-0.11504001278713027
2022-03-01,model1,-0.004621086420549059,0.0,-0.004621086420549059,1.0944036667311188,-0.11912948936676893
2022-03-02,model1,0.0024306559641464444,0.0008,0.0016306559641464445,1.0961882625974575,-0.11769309261496419
2022-03-03,model1,-0.00039412123832933683,0.0,-0.00039412123832933683,1.0957562315219604,-0.11804082850588937
2022-03-04,model1,-0.0012333376293887982,0.0,-0.0012333376293887982,1.0944047941289872,-0.11912858193967768
2022-03-07,model1,-0.00296405466325389,0.0008,-0.00376405466325389,1.0902853946601585,-0.12244423010855465
2022-03-08,model1,-0.008203009891025025,0.0,-0.008203009891025025,1.0813417727837211,-0.12964282876890032
2022-03-09,model1,-0.004187666482127606,0.0,-0.004187666482127606,1.0768134740861102,-0.13328759432234427
2022-03-10,model1,0.003319179032142206,0.0,0.003319179032142206,1.080387610790825,-0.1304108206785214
2022-03-11,model1,0.003387443974060034,0.0,0.003387443974060034,1.0840473632926475,-0.12746513605312104
2022-03-14,model1,0.0021175115005720897,0.0008,0.0013175115005720898,1.0854756081609505,-0.12631556133522093
2022-03-15,model1,0.0017813040104756733,0.0008,0.0009813040104756734,1.0865407897285122,-0.12545821129166912
2022-03-16,model1,-0.005656112123419901,0.0008,-0.006456112123419901,1.0795259605633558,-0.13110435113618624
2022-03-17,model1,-0.0002308764152030747,0.0,-0.0002308764152030747,1.0792767234794622,-0.13130495864878144
2022-03-18,model1,0.0008714092086480104,0.0,0.0008714092086480104,1.0802172151549816,-0.1305479697902412
2022-03-21,model1,-0.004582501035586529,0.0008,-0.005382501035586529,1.0744029448757515,-0.1352277962432381
2022-03-22,model1,-0.0012502822184135454,0.0,-0.0012502822184135454,1.0730596379783623,-0.1363090055525733
2022-03-23,model1,0.00034541397602323417,0.0,0.00034541397602323417,1.0734302877744266,-0.13601067461212568
2022-03-24,model1,-0.0016071018589044698,0.0,-0.0016071018589044698,1.07170517596354,-0.1373991934630301
2022-03-25,model1,0.0017166484274381937,0.0008,0.0009166484274381936,1.0726875528277644,-0.13660849179021106
2022-03-28,model1,-0.0014145276691712727,0.0,-0.0014145276691712727,1.071170206603914,-0.13782978296790127
2022-03-29,model1,0.0003771634565686633,0.0,0.0003771634565686633,1.07157421286161,-0.137504603868695
2022-03-30,model1,0.002337788078060666,0.0,0.002337788078060666,1.074079326281195,-0.1354882724142371
2022-03-31,model1,0.0010322274020150512,0.0008,0.00023222740201505113,1.0743287569326954,-0.13528750910172826
2022-04-01,model1,-0.0036272318377509553,0.0,-0.0036272318377509553,1.0704319174613377,-0.13842402177921542
2022-04-06,model1,0.0011597844035335038,0.0,0.0011597844035335038,1.071673387704254,-0.13742477939721576
2022-04-07,model1,-0.00459709286703811,0.0008,-0.005397092867038111,1.0658894669076806,-0.14208017796761496
2022-04-08,model1,0.0030086146436874906,0.0,0.0030086146436874906,1.0690963175663712,-0.13949902782793866
2022-04-11,model1,0.00166515429997891,0.0,0.00166515429997891,1.0708765278966583,-0.13806616093399038
2022-04-12,model1,0.00029283732261209394,0.0,0.00029283732261209394,1.0711901205119356,-0.13781375453628963
2022-04-13,model1,0.003735691734457625,0.0008,0.002935691734457625,1.0743348044947552,-0.13528264150191882
2022-04-14,model1,-0.0009904629659016175,0.0,-0.0009904629659016175,1.073270715657924,-0.13613911202148343
2022-04-15,model1,-0.003910099935898793,0.0,-0.003910099935898793,1.069074119901428,-0.13951689442419357
2022-04-18,model1,0.006064380862251229,0.0008,0.005264380862251229,1.0747021332385651,-0.13498698363090977
2022-04-19,model1,-0.004833782867073122,0.0,-0.004833782867073122,1.0695072564797097,-0.13916826872922994
2022-04-20,model1,0.005230258939089128,0.0008,0.004430258939089128,1.0742454505631498,-0.13535456125671586
2022-04-21,model1,-0.007900503238459856,0.0,-0.007900503238459856,1.0657583709020748,-0.14218569534562675
2022-04-22,model1,-0.0036800112303470023,0.0,-0.0036800112303470023,1.061836368128319,-0.14534246162030706
2022-04-25,model1,-0.007288078707046265,0.0008,-0.008088078707046266,1.053248152008893,-0.15225499905829243
2022-04-26,model1,0.009753916481494419,0.0,0.009753916481494419,1.063521446517876,-0.14398616512150264
2022-04-27,model1,-0.007532504344568914,0.0,-0.007532504344568914,1.0555104666014379,-0.15043409305173605
2022-04-28,model1,0.006489192626712903,0.0008,0.005689192626712903,1.0615154689654451,-0.14560074895801922
2022-04-29,model1,0.010293307881043656,0.0,0.010293307881043656,1.072441974507997,-0.13680615441371102
2022-05-05,model1,0.004807536822701542,0.0,0.004807536822701542,1.077597778790655,-0.1326563182159255
2022-05-06,model1,0.0029445320818699116,0.0,0.0029445320818699116,1.0807708000216558,-0.13010239691890513
2022-05-09,model1,0.00683919159846389,0.0,0.00683919159846389,1.088162398597029,-0.12415300054038902
2022-05-10,model1,0.0023687251963520955,0.0,0.0023687251963520955,1.0907399562883087,-0.12207835968461977
2022-05-11,model1,-8.700377543835111e-06,0.0,-8.700377543835111e-06,1.0907304664388868,-0.12208599793434438
2022-05-12,model1,0.00320828475721342,0.0008,0.00240828475721342,1.0933572559954399,-0.11997173102502545
2022-05-13,model1,0.00014948623602419877,0.0,0.00014948623602419877,1.0935206978562684,-0.11984017891150145
2022-05-16,model1,-0.0036560657842906073,0.0,-0.0036560657842906073,1.0895227142484225,-0.12305810111809046
2022-05-17,model1,0.0035979675692426666,0.0,0.0035979675692426666,1.0934427816402414,-0.11990289260580334
2022-05-18,model1,-0.00033063218314799414,0.0,-0.00033063218314799414,1.0930812542662003,-0.12019388103380335
2022-05-19,model1,-0.0029663393213040573,0.0008,-0.003766339321304057,1.088964339356877,-0.12350752941478971
2022-05-20,model1,-0.0029995973711904444,0.0,-0.0029995973711904444,1.085697884787222,-0.12613665392542528
2022-05-23,model1,0.006062178787808881,0.0,0.006062178787808881,1.092279579474348,-0.12083913808540836
2022-05-24,model1,-0.007803196249136014,0.0,-0.007803196249136014,1.083756307556786,-0.12769940282548753
2022-05-25,model1,0.005513392816763752,0.0008,0.0047133928167637515,1.0888644767519466,-0.12358790745670634
2022-05-26,model1,-0.004390599012488928,0.0008,-0.005190599012488928,1.0832126178741837,-0.12813701119879495
2022-05-27,model1,-0.003436296981912612,0.0,-0.003436296981912612,1.079490377624613,-0.13113299135585388
2022-05-30,model1,0.000683285915198617,0.0,0.000683285915198617,1.0802279781952364,-0.13053930676666647
2022-05-31,model1,0.0006084686625541739,0.0008,-0.00019153133744582616,1.0800210806858261,-0.13070583573609806
2022-06-01,model1,-0.001982081717137341,0.0,-0.001982081717137341,1.077880390647676,-0.1324288478058997
2022-06-02,model1,-0.004746539286874319,0.0,-0.004746539286874319,1.0727641890269153,-0.13654680836394784
2022-06-06,model1,-0.0021082581180388972,0.0008,-0.002908258118038897,1.0696443138654363,-0.13905795311807
2022-06-07,model1,-0.0030520063584321467,0.0,-0.0030520063584321467,1.0663797526182581,-0.14168555371939529
2022-06-08,model1,-0.0025455468364252282,0.0008,-0.003345546836425228,1.0628121292104582,-0.14455708489980745
2022-06-09,model1,0.004093364221747997,0.0,0.004093364221747997,1.067162606354608,-0.14105544547738857
2022-06-10,model1,-0.00279443981384846,0.0,-0.00279443981384846,1.0641804846795604,-0.14345571433843496
2022-06-13,model1,-0.007151671638949609,0.0,-0.007151671638949609,1.0565698152885539,-0.14958143781370514
2022-06-14,model1,0.002648757517049027,0.0008,0.0018487575170490272,1.0585231566768556,-0.14800922010422524
2022-06-15,model1,-0.0066532301341248445,0.0,-0.0066532301341248445,1.0514805585131841,-0.15367771083502446
2022-06-16,model1,0.0047072396083708504,0.0,0.0047072396083708504,1.0564301294456493,-0.14969386903401993
2022-06-17,model1,-0.00291936668410342,0.0,-0.00291936668410342,1.0533460225216627,-0.15217622442405088
2022-06-20,model1,0.0024293106206792815,0.0,0.0024293106206792815,1.0559049272014247,-0.15011659712157988
2022-06-21,model1,-0.0035870683572592826,0.0,-0.0035870683572592826,1.0521173240487862,-0.15316518698340498
2022-06-22,model1,-0.0015357376190255683,0.0008,-0.0023357376190255683,1.049659854035377,-0.15514317091326835
2022-06-23,model1,-0.0017966952936849792,0.0,-0.0017966952936849792,1.0477739351156616,-0.156661121201926
2022-06-24,model1,0.0009910086598295285,0.0,0.0009910086598295285,1.0488122881589048,-0.15582536506986622
2022-06-27,model1,0.0027915993659425103,0.0,0.0027915993659425103,1.0517401518775218,-0.15346876769425066
2022-06-28,model1,-0.002463724948225554,0.0,-0.002463724948225554,1.0491489534262906,-0.1555543878107345
2022-06-29,model1,0.00384564165945669,0.0,0.00384564165945669,1.0531836043485623,-0.15230695258535387
2022-06-30,model1,0.0015283943750414863,0.0,0.0015283943750414863,1.0547932842453345,-0.1510113432999236
2022-07-01,model1,-0.0007539646254801636,0.0,-0.0007539646254801636,1.0539980074218194,-0.15165145071450947
2022-07-04,model1,-0.0046140791050554245,0.0,-0.0046140791050554245,1.0491347772390043,-0.1555657980295717
2022-07-05,model1,0.0009683977573364366,0.0,0.0009683977573364366,1.0501507570044262,-0.1547480498421654
2022-07-06,model1,-0.0015463872577736295,0.0,-0.0015463872577736295,1.0485268172550533,-0.1560551366874977
2022-07-07,model1,-0.0031500778085974184,0.0008,-0.003950077808597419,1.0443850547424947,-0.1593887845637484
2022-07-08,model1,-0.0035576728203261525,0.0,-0.0035576728203261525,1.0406694744192824,-0.1623794042373673
2022-07-11,model1,0.0014890977023735543,0.0,0.0014890977023735543,1.0422191329425705,-0.16113210533275635
2022-07-12,model1,-0.0021573351500382646,0.0,-0.0021573351500382646,1.0399707169730312,-0.16294182452816042
2022-07-13,model1,0.002786705425868785,0.0,0.002786705425868785,1.0428688090127647,-0.16060918996880524
2022-07-14,model1,0.004772870378477867,0.0,0.004772870378477867,1.0478462866599403,-0.1566028864356407
2022-07-15,model1,0.001019404172171212,0.0,0.001019404172171212,1.0489144655363556,-0.15574312389927603
2022-07-18,model1,0.0019303189785246028,0.0,0.0019303189785246028,1.0509392050360296,-0.15411343882858874
2022-07-19,model1,0.0032913328744180073,0.0008,0.0024913328744180074,1.0535574444265505,-0.15200605383071408
2022-07-20,model1,-0.0035520928727008185,0.0,-0.0035520928727008185,1.049815110537222,-0.15501820708299552
2022-07-21,model1,-0.0012695641784061353,0.0,-0.0012695641784061353,1.0484823028789345,-0.1560909656986883
2022-07-22,model1,0.005319410417698523,0.0008,0.004519410417698522,1.053220824721338,-0.1522769944174771
2022-07-25,model1,-0.0021380781309261907,0.0008,-0.0029380781309261907,1.0501263796491882,-0.15476767084126208
2022-07-26,model1,-0.0024747733588931457,0.0,-0.0024747733588931457,1.0475275548613614,-0.1568594292915394
2022-07-27,model1,-0.0050028492207991,0.0,-0.0050028492207991,1.0422869324497577,-0.1610775344387323
2022-07-28,model1,-0.0014043478790402909,0.0008,-0.002204347879040291,1.0399893694608606,-0.16292681139637155
2022-07-29,model1,0.001514871464322276,0.0,0.001514871464322276,1.0415648196798555,-0.16165875310940658
2022-08-01,model1,0.004900113958055963,0.0,0.004900113958055963,1.0466686059909889,-0.1575507854639039
2022-08-02,model1,-0.0038454869860551355,0.0,-0.0038454869860551355,1.0426436554879381,-0.16079041295481478
2022-08-03,model1,-2.7318854881608345e-05,0.0,-2.7318854881608345e-05,1.0426151716572207,-0.1608133391997384
2022-08-04,model1,-0.0022323976864427665,0.0,-0.0022323976864427665,1.040287639960163,-0.16268673755980256
2022-08-05,model1,0.002407935680796847,0.0008,0.0016079356807968469,1.0419603555747468,-0.16134039168912073
2022-08-08,model1,-0.005253033918271166,0.0,-0.005253033918271166,1.0364869024854189,-0.16574589905746162
2022-08-09,model1,-0.0007426774823643179,0.0,-0.0007426774823643179,1.0357171270021774,-0.16636548079280178
2022-08-10,model1,-0.0035658299924384634,0.0008,-0.004365829992438464,1.031195362105429,-0.17000498737948855
2022-08-11,model1,-0.0007954115895714153,0.0,-0.0007954115895714153,1.030375137363298,-0.17066517503181344
2022-08-12,model1,-0.0025597032315447968,0.0,-0.0025597032315447968,1.027737682794486,-0.172788026063317
2022-08-15,model1,0.0034018865394148,0.0008,0.0026018865394148,1.0304117396373984,-0.17063571436308833
2022-08-16,model1,-0.0033162318072562425,0.0,-0.0033162318072562425,1.0269946554518425,-0.1733860785869199
2022-08-17,model1,0.0006445600948692841,0.0008,-0.00015543990513071598,1.0268350195000293,-0.1735145673764441
2022-08-18,model1,0.0022918734770889237,0.0,0.0022918734770889237,1.0291883954465675,-0.17162036733421382
2022-08-19,model1,-0.003510899581968685,0.0,-0.003510899581968685,1.0255750183392272,-0.17452872504025152
2022-08-22,model1,0.004232337932474373,0.0008,0.003432337932474373,1.0290951383772708,-0.17169542867103926
2022-08-23,model1,-0.0026165500315993295,0.0,-0.0026165500315993295,1.026402459460431,-0.1738627290233239
2022-08-24,model1,0.0072154821065292035,0.0,0.0072154821065292035,1.0338084480407652,-0.167901750327055
2022-08-25,model1,0.004141639936855679,0.0008,0.003341639936855679,1.037263063637797,-0.16512117758456013
2022-08-26,model1,-0.0013982575233308038,0.0008,-0.002198257523330804,1.0349828923044821,-0.1669564562370044
2022-08-29,model1,-0.0035817338064716873,0.0,-0.0035817338064716873,1.0312758590899953,-0.1699401964599634
2022-08-30,model1,0.0007395453918642937,0.0008,-6.045460813570633e-05,1.0312135137120542,-0.16999037740011558
2022-08-31,model1,-0.013436531517027995,0.0,-0.013436531517027995,1.017357580834277,-0.18114282785361546
2022-09-01,model1,0.0023728918972228284,0.0008,0.0015728918972228285,1.0189577743297495,-0.17985485404256352
2022-09-02,model1,-0.004573286398502097,0.0,-0.004573286398502097,1.0142977885997593,-0.18360561268336817
2022-09-05,model1,-0.004152151080215249,0.0008,-0.0049521510802152495,1.009274832710285,-0.18764852103039997
2022-09-06,model1,0.0030835912937891225,0.0,0.0030835912937891225,1.012387023797471,-0.18514356108235253
2022-09-07,model1,0.002663164494921899,0.0,0.002663164494921899,1.0150831769743682,-0.18297346434576844
2022-09-08,model1,-0.0014847928113661093,0.0008,-0.002284792811366109,1.0127639222286786,-0.1848402007011265
2022-09-09,model1,0.00444836790823464,0.0,0.00444836790823464,1.0172690687589385,-0.18121407000984235
2022-09-13,model1,0.0027406334129625345,0.0,0.0027406334129625345,1.0200570303587526,-0.17897007793204767
2022-09-14,model1,-0.0002351657710185865,0.0,-0.0002351657710185865,1.0198171478607254,-0.17916315606670008
2022-09-15,model1,0.00885980273090583,0.0,0.00885980273090583,1.0288525266123665,-0.17189070355519176
2022-09-16,model1,0.00045306093329533503,0.0,0.00045306093329533503,1.0293186594982968,-0.17151551958447386
2022-09-19,model1,0.003009926516265349,0.0,0.003009926516265349,1.0324168330252075,-0.16902184217855676
2022-09-20,model1,-0.0039053987337868802,0.0,-0.0039053987337868802,1.0283848336327706,-0.17226714322391723
2022-09-21,model1,-0.004603216887780759,0.0008,-0.005403216887780759,1.0228282473325483,-0.1767395633742208
2022-09-22,model1,0.0025958817680022507,0.0,0.0025958817680022507,1.0254833885315966,-0.17460247661646633
2022-09-23,model1,-0.005181400988588081,0.0,-0.005181400988588081,1.0201699478884783,-0.17887919216010406
2022-09-26,model1,-0.0033886194753815608,0.0,-0.0033886194753815608,1.0167129801348642,-0.1816616581211914
2022-09-27,model1,0.003548837482193523,0.0008,0.002748837482193523,1.0195077588832917,-0.17941217901391882
2022-09-28,model1,0.00548842578042761,0.0,0.00548842578042761,1.0251032515504928,-0.1749084436621139
2022-09-29,model1,-0.0006237647315987971,0.0,-0.0006237647315987971,1.0244638282959284,-0.17542310667529737
2022-09-30,model1,0.0041815378051603515,0.0008,0.0033815378051603516,1.0279280914613302,-0.17263476873725825
2022-10-10,model1,0.00448667039138493,0.0008,0.0036866703913849296,1.0317177235205937,-0.16958454583630056
2022-10-11,model1,-0.0042654695382027714,0.0,-0.0042654695382027714,1.0273169629988927,-0.1731266576600885
2022-10-12,model1,-0.007191553239680194,0.0008,-0.007991553239680194,1.0191071047950606,-0.1797346599978702
2022-10-13,model1,0.005593645578203078,0.0,0.005593645578203078,1.0248076287455128,-0.17514638640581404
2022-10-14,model1,0.0001409086837950834,0.0,0.0001409086837950834,1.0249520330396225,-0.1750301573687989
2022-10-17,model1,0.0026972341366651165,0.0,0.0026972341366651165,1.0277165686515812,-0.17280502054753477
2022-10-18,model1,0.003737624715971899,0.0,0.003737624715971899,1.0315577874995872,-0.1697132761474054
2022-10-19,model1,0.003620256652492238,0.0,0.003620256652492238,1.035292291442213,-0.16670742511190195
2022-10-20,model1,0.0013240045471524908,0.0008,0.0005240045471524907,1.0358347893105604,-0.16627077601355222
2022-10-21,model1,-0.00282176602976536,0.0,-0.00282176602976536,1.0329119058896348,-0.16862336481581974
2022-10-24,model1,-0.011190021033845587,0.0,-0.011190021033845587,1.0213535999366203,-0.17792648685057844
2022-10-25,model1,0.002227982857424005,0.0,0.002227982857424005,1.0236291582486474,-0.17609492115573921
2022-10-26,model1,-0.006004004356273196,0.0,-0.006004004356273196,1.0174832843233141,-0.18104165083827584
2022-10-27,model1,-0.002632238414665267,0.0008,-0.0034322384146652667,1.01399103910858,-0.18385251114427947
2022-10-28,model1,-0.0030306288881650992,0.0,-0.0030306288881650992,1.010918008573117,-0.18632595130100893
2022-10-31,model1,0.007082893160611991,0.0,0.007082893160611991,1.018078232821979,-0.18056278494651146
2022-11-01,model1,-0.00831235072738341,0.0,-0.00831235072738341,1.0096156094828481,-0.18737423447710633
2022-11-02,model1,0.00019411386126630967,0.0008,-0.0006058861387336904,1.0090038973796134,-0.18786659316441445
2022-11-03,model1,-0.005033636342672177,0.0,-0.005033636342672177,1.0039249386918654,-0.1919545773961603
2022-11-04,model1,0.0044202127476378195,0.0,0.0044202127476378195,1.0083625005035426,-0.18838284471849642
2022-11-07,model1,0.001019747772406987,0.0008,0.00021974777240698696,1.0085840859168071,-0.188204493656576
2022-11-08,model1,0.0025490127270133113,0.0,0.0025490127270133113,1.0111549795880723,-0.1861352165791742
2022-11-09,model1,0.00217257230340242,0.0008,0.0013725723034024202,1.0125428629075024,-0.1850181283187361
2022-11-10,model1,0.0020288733267761925,0.0,0.0020288733267761925,1.014597184114273,-0.183364633337476
2022-11-11,model1,0.00952760370019794,0.0008,0.00872760370019794,1.0234521862525592,-0.17623736348967955
2022-11-14,model1,-0.003809896152199288,0.0,-0.003809896152199288,1.0195529397061955,-0.1793758135888458
2022-11-15,model1,-0.00018437874331542724,0.0008,-0.0009843787433154272,1.018549313464664,-0.1801836185941995
2022-11-16,model1,0.0004048226023522616,0.0,0.0004048226023522616,1.0189616452483647,-0.17985173839322788
2022-11-17,model1,-0.002857678854439527,0.0,-0.002857678854439527,1.0160497801012536,-0.18219545873792686
2022-11-18,model1,-0.00043400660713439616,0.0008,-0.0012340066071343963,1.0147959679594312,-0.1832046349451888
2022-11-21,model1,0.0048790950968539805,0.0,0.0048790950968539805,1.0197472539910093,-0.17921941268441677
2022-11-22,model1,-0.006778669629733037,0.0,-0.006778669629733037,1.0128347242503768,-0.18478321312432733
2022-11-23,model1,-0.0012999766465040087,0.0008,-0.0020999766465040087,1.0107077949826828,-0.18649514933860412
2022-11-24,model1,-0.002651717693885081,0.0,-0.002651717693885081,1.0080276832393797,-0.18865233454516428
2022-11-25,model1,0.005921810277547613,0.0,0.005921810277547613,1.0139970319340392,-0.1838476876012095
2022-11-28,model1,-0.004303397971652245,0.0008,-0.005103397971652246,1.0088222015380057,-0.18801283765686472
2022-11-29,model1,-0.009466483824778927,0.0,-0.009466483824778927,0.9992722024850683,-0.19569950099511424
2022-11-30,model1,-0.00031289002244219157,0.0,-0.00031289002244219157,0.9989595401832069,-0.19595115859629808
2022-12-01,model1,-0.0018383050709987361,0.0008,-0.002638305070998736,0.996323980162619,-0.19807248473190409
2022-12-02,model1,-0.0013525711005724528,0.0,-0.0013525711005724528,0.9949763811402438,-0.19915714871380963
2022-12-05,model1,0.0063578956917222495,0.0,0.0063578956917222495,1.0013023371872607,-0.19406547339987057
2022-12-06,model1,0.0015500689242003319,0.0008,0.0007500689242003318,1.002053382954114,-0.1934609669565277
2022-12-07,model1,0.0016487361577836258,0.0008,0.0008487361577836258,1.0029038618922566,-0.19277642811651985
2022-12-08,model1,0.001479393217437819,0.0,0.001479393217437819,1.004387551063282,-0.1915822270393196
2022-12-09,model1,0.004675554451509001,0.0,0.004675554451509001,1.009083619748696,-0.18780242572227446
2022-12-12,model1,-0.00242529037268624,0.0,-0.00242529037268624,1.0066362989604842,-0.1897722406798893
2022-12-13,model1,0.002597115638450598,0.0,0.002597115638450598,1.0092506498347464,-0.18766798549545227
2022-12-14,model1,0.003066446907711651,0.0008,0.002266446907711651,1.0115380628491704,-0.18582687811314336
2022-12-15,model1,0.002025222128155946,0.0,0.002025222128155946,1.0135866521175245,-0.18417799669054824
2022-12-16,model1,-0.003861202771217798,0.0,-0.003861202771217798,1.0096729885274989,-0.18732805087054716
2022-12-19,model1,-0.002717571945117081,0.0008,-0.003517571945117081,1.006121391149312,-0.19018668291938856
2022-12-20,model1,-0.0031198901520619778,0.0,-0.0031198901520619778,1.0029824029292864,-0.19271321151235699
2022-12-21,model1,0.0034120359509823396,0.0,0.0034120359509823396,1.0064046149462837,-0.18995871996728408
2022-12-22,model1,0.00646140148638481,0.0,0.00646140148638481,1.0129073992212023,-0.18472471803644763
2022-12-23,model1,0.0004953144873163229,0.0,0.0004953144873163229,1.0134091069303466,-0.18432090037814008
2022-12-26,model1,-0.006823874393126995,0.0,-0.006823874393126995,1.0064937304758028,-0.18988699209905857
2022-12-27,model1,0.0009213229736361405,0.0008,0.00012132297363614045,1.0066158412881303,-0.18978870677995874
2022-12-28,model1,-0.0024908985558682595,0.0,-0.0024908985558682595,1.0041084633427515,-0.19180686092018873
2022-12-29,model1,0.0021409256976534954,0.0,0.0021409256976534954,1.0062581849551533,-0.19007657946006562
2022-12-30,model1,-0.001527683010036096,0.0008,-0.002327683010036096,1.0039159348743234,-0.1919618244454867
2023-01-03,model1,-0.005299151779350542,0.0,-0.005299151779350542,0.9985960319617158,-0.19624374138125966
2023-01-04,model1,0.001682458162422629,0.0008,0.0008824581624226289,0.9994772511810833,-0.1955344601102431
2023-01-05,model1,-0.0035409267305245968,0.0,-0.0035409267305245968,0.995938175465825,-0.19838301364422473
2023-01-06,model1,-0.001817011316057826,0.0,-0.001817011316057826,0.9941285445309096,-0.19983956077957732
2023-01-09,model1,-0.002401693954809758,0.0008,-0.003201693954809758,0.9909456491795812,-0.20240142962070728
2023-01-10,model1,-0.001800105525178797,0.0,-0.001800105525178797,0.9891618424413411,-0.2038371912141217
2023-01-11,model1,0.0032197792304527353,0.0,0.0032197792304527353,0.99234672519719,-0.2012737227383341
2023-01-12,model1,0.00018065470471819724,0.0008,-0.0006193452952818028,0.9917321199216508,-0.20176841010037416
2023-01-13,model1,-0.00380490661881483,0.0,-0.00380490661881483,0.9879586718144696,-0.20480560676013027
2023-01-16,model1,-0.0022131259061229256,0.0008,-0.0030131259061229256,0.9849818279462467,-0.20720162758680505
2023-01-17,model1,-0.0014470939240959879,0.0008,-0.002247093924095988,0.9827684812653238,-0.20898311999248786
2023-01-18,model1,0.0036243423722848167,0.0,0.0036243423722848167,0.9863303707141197,-0.20611620399708408
2023-01-19,model1,0.001911879864760824,0.0,0.001911879864760824,0.9882161158898901,-0.20459839355254616
2023-01-20,model1,0.000768183802431377,0.0,0.000768183802431377,0.9889752475034184,-0.20398737892204533
2023-01-30,model1,0.0017143489431400206,0.0,0.0017143489431400206,0.9906706961737674,-0.20262273552637433
2023-01-31,model1,0.0047621394405478416,0.0,0.0047621394405478416,0.9953884081686115,-0.19882551380622826
2023-02-01,model1,0.003040932127677643,0.0,0.003040932127677643,0.9984153167585293,-0.19638919657128606
2023-02-02,model1,0.0015462534070972646,0.0,0.0015462534070972646,0.9999591198437654,-0.19514661062850414
2023-02-03,model1,0.0036087864745521616,0.0,0.0036087864745521616,1.0035677587905627,-0.19224206660294285
2023-02-06,model1,0.003129437053182649,0.0,0.003129437053182649,1.0067083609203014,-0.1897142389961678
2023-02-07,model1,0.0001502332228594305,0.0008,-0.0006497667771405695,1.0060542352731057,-0.1902407357636582
2023-02-08,model1,0.0017583770484741468,0.0008,0.0009583770484741467,1.0070184145617118,-0.18946468107002468
2023-02-09,model1,0.0010217599038050192,0.0008,0.0002217599038050192,1.007241730868455,-0.18928493683566816
2023-02-10,model1,-0.0009155530392312538,0.0,-0.0009155530392312538,1.0063195476405178,-0.19002718947569874
2023-02-13,model1,-6.224267969434649e-05,0.0,-6.224267969434649e-05,1.0062569116152438,-0.19007760435390542
2023-02-14,model1,0.0004891866126447654,0.0,0.0004891866126447654,1.0067491590252873,-0.1896814011606741
2023-02-15,model1,-0.002745190573482104,0.0008,-0.003545190573482104,1.0031800413968497,-0.1925541350187966
2023-02-16,model1,-0.004558238830371409,0.0,-0.004558238830371409,0.9986073071783009,-0.19623466611397677
2023-02-17,model1,0.0008467602120857173,0.0008,4.6760212085717227e-05,0.9986540022677749,-0.1961970818764972
2023-02-20,model1,0.003952531275161332,0.0,0.003952531275161332,1.0026012134448035,-0.19302002570354793
2023-02-21,model1,-0.0003836435241185046,0.0,-0.0003836435241185046,1.002216571981992,-0.19332961834478013
2023-02-22,model1,-0.004157327031387315,0.0008,-0.004957327031387316,0.9972482566784013,-0.19732854723317905
2023-02-23,model1,-0.0006641068977923936,0.0,-0.0006641068977923936,0.9965859772323298,-0.19786160688162258
2023-02-24,model1,0.004548480285166123,0.0,0.004548480285166123,1.001118928902244,-0.19421309621454885
2023-02-27,model1,-0.0015343954235128355,0.0,-0.0015343954235128355,0.9995828165993442,-0.19544949195204386
2023-02-28,model1,0.0011987342479394592,0.0,0.0011987342479394592,1.0007810507552535,-0.19448504970384983
2023-03-01,model1,-0.0025267414588305394,0.0008,-0.0033267414588305393,0.9974517109424941,-0.19716478968470774
2023-03-02,model1,0.0005889118713120478,0.0,0.0005889118713120478,0.9980391220961287,-0.19669199049864572
2023-03-03,model1,0.00027331295569474887,0.0,0.00027331295569474887,0.9983118991184876,-0.19647243601223574
2023-03-06,model1,-0.004684846489502848,0.0,-0.004684846489502848,0.9936349611224734,-0.20023683929960268
2023-03-07,model1,0.002423003469218089,0.0008,0.001623003469218089,0.9952476341115116,-0.19893882091523307
2023-03-08,model1,0.004226596902705859,0.0,0.004226596902705859,0.9994541446792726,-0.19555305821683555
2023-03-09,model1,0.001997184378318329,0.0,0.001997184378318329,1.0014502388838717,-0.19394642935152007
2023-03-10,model1,0.0001501052500752385,0.0,0.0001501052500752385,1.0016005618224173,-0.19382543647872386
2023-03-13,model1,-0.0016096225882415998,0.0,-0.0016096225882415998,0.9999883629337125,-0.19512307326623346
2023-03-14,model1,-0.000720305602471649,0.0008,-0.001520305602471649,0.998468075023138,-0.19634673216724696
2023-03-15,model1,-0.0017830108722775686,0.0,-0.0017830108722775686,0.9966877955897496,-0.19777965468133418
2023-03-16,model1,0.001524816058692968,0.0,0.001524816058692968,0.9982075611459681,-0.19655641621618214
2023-03-17,model1,-0.001879105796813896,0.0,-0.001879105796813896,0.9963318235313952,-0.19806617171188334
2023-03-20,model1,-0.00032489509976421074,0.0008,-0.0011248950997642107,0.9952110547453655,-0.19896826314565974
2023-03-21,model1,0.000758730183950629,0.0008,-4.126981604937101e-05,0.9951699825682059,-0.19900132157808947
2023-03-22,model1,-0.001012082087158106,0.0008,-0.0018120820871581058,0.9933666528691166,-0.2004527969350951
2023-03-23,model1,-0.0002868594102667819,0.0,-0.0002868594102667819,0.9930816962968959,-0.20068215457424676
2023-03-24,model1,0.002581149337487698,0.0,0.002581149337487698,0.9956449884593638,-0.19861899584708398
2023-03-27,model1,0.002154901940886456,0.0,0.002154901940886456,0.9977905057774287,-0.19689209836584542
2023-03-28,model1,-0.0018735165187783401,0.0008,-0.00267351651877834,0.9951228963779525,-0.1990392206072258
2023-03-29,model1,0.0008526053536873856,0.0008,5.2605353687385534e-05,0.9951752451698788,-0.19899708578213615
2023-03-30,model1,-0.002609514460929852,0.0008,-0.003409514460929852,0.9917821807803127,-0.2017281168014089
2023-03-31,model1,-0.0037574135559693468,0.0,-0.0037574135559693468,0.9880556449696799,-0.20472755439668844
2023-04-03,model1,-0.0040966670876356305,0.0,-0.0040966670876356305,0.98400790992818,-0.2079855208502951
2023-04-04,model1,0.0018357396008849226,0.0008,0.0010357396008849225,0.9850270858880765,-0.20716520008976547
2023-04-06,model1,0.0019114624665448332,0.0008,0.0011114624665448333,0.9861219065225713,-0.20628399396749464
2023-04-07,model1,-0.00020615985431557968,0.0,-0.00020615985431557968,0.9859186077739851,-0.2064476263436663
2023-04-10,model1,0.0033448875243704546,0.0,0.0033448875243704546,0.989216394625173,-0.2037932829090887
2023-04-11,model1,-0.0013709445254113553,0.0008,-0.0021709445254113552,0.9870688607088143,-0.20552180352265292
2023-04-12,model1,0.0035359594957267595,0.0,0.0035359594957267595,0.9905590962197738,-0.20271256079967104
2023-04-13,model1,-0.00304507891798127,0.0,-0.00304507891798127,0.9875427655988605,-0.20514036397235114
2023-04-14,model1,0.0003029043772439623,0.0008,-0.0004970956227560377,0.9870518624127969,-0.20553548521812592
2023-04-17,model1,0.006305562142026134,0.0,0.006305562142026134,0.9932757792686433,-0.20052593985053424
2023-04-18,model1,0.0022614821032319377,0.0,0.0022614821032319377,0.995522054667033,-0.19871794357150807
2023-04-19,model1,-0.0014201382138241403,0.0,-0.0014201382138241403,0.9941082757544957,-0.19985587483989375
2023-04-20,model1,-0.0020068181774276273,0.0008,-0.0028068181774276273,0.9913179945757766,-0.20210173391495523
2023-04-21,model1,-0.002567523272995454,0.0,-0.002567523272995454,0.9887727625537641,-0.20415035628261125
2023-04-24,model1,0.0027123372226620203,0.0,0.0027123372226620203,0.9914546477223931,-0.20199174367031425
2023-04-25,model1,-0.005953868919422423,0.0,-0.005953868919422423,0.9855516567103019,-0.20674298022511806
2023-04-26,model1,0.0017608736351729438,0.0008,0.0009608736351729438,0.9864986473133358,-0.20598076046890046
2023-04-27,model1,0.003952006825277099,0.0008,0.0031520068252770994,0.989608097782794,-0.20347800640649716
2023-04-28,model1,0.0013086746523755192,0.0008,0.0005086746523755191,0.9901114863379217,-0.2030728358582965
2023-05-04,model1,0.000875718865660602,0.0008,7.571886566060191e-05,0.9901864564565447,-0.20301249343741368
2023-05-05,model1,-0.002831447130956599,0.0008,-0.0036314471309565988,0.9865906466901334,-0.2059067114315286
2023-05-08,model1,0.0021391998192879847,0.0008,0.0013391998192879848,0.9879118887058921,-0.20484326184297996
2023-05-09,model1,-0.001854401466235567,0.0008,-0.002654401466235567,0.9852895739399996,-0.206953927054631
2023-05-10,model1,-0.003914114094407584,0.0,-0.003914114094407584,0.9814330381315682,-0.21005799986626106
2023-05-11,model1,7.943633358222782e-05,0.0008,-0.0007205636664177722,0.9807258531432685,-0.21062720337013485
2023-05-12,model1,0.0011850961875143002,0.0,0.0011850961875143002,0.9818881076128254,-0.2096917206783212
2023-05-15,model1,-0.0025590377584977725,0.0,-0.0025590377584977725,0.9793754188708242,-0.2117141494059589
2023-05-16,model1,-0.0021694924698668853,0.0008,-0.002969492469866885,0.9764671709393146,-0.2140549583034005
2023-05-17,model1,-0.003894403420769077,0.0,-0.003894403420769077,0.9726644138485397,-0.21711574536232026
2023-05-18,model1,-0.0011759796433917114,0.0,-0.0011759796433917114,0.9715205802980024,-0.218036401308906
2023-05-19,model1,-0.0009144598904628154,0.0008,-0.0017144598904628155,0.9698549472303223,-0.21937704653466394
2023-05-22,model1,-0.003974169199357247,0.0,-0.003974169199357247,0.9660005795711953,-0.22247937423263708
2023-05-23,model1,0.0020923623920834356,0.0008,0.0012923623920834356,0.967249002390964,-0.22147453581682608
2023-05-24,model1,-0.0030604983088638347,0.0,-0.0030604983088638347,0.9642887384548963,-0.22385721168336614
2023-05-25,model1,-0.0008200206109099108,0.0,-0.0008200206109099108,0.963498001814495,-0.22449366476679478
2023-05-26,model1,-0.0038885806566325344,0.0,-0.0038885806566325344,0.959751362121935,-0.2275092837010787
2023-05-29,model1,-0.0011188671985883582,0.0008,-0.0019188671985883583,0.9579097267143587,-0.22899159079779874
2023-05-30,model1,0.004463044811094008,0.0,0.004463044811094008,0.9621849207496678,-0.22555054571779887
2023-05-31,model1,0.00570308813118019,0.0,0.00570308813118019,0.9676723461511957,-0.22113379222688323
2023-06-01,model1,-0.0008794306968531451,0.0,-0.0008794306968531451,0.9668213453854945,-0.22181875107874038
2023-06-02,model1,-0.003363571376352326,0.0,-0.003363571376352326,0.9635693727821093,-0.2244362192532261
2023-06-05,model1,0.001855288181337178,0.0008,0.001055288181337178,0.9645862161531048,-0.22361777596153087
2023-06-06,model1,0.006001321682555805,0.0,0.006001321682555805,0.9703750083267989,-0.21895845648645784
2023-06-07,model1,-0.0014780197372457505,0.0,-0.0014780197372457505,0.968940774911962,-0.22011285130337965
2023-06-08,model1,0.005960613741809163,0.0008,0.005160613741809162,0.9739411039899719,-0.21608815496675549
2023-06-09,model1,0.0023031134964643487,0.0008,0.0015031134964643487,0.9754050480081405,-0.21490984649244782
2023-06-12,model1,-0.0014795817308441263,0.0,-0.0014795817308441263,0.9739618565189345,-0.21607145154064322
2023-06-13,model1,-0.000649965539454822,0.0,-0.000649965539454822,0.9733288148754538,-0.21658097808253673
2023-06-14,model1,-0.0004956689426410143,0.0,-0.0004956689426410143,0.9728463660109424,-0.2169692945607754
2023-06-15,model1,0.002006948391934138,0.0008,0.0012069483919341381,0.9740205413679983,-0.2160242169100104
2023-06-16,model1,-0.000393601205395111,0.0,-0.000393601205395111,0.9736371657088363,-0.2163327907232352
2023-06-19,model1,0.005129861562701699,0.0,0.005129861562701699,0.978631789581224,-0.2123126864284165
2023-06-20,model1,0.0017298498052711333,0.0,0.0017298498052711333,0.9803246755918632,-0.21095010568242023
2023-06-21,model1,-0.0044077752149836785,0.0,-0.0044077752149836785,0.9760036247841525,-0.21442806024997874
2023-06-26,model1,-0.0021137511563086514,0.0008,-0.0029137511563086514,0.9731597930938762,-0.21671702139778892
2023-06-27,model1,-0.0012720390482463097,0.0,-0.0012720390482463097,0.9719218958368775,-0.2177133879323977
2023-06-28,model1,0.001039621898653609,0.0,0.001039621898653609,0.9729323271235705,-0.2169001056394686
2023-06-29,model1,-0.0030407241469954105,0.0008,-0.0038407241469954104,0.9691955624413945,-0.21990777631324865
2023-06-30,model1,0.0037220293304583768,0.0,0.0037220293304583768,0.9728029367517513,-0.21700425017622427
2023-07-03,model1,-0.0038947833446523637,0.0,-0.0038947833446523637,0.9690140800760617,-0.22005384898157143
2023-07-04,model1,0.0003642484207572849,0.0,0.0003642484207572849,0.969367041924421,-0.21976975482778727
2023-07-05,model1,0.0004711687363870621,0.0008,-0.0003288312636129379,0.9690482837351203,-0.22002631892521618
2023-07-06,model1,-0.0008493816194548032,0.0,-0.0008493816194548032,0.9682251919345515,-0.22068881423357967
2023-07-07,model1,-8.417633288808606e-05,0.0008,-0.0008841763328880861,0.967369110134937,-0.22137786273998916
2023-07-10,model1,-0.0006864490108408282,0.0,-0.0006864490108408282,0.9667050605661669,-0.2219123471359301
2023-07-11,model1,0.0005675187787038461,0.0,0.0005675187787038461,0.9672536838415061,-0.22147076778145225
2023-07-12,model1,-0.0035959500043101222,0.0,-0.0035959500043101222,0.9637754879529272,-0.2242703199774041
2023-07-13,model1,0.00020536848657801664,0.0008,-0.0005946315134219834,0.9632023966759268,-0.2247315932910423
2023-07-14,model1,0.0011408559060670067,0.0,0.0011408559060670067,0.9643012718189125,-0.22384712375046123
2023-07-17,model1,-0.003080118492716455,0.0,-0.003080118492716455,0.961331109639033,-0.2262377665777725
2023-07-18,model1,-0.0007276862903742743,0.0008,-0.0015276862903742744,0.9598624972823272,-0.22741983253378095
2023-07-19,model1,-0.0014302679778085193,0.0,-0.0014302679778085193,0.9584896366893649,-0.22852482920759787
2023-07-20,model1,-0.0029057883608439193,0.0008,-0.003705788360843919,0.954937676949732,-0.2313837529162004
2023-07-21,model1,0.00037815600932722404,0.0,0.00037815600932722404,0.9552987923708035,-0.23109309606349915
2023-07-24,model1,-0.0008798076783083975,0.0008,-0.0016798076783083975,0.9536940741243003,-0.23238471178463604
2023-07-25,model1,-0.005781304283062383,0.0,-0.005781304283062383,0.9481804784888344,-0.23682252933813963
2023-07-26,model1,-0.0006990757654640855,0.0008,-0.0014990757654640857,0.9467590841122456,-0.2379665901891569
2023-07-27,model1,0.002530472347687907,0.0,0.002530472347687907,0.9491548317945141,-0.2360382857176162
2023-07-28,model1,0.005624891390141151,0.0,0.005624891390141151,0.9544937246357859,-0.23174108404855176
2023-07-31,model1,-0.002020809935653833,0.0,-0.002020809935653833,0.9525648742335227,-0.23329358929906108
2023-08-01,model1,-0.0018258114035612839,0.0008,-0.002625811403561284,0.9500636185241284,-0.2353068157354632
2023-08-02,model1,0.0024064819451947274,0.0,0.0024064819451947274,0.9523499294688931,-0.23346659539391712
2023-08-03,model1,-0.0023378410494343527,0.0,-0.0023378410494343527,0.9501234867103547,-0.23525862865296787
2023-08-04,model1,0.0014007384137104673,0.0008,0.0006007384137104672,0.9506942623865903,-0.23479921913464596
2023-08-07,model1,0.00031482490156631337,0.0,0.00031482490156631337,0.9509935646141658,-0.2345583148741316
2023-08-08,model1,0.0011310839345053392,0.0,0.0011310839345053392,0.9520692181569189,-0.23369253608128493
2023-08-09,model1,0.0025181610700009127,0.0,0.0025181610700009127,0.9544666817980278,-0.23176285045799372
2023-08-10,model1,-0.0005491289227014918,0.0,-0.0005491289227014918,0.9539425565372975,-0.23218471169630106
2023-08-11,model1,-0.0013610815447071545,0.0,-0.0013610815447071545,0.9526441629288839,-0.23322977091495523
2023-08-14,model1,-0.0032876401935274745,0.0008,-0.0040876401935274745,0.9487500963583664,-0.23636405172256358
2023-08-15,model1,-0.002057044525894858,0.0,-0.002057044525894858,0.9467984751662102,-0.23793488486974423
2023-08-16,model1,-0.0007120983924058686,0.0,-0.0007120983924058686,0.946124261494112,-0.2384775502131371
2023-08-17,model1,0.0019238142775792615,0.0,0.0019238142775792615,0.9479444288567385,-0.23701252245154003
2023-08-18,model1,-0.002016317816952773,0.0008,-0.002816317816952773,0.9452747160722681,-0.23916133767867165
2023-08-21,model1,-0.0005429480574680404,0.0,-0.0005429480574680404,0.944761481001403,-0.23957443355242558
2023-08-22,model1,0.0008968640835389508,0.0,0.0008968640835389508,0.9456088036412242,-0.23889243517367398
2023-08-23,model1,0.0025475382131158854,0.0,0.0025475382131158854,0.9480177782031591,-0.23695348456798726
2023-08-24,model1,0.0015331606687775336,0.0,0.0015331606687775336,0.9494712417740022,-0.23578361166207906
2023-08-25,model1,0.0057957037161159965,0.0,0.0057957037161159965,0.9549740957782971,-0.23135443990027216
2023-08-28,model1,0.0007771874543452736,0.0,0.0007771874543452736,0.9557162896647606,-0.2307570582141245
2023-08-29,model1,-0.007188834089594565,0.0,-0.007188834089594565,0.9488458038216377,-0.23628701809721486
2023-08-30,model1,-0.0013919580315663095,0.0008,-0.0021919580315663094,0.9467659736412328,-0.23796104490170822
2023-08-31,model1,-0.0005602768772552836,0.0,-0.0005602768772552836,0.9462355225580296,-0.2383879977078176
2023-09-01,model1,-0.002678088554503244,0.0,-0.002678088554503244,0.9437014200352025,-0.24042766209412858
2023-09-04,model1,-0.0016480369720760276,0.0008,-0.0024480369720760275,0.9413912040683556,-0.24228712326028834
2023-09-05,model1,0.0003852742792987752,0.0,0.0003852742792987752,0.9417538978860412,-0.24199519597778707
2023-09-06,model1,-0.0004949591781008068,0.0,-0.0004949591781008068,0.9412877681507703,-0.24237037741258238
2023-09-07,model1,0.0021181427068785565,0.0,0.0021181427068785565,0.9432815499719529,-0.24076560975298367
2023-09-08,model1,-0.0026545589376693714,0.0,-0.0026545589376693714,0.9407775535027362,-0.2427810421893999
2023-09-11,model1,-0.002060359314259319,0.0008,-0.002860359314259319,0.9380865916649286,-0.24494696048830722
2023-09-12,model1,0.0004218609405432173,0.0,0.0004218609405432173,0.9384823337567995,-0.2446284331028986
2023-09-13,model1,-0.002697998738299079,0.0,-0.002697998738299079,0.9359503096044076,-0.24666642463733401
2023-09-14,model1,-0.0019505248020151634,0.0008,-0.0027505248020151633,0.9333759550643869,-0.2487384873205598
2023-09-15,model1,-0.0027082853498261897,0.0,-0.0027082853498261897,0.930848106639406,-0.25077311786923784
2023-09-18,model1,0.0016371984957243237,0.0008,0.0008371984957243236,0.9316274112740323,-0.2501458662505618
2023-09-19,model1,-0.0022833290532584985,0.0008,-0.0030833290532584984,0.928754897410039,-0.2524579132868574
2023-09-20,model1,0.0009017485174595665,0.0008,0.00010174851745956644,0.9288493968439338,-0.2523818519877957
2023-09-21,model1,0.0013295312259445245,0.0008,0.0005295312259445245,0.9293412516037624,-0.25198596483334046
2023-09-22,model1,0.0026602019319186716,0.0008,0.0018602019319186717,0.9310700139954075,-0.2505945076800211
2023-09-25,model1,0.0011666894151484367,0.0,0.0011666894151484367,0.9321562835254981,-0.24972018422447728
2023-09-26,model1,0.0010772967828342583,0.0,0.0010772967828342583,0.9331604924908389,-0.24891191019271675
2023-09-27,model1,0.0008901429721927202,0.0,0.0008901429721927202,0.9339911387451576,-0.2482433344080771
2023-09-28,model1,0.0032297317207253596,0.0,0.0032297317207253596,0.9370076795528391,-0.24581536205894816
2023-10-09,model1,-0.0010978541089871731,0.0,-0.0010978541089871731,0.9359789818216895,-0.24664334676264676
2023-10-10,model1,0.0007665139545221414,0.0,0.0007665139545221414,0.9366964227723952,-0.24606588837520837
2023-10-11,model1,-0.0013820500394480018,0.0,-0.0013820500394480018,0.9354018614443518,-0.24710786304392052
2023-10-12,model1,-0.0008057862387587989,0.0008,-0.0016057862387587989,0.9338998060075351,-0.2483168468767143
2023-10-13,model1,-0.0013210600372189686,0.0,-0.0013210600372189686,0.9326660682950519,-0.24930986545095624
2023-10-16,model1,0.00041848018146004593,0.0,0.00041848018146004593,0.9330563705605536,-0.24899571650723007
2023-10-17,model1,0.0006444655332229487,0.0,0.0006444655332229487,0.9336576932319339,-0.24851172013121614
2023-10-18,model1,0.0031672529152352077,0.0,0.0031672529152352077,0.9366148232826544,-0.24613156668603675
2023-10-19,model1,-0.006195103751111208,0.0,-0.006195103751111208,0.9308123972775897,-0.2508018598451044
2023-10-20,model1,0.0008373451414610765,0.0,0.0008373451414610765,0.9315918085160619,-0.25017452242245397
2023-10-23,model1,0.00660530723971493,0.0008,0.005805307239714929,0.9369999851864993,-0.24582155514895032
2023-10-24,model1,0.0032281006412704376,0.0,0.0032281006412704376,0.9400247154395502,-0.2433869912274943
2023-10-25,model1,0.0004701738047694804,0.0008,-0.00032982619523051965,0.9397146706642342,-0.24363654201743967
2023-10-26,model1,-0.0004607827366125861,0.0008,-0.0012607827366125863,0.9385298946301192,-0.2445901520078687
2023-10-27,model1,0.0033582466798851127,0.0,0.0033582466798851127,0.9416817095327337,-0.24205329939389664
2023-10-30,model1,0.004084516251162995,0.0,0.004084516251162995,0.945528023778743,-0.23895745377775568
2023-10-31,model1,-0.0008654138386241072,0.0,-0.0008654138386241072,0.9447097507421579,-0.2396160705290381
2023-11-01,model1,-0.00285729687992613,0.0,-0.00285729687992613,0.9420104345189266,-0.24178871315826145
2023-11-02,model1,-0.0031258796459189496,0.0,-0.0031258796459189496,0.9390658232754207,-0.24415879038710608
2023-11-03,model1,0.0005061339854270487,0.0008,-0.0002938660145729513,0.938789863744513,-0.24438090643102495
2023-11-06,model1,-0.003619239708735922,0.0,-0.003619239708735922,0.9353921581914901,-0.24711567305914883
2023-11-07,model1,-0.0025162338783051743,0.0,-0.0025162338783051743,0.9330384927535478,-0.2490101061090424
2023-11-08,model1,-0.0009698077166406807,0.0,-0.0009698077166406807,0.9321336248233526,-0.2497384219032569
2023-11-09,model1,0.0010623357554052416,0.0,0.0010623357554052416,0.9331238637018179,-0.2489413922029381
2023-11-10,model1,-0.0022919692781655067,0.0,-0.0022919692781655067,0.9309851724734902,-0.25066279545811065
2023-11-13,model1,-0.003395547338138227,0.0,-0.003395547338138227,0.9278239682492517,-0.25320720540836084
2023-11-14,model1,-0.001980815408171477,0.0008,-0.002780815408171477,0.9252438610622734,-0.2552838983182727
2023-11-15,model1,-0.001025438847197968,0.0,-0.001025438847197968,0.9242950800640087,-0.25604755913907096
2023-11-16,model1,-0.0001434326351639646,0.0,-0.0001434326351639646,0.9241625059850062,-0.2561542661981002
2023-11-17,model1,0.0025906062074878998,0.0,0.0025906062074878998,0.9265566471097384,-0.2542272548226997
2023-11-20,model1,0.0009189051869853417,0.0008,0.0001189051869853417,0.9266668195011156,-0.2541385785749857
2023-11-21,model1,0.0032292733082887716,0.0,0.0032292733082887716,0.9296592799270075,-0.2517299881950955
2023-11-22,model1,0.0016337719842439043,0.0,0.0016337719842439043,0.9311781312134445,-0.25050748561315894
2023-11-23,model1,-0.002216613907872223,0.0,-0.002216613907872223,0.9291140688170904,-0.2521688211443949
2023-11-24,model1,0.001387177975139897,0.0008,0.000587177975139897,0.9296596241346923,-0.251729711147048
2023-11-27,model1,0.0031153798328877437,0.0,0.0031153798328877437,0.9325558669791716,-0.24939856497960633
2023-11-28,model1,0.001712390539944142,0.0,0.001712390539944142,0.9341527668237561,-0.2481132421830089
2023-11-29,model1,-0.0005207879380998205,0.0,-0.0005207879380998205,0.9336662713304518,-0.248504815737297
2023-11-30,model1,-0.0019333826337218254,0.0,-0.0019333826337218254,0.9318611371757697,-0.24995774347587607
2023-12-01,model1,0.003940099505779138,0.0008,0.003140099505779138,0.9347872738720701,-0.24760253615685124
2023-12-04,model1,-0.0025213783836087965,0.0,-0.0025213783836087965,0.9324303214464564,-0.2494996148580675
2023-12-05,model1,-0.0010073281233192073,0.0,-0.0010073281233192073,0.9314910581606279,-0.25025561500258275
2023-12-06,model1,-0.0020091222049310356,0.0,-0.0020091222049310356,0.9296195787919828,-0.2517619430945034
2023-12-07,model1,-0.0015671417791367937,0.0,-0.0015671417791367937,0.9281627331113543,-0.2529345382142201
2023-12-08,model1,-3.067930437739008e-05,0.0,-3.067930437739008e-05,0.9281342577243534,-0.2529574576629121
2023-12-11,model1,-0.0029308971113785275,0.0,-0.0029308971113785275,0.9254139917094177,-0.2551469624923246
2023-12-12,model1,0.0020785679610434648,0.0,0.0020785679610434648,0.9273375275832864,-0.2535987348328752
2023-12-13,model1,-0.0034400693781234002,0.0,-0.0034400693781234002,0.9241474221514625,-0.2561664069689692
2023-12-14,model1,-0.0006393220959127531,0.0,-0.0006393220959127531,0.9235565942846002,-0.2566419562206761
2023-12-15,model1,0.0020545247152978343,0.0,0.0020545247152978343,0.9254540641335343,-0.25511470874741604
2023-12-18,model1,0.005793891834772413,0.0008,0.004993891834772413,0.9300756816278677,-0.2513948321735876
2023-12-19,model1,-0.001463290246946114,0.0008,-0.002263290246946114,0.9279706504087175,-0.25308914294874263
2023-12-20,model1,0.0017698445775744536,0.0,0.0017698445775744536,0.9296130142324917,-0.251767226818459
2023-12-21,model1,0.0020340264226930142,0.0,0.0020340264226930142,0.9315038716663199,-0.2502453015874828
2023-12-22,model1,0.0036414933957325426,0.0008,0.0028414933957325427,0.9341507337657591,-0.2481148785635242
2023-12-25,model1,-0.00015522374292356036,0.0,-0.00015522374292356036,0.9340057313924092,-0.24823158898632203
2023-12-26,model1,-0.0024047451749079855,0.0,-0.0024047451749079855,0.9317596856165069,-0.25003940044535544
2023-12-27,model1,0.0013061787549753846,0.0,0.0013061787549753846,0.9329767303226016,-0.24905981784314857
2023-12-28,model1,-0.0016676177170761091,0.0,-0.0016676177170761091,0.9314208817974959,-0.25031209899537776
2023-12-29,model1,0.001988639924052827,0.0,0.001988639924052827,0.9332731425491348,-0.2488212397048607
2024-01-02,model1,0.004380174870913,0.0,0.004380174870913,0.9373610421158265,-0.2455309453754524
2024-01-03,model1,-0.001050968928842977,0.0,-0.001050968928842977,0.936375904785455,-0.2463238689096362
2024-01-04,model1,-0.0006580229455641186,0.0,-0.0006580229455641186,0.9357597479544327,-0.24681980509741774
2024-01-05,model1,-0.0036435655756466012,0.0008,-0.004443565575646602,0.9316016381513467,-0.2501666106837457
2024-01-08,model1,0.00429184944002885,0.0,0.00429184944002885,0.9355999321203764,-0.2469484386716938
2024-01-09,model1,-0.0006853762735174128,0.0,-0.0006853762735174128,0.9349586941253966,-0.2474645623445635
2024-01-10,model1,-0.00011181649835516599,0.0,-0.00011181649835516599,0.9348541503181128,-0.2475487082220903
2024-01-11,model1,-0.004225130003990163,0.0008,-0.005025130003990163,0.9301563866779945,-0.25132987378494465
2024-01-12,model1,-0.0008365748300457554,0.0,-0.0008365748300457554,0.9293782412568934,-0.2519561923685433
2024-01-15,model1,-0.0012214238592266559,0.0,-0.0012214238592266559,0.9282430764987761,-0.2528698709229311
2024-01-16,model1,-0.002094487082759855,0.0008,-0.002894487082759855,0.9255562889041892,-0.2550324294306854
2024-01-17,model1,0.001088010261186545,0.0,0.001088010261186545,0.9265633036438227,-0.2542218970696547
2024-01-18,model1,0.006701491555798001,0.0,0.006701491555798001,0.932772659799104,-0.24922407141036806
2024-01-19,model1,0.0047385875691474235,0.0,0.0047385875691474235,0.9371926847296687,-0.24566645392793807
2024-01-22,model1,0.016621573884391696,0.0,0.016621573884391696,0.9527703021828143,-0.23312824315842595
2024-01-23,model1,-0.007852116527016006,0.0,-0.007852116527016006,0.9452890387465946,-0.23914980955442355
2024-01-24,model1,0.0005554071380051264,0.0008,-0.00024459286199487367,0.9450578277951952,-0.239335908080054
2024-01-25,model1,0.0020542976621661605,0.0,0.0020542976621661605,0.9469992578814468,-0.23777327761432898
2024-01-26,model1,-0.003896422959714618,0.0,-0.003896422959714618,0.9433093482302048,-0.24074323531594055
2024-01-29,model1,-0.006174036705465326,0.0008,-0.006974036705465326,0.9367306742110388,-0.24603831986171998
2024-01-30,model1,0.0033584865672280813,0.0,0.0033584865672280813,0.9398766715974871,-0.24350614968677087
2024-01-31,model1,0.006865797011130459,0.0,0.006865797011130459,0.9463296740401724,-0.23831221647035172
2024-02-01,model1,0.0004838841824990948,0.0,0.0004838841824990948,0.9467875880008699,-0.23794364779989896
2024-02-02,model1,0.006449681908265249,0.0,0.006449681908265249,0.9528940667781693,-0.23302862673203528
2024-02-05,model1,0.013738678413528538,0.0,0.013738678413528538,0.965985571923794,-0.22249145368232437
2024-02-06,model1,-0.019723818029127392,0.0,-0.019723818029127392,0.9469326482844065,-0.23782689076598562
2024-02-07,model1,-0.0209087263467679,0.0008,-0.0217087263467679,0.92637594655398,-0.25437269822321207
2024-02-08,model1,0.0017451602283570012,0.0,0.0017451602283570012,0.9279926210124125,-0.2530714591109742
2024-02-19,model1,-0.0038954154653719096,0.0,-0.0038954154653719096,0.9243777042047698,-0.2559810561006809
2024-02-20,model1,0.0003654730223281444,0.0008,-0.00043452697767185566,0.9239760371547344,-0.2563043524037041
2024-02-21,model1,0.007096301104061231,0.0,0.007096301104061231,0.9305328493273217,-0.251026864158581
2024-02-22,model1,0.0008891263156099783,0.0,0.0008891263156099783,0.9313602105711981,-0.2503609324338195
2024-02-23,model1,-0.001597739274122656,0.0008,-0.002397739274122656,0.9291270516159564,-0.2521583714675396
2024-02-26,model1,0.00637893768913731,0.0,0.00637893768913731,0.9350538951835065,-0.247387936317788
2024-02-27,model1,0.006725235834709055,0.0,0.006725235834709055,0.9413423531467787,-0.24232644269747816
2024-02-28,model1,-0.006091421140150554,0.0,-0.006091421140150554,0.9356082404367013,-0.2469417514217639
2024-02-29,model1,0.007942059003095369,0.0,0.007942059003095369,0.9430388962860319,-0.24096091837878786
2024-03-01,model1,0.002129973832642396,0.0008,0.001329973832642396,0.9442931133412563,-0.23995141626227867
2024-03-04,model1,-0.00010713813200347033,0.0,-0.00010713813200347033,0.9441919435410292,-0.24003284644777223
2024-03-05,model1,0.00734916103278187,0.0,0.00734916103278187,0.9511309621799675,-0.234447725456692
2024-03-06,model1,-0.0018824392264400027,0.0,-0.0018824392264400027,0.9493405159472783,-0.2358888310881827
2024-03-07,model1,0.00426938080686945,0.0008,0.0034693808068694504,0.9526341397124894,-0.23323783846444546
2024-03-08,model1,0.005612513250937302,0.0008,0.004812513250937301,0.9572187041331511,-0.22954778540173815
2024-03-11,model1,-0.004045692587868377,0.0008,-0.004845692587868378,0.9525803165535641,-0.2332811599873238
2024-03-12,model1,-0.0024796931236565458,0.0,-0.0024796931236565458,0.9502182096928756,-0.23518238742268116
2024-03-13,model1,0.0030988826163629744,0.0,0.0030988826163629744,0.9531628243846444,-0.2328123074183771
2024-03-14,model1,-0.0010223520786540874,0.0,-0.0010223520786540874,0.9521883563898389,-0.23359664335060581
2024-03-15,model1,0.003989330472207531,0.0008,0.003189330472207531,0.9552251997301542,-0.23115232977124178
2024-03-18,model1,-0.0036372818789501163,0.0008,-0.004437281878950116,0.9509865962610751,-0.23456392360602085
2024-03-19,model1,-0.00013011552144996967,0.0008,-0.0009301155214499697,0.9501020688672018,-0.23527586758135266
2024-03-20,model1,0.0004837173959812979,0.0,0.0004837173959812979,0.9505616497658708,-0.234905957215375
2024-03-21,model1,0.002114515325485478,0.0,0.002114515325485478,0.9525716269421195,-0.2332881541364692
2024-03-22,model1,0.0020083436705286674,0.0,0.0020083436705286674,0.954484718139814,-0.2317483332537098
2024-03-25,model1,0.006340961386939182,0.0,0.006340961386939182,0.960537068881962,-0.2268768790994199
2024-03-26,model1,0.002867520536153556,0.0,0.002867520536153556,0.9632914286527177,-0.22465993267326245
2024-03-27,model1,0.007215450589776352,0.0,0.007215450589776352,0.9702420103597165,-0.21906550472719244
2024-03-28,model1,-0.004698043221900594,0.0,-0.004698043221900594,0.9656837714593428,-0.2227343687394573
2024-03-29,model1,-0.002620978202947022,0.0008,-0.003420978202947022,0.9623801883262407,-0.22539337752189936
2024-04-01,model1,0.004293125701956501,0.0,0.004293125701956501,0.9665118074477979,-0.22206789392203297
2024-04-02,model1,-0.0005290030454046413,0.0,-0.0005290030454046413,0.9660005197582384,-0.2224794223752663
2024-04-03,model1,0.0004245456985035645,0.0,0.0004245456985035645,0.9664106311236539,-0.2221493293585377
2024-04-08,model1,-0.0030101519932369757,0.0,-0.0030101519932369757,0.9635015882360917,-0.2244907781052098
2024-04-09,model1,0.004915939146863701,0.0008,0.004115939146863701,0.9674673021411779,-0.2212988293400593
2024-04-10,model1,0.003739339122174945,0.0008,0.002939339122174945,0.9703110166317866,-0.219009962524655
2024-04-11,model1,0.002310008385330642,0.0,0.002310008385330642,0.9725524432165848,-0.21720586898922722
2024-04-12,model1,0.0016221251238772718,0.0,0.0016221251238772718,0.9741300449690147,-0.215936078962491
2024-04-15,model1,-0.003681733688084332,0.0008,-0.0044817336880843325,0.9697642535299019,-0.21945004465101625
2024-04-16,model1,0.00916948816017409,0.0,0.00916948816017409,0.9786564953708043,-0.21229280107701942
2024-04-17,model1,-0.006852440638789671,0.0,-0.006852440638789671,0.97195030983051,-0.21769051789838634
2024-04-18,model1,0.00012115731545110371,0.0,0.00012115731545110371,0.972068068720801,-0.21759573538168298
2024-04-19,model1,0.00022250430871255692,0.0,0.00022250430871255692,0.9722843580544532,-0.21742164706165035
2024-04-22,model1,0.0025985440726630673,0.0,0.0025985440726630673,0.9748108818100186,-0.215388082721228
2024-04-23,model1,0.002687809087095561,0.0008,0.001887809087095561,0.9766511386508991,-0.21390688521394574
2024-04-24,model1,0.0024861053429964027,0.0,0.0024861053429964027,0.9790791962649426,-0.21195257492118347
2024-04-25,model1,-0.0015195620869252304,0.0,-0.0015195620869252304,0.977591424638201,-0.21315006191103236
2024-04-26,model1,0.0036045399970387132,0.0,0.0036045399970387132,0.9811151920290716,-0.21031382983752323
2024-04-29,model1,0.005891737015899068,0.0,0.005891737015899068,0.9868956647228102,-0.20566120659783338
2024-04-30,model1,-0.0010948619687372043,0.0,-0.0010948619687372043,0.9858151501923936,-0.20653089793302193
2024-05-06,model1,0.0013136321503893992,0.0,0.0013136321503893992,0.9871101486680274,-0.20548857141020604
2024-05-07,model1,-0.0007524552812602448,0.0,-0.0007524552812602448,0.9863673924234766,-0.20608640573067005
2024-05-08,model1,-0.002744445928213102,0.0008,-0.003544445928213102,0.982871266535679,-0.208900389537231
2024-05-09,model1,-0.004654202356496561,0.0,-0.004654202356496561,0.9782967847708358,-0.21258232720847037
2024-05-10,model1,0.002633131352333962,0.0,0.002633131352333962,0.9808727687067035,-0.21050895304686112
2024-05-13,model1,0.0018402845841178463,0.0008,0.0010402845841178464,0.98189315552697,-0.20968765768141684
2024-05-14,model1,0.0012231733617638963,0.0008,0.0004231733617638963,0.9823086665544873,-0.20935321855067435
2024-05-15,model1,0.0008332206940378393,0.0,0.0008332206940378393,0.9831271464633932,-0.20869443529069642
2024-05-16,model1,0.0035564356314129243,0.0,0.0035564356314129243,0.9866235748772848,-0.20588020798502893
2024-05-17,model1,0.0006274064532534318,0.0,0.0006274064532534318,0.9872425888750948,-0.20538197210286246
2024-05-20,model1,-0.0009307743326485429,0.0008,-0.0017307743326485429,0.9855338947421722,-0.2067572765898067
2024-05-21,model1,-0.0020300977201295643,0.0,-0.0020300977201295643,0.9835331646293458,-0.20836763683411108
2024-05-22,model1,-0.0013554991472608969,0.0,-0.0013554991472608969,0.982199986263388,-0.20944069382732644
2024-05-23,model1,-0.0033122347872786674,0.0008,-0.004112234787278668,0.9781609493118111,-0.2126916593075766
2024-05-24,model1,-0.0005779021611388214,0.0,-0.0005779021611388214,0.9775956679852622,-0.2131466464991454
2024-05-27,model1,-0.0006134961870096767,0.0,-0.0006134961870096767,0.9769959167705161,-0.2136293780312538
2024-05-28,model1,0.0029222990691113,0.0008,0.0021222990691113003,0.9790693942952037,-0.21196046439227312
2024-05-29,model1,0.00043315750892265466,0.0,0.00043315750892265466,0.9794934855550991,-0.21161911915009668
2024-05-30,model1,0.0016394152098660798,0.0,0.0016394152098660798,0.9810992820732828,-0.2103266355428638
2024-05-31,model1,0.001862610901927697,0.0,0.001862610901927697,0.982926688291946,-0.20885578132526395
2024-06-03,model1,-0.003707581497584478,0.0,-0.003707581497584478,0.9792824074889528,-0.21178901299234332
2024-06-04,model1,0.002831174994992747,0.0,0.002831174994992747,0.9820549273540718,-0.20955744975514867
2024-06-05,model1,-0.0023563452395146903,0.0008,-0.0031563452395146903,0.9789552229591759,-0.21205235933572386
2024-06-06,model1,0.0036747251343426605,0.0,0.0036747251343426605,0.9825526143223801,-0.20915686833602876
2024-06-07,model1,-0.0002066185026495138,0.0,-0.0002066185026495138,0.9823496007724345,-0.20932027115972374
2024-06-11,model1,-0.006127762532432035,0.0,-0.006127762532432035,0.9763299956950715,-0.21416536877726478
2024-06-12,model1,-0.0011889088678138206,0.0008,-0.0019889088678138205,0.974388164308721,-0.2157283222439389
2024-06-13,model1,-0.001028937353094417,0.0,-0.001028937353094417,0.9733855799300507,-0.21653528866815608
2024-06-14,model1,-0.0009690903808970753,0.0,-0.0009690903808970753,0.9724422813276365,-0.21729453678368005
2024-06-17,model1,0.001218416180372639,0.0008,0.00041841618037263904,0.9728491669126225,-0.2169670401534044
2024-06-18,model1,-0.001976631136839435,0.0,-0.001976631136839435,0.9709262029578547,-0.21851480748300867
2024-06-19,model1,0.004505387349604196,0.0,0.004505387349604196,0.9753006015900602,-0.2149939139827397
2024-06-20,model1,0.004812771816529527,0.0,0.004812771816529527,0.9799945008380372,-0.21121585881615157
2024-06-21,model1,-0.002167636714661159,0.0,-0.002167636714661159,0.9778702287778547,-0.21292565628052407
2024-06-24,model1,0.009432992138429208,0.0,0.009432992138429208,0.9870944709583203,-0.20550119018385893
2024-06-25,model1,0.0019049568096074056,0.0,0.0019049568096074056,0.9889748432924982,-0.20398770426587465
2024-06-26,model1,-0.005128425769433331,0.0,-0.005128425769433331,0.9839029592208357,-0.20806999423610328
2024-06-27,model1,0.005743396347250273,0.0008,0.004943396347250273,0.9887667815154967,-0.20415517033833208
2024-06-28,model1,0.00013830592073924572,0.0,0.00013830592073924572,0.9889035338156105,-0.20404510028640033
2024-07-01,model1,0.003117149805117947,0.0,0.003117149805117947,0.9919860942733242,-0.2015639896258754
2024-07-02,model1,-0.006156535872050251,0.0008,-0.006956535872050251,0.9850853074239367,-0.20711833837357974
2024-07-03,model1,0.002815510246656228,0.0,0.002815510246656228,0.9878588252008194,-0.20488597193088476
2024-07-04,model1,0.005071680115525545,0.0008,0.004271680115525545,0.9920786421013762,-0.2014894991476064
2024-07-05,model1,0.006266156003084333,0.0,0.006266156003084333,0.9982951616401115,-0.1964859077791643
2024-07-08,model1,-0.004393752292389275,0.0,-0.004393752292389275,0.9939088999851741,-0.20001634966382675
2024-07-09,model1,0.004815760759669008,0.0008,0.0040157607596690075,0.9979002003444202,-0.19680380671243003
2024-07-10,model1,0.0014205577001809469,0.0008,0.0006205577001809468,0.9985194549977561,-0.19630537712992935
2024-07-11,model1,0.005443646132382263,0.0008,0.004643646132382263,1.0031562260030649,-0.19257330370282233
2024-07-12,model1,0.004355213174923201,0.0008,0.003555213174923201,1.0067226602342572,-0.18970272967436197
2024-07-15,model1,-0.004194180089000988,0.0,-0.004194180089000988,1.0025002840975565,-0.19310126235173353
2024-07-16,model1,0.000485132736800864,0.0008,-0.000314867263199136,1.0021846295767463,-0.19335532834893576
2024-07-17,model1,0.004744519397320435,0.0,0.004744519397320435,1.0069395139914694,-0.18952818705754226
2024-07-18,model1,0.00018090054962769373,0.0,0.00018090054962769373,1.0071216699029921,-0.1893815722611234
2024-07-19,model1,0.0024720135492702694,0.0008,0.0016720135492702694,1.0088055909808336,-0.18802620726665586
2024-07-22,model1,0.003447882522272927,0.0,0.003447882522272927,1.0122838341463476,-0.1852266170181469
2024-07-23,model1,-0.005870280937835393,0.0,-0.005870280937835393,1.0063414436510794,-0.19000956567692096
2024-07-24,model1,-0.0036815647761052617,0.0,-0.0036815647761052617,1.0026365324393987,-0.19299159792890697
2024-07-25,model1,0.0033292456623563284,0.0008,0.0025292456623563285,1.005172446539991,-0.19095047542848353
2024-07-26,model1,-0.008511658517762744,0.0008,-0.009311658517762745,0.9958126239663464,-0.1984840683252519
2024-07-29,model1,-0.0011639494803675546,0.0,-0.0011639494803675546,0.9946535483801373,-0.19941699237743105
2024-07-30,model1,0.0014302060493443405,0.0,0.0014302060493443405,0.9960761079020324,-0.19827199371692694
2024-07-31,model1,0.009063166804644763,0.0,0.009063166804644763,1.00510371181807,-0.19100579906402815
2024-08-01,model1,-0.00021626079342653695,0.0,-0.00021626079342653695,1.004886347291876,-0.19118075279180002
2024-08-02,model1,-0.0024733719398348343,0.0008,-0.0032733719398348343,1.0015969805199278,-0.19382831902000963
2024-08-05,model1,0.005391389774472266,0.0,0.005391389774472266,1.0069969802388452,-0.18948193326270502
2024-08-06,model1,-0.007528267063100502,0.0,-0.007528267063100502,0.9994160380398714,-0.1955837297285713
2024-08-07,model1,9.039999795223963e-05,0.0008,-0.0007096000020477604,0.9987068524172318,-0.19615454351560313
2024-08-08,model1,-0.0007105908510261828,0.0,-0.0007105908510261828,0.9979971804650469,-0.19672574874261994
2024-08-09,model1,-0.002566790942527275,0.0,-0.002566790942527275,0.9954355303415614,-0.1987875858151128
2024-08-12,model1,-0.0003347811521283717,0.0008,-0.0011347811521283716,0.9943059288635708,-0.19969678656158119
2024-08-13,model1,-0.0013717800349264844,0.0,-0.0013717800349264844,0.9929419598417468,-0.20079462653166347
2024-08-14,model1,0.003483407486399104,0.0,0.003483407486399104,0.9964007812982194,-0.19801066855055338
2024-08-15,model1,0.002490016365563985,0.0,0.002490016365563985,0.9988818355503126,-0.1960137019902366
2024-08-16,model1,0.003943443724348229,0.0,0.003943443724348229,1.002820869856079,-0.19284322726888803
2024-08-19,model1,0.0009661698261640872,0.0,0.0009661698261640872,1.0037897651215815,-0.19206337675009133
2024-08-20,model1,0.005150963549492494,0.0,0.005150963549492494,1.0089602496130763,-0.18790172465343102
2024-08-21,model1,4.359465287828669e-06,0.0,4.359465287828669e-06,1.0089646481402612,-0.18789818433918948
2024-08-22,model1,0.005042743978012432,0.0008,0.004242743978012432,1.0132454268251856,-0.18445264425126173
2024-08-23,model1,-0.0021028772167053233,0.0,-0.0021028772167053233,1.011114696102184,-0.18616764020481003
2024-08-26,model1,0.001168573409639251,0.0,0.001168573409639251,1.0122962578501444,-0.18521661734924943
2024-08-27,model1,-0.004003449340342913,0.0,-0.004003449340342913,1.0082435810644226,-0.18847856134504504
2024-08-28,model1,0.002848209918941436,0.0,0.002848209918941436,1.0111152704327193,-0.18616717793403437
2024-08-29,model1,0.00831077924904755,0.0,0.00831077924904755,1.0195184262406267,-0.1794035930042147
2024-08-30,model1,0.004098213934531892,0.0,0.004098213934531892,1.023696630861558,-0.17604061337443777
2024-09-02,model1,-0.0019089959495460999,0.0,-0.0019089959495460999,1.0217423981396794,-0.17761354850609645
2024-09-03,model1,0.005885967575114748,0.0,0.005885967575114748,1.0277563407652497,-0.1727730085183895
2024-09-04,model1,0.0021288224708077676,0.0008,0.0013288224708077677,1.0291220464853736,-0.17167377070365009
2024-09-05,model1,-0.001076316868499916,0.0,-0.001076316868499916,1.0280143850669963,-0.17256531219686266
2024-09-06,model1,0.003500805761990611,0.0008,0.002700805761990611,1.0307908522415945,-0.17033057182437306
2024-09-09,model1,0.0027397779441816097,0.0008,0.0019397779441816098,1.032790357601837,-0.16872119736663616
2024-09-10,model1,0.0004423339438251794,0.0,0.0004423339438251794,1.0332471958338594,-0.16835349453544923
2024-09-11,model1,-0.0033034591675276115,0.0,-0.0033034591675276115,1.0298339059124597,-0.17110080480806844
2024-09-12,model1,-0.00040067311509321994,0.0,-0.00040067311509321994,1.0294212791533492,-0.17143292243070418
2024-09-13,model1,0.0033807079614124997,0.0,0.0033807079614124997,1.0329014518674304,-0.16863177911500138
2024-09-18,model1,0.0012587900589702274,0.0008,0.0004587900589702274,1.0333753367854432,-0.16825035563991553
2024-09-19,model1,0.0031457037923464885,0.0008,0.0023457037923464885,1.0357993292318581,-0.16629931734485726
2024-09-20,model1,0.002566172639630571,0.0,0.002566172639630571,1.0384573691306807,-0.16415989746338622
2024-09-23,model1,0.002078835481842667,0.0,0.002078835481842667,1.0406161511560104,-0.1624223234010862
2024-09-24,model1,0.002113750950653248,0.0,0.002113750950653248,1.0428157545347816,-0.16065189279092928
2024-09-25,model1,0.0022401072988159853,0.0,0.0022401072988159853,1.0451517737178353,-0.15877166296972278
2024-09-26,model1,0.0012745109480363226,0.0008,0.00047451094803632255,1.0456477096768242,-0.1583724909140034
2024-09-27,model1,0.009669081171765726,0.0,0.009669081171765726,1.0557581622587602,-0.15023472621226008
2024-09-30,model1,0.01296868954901731,0.0,0.01296868954901731,1.069449962103935,-0.13921438418697119
2024-10-08,model1,0.014532264059809653,0.0,0.014532264059809653,1.0849914913519827,-0.12670522031909048
2024-10-09,model1,-0.0031153285932067135,0.0,-0.0031153285932067135,1.0816113863355878,-0.12942582051652862
2024-10-10,model1,-0.011826025436639532,0.0008,-0.012626025436639533,1.0679549334591558,-0.1404177122511685
2024-10-11,model1,0.006901308802952989,0.0,0.006901308802952989,1.0753252202425947,-0.1344854694418649
2024-10-14,model1,-0.0036552406231281868,0.0,-0.0036552406231281868,1.0713946478144898,-0.13764913331386863
2024-10-15,model1,-0.00032703343492173145,0.0,-0.00032703343492173145,1.0710442659426582,-0.1379311508799087
2024-10-16,model1,9.42637779722588e-05,0.0008,-0.0007057362220277412,1.0702883912087873,-0.1385395440926146
2024-10-17,model1,0.002909762960389006,0.0,0.002909762960389006,1.0734026767264608,-0.1360328983661756
2024-10-18,model1,0.005367928055329775,0.0,0.005367928055329775,1.079164625069527,-0.1313951851224333
2024-10-21,model1,0.004681050364782147,0.0008,0.0038810503647821472,1.0833529173313132,-0.12802408608880111
2024-10-22,model1,-0.0017485085249272282,0.0,-0.0017485085249272282,1.0814586655198546,-0.1295487434078061
2024-10-23,model1,0.0007189267031937341,0.0,0.0007189267031937341,1.0822361550328972,-0.12892295275561338
2024-10-24,model1,-0.0005984189155001209,0.0,-0.0005984189155001209,1.0815885244466874,-0.12944422173754233
2024-10-25,model1,-0.005405297580351221,0.0,-0.005405297580351221,1.07574221661256,-0.13414983477934517
2024-10-28,model1,-0.00465520961453283,0.0008,-0.00545520961453283,1.0698738173297364,-0.13887322892540177
2024-10-29,model1,-0.002107382930808433,0.0,-0.002107382930808433,1.0676191835089768,-0.14068795278402657
2024-10-30,model1,0.006726082148292046,0.0008,0.005926082148292045,1.0739459824935436,-0.13559559900120766
2024-10-31,model1,-0.00458704972633468,0.0,-0.00458704972633468,1.0690197388684484,-0.1395606649722516
2024-11-01,model1,0.007506598069399528,0.0008,0.006706598069399528,1.0761892245852933,-0.13379004418911922
2024-11-04,model1,0.003002989881078566,0.0008,0.0022029898810785663,1.0785600585571804,-0.13188179242157838
2024-11-05,model1,-0.004592597901035945,0.0,-0.004592597901035945,1.0736066658961094,-0.13586871027955427
2024-11-06,model1,-0.0039913802899659515,0.0,-0.0039913802899659515,1.0693214934106756,-0.13931778687728724
2024-11-07,model1,0.006055726959747876,0.0008,0.005255726959747875,1.0749415552122321,-0.1347942761660027
2024-11-08,model1,0.0035237371206127575,0.0,0.0035237371206127575,1.0787293666728226,-0.1317455186399622
2024-11-11,model1,0.008659358442047838,0.0,0.008659358442047838,1.0880704709208058,-0.1242269918669513
2024-11-12,model1,0.0018087312266442442,0.0,0.0018087312266442442,1.0900384979583497,-0.12264295387968893
2024-11-13,model1,-0.002612370277050413,0.0,-0.002612370277050413,1.0871909137854427,-0.12493493534933431
2024-11-14,model1,-0.008070062273746759,0.0008,-0.00887006227374676,1.0775474626767143,-0.13269681696636593
2024-11-15,model1,0.005285575767792184,0.0,0.005285575767792184,1.0832429214340842,-0.12811262027879444
2024-11-18,model1,0.007195683134930198,0.0,0.007195683134930198,1.09103759425488,-0.12183879496497596
2024-11-19,model1,-0.008160124733652952,0.0,-0.008160124733652952,1.0821345913966556,-0.12900469993431674
2024-11-20,model1,-0.003007538202716376,0.0008,-0.003807538202716376,1.0780143225994319,-0.13232104781370324
2024-11-21,model1,-0.0011586641746289318,0.0,-0.0011586641746289318,1.076765266024099,-0.13332639633068122
2024-11-22,model1,-0.0038861454091446493,0.0,-0.0038861454091446493,1.072580799628813,-0.13669441597680754
2024-11-25,model1,0.0019834147286044604,0.0008,0.0011834147286044604,1.0738501075447122,-0.13567276743338796
2024-11-26,model1,0.004805215541834595,0.0,0.004805215541834595,1.0790101887710868,-0.13151948878222797
2024-11-27,model1,-0.002950842881238991,0.0,-0.002950842881238991,1.0758261992367673,-0.13408223831624977
2024-11-28,model1,0.0008796609564705625,0.0,0.0008796609564705625,1.076772561540184,-0.13332052426978214
2024-11-29,model1,-0.004280897180810329,0.0,-0.004280897180810329,1.0721630089171126,-0.13703068999410195
2024-12-02,model1,-0.004120729653546285,0.0008,-0.004920729653546285,1.0668871846056986,-0.1412771286679484
2024-12-03,model1,-0.0028745634595425786,0.0,-0.0028745634595425786,1.0638203496893768,-0.14374558205575305
2024-12-04,model1,-0.002939085437401623,0.0,-0.002939085437401623,1.0606936907915931,-0.14626218694624382
2024-12-05,model1,0.003537993199878997,0.0008,0.0027379931998789972,1.0635978629041352,-0.143924658619623
2024-12-06,model1,-0.0007000261916650713,0.0,-0.0007000261916650713,1.0628533165427032,-0.144523933780628
2024-12-09,model1,0.002471445313607879,0.0008,0.001671445313607879,1.0646298177376912,-0.14309405231884187
2024-12-10,model1,-0.00023373010311287254,0.0008,-0.0010337301031128725,1.063529277846424,-0.14397986179249644
2024-12-11,model1,-0.005572718040723324,0.0,-0.005572718040723324,1.0576025290529318,-0.14875022065990784
2024-12-12,model1,0.00031823908713635163,0.0008,-0.0004817609128636484,1.0570930174930884,-0.14916031953067765
2024-12-13,model1,0.0021587628857988603,0.0,0.0021587628857988603,1.0593750306660896,-0.14732355840671552
2024-12-16,model1,-0.005591730528875561,0.0,-0.005591730528875561,1.0534512909655855,-0.15209149529642574
2024-12-17,model1,-0.005992548463558123,0.0008,-0.006792548463558123,1.046295672017704,-0.15785095490728784
2024-12-18,model1,9.856547806279519e-05,0.0,9.856547806279519e-05,1.0463988006508114,-0.15776794808405814
2024-12-19,model1,-0.002344416816392192,0.0,-0.002344416816392192,1.0439456057059129,-0.15974249106987448
2024-12-20,model1,-0.0030271334568810816,0.0008,-0.0038271334568810815,1.0399502865511518,-0.16295826869469643
2024-12-23,model1,-0.010101661061052437,0.0,-0.010101661061052437,1.0294450612360677,-0.17141378055829914
2024-12-24,model1,0.0006193659410223878,0.0,0.0006193659410223878,1.0300826644451508,-0.17090058247477669
2024-12-25,model1,-0.004896667984239534,0.0008,-0.005696667984239534,1.024214625509486,-0.17562368658234428
2024-12-26,model1,-0.004320606689139428,0.0,-0.004320606689139428,1.0197893969473952,-0.17918549239646475
2024-12-27,model1,-0.0009545857776587674,0.0008,-0.0017545857776587676,1.0180000889753043,-0.18062568185760175
2024-12-30,model1,-0.002542822634411257,0.0,-0.002542822634411257,1.015411495307225,-0.1827092054198296
2024-12-31,model1,-0.00674224778132313,0.0,-0.00674224778132313,1.00856533940586,-0.18821958246628356
2025-01-02,model1,-0.0014798654032073255,0.0,-0.0014798654032073255,1.0070727984531993,-0.18942090822119284
2025-01-03,model1,-0.004955194421091668,0.0008,-0.005755194421091668,1.0012768987019083,-0.19408594848805172
2025-01-06,model1,-0.0010564794518245434,0.0,-0.0010564794518245434,1.000219070232843,-0.19493738012341078
2025-01-07,model1,-0.0020732667423014385,0.0008,-0.0028732667423014384,0.9973451740433273,-0.1972505397745723
2025-01-08,model1,-0.0022212963245504813,0.0,-0.0022212963245504813,0.9951297748739167,-0.19903368420010592
2025-01-09,model1,0.0023858779778773266,0.0,0.0023858779778773266,0.9975040330889184,-0.1971226763062175
2025-01-10,model1,-0.0034033071768546194,0.0,-0.0034033071768546194,0.9941092204541655,-0.19985511446407833
2025-01-13,model1,0.0020015078880856406,0.0008,0.0012015078880856407,0.9953036505241598,-0.19889373407249555
2025-01-14,model1,-0.007045020745572117,0.0008,-0.007845020745572117,0.9874954727376541,-0.2051784293481046
2025-01-15,model1,-0.0024515672351340893,0.0008,-0.003251567235134089,0.9842845648136571,-0.2077628451250142
2025-01-16,model1,-0.003435852681547358,0.0,-0.003435852681547358,0.9809027080522364,-0.21048485527801286
2025-01-17,model1,-0.0026377621804102524,0.0,-0.0026377621804102524,0.9783153199862743,-0.21256740846762157
2025-01-20,model1,-0.0009160446397642908,0.0,-0.0009160446397642908,0.9774191394814016,-0.2132887318722705
2025-01-21,model1,-0.002041714951679774,0.0008,-0.002841714951679774,0.9746415928986794,-0.21552434104556395
2025-01-22,model1,0.0032820440432351555,0.0,0.0032820440432351555,0.9778404095329416,-0.21294965738202964
2025-01-23,model1,-0.004154605528098898,0.0,-0.004154605528098898,0.9737778683618976,-0.21621954108636243
2025-01-24,model1,0.0028955138159326484,0.0008,0.0020955138159326485,0.9758184333386994,-0.21457711830605075
2025-01-27,model1,0.0049973550265050015,0.0,0.0049973550265050015,0.9806949444915009,-0.21065208132028546
2025-02-05,model1,-0.005153355677995686,0.0,-0.005153355677995686,0.9756410746309239,-0.21471987189892772
2025-02-06,model1,-0.006626371256543619,0.0008,-0.007426371256543619,0.9683956017975814,-0.22055165367059237
2025-02-07,model1,0.0017027093708630765,0.0,0.0017027093708630765,0.9700444980634647,-0.2192244796671936
2025-02-10,model1,0.001754641303782023,0.0,0.001754641303782023,0.9717465782062734,-0.21785449869023576
2025-02-11,model1,-0.0010308873579912617,0.0,-0.0010308873579912617,0.9707448169436292,-0.21866080259964582
2025-02-12,model1,0.0016800831606776263,0.0008,0.0008800831606776263,0.9715991531103365,-0.21797315912923632
2025-02-13,model1,0.0030104755723785017,0.0,0.0030104755723785017,0.9745241286269188,-0.21561888642785054
2025-02-14,model1,-0.0003720221358668673,0.0,-0.0003720221358668673,0.9741615840791332,-0.2159106935650552
2025-02-17,model1,0.00048208054887215467,0.0,0.00048208054887215467,0.9746312084302762,-0.21553269936184438
2025-02-18,model1,0.005256494579710536,0.0008,0.004456494579710536,0.9789746471278624,-0.21203672508859028
2025-02-19,model1,0.005180934460916476,0.0,0.005180934460916476,0.9840466506135306,-0.20795433900366522
2025-02-20,model1,0.00323771525666432,0.0,0.00323771525666432,0.9872327134674914,-0.2053899206830827
2025-02-21,model1,0.0015353269922082193,0.0,0.0015353269922082193,0.9887484385000691,-0.20416993438002662
2025-02-24,model1,0.000412642078525538,0.0,0.000412642078525538,0.9891564377108707,-0.20384154140759603
2025-02-25,model1,0.00031814916644958783,0.0008,-0.0004818508335504122,0.988679811856848,-0.204225171024507
2025-02-26,model1,-0.0012562974876115796,0.0008,-0.0020562974876115795,0.9866467920436744,-0.20586152080603382
2025-02-27,model1,-0.0033670794153800813,0.0,-0.0033670794153800813,0.9833246739399334,-0.20853544813228908
2025-02-28,model1,-0.005230082784127,0.0008,-0.006030082784127,0.977395144752401,-0.21330804490075328
2025-03-03,model1,-0.003349378517095536,0.0,-0.003349378517095536,0.9741214784518538,-0.2159429740347346
2025-03-04,model1,-0.004636398252926633,0.0,-0.004636398252926633,0.9696050633310214,-0.21957817466011476
2025-03-05,model1,0.0022063227866289557,0.0008,0.0014063227866289558,0.9709686410256146,-0.21848064966395675
2025-03-06,model1,8.86354122538787e-05,0.0008,-0.0007113645877461213,0.9702779283185771,-0.21903659485442406
2025-03-07,model1,0.0019605925612658837,0.0,0.0019605925612658837,0.9721802480071988,-0.21750544381167491
2025-03-10,model1,-0.0019597951998510336,0.0,-0.0019597951998510336,0.9702749738237644,-0.2190389728868023
2025-03-11,model1,-7.469938788720034e-05,0.0008,-0.0008746993878872004,0.9694262748980784,-0.21972207901918206
2025-03-12,model1,0.0016734766914171752,0.0008,0.0008734766914171751,0.9702730461532493,-0.21904052444237787
2025-03-13,model1,0.0024221558087333507,0.0008,0.0016221558087333508,0.971846980211124,-0.21777368649271678
2025-03-14,model1,-0.00431744305851165,0.0,-0.00431744305851165,0.967651086212476,-0.22115090406015403
2025-03-17,model1,0.0009041403202856735,0.0,0.0009041403202856735,0.9685259785754888,-0.22044671518909675
2025-03-18,model1,0.0013895291382542752,0.0008,0.0005895291382542752,0.9690969528610153,-0.21998714581287893
2025-03-19,model1,0.003131889324123494,0.0008,0.002331889324123494,0.9713567796994326,-0.2181682421655209
2025-03-20,model1,0.0014400633930338638,0.0,0.0014400633930338638,0.972755595039453,-0.2170423548715521
2025-03-21,model1,0.0005227524135958724,0.0,0.0005227524135958724,0.9732641053745986,-0.21663306187281794
2025-03-24,model1,-0.0028782468564676035,0.0008,-0.0036782468564676035,0.9696841997384917,-0.21951447885044495
2025-03-25,model1,0.0012699092456648132,0.0,0.0012699092456648132,0.9709156106691147,-0.21852333307102967
2025-03-26,model1,-0.0022714123749962402,0.0,-0.0022714123749962402,0.9687102609359638,-0.22029838884306296
2025-03-27,model1,0.0014094073854967527,0.0,0.0014094073854967527,0.9700755683321334,-0.2191994716338147
2025-03-28,model1,0.0011406044066272882,0.0008,0.00034060440662728815,0.9704059803454687,-0.2189335275331563
2025-03-31,model1,-0.001833502351189553,0.0,-0.001833502351189553,0.9686267386988969,-0.22036561474685956
2025-04-01,model1,0.0028338800763813236,0.0,0.0028338800763813236,0.971371710715146,-0.21815622439562876
2025-04-02,model1,0.0010377844060063702,0.0,0.0010377844060063702,0.972379785128962,-0.21734483911737346
2025-04-03,model1,-0.004179583909415419,0.0,-0.004179583909415419,0.9683156422251962,-0.22061601203441938
2025-04-07,model1,-0.016386260490645108,0.0,-0.016386260490645108,0.9524485698745279,-0.23338720108346112
2025-04-08,model1,-0.006102879746795154,0.0008,-0.006902879746795154,0.945873931931677,-0.238679037046736
2025-04-09,model1,-0.004939853238306745,0.0,-0.004939853238306745,0.9412014535259944,-0.24243985087097153
2025-04-10,model1,-0.005278968365519087,0.0,-0.005278968365519087,0.9362328808272501,-0.24643898693320154
2025-04-11,model1,-0.0016226643324067425,0.0008,-0.0024226643324067425,0.9339647028200435,-0.2482646123218507
2025-04-14,model1,0.001966007569072481,0.0,0.001966007569072481,0.9358008844950342,-0.24678669485973592
2025-04-15,model1,-0.002720926676952606,0.0,-0.002720926676952606,0.9332546389040959,-0.24883613303512764
2025-04-16,model1,-0.0068897379415072905,0.0008,-0.007689737941507291,0.9260781552982273,-0.2546123863232168
2025-04-17,model1,0.00020015947615732444,0.0,0.00020015947615732444,0.9262635186166727,-0.254463189928929
2025-04-18,model1,-0.0006067920523292526,0.0,-0.0006067920523292526,0.9257014692752136,-0.254915575739999
2025-04-21,model1,-0.0066004641783135925,0.0,-0.0066004641783135925,0.9195914098874503,-0.2598334787921466
2025-04-22,model1,0.0018503963131898617,0.0008,0.0010503963131898615,0.9205573453140371,-0.25905601060712324
2025-04-23,model1,0.0019245779564327492,0.0,0.0019245779564327492,0.9223290296884608,-0.25763000613818643
2025-04-24,model1,-0.003050292005751176,0.0,-0.003050292005751176,0.9195156568225299,-0.2598944513957726
2025-04-25,model1,0.0025072195870301075,0.0008,0.0017072195870301075,0.9210854719624381,-0.2586309287067259
2025-04-28,model1,0.002417977032241092,0.0,0.002417977032241092,0.923312635478374,-0.25683831531992496
2025-04-29,model1,-0.0013342706264316995,0.0,-0.0013342706264316995,0.9220806865498421,-0.25782989412648294
2025-04-30,model1,-0.0037887176021174085,0.0008,-0.004588717602117409,0.9178495186728983,-0.26123550315507016
2025-05-06,model1,0.005495608776845896,0.0,0.005495608776845896,0.9228936605435408,-0.257175542502187
2025-05-07,model1,-0.0027786836134977124,0.0,-0.0027786836134977124,0.9203292310519875,-0.25923961664994155
2025-05-08,model1,0.00031669963337535036,0.0,0.00031669963337535036,0.9206206989820463,-0.2590050181081156
2025-05-09,model1,-0.00427949101855134,0.0008,-0.00507949101855134,0.9159444144100746,-0.2627688954634271
2025-05-12,model1,-0.0022563745735745934,0.0,-0.0022563745735745934,0.913877700722592,-0.26443236498255174
2025-05-13,model1,0.0016342863132545295,0.0,0.0016342863132545295,0.9153712385408715,-0.2632302368641696
2025-05-14,model1,0.005546773288792473,0.0,0.005546773288792473,0.9204485952761389,-0.25914354202201784
2025-05-15,model1,0.00382263300321486,0.0,0.00382263300321486,0.9239671324542043,-0.25631151967510635
2025-05-16,model1,-0.0034887751842813232,0.0,-0.0034887751842813232,0.9207436188514064,-0.25890608159009976
2025-05-19,model1,-0.002050173254923227,0.0008,-0.0028501732549232267,0.9181193400143149,-0.26101832765573785
2025-05-20,model1,0.00015136901288013158,0.0,0.00015136901288013158,0.918258314832519,-0.26090646872945866
2025-05-21,model1,-0.0010023439249417622,0.0,-0.0010023439249417622,0.9173379041891193,-0.2616472946404915
2025-05-22,model1,-0.004559246551220397,0.0,-0.004559246551220397,0.9131555345131414,-0.26501362666598605
2025-05-23,model1,-0.00033635922974748454,0.0008,-0.0011363592297474845,0.9121178617933023,-0.26584883521506275
2025-05-26,model1,-0.0029950793176778843,0.0,-0.0029950793176778843,0.9093859964501607,-0.2680476761847592
2025-05-27,model1,-0.0008737874184239658,0.0,-0.0008737874184239658,0.9085913864079717,-0.26868724691619517
2025-05-28,model1,0.0007245514193581215,0.0008,-7.544858064187853e-05,0.9085228344774837,-0.26874242342542065
2025-05-29,model1,0.004698863806964137,0.0,0.004698863806964137,0.9127918595422103,-0.26530634366528616
2025-05-30,model1,-0.0016021909027603253,0.0,-0.0016021909027603253,0.911329392728738,-0.2664834631577814
2025-06-03,model1,0.00039202899973060927,0.0,0.00039202899973060927,0.9116866602789946,-0.26619590340355725
2025-06-04,model1,0.002577086644617932,0.0008,0.0017770866446179322,0.9133068064670526,-0.2648918699437298
2025-06-05,model1,-0.0019640801236557874,0.0,-0.0019640801236557874,0.9115129987216711,-0.26633568121071116
2025-06-06,model1,5.98552568742861e-05,0.0,5.98552568742861e-05,0.9115675575663539,-0.2662917675444505
2025-06-09,model1,-0.0033259713119363266,0.0,-0.0033259713119363266,0.9085357100209963,-0.2687320600769292
2025-06-10,model1,0.001731637170431055,0.0,0.001731637170431055,0.9101089642271326,-0.26746576933061394
2025-06-11,model1,-7.65332434996325e-05,0.0,-7.65332434996325e-05,0.9100393106361622,-0.2675218325512616
2025-06-12,model1,-0.0006103179276709892,0.0,-0.0006103179276709892,0.9094838973299956,-0.26796887710848316
2025-06-13,model1,0.0019107492175098884,0.0,0.0019107492175098884,0.9112216929751566,-0.2665701492132253
2025-06-16,model1,-0.0006393107819202548,0.0,-0.0006393107819202548,0.910639139122118,-0.26703903882461544
2025-06-17,model1,0.0010143743552041063,0.0,0.0010143743552041063,0.9115628681116885,-0.2662955420222335
2025-06-18,model1,-0.0002501469951502689,0.0,-0.0002501469951502689,0.9113348433993398,-0.266479075987725
2025-06-19,model1,0.0026565827949692096,0.0,0.0026565827949692096,0.9137558798647704,-0.2645304169212441
2025-06-20,model1,0.003859983449996474,0.0,0.003859983449996474,0.9172829624383853,-0.2616915165025844
2025-06-23,model1,-0.0008040086245736159,0.0,-0.0008040086245736159,0.9165454590254103,-0.2622851228909122
2025-06-24,model1,-0.0018217352742464499,0.0,-0.0018217352742464499,0.9148757558322533,-0.2636290441048782
2025-06-25,model1,-0.00202515529963927,0.0008,-0.0028251552996392698,0.9122910897421525,-0.26570940641342566
2025-06-26,model1,-0.0003101638892597958,0.0,-0.0003101638892597958,0.912008129989621,-0.26593715683977937
2025-06-27,model1,0.006258945292916396,0.0008,0.005458945292916396,0.9169867324779293,-0.2619299479374051
2025-06-30,model1,-0.0028715296387249014,0.0008,-0.0036715296387249013,0.9136199885113191,-0.26463979400900817
2025-07-01,model1,0.00045911215580227713,0.0,0.00045911215580227713,0.9140394425538285,-0.2643021811995444
2025-07-02,model1,-0.003524192500999357,0.0,-0.003524192500999357,0.9108181916047627,-0.2668949219355625
2025-07-03,model1,0.0017232704991523742,0.0008,0.0009232704991523742,0.9116591231711628,-0.26621806764420675
2025-07-04,model1,0.003091718567527124,0.0008,0.002291718567527124,0.9137483893109897,-0.2645364459653111
2025-07-07,model1,0.0005544297336676163,0.0008,-0.00024557026633238374,0.9135239998756658,-0.2647170539461531
2025-07-08,model1,-0.002950399867444187,0.0,-0.002950399867444187,0.9108287387875256,-0.2668864326527244
2025-07-09,model1,0.0005649834577264646,0.0,0.0005649834577264646,0.9113433419577623,-0.26647223561453837
2025-07-10,model1,0.0004976787916686656,0.0008,-0.0003023212083313344,0.911067823537417,-0.2666939966146119
2025-07-11,model1,0.0029671043262687216,0.0,0.0029671043262687216,0.9137710568181591,-0.2645182011994883
2025-07-14,model1,-0.0005630783304297449,0.0,-0.0005630783304297449,0.9132565321370908,-0.26493233506281844
2025-07-15,model1,0.0013951833511320457,0.0,0.0013951833511320457,0.9145306924460411,-0.2639067808947425
2025-07-16,model1,0.0008172028247499963,0.0008,1.7202824749996287e-05,0.9145464249572718,-0.2638941180120945
2025-07-17,model1,-0.003848558455830808,0.0,-0.003848558455830808,0.9110267395802527,-0.26672706452860584
2025-07-18,model1,0.0018248619112473995,0.0008,0.0010248619112473993,0.9119604161857764,-0.26597556102649267
2025-07-21,model1,0.0029286674080385216,0.0,0.0029286674080385216,0.9146312449340809,-0.2638258475753672
2025-07-22,model1,0.0005046618250693414,0.0008,-0.00029533817493065863,0.9143611194114675,-0.26404326790597543
2025-07-23,model1,0.0023637218798595594,0.0,0.0023637218798595594,0.9165224147955132,-0.26230367087569484
2025-07-24,model1,-0.0046456585245587155,0.0,-0.0046456585245587155,0.9122645646262694,-0.2657307561156268
2025-07-25,model1,-0.002788742255665167,0.0,-0.002788742255665167,0.9097204938865501,-0.2677784437830826
2025-07-28,model1,-0.00047500135768734357,0.0,-0.00047500135768734357,0.909288375416838,-0.26812625001641344
2025-07-29,model1,-0.0012380956721032453,0.0008,-0.002038095672103245,0.9074351587142072,-0.26961787873878096
2025-07-30,model1,-0.004140527337434508,0.0,-0.004140527337434508,0.9036778986326018,-0.2726420458786364
2025-07-31,model1,0.0005552848452799802,0.0008,-0.00024471515472001984,0.9034567549558209,-0.27282004139291605
2025-08-01,model1,-0.0023060679491943683,0.0,-0.0023060679491943683,0.9013733222897341,-0.2744969677887563
2025-08-04,model1,-0.0009075363627841782,0.0,-0.0009075363627841782,0.9005552932233126,-0.2751553881717982
2025-08-05,model1,0.00043026672576589346,0.0008,-0.0003697332742341066,0.9002223279661203,-0.2754233873434404
2025-08-06,model1,0.0024761960849545516,0.0008,0.0016761960849545517,0.9017312771078457,-0.27420885486205593
2025-08-07,model1,0.0013748923359226508,0.0,0.0013748923359226508,0.9029710605298031,-0.2732109701791251
2025-08-08,model1,-0.000419718621822396,0.0,-0.000419718621822396,0.902592066760732,-0.27351601706907724
2025-08-11,model1,-0.004214365230511064,0.0,-0.004214365230511064,0.8987882141372404,-0.2765776859072645
2025-08-12,model1,0.0008019428175659372,0.0008,1.9428175659371534e-06,0.8987899603187709,-0.2765762804296852
2025-08-13,model1,0.004754797762900864,0.0,0.004754797762900864,0.9030635248114123,-0.2731365469462429
2025-08-14,model1,-0.007154321043086977,0.0,-0.007154321043086977,0.8966027184326096,-0.2783367614438762
2025-08-15,model1,0.008148544798505065,0.0008,0.007348544798505064,0.9031914436754731,-0.2730335868059123
2025-08-18,model1,-0.0052186757646872205,0.0008,-0.006018675764687221,0.8977554272225508,-0.2774089619387451
2025-08-19,model1,0.0029552939357412548,0.0,0.0029552939357412548,0.9004085583924004,-0.2752734930259416
2025-08-20,model1,-0.0005435306709842712,0.0,-0.0005435306709842712,0.8999191587244975,-0.27566740411055735
2025-08-21,model1,-0.0035547000869375458,0.0,-0.0035547000869375458,0.8967202160127427,-0.2782421892521373
2025-08-22,model1,-0.0022037943675125684,0.0008,-0.0030037943675125683,0.8940266528786489,-0.2804102012987699
2025-08-25,model1,0.0007988841857621944,0.0,0.0007988841857621944,0.8947408766332836,-0.2798353323883517
2025-08-26,model1,-0.003386473239290977,0.0,-0.003386473239290977,0.8917108605984653,-0.28227415076310136
2025-08-27,model1,-0.0010926222655328393,0.0,-0.0010926222655328393,0.8907365574577579,-0.2830583540065261
2025-08-28,model1,-0.002857082332294869,0.0008,-0.003657082332294869,0.88747906053075,-0.28568026863337526
2025-08-29,model1,-0.0002571555954947514,0.0,-0.0002571555954947514,0.88725084032445,-0.2858639599492685
2025-09-01,model1,0.0031320396566848706,0.0,0.0031320396566848706,0.8900297451417732,-0.2836272575515617
2025-09-02,model1,-0.00992661495516911,0.0,-0.00992661495516911,0.8811947625631036,-0.2907384139302258
2025-09-03,model1,-0.0010948184739716814,0.0008,-0.0018948184739716813,0.8795250584478319,-0.2920823358863893
2025-09-04,model1,0.0030759633675112585,0.0,0.0030759633675112585,0.8822304453084256,-0.2899048070843617
2025-09-05,model1,-0.008505965911994996,0.0,-0.008505965911994996,0.874726223214108,-0.2959448525895737
2025-09-08,model1,-0.004839382645835499,0.0008,-0.0056393826458355,0.8697933073310571,-0.2999152889695912
2025-09-09,model1,-0.0020820692779232263,0.0,-0.0020820692779232263,0.8679823374077199,-0.3013729138383713
2025-09-10,model1,-0.0013152758574757506,0.0,-0.0013152758574757506,0.8668407011946122,-0.30229180117817833
2025-09-11,model1,0.005079784268124055,0.0008,0.004279784268124054,0.8705505923905547,-0.2993057606051194
2025-09-12,model1,-0.0033565106706694436,0.0,-0.0033565106706694436,0.8676285800378382,-0.30165764829652497
2025-09-15,model1,-0.0002170488744754007,0.0008,-0.0010170488744754007,0.866746159367048,-0.3023678965993234
2025-09-16,model1,0.005002913861969516,0.0,0.005002913861969516,0.8710824157425543,-0.29887770327866525
2025-09-17,model1,0.0031680567239724235,0.0,0.0031680567239724235,0.8738420542468817,-0.2966565080722101
2025-09-18,model1,0.002097980015794399,0.0,0.002097980015794399,0.8756753574136522,-0.29518090748190673
2025-09-19,model1,-0.0012176552254498764,0.0,-0.0012176552254498764,0.8746090867388997,-0.2960391341329083
2025-09-22,model1,0.0013464093777240116,0.0,0.0013464093777240116,0.8757866686151276,-0.29509131462155413
2025-09-23,model1,-0.0020941299809117187,0.0008,-0.0028941299809117187,0.8732520281606057,-0.297131411981713
2025-09-24,model1,-0.005226314623093932,0.0,-0.005226314623093932,0.8686881383161834,-0.30080482436138645
2025-09-25,model1,0.0008378941192050959,0.0,0.0008378941192050959,0.8694160069987018,-0.3002189728355422
2025-09-26,model1,0.0038838316927527045,0.0,0.0038838316927527045,0.8727926724408699,-0.29750114110425385
2025-09-29,model1,-0.0017017627999130983,0.0008,-0.0025017627999130983,0.8706091522009206,-0.29925862661642055
2025-09-30,model1,0.0012246654794121348,0.0008,0.00042466547941213473,0.8709788698539207,-0.2989610459451486
2025-10-09,model1,-0.003132330401331718,0.0008,-0.003932330401331718,0.8675538931650766,-0.30171776273669637
2025-10-10,model1,-0.0019276999867081212,0.0008,-0.002727699986708121,0.8651874664222217,-0.30362246718599795
2025-10-13,model1,0.00014283295982666635,0.0,0.00014283295982666635,0.8653110437088558,-0.3035230015218292
2025-10-14,model1,0.00903051854050112,0.0,0.00903051854050112,0.8731252511323689,-0.2972334530740396
2025-10-15,model1,-7.54201447879417e-05,0.0,-7.54201447879417e-05,0.8730593998995105,-0.2972864558287609
2025-10-16,model1,0.005804331969003585,0.0,0.005804331969003585,0.8781269264851863,-0.293207673139276
2025-10-17,model1,0.005105572059285723,0.0,0.005105572059285723,0.8826102667855554,-0.28959909398353834
2025-10-20,model1,-0.002098825789434589,0.0008,-0.0028988257894345887,0.8800517333821778,-0.2916584224507366
2025-10-21,model1,0.002205989657132079,0.0008,0.001405989657132079,0.8812890770170543,-0.29066250151898565
2025-10-22,model1,0.003557799784327154,0.0008,0.002757799784327154,0.8837194958435818,-0.2887062907186596
2025-10-23,model1,-0.001421432193382888,0.0,-0.001421432193382888,0.8824633485022696,-0.2897173464959828
2025-10-24,model1,0.003973284482609696,0.0,0.003973284482609696,0.8859696264313455,-0.2868951914505484
2025-10-27,model1,0.0035460869381314986,0.0008,0.0027460869381314987,0.8884025760500698,-0.2849369436502721
2025-10-28,model1,-0.00041118400620510087,0.0,-0.00041118400620510087,0.8880372791197266,-0.28523096614247123
2025-10-29,model1,-0.005972017585191924,0.0,-0.005972017585191924,0.8827339048725176,-0.289499579382019
2025-10-30,model1,0.0029502210426190167,0.0008,0.0021502210426190167,0.8846319778898076,-0.2879718464268166
2025-10-31,model1,0.0016397362033397918,0.0,0.0016397362033397918,0.8860825409705856,-0.28680430808560553
2025-11-03,model1,-0.0004952481208500893,0.0,-0.0004952481208500893,0.8856437102572519,-0.28715751691182456
2025-11-04,model1,-0.00624819210679366,0.0008,-0.007048192106793661,0.8794015232491853,-0.29218176767451376
2025-11-05,model1,-0.0016907832986905902,0.0,-0.0016907832986905902,0.8779146458408326,-0.29337853492023835
2025-11-06,model1,-0.001549535920584955,0.0008,-0.002349535920584955,0.8758519538452219,-0.2950387674346997
2025-11-07,model1,-0.00012965435158509566,0.0008,-0.0009296543515850957,0.8750377142649853,-0.2956941377122527
2025-11-10,model1,0.0011746804767644116,0.0008,0.00037468047676441154,0.875365573812953,-0.29543024805598284
2025-11-11,model1,-0.00032483989976053165,0.0008,-0.0011248398997605316,0.8743809276886514,-0.2962227762251338
2025-11-12,model1,0.00392729960446121,0.0008,0.00312729960446121,0.8771153788179604,-0.294021853991594
2025-11-13,model1,0.002329142736688894,0.0,0.002329142736688894,0.8791583057317724,-0.29237753012055734
2025-11-14,model1,-0.00193056853202096,0.0,-0.00193056853202096,0.8774610303720618,-0.29374364379345763
2025-11-17,model1,0.0034633328549435126,0.0,0.0034633328549435126,0.880499969987482,-0.2912976429509947
2025-11-18,model1,-0.003459959926748235,0.0,-0.003459959926748235,0.8774534753758224,-0.2937497247063763
2025-11-19,model1,-0.003889879631758664,0.0,-0.003889879631758664,0.8740402869741422,-0.29649695326716485
2025-11-20,model1,-0.0018172921011455402,0.0008,-0.00261729210114554,0.8717526682349617,-0.29833822623451056
2025-11-21,model1,0.006878859256740543,0.0,0.006878859256740543,0.877749332146438,-0.2935115936469428
2025-11-24,model1,-0.003741118547229272,0.0,-0.003741118547229272,0.8744655678401269,-0.2961546505273527
2025-11-25,model1,-0.002595443440060574,0.0008,-0.003395443440060574,0.8714963694642452,-0.2985445176020368
2025-11-26,model1,0.00011594482506573913,0.0,0.00011594482506573913,0.8715974149583483,-0.2984631874688387
2025-11-27,model1,-0.0008530871655238582,0.0,-0.0008530871655238582,0.8708538663901435,-0.2990616595197516
2025-11-28,model1,0.004975139292118015,0.0,0.004975139292118015,0.875186485678514,-0.2955743936406763
2025-12-01,model1,0.00075739548399314,0.0008,-4.2604516006860085e-05,0.8751491987818759,-0.29560440535269805
2025-12-02,model1,0.0014335186217078189,0.0008,0.0006335186217078188,0.875703622096077,-0.29515815762643993
2025-12-03,model1,-0.00042985998786240244,0.0,-0.00042985998786240244,0.8753271921477117,-0.2954611409322476
2025-12-04,model1,-0.0005796086974534377,0.0008,-0.0013796086974534377,0.8741195831403072,-0.29643312886991136
2025-12-05,model1,-0.0011287636097761407,0.0,-0.0011287636097761407,0.8731329087642659,-0.297227289551087
2025-12-08,model1,-0.0018878250990113977,0.0008,-0.0026878250990113976,0.8707860802173164,-0.2991162196811319
2025-12-09,model1,-1.1302499651355373e-05,0.0008,-0.0008113024996513554,0.8700796092937745,-0.29968484844406973
2025-12-10,model1,-0.0031912085590290575,0.0,-0.0031912085590290575,0.8673030037975595,-0.3019197001497327
2025-12-11,model1,0.0025328554404628447,0.0,0.0025328554404628447,0.869499756929258,-0.300151563664377
2025-12-12,model1,-0.002540996982344002,0.0008,-0.003340996982344002,0.8665947608652085,-0.3024897551782725
2025-12-15,model1,-0.0021027128588501313,0.0,-0.0021027128588501313,0.864772560918125,-0.30395641893923886
2025-12-16,model1,-0.002010847258144777,0.0,-0.002010847258144777,0.8630336353850839,-0.30535605626576423
2025-12-17,model1,0.002805395914132003,0.0008,0.0020053959141320033,0.8647643595112436,-0.30396302013922305
2025-12-18,model1,0.002987789513099992,0.0,0.002987789513099992,0.867348093395894,-0.3018834081500652
2025-12-19,model1,-0.0030940258218146613,0.0,-0.0030940258218146613,0.8646644959984254,-0.30404339891188614
2025-12-22,model1,-0.0026887906316570565,0.0008,-0.0034887906316570564,0.8616478626052596,-0.3064714457818023
2025-12-23,model1,-0.0009035631717875249,0.0,-0.0009035631717875249,0.8608693093295601,-0.30709809264197685
2025-12-24,model1,0.005559016922586845,0.0,0.005559016922586845,0.8656548963882587,-0.303246239213281
2025-12-25,model1,0.002179664095198941,0.0,0.002179664095198941,0.8675417332847494,-0.30172755005769925
2025-12-26,model1,0.0009408604140327627,0.0,0.0009408604140327627,0.8683579689591184,-0.3010705731513388
2025-12-29,model1,-9.913513645587457e-05,0.0,-9.913513645587457e-05,0.8682718841733731,-0.3011398616154425
2025-12-30,model1,0.0012718118448572292,0.0008,0.00047181184485722914,0.8686815451328825,-0.30081013112425414
2025-12-31,model1,-0.0010708102783220763,0.0,-0.0010708102783220763,0.8677513520057655,-0.301558830822345
2026-01-05,model1,-0.000890158541667142,0.0,-0.000890158541667142,0.8669789157277343,-0.3021805541949405
2026-01-06,model1,-0.0009025534783987151,0.0,-0.0009025534783987151,0.866196420891646,-0.3028103735630461
2026-01-07,model1,-0.004847514291693767,0.0,-0.004847514291693767,0.8619975213619597,-0.30619001024121983
2026-01-08,model1,-0.003920977322842845,0.0,-0.003920977322842845,0.8586176486283528,-0.3089104234774258
2026-01-09,model1,-0.0066443619845684585,0.0008,-0.007444361984568459,0.8522257880456243,-0.314055144448822
2026-01-12,model1,0.008353156727275213,0.0,0.008353156727275213,0.8593445636201951,-0.3083253395641349
2026-01-13,model1,-0.0037578349774576745,0.0,-0.0037578349774576745,0.856115288561335,-0.3109245387961419
2026-01-14,model1,0.006809686794491388,0.0008,0.006009686794491388,0.8612602733055643,-0.30678341109653695
2026-01-15,model1,-0.0006200715510920941,0.0,-0.0006200715510920941,0.8607262303120017,-0.3072132549820611
2026-01-16,model1,-0.0037821180040289006,0.0,-0.0037821180040289006,0.8574708621397987,-0.309833456203346
2026-01-19,model1,-0.0031826461661610406,0.0008,-0.003982646166161041,0.8540558590981029,-0.31258214534301043
2026-01-20,model1,-0.0012494906881648671,0.0,-0.0012494906881648671,0.8529887242549872,-0.31344106755128254
2026-01-21,model1,0.004928863262748484,0.0008,0.0041288632627484835,0.8565105980621023,-0.31060635959738325
2026-01-22,model1,-0.004109260623597866,0.0,-0.004109260623597866,0.8529909727877915,-0.3134392577380485
2026-01-23,model1,-0.012403221653896868,0.0,-0.012403221653896868,0.8424111366835314,-0.3219548228031873
2026-01-26,model1,0.006181485915278761,0.0008,0.005381485915278761,0.8469445603504678,-0.31830593223217996
2026-01-27,model1,0.0016180860353432359,0.0,0.0016180860353432359,0.8483149895162808,-0.31720289258074863
2026-01-28,model1,0.0013740987690662012,0.0,0.0013740987690662012,0.8494806580991556,-0.31626466191592173
2026-01-29,model1,-0.010456245003688292,0.0008,-0.011256245003688293,0.8399186956856972,-0.3239609543990758
2026-01-30,model1,0.0012071599555376622,0.0,0.0012071599555376622,0.8409326119010364,-0.32314486713484647
2026-02-02,model1,0.00767099714608457,0.0,0.00767099714608457,0.8473834035669787,-0.3179527133423251
2026-02-03,model1,-0.00823718728324474,0.0,-0.00823718728324474,0.8404033477710842,-0.32357086457855333
2026-02-04,model1,0.003972584580670712,0.0008,0.0031725845806707125,0.8430695984737667,-0.32142483593359883
2026-02-05,model1,-0.006038542285457771,0.0,-0.006038542285457771,0.837978687053799,-0.32552244075567527
2026-02-06,model1,0.0027808352274479643,0.0,0.0027808352274479643,0.8403089677066087,-0.32364682979880555
2026-02-09,model1,0.0023124741043780263,0.0008,0.0015124741043780264,0.8415799132599415,-0.32262386314346225
2026-02-10,model1,0.0009630594896548939,0.0,0.0009630594896548939,0.8423904047817093,-0.3219715096267969
2026-02-11,model1,-0.000796263612482484,0.0,-0.000796263612482484,0.8417196399548772,-0.3225113990419076
2026-02-12,model1,-0.005827297898962503,0.0,-0.005827297898962503,0.8368146888654526,-0.32645932694284174
2026-02-13,model1,-6.70607512121002e-06,0.0008,-0.0008067060751212101,0.8361396253721942,-0.3270026762956382
2026-02-24,model1,0.0035778973060804024,0.0,0.0035778973060804024,0.8391312470853205,-0.32459476098415707
2026-02-25,model1,0.004628537306124515,0.0,0.004628537306124515,0.8430151973671898,-0.3214686226386202
2026-02-26,model1,0.003990704902344256,0.0,0.003990704902344256,0.8463794222480737,-0.31876080414458974
2026-02-27,model1,0.004157458332252961,0.0,0.004157458332252961,0.8498982094293465,-0.31592858057352335
2026-03-02,model1,-0.0009313145710333704,0.0,-0.0009313145710333704,0.8491066868430097,-0.3165656662540627
2026-03-03,model1,-0.013176407901325637,0.0008,-0.013976407901325637,0.8372392254359486,-0.3261176232762666
2026-03-04,model1,-0.0037382124973280645,0.0,-0.0037382124973280645,0.8341094473001707,-0.3286367387986645
2026-03-05,model1,-0.0010051983030250789,0.0,-0.0010051983030250789,0.8332710018992074,-0.3293115920095374
2026-03-06,model1,-0.0018939136577468042,0.0,-0.0018939136577468042,0.8316928585681062,-0.330581817945523
2026-03-09,model1,-0.00010299595190113022,0.0,-0.00010299595190113022,0.8316071975704485,-0.33065076530840365
2026-03-10,model1,-0.003776066323459216,0.0,-0.003776066323459216,0.8284669936373565,-0.3331782724121557
2026-03-11,model1,0.0008024840279581725,0.0008,2.484027958172424e-06,0.8284690515725311,-0.33317661600834125
2026-03-12,model1,-0.00024077630265275643,0.0,-0.00024077630265275643,0.8282695758574313,-0.33333717127726115
2026-03-13,model1,-0.0037456988836126032,0.0,-0.0037456988836126032,0.8251671274318119,-0.33583428949055394
2026-03-16,model1,-0.0022796427394508713,0.0008,-0.0030796427394508713,0.822625907478983,-0.3378796825987165
2026-03-17,model1,0.009549922227064522,0.0,0.009549922227064522,0.8304819209173757,-0.33155648506257496
2026-03-18,model1,-0.004302425026635914,0.0,-0.004302425026635914,0.8269088347166521,-0.33443241317013417
2026-03-19,model1,0.004732234124541934,0.0008,0.003932234124541934,0.8301604338544102,-0.3318152455930128
2026-03-20,model1,-0.0015039705139693552,0.0008,-0.002303970513969355,0.8282477686929456,-0.33335472356505036
2026-03-23,model1,0.0037620002846299634,0.0008,0.0029620002846299635,0.8307010388195583,-0.33138012006650275
2026-03-24,model1,0.0029013026290249048,0.0008,0.002101302629024905,0.8324465930963635,-0.32997514735498024
2026-03-25,model1,-0.004913288256682247,0.0008,-0.005713288256682247,0.8276905857517108,-0.3338031924772823
2026-03-26,model1,-0.0015881687596949415,0.0,-0.0015881687596949415,0.8263760734207264,-0.33486122543479835
2026-03-27,model1,0.003208971342206546,0.0,0.003208971342206546,0.8290278905582187,-0.33272681416862826
2026-03-30,model1,0.0014109171161041268,0.0008,0.0006109171161041267,0.8295343578862885,-0.33231916555828644
2026-03-31,model1,0.006036829752036521,0.0008,0.005236829752036521,0.8338784880920038,-0.3288226346996176
2026-04-01,model1,-0.0004828450764311036,0.0,-0.0004828450764311036,0.8334758539696867,-0.329146709385865
2026-04-02,model1,-0.003952305006175428,0.0008,-0.004752305006175428,0.8295149224963403,-0.33233480883725974
2026-04-03,model1,0.0004963221564329599,0.0,0.0004963221564329599,0.829926629131467,-0.3320034318098066
2026-04-07,model1,-0.0019307171532624069,0.0,-0.0019307171532624069,0.8283242755526535,-0.3332931442423319
2026-04-08,model1,-0.008944729768317838,0.0,-0.008944729768317838,0.8209151387472974,-0.3392566569017691
2026-04-09,model1,-0.0007271371865319232,0.0008,-0.0015271371865319232,0.8196614887119293,-0.3402657026317678
2026-04-10,model1,0.0015271041119127916,0.0,0.0015271041119127916,0.8209131971417178,-0.339258219673487
2026-04-13,model1,-6.860868139275668e-05,0.0,-6.860868139275668e-05,0.820856875369724,-0.33930355229577636
2026-04-14,model1,0.002658733171757532,0.0008,0.0018587331717575322,0.8223826292732388,-0.33807549389196623
2026-04-15,model1,0.0035725602121677636,0.0008,0.0027725602121677637,0.8246627346303397,-0.33624026834287224
2026-04-16,model1,0.006006548745639151,0.0008,0.00520654874563915,0.8289563813569046,-0.3327843709446071
2026-04-17,model1,-0.005599175405121848,0.0008,-0.006399175405121848,0.8236517440694068,-0.3370540007879712
2026-04-20,model1,0.0005621998880189771,0.0,0.0005621998880189771,0.8241148009876892,-0.33668129262145163
2026-04-21,model1,-0.0007347293086407802,0.0,-0.0007347293086407802,0.8235092996897189,-0.3371686523167323
2026-04-22,model1,0.005323921280835498,0.0008,0.004523921280835497,0.8272347909355511,-0.33417005547734324
2026-04-23,model1,0.0035059071498232623,0.0,0.0035059071498232623,0.8301349993036746,-0.33183571751427476
2026-04-24,model1,0.004620067772267023,0.0008,0.0038200677722670232,0.8333061712611456,-0.32928328467217105
2026-04-27,model1,0.003295255844809875,0.0008,0.002495255844809875,0.8353854833555011,-0.3276096748680376
2026-04-28,model1,0.0061302469049512535,0.0,0.0061302469049512535,0.8405066026292825,-0.32348775615847813
2026-04-29,model1,-0.004434999787383199,0.0,-0.004434999787383199,0.8367789560253275,-0.3264880878160774
2026-04-30,model1,0.0020866940441533364,0.0,0.0020866940441533364,0.8385250576891383,-0.32508267452025685
2026-05-06,model1,-0.005961527076224905,0.0,-0.005961527076224905,0.8335261678536315,-0.3291062124303177
2026-05-07,model1,-0.004683208282001595,0.0008,-0.0054832082820015955,0.8289557702667915,-0.3327848628026632
2026-05-08,model1,0.0032608857071272815,0.0,0.0032608857071272815,0.8316589002898951,-0.3306091504981974
2026-05-11,model1,0.001630188589245041,0.0,0.001630188589245041,0.8330146611392918,-0.32951791717359447
2026-05-12,model1,-0.0026855967638295566,0.0,-0.0026855967638295566,0.8307775196611136,-0.3313185616854387
2026-05-13,model1,0.005536487819356762,0.0008,0.004736487819356761,0.8347124872635838,-0.32815136019783187
2026-05-14,model1,0.004475338302235566,0.0,0.004475338302235566,0.8384481080291889,-0.3251446102468204
2026-05-15,model1,0.0009714756291881342,0.0,0.0009714756291881342,0.8392626399324781,-0.3244890046824489
2026-05-18,model1,-0.0039008015659602437,0.0,-0.0039008015659602437,0.8359888429123775,-0.327124039030807
2026-05-19,model1,-0.0008431500077257679,0.0,-0.0008431500077257679,0.8352839789130173,-0.3276913744024966
2026-05-20,model1,-0.0013574550389723772,0.0008,-0.0021574550389723774,0.8334818912837385,-0.32914185003453655
2026-05-21,model1,-0.006482704583320765,0.0,-0.006482704583320765,0.8280786744069986,-0.3334908252380758
2026-05-22,model1,0.007107961522847895,0.0,0.007107961522847895,0.8339646257625745,-0.32875330366924294
2026-05-25,model1,-0.0002599903297085147,0.0008,-0.0010599903297085146,0.8330806313239472,-0.32946481867620225
2026-05-26,model1,0.0027121884377857347,0.0,0.0027121884377857347,0.8353401029799672,-0.3276462009102873
2026-05-27,model1,0.000693937728019023,0.0,0.000693937728019023,0.8359197769931523,-0.327179629242522
2026-05-28,model1,-0.00430896335345401,0.0,-0.00430896335345401,0.8323178293076614,-0.33007878756357334
2026-05-29,model1,0.010459281694952872,0.0,0.010459281694952872,0.841023275944122,-0.3230718928892763
2026-06-01,model1,0.00033698684148637543,0.0,0.00033698684148637543,0.8413066897214989,-0.3228437770245477
2026-06-02,model1,0.0013871595675865045,0.0,0.0013871595675865045,0.8424737163454207,-0.3219044532910965
2026-06-03,model1,-0.001868672030809826,0.0,-0.001868672030809826,0.8408994092749935,-0.3231715914734482
2026-06-04,model1,-0.00379033239215012,0.0008,-0.0045903323921501205,0.8370394014780587,-0.326278458841035
2026-06-05,model1,-0.0015294051084268293,0.0,-0.0015294051084268293,0.8357592291414836,-0.32730885200774074
2026-06-08,model1,-0.008244587972147555,0.0,-0.008244587972147555,0.8288687386532924,-0.3328549133554479
2026-06-09,model1,0.008181700124412572,0.0,0.008181700124412572,0.8356502941154538,-0.3273965323170469
2026-06-10,model1,-0.006574765247827541,0.0,-0.006574765247827541,0.8301560896023666,-0.33181874222193697
2026-06-11,model1,-0.0007686432175802783,0.0008,-0.0015686432175802782,0.8288538708828789,-0.33286688022006483
2026-06-12,model1,0.0028022368693902955,0.0,0.0028022368693902955,0.8311765157592037,-0.33099741519502623
2026-06-15,model1,-0.008209121033337041,0.0,-0.008209121033337041,0.824353287141269,-0.3364893383853056
2026-06-16,model1,-0.008173781799058144,0.0008,-0.008973781799058144,0.8169557206171268,-0.34244353828398466
2026-06-17,model1,0.0027884895576679725,0.0,0.0027884895576679725,0.8192337931131448,-0.34060994895691243
2026-06-18,model1,0.002912456205053138,0.0,0.002912456205053138,0.8216197756572864,-0.3386895043112017
2026-06-22,model1,-0.0024342376345262377,0.0,-0.0024342376345262377,0.8196197578781105,-0.34029929120791447
2026-06-23,model1,0.003268247373540367,0.0008,0.0024682473735403673,0.821642782192795,-0.3386709866661157
2026-06-24,model1,-0.004773116625277485,0.0,-0.004773116625277485,0.8177209853690713,-0.34182758717443795
2026-06-25,model1,0.00027486738099291586,0.0,0.00027486738099291586,0.8179457501947027,-0.34164667704708274
2026-06-26,model1,0.0010043813003627559,0.0008,0.00020438130036275583,0.8181129230107537,-0.3415121219388395
2026-06-29,model1,-0.006175968252911713,0.0008,-0.006975968252911713,0.8124057932325338,-0.34610571247112143
2026-06-30,model1,-0.009760045140848429,0.0,-0.009760045140848429,0.8044766760178975,-0.3524877502347462
2026-07-01,model1,-0.0004485851779042705,0.0,-0.0004485851779042705,0.8041157997050662,-0.35277821463250236
2026-07-02,model1,0.00505376463694711,0.0008,0.00425376463694711,0.807536319057862,-0.3500250854896443
2026-07-03,model1,-0.0002604006659736591,0.0,-0.0002604006659736591,0.8073260360625815,-0.350194339390249
2026-07-06,model1,-0.00794669323431787,0.0008,-0.00874669323431787,0.8002646028850642,-0.3558779901655258
2026-07-07,model1,0.0017023430492006057,0.0,0.0017023430492006057,0.8016269277693069,-0.35478147353924694
2026-07-08,model1,0.0054402893247675445,0.0,0.0054402893247675445,0.8059880101868965,-0.35127129807760016
2026-07-09,model1,-0.002263915787113026,0.0,-0.002263915787113026,0.8041633212064105,-0.35273996522743567
2026-07-10,model1,0.0015027902011848678,0.0008,0.0007027902011848677,0.8047284793087067,-0.3522850772173789
2026-07-13,model1,-0.011478060560657522,0.0,-0.011478060560657522,0.7954917570883155,-0.3597195883271195
2026-07-14,model1,0.0009557771212755917,0.0,0.0009557771212755917,0.7962520699099038,-0.3591076229584417
2026-07-15,model1,-0.007762725528127179,0.0008,-0.00856272552812718,0.7894339819840621,-0.3645954084761175
2026-07-16,model1,0.0009352696196044622,0.0,0.0009352696196044622,0.7901723156040953,-0.36400113386550803
2026-07-17,model1,0.01168868682042046,0.0008,0.010888686820420459,0.7987762544828748,-0.3570759413940269
2026-07-20,model1,-0.0175037284753373,0.0,-0.0175037284753373,0.7847946918118597,-0.36832950954612764
2026-07-21,model1,0.012639710272564478,0.0,0.012639710272564478,0.794714269339808,-0.36034537755906204
2026-07-22,model1,-0.0048280330236210485,0.0,-0.0048280330236210485,0.7908773626030926,-0.3634336511999188
2026-07-23,model1,0.0007464481104569653,0.0,0.0007464481104569653,0.7914677115160108,-0.36295848745167647
2026-07-24,model1,-0.007415472810195523,0.0,-0.007415472810195523,0.7855986042211162,-0.36768245146694445
2026-07-27,model1,0.010777733425948099,0.0008,0.009977733425948099,0.7934370976738314,-0.36137335552713257
2026-07-28,model1,0.01066843693662203,0.0008,0.00986843693662203,0.801267081635402,-0.3550711087601056
2026-07-29,model1,0.00545386529139833,0.0008,0.00465386529139833,0.804996070695765,-0.35206969657774423
2026-07-30,model1,0.012974459317082099,0.0008,0.012174459317082099,0.8147964626088614,-0.34418149545842547
2026-07-31,model1,0.010570861704131797,0.0,0.010570861704131797,0.8234095633321155,-0.3372489287439059
2026-08-03,model1,0.0006732586465920233,0.0,0.0006732586465920233,0.8239639309403154,-0.33680272585464466
2026-08-04,model1,0.011571738972018863,0.0,0.011571738972018863,0.8334986264715153,-0.3291283801112801
2026-08-05,model1,0.004298830029355027,0.0008,0.003498830029355027,0.83641489649524,-0.3267811143417714
2026-08-06,model1,-0.0015697057937112294,0.0,-0.0015697057937112294,0.8351019711862652,-0.3278378699270249
2026-08-07,model1,-0.002183586632381917,0.0,-0.002183586632381917,0.8332784536853071,-0.3293055941690456
2026-08-10,model1,-0.0015599579776034214,0.0,-0.0015599579776034214,0.8319785743139156,-0.33035184925795547
2026-08-11,model1,-0.0019370830902527116,0.0,-0.0019370830902527116,0.8303669626861596,-0.3316490133671769
2026-08-12,model1,-0.0027499908049668067,0.0,-0.0027499908049668067,0.8280834611740244,-0.33348697243490766
2026-08-13,model1,0.0024275164582685084,0.0008,0.0016275164582685085,0.829431180635905,-0.3324022115128952
2026-08-14,model1,0.0027399737831400373,0.0,0.0027399737831400373,0.8317038003257662,-0.33057301107475834
2026-08-17,model1,0.005710646108240613,0.0008,0.004910646108240613,0.8357880033560449,-0.3272856920368413
2026-08-18,model1,-0.00027492877793937613,0.0,-0.00027492877793937613,0.8355582211816658,-0.327470640559432
2026-08-19,model1,0.013120249333494451,0.0,0.013120249333494451,0.8465209533762205,-0.31864688767947635
2026-08-20,model1,-0.0053914706968878345,0.0,-0.0053914706968878345,0.841956960461791,-0.32232038301878574
2026-08-21,model1,9.18034210574348e-05,0.0,9.18034210574348e-05,0.8420342549911446,-0.32225816971156596
2026-08-24,model1,0.005221789916001907,0.0,0.005221789916001907,0.8464311809727855,-0.31871914425651315
2026-08-25,model1,0.0009741130626656603,0.0,0.0009741130626656603,0.8472557006428186,-0.31805549967558944
2026-08-26,model1,0.0010226325654831394,0.0008,0.00022263256548313932,0.8474443273530728,-0.31790367662196517
2026-08-27,model1,0.005575612955358177,0.0,0.005575612955358177,0.8521693489236074,-0.3141005715245364
2026-08-28,model1,-0.0016077468617193614,0.0,-0.0016077468617193614,0.8507992763272221,-0.3152033241781229
2026-08-31,model1,0.0010155278641279964,0.0,0.0010155278641279964,0.8516632866991123,-0.31450789407256363
2026-09-01,model1,-0.005380317056272511,0.0008,-0.006180317056272511,0.8463997375621246,-0.3187444526267671
2026-09-02,model1,0.0028581582314804793,0.0,0.0028581582314804793,0.8488188819391607,-0.3167973164763006
2026-09-03,model1,-0.0006585579684072584,0.0,-0.0006585579684072584,0.8482598855007251,-0.3172472450475724
2026-09-04,model1,0.005886458491807333,0.0008,0.005086458491807333,0.8525745241985897,-0.3137744514993398
2026-09-07,model1,0.007228631942532849,0.0,0.007228631942532849,0.8587374716376013,-0.30881397957966583
2026-09-08,model1,0.000987921865693986,0.0,0.000987921865693986,0.859585837162723,-0.30813114179683054
2026-09-09,model1,-0.0003547503620719539,0.0,-0.0003547503620719539,0.8592808987757575,-0.3083765825247844
2026-09-10,model1,-0.0017509443558563656,0.0,-0.0017509443558563656,0.857776345735951,-0.3095875766439907
2026-09-11,model1,-0.0021591965238529458,0.0008,-0.0029591965238529457,0.8552380169554059,-0.31163064268721063
2026-09-14,model1,-0.0005208644197435054,0.0,-0.0005208644197435054,0.8547925539019618,-0.31198918979307655
2026-09-15,model1,-0.0015534272844583087,0.0,-0.0015534272844583087,0.8534646958261788,-0.3130579645576542
2026-09-16,model1,-0.003777944145254431,0.0008,-0.004577944145254431,0.84955758211874,-0.3162027468269367
2026-09-17,model1,0.0014579465763287836,0.0,0.0014579465763287836,0.8507961916869841,-0.3152058069627701
2026-09-18,model1,0.005231315103097334,0.0,0.005231315103097334,0.855246974654214,-0.311623432758221
2026-09-21,model1,-0.0010041128968048874,0.0,-0.0010041128968048874,0.8543882101370103,-0.3123146405472468
2026-09-22,model1,-0.002818677633982647,0.0008,-0.003618677633982647,0.851296454630249,-0.31480315217671573
2026-09-23,model1,-0.00020969835348068062,0.0,-0.00020969835348068062,0.8511179391653891,-0.31494683682751445
2026-09-24,model1,0.002921171355324415,0.0,0.002921171355324415,0.8536042005092818,-0.31294567915038063
2026-09-28,model1,0.006597745847473569,0.0,0.006597745847473569,0.8592360640785779,-0.30841266935800626
2026-09-29,model1,-0.0015647815743979443,0.0,-0.0015647815743979443,0.8578915473174494,-0.309494852470082
2026-09-30,model1,0.002113894488482604,0.0008,0.001313894488482604,0.8590187262931855,-0.30858760156247367
2015-04-16,model2,0.0,0.0,0.0,1.0,0.0
2015-04-17,model2,0.0,0.0,0.0,1.0,0.0
2015-04-20,model2,0.0,0.0,0.0,1.0,0.0
2015-04-21,model2,0.0,0.0,0.0,1.0,0.0
2015-04-22,model2,0.0,0.0004,-0.0004,0.9996,-0.00039999999999995595
2015-04-23,model2,0.007325033602062403,0.0,0.007325033602062403,1.0069221035886218,0.0
2015-04-24,model2,0.006440539023762604,0.0,0.006440539023762604,1.0134072246906733,0.0
2015-04-27,model2,-0.006021226419843818,0.0,-0.006021226419843818,1.0073052703353054,-0.006021226419843706
2015-04-28,model2,-0.00842536064436139,0.0,-0.00842536064436139,0.9988183601537645,-0.014395856060096524
2015-04-29,model2,0.007711787800587811,0.0008,0.00691178780058781,1.0057219807104782,-0.007583569361804043
2015-04-30,model2,-0.005960748416022055,0.0,-0.005960748416022055,0.9997271250069998,-0.013499114028764914
2015-05-04,model2,0.0007203481418406987,0.0008,-7.965185815930135e-05,0.9996474948838407,-0.013577690657408215
2015-05-05,model2,0.000436414402923236,0.0,0.000436414402923236,1.000083755448454,-0.01314720175424644
2015-05-06,model2,-0.004431795583732612,0.0,-0.004431795583732612,0.9956515886776949,-0.017520731627306163
2015-05-07,model2,-0.0032595777202470535,0.0,-0.0032595777202470535,0.9924061849421124,-0.02072319916109855
2015-05-08,model2,0.013059992312839875,0.0008,0.012259992312839875,1.0045730771407175,-0.008717273110671053
2015-05-11,model2,-0.009862196367131216,0.0,-0.009862196367131216,0.9946657801888225,-0.01849349801859901
2015-05-12,model2,-0.006340912660636633,0.0,-0.006340912660636633,0.9883586913501211,-0.02471714502351008
2015-05-13,model2,-0.00952336129017084,0.0008,-0.01032336129017084,0.9781555074950333,-0.034785342295541755
2015-05-14,model2,0.0010973405970374996,0.0,0.0010973405970374996,0.9792288772436235,-0.033726173066786935
2015-05-15,model2,0.005514607960146245,0.0,0.005514607960146245,0.9846289406048763,-0.028397551729099968
2015-05-18,model2,0.015459083854936485,0.0,0.015459083854936485,0.9998504019636842,-0.013377468007618631
2015-05-19,model2,-0.005762098860887476,0.0,-0.005762098860887476,0.9940891651014714,-0.01906248457533788
2015-05-20,model2,0.0058166974604990426,0.0008,0.005016697460499042,0.9990762096915455,-0.014141417832798764
2015-05-21,model2,-0.011147963769487124,0.0,-0.011147963769487124,0.9879385443029477,-0.02513173358863663
2015-05-22,model2,0.005825448055346883,0.0,0.005825448055346883,0.9936937289746595,-0.019452689141851276
2015-05-25,model2,0.0017317937658056348,0.0,0.0017317937658056348,0.995414601579618,-0.01775458342182956
2015-05-26,model2,-0.008910382641643455,0.0,-0.008910382641643455,0.9865450765924646,-0.026506765931541443
2015-05-27,model2,-0.009715734498211726,0.0,-0.009715734498211726,0.9769600665577742,-0.03596496772955615
2015-05-28,model2,-0.0023591993129664438,0.0008,-0.0031591993129664437,0.9738736549867092,-0.039010546541180524
2015-05-29,model2,0.005690272298800859,0.0,0.005690272298800859,0.979415261268212,-0.033542254874724065
2015-06-01,model2,0.003831140178401072,0.0,0.003831140178401072,0.9831675384269958,-0.02983961977664784
2015-06-02,model2,0.013457251719313314,0.0008,0.012657251719313313,0.9956117374431239,-0.017560055636056116
2015-06-03,model2,-0.00587956052017069,0.0008,-0.0066795605201706906,0.9889614885882803,-0.024122322701868204
2015-06-04,model2,-0.008016508205652341,0.0008,-0.008816508205652341,0.9802423015090674,-0.03272615625148023
2015-06-05,model2,-0.0059324898276070575,0.0,-0.0059324898276070575,0.9744270240267747,-0.03846449849002875
2015-06-08,model2,0.02280847365937988,0.0,0.02280847365937988,0.9966522171372774,-0.016533341331279927
2015-06-09,model2,-0.004547870091410111,0.0,-0.004547870091410111,0.9921195723274212,-0.02100601993413842
2015-06-10,model2,-0.01216709640742586,0.0,-0.01216709640742586,0.9800483578432193,-0.032917534071889354
2015-06-11,model2,-0.00840857286187462,0.0008,-0.00920857286187462,0.9710235111318595,-0.04182298342282964
2015-06-12,model2,0.005946050031372341,0.0,0.005946050031372341,0.9767972655106884,-0.03612561494335076
2015-06-15,model2,0.003099891911702058,0.0,0.003099891911702058,0.9798252314534176,-0.03313770853321685
2015-06-16,model2,-0.0058357548712149945,0.0,-0.0058357548712149945,0.974107211586024,-0.03878007986043819
2015-06-17,model2,0.00408205030619433,0.0,0.00408205030619433,0.9780835662273447,-0.03485633179111258
2015-06-18,model2,0.004534426584347263,0.0008,0.0037344265843472627,0.9817361474987774,-0.03125207361883875
2015-06-19,model2,0.006165603583285197,0.0,0.006165603583285197,0.9877891434076363,-0.025279157932643015
2015-06-23,model2,0.01141102799672078,0.0,0.01141102799672078,0.9990608329779177,-0.014156591114825146
2015-06-24,model2,-0.0031835060172180187,0.0,-0.0031835060172180187,0.9958803168045656,-0.017295029539045936
2015-06-25,model2,0.0007839615555348626,0.0,0.0007839615555348626,0.9966610486868543,-0.016524626621771454
2015-06-26,model2,0.0052703510711599386,0.0008,0.004470351071159938,1.001116473473435,-0.012128146432930587
2015-06-29,model2,-0.017622354884744507,0.0,-0.017622354884744507,0.9834744436969223,-0.0295367748171399
2015-06-30,model2,-0.008757562832189956,0.0008,-0.009557562832189956,0.9740748249074358,-0.03881203806815481
2015-07-01,model2,0.003630971974382693,0.0,0.003630971974382693,0.9776116632976265,-0.03532199151626625
2015-07-02,model2,0.024124944678970153,0.0,0.024124944678970153,1.0011964905921977,-0.01204918792857701
2015-07-03,model2,0.005035149239220216,0.0,0.005035149239220216,1.006237664340113,-0.007074708148788633
2015-07-06,model2,0.03248036614034002,0.0,0.03248036614034002,1.0389206321020805,0.0
2015-07-07,model2,0.035201176146143355,0.0,0.035201176146143355,1.0754918602745684,0.0
2015-07-08,model2,-0.019407703454747828,0.0,-0.019407703454747828,1.0546190331823646,-0.019407703454747738
2015-07-09,model2,0.008575407145973827,0.0,0.008575407145973827,1.0636628207757968,-0.010998725267666654
2015-07-10,model2,-0.003333709745927036,0.0008,-0.0041337097459270365,1.0592659474071755,-0.015086969475762046
2015-07-13,model2,0.028944179122663897,0.0,0.028944179122663897,1.0899255307274671,0.0
2015-07-14,model2,0.02326966520215379,0.0,0.02326966520215379,1.115287732922775,0.0
2015-07-15,model2,-0.022353535871147613,0.0,-0.022353535871147613,1.0903571085782349,-0.022353535871147634
2015-07-16,model2,0.011560340602077624,0.0,0.011560340602077624,1.1029620081312959,-0.01105160975740116
2015-07-17,model2,0.01258768717052483,0.0008,0.01178768717052483,1.1159633792441215,0.0
2015-07-20,model2,-0.009414657188355458,0.0,-0.009414657188355458,1.1054569665937795,-0.009414657188355324
2015-07-21,model2,-0.006702571146795933,0.0008,-0.0075025711467959335,1.0971631970521885,-0.01684659419977297
2015-07-22,model2,0.009613753936243353,0.0,0.009613753936243353,1.1077110540565502,-0.0073947992748299995
2015-07-23,model2,0.0036990567276236957,0.0,0.0036990567276236957,1.111808540083321,-0.0037230963292134156
2015-07-24,model2,0.0011901234044400686,0.0,0.0011901234044400686,1.1131317294481304,-0.0025374038688518175
2015-07-27,model2,0.006201506976803373,0.0008,0.005401506976803373,1.1191443182508458,0.0
2015-07-28,model2,0.006186800033927709,0.0,0.006186800033927709,1.1260682403569702,0.0
2015-07-29,model2,-0.012136937742311903,0.0,-0.012136937742311903,1.112401220230163,-0.012136937742311837
2015-07-30,model2,0.0009541203692887915,0.0008,0.0001541203692887915,1.1125726639170221,-0.011984687922349968
2015-07-31,model2,-0.002776644461866518,0.0,-0.002776644461866518,1.109483445191333,-0.014728055166869591
2015-08-03,model2,-0.012676831903284393,0.0,-0.012676831903284393,1.0954187100571655,-0.02721818199054138
2015-08-04,model2,0.012450013836715802,0.0008,0.011650013836715802,1.1081803531863288,-0.015885260350625652
2015-08-05,model2,-0.0023441710727495563,0.0,-0.0023441710727495563,1.105582588859,-0.018192193655578115
2015-08-06,model2,-0.0007282177324213547,0.0,-0.0007282177324213547,1.1047774840131366,-0.01890716350998789
2015-08-07,model2,-0.005480042134811392,0.0008,-0.0062800421348113925,1.097839434863943,-0.025068467861306898
2015-08-10,model2,0.0008162570246531345,0.0,0.0008162570246531345,1.098735554014592,-0.024272673149642876
2015-08-11,model2,0.006083281572627986,0.0,0.006083281572627986,1.1054194717635202,-0.01833704908230449
2015-08-12,model2,-0.00012645312655541491,0.0,-0.00012645312655541491,1.1052796880151603,-0.0184611834316718
2015-08-13,model2,0.006435824295696779,0.0,0.006435824295696779,1.1123930738848284,-0.012144172068831782
2015-08-14,model2,0.004835975590847897,0.0008,0.0040359755908478965,1.1168826651784558,-0.0081572100600249
2015-08-17,model2,-0.013177483327149943,0.0,-0.013177483327149943,1.1021649624796839,-0.021227201887612845
2015-08-18,model2,0.0075447181112671576,0.0008,0.006744718111267157,1.1095987544637247,-0.014625655269368543
2015-08-19,model2,0.0051013994672716835,0.0,0.0051013994672716835,1.1152592609586314,-0.009598867112096454
2015-08-20,model2,-0.0019028699496602026,0.0008,-0.0027028699496602026,1.1122448602161061,-0.012275792572288502
2015-08-21,model2,0.007175741810242407,0.0,0.007175741810242407,1.120226042162786,-0.00518813868006085
2015-08-24,model2,-0.005651259011448542,0.0,-0.005651259011448542,1.1138953546471542,-0.010810078176041182
2015-08-25,model2,0.001936972055098088,0.0,0.001936972055098088,1.1160529388214093,-0.008894044940283452
2015-08-26,model2,0.020924402804070222,0.0,0.020924402804070222,1.139405680063975,0.0
2015-08-27,model2,0.0174093198840028,0.0,0.0174093198840028,1.1592419580258584,0.0
2015-08-28,model2,-0.011510380782392282,0.0,-0.011510380782392282,1.1458986416700547,-0.011510380782392304
2015-08-31,model2,0.02464063133930199,0.0,0.02464063133930199,1.1741343076516535,0.0
2015-09-01,model2,0.02864344067498377,0.0008,0.02784344067498377,1.2068262465912154,0.0
2015-09-02,model2,-0.005412106839917996,0.0008,-0.0062121068399179965,1.1993293130101734,-0.00621210683991813
2015-09-07,model2,-0.02092139355189566,0.0,-0.02092139355189566,1.1742376724543628,-0.027003534459829504
2015-09-08,model2,-0.006408642085978933,0.0008,-0.0072086420859789335,1.1657730133497664,-0.03401751773083117
2015-09-09,model2,0.005352557914102008,0.0,0.005352557914102008,1.1720128809184183,-0.028847040550477376
2015-09-10,model2,-0.0062674408125271705,0.0,-0.0062674408125271705,1.1646673595557426,-0.03493368424373777
2015-09-11,model2,0.00566339894736112,0.0008,0.00486339894736112,1.170331601566232,-0.030240181739555116
2015-09-14,model2,0.033291572774082706,0.0,0.033291572774082706,1.209293781249583,0.0
2015-09-15,model2,0.013085324475051507,0.0,0.013085324475051507,1.2251177827628956,0.0
2015-09-16,model2,-0.014125695593298017,0.0,-0.014125695593298017,1.2078121418976508,-0.014125695593297904
2015-09-17,model2,-0.0005570778993634132,0.0,-0.0005570778993634132,1.2071392964468168,-0.014674904379833209
2015-09-18,model2,-0.004033123776378301,0.0008,-0.004833123776378301,1.201305042811759,-0.01943710252693731
2015-09-21,model2,0.011338285837025541,0.0,0.011338285837025541,1.214925782764619,-0.008319200114205838
2015-09-22,model2,-0.0012192530833552875,0.0,-0.0012192530833552875,1.2134444807579354,-0.009528309987170802
2015-09-23,model2,0.005975282899513567,0.0,0.005975282899513567,1.2206951548133176,-0.003609961435384723
2015-09-24,model2,0.0040642688008105665,0.0,0.0040642688008105665,1.225656388046326,0.0
2015-09-25,model2,-0.012238215307994028,0.0008,-0.013038215307994028,1.20967601616536,-0.013038215307993872
2015-09-28,model2,-0.009755705495711899,0.0,-0.009755705495711899,1.1978747732064245,-0.022666723814971368
2015-09-29,model2,-0.00041255905046248993,0.0008,-0.0012125590504624899,1.1964222793088524,-0.023851798124327694
2015-09-30,model2,-0.0022381894398760594,0.0,-0.0022381894398760594,1.1937444595976707,-0.026036602721519975
2015-10-08,model2,0.007820043358659936,0.0,0.007820043358659936,1.2030795930308846,-0.018420166725054532
2015-10-09,model2,0.0010217728559096528,0.0008,0.0002217728559096528,1.2033464034281178,-0.01820247896212568
2015-10-12,model2,-0.0038140223503172702,0.0,-0.0038140223503172702,1.198756813350269,-0.021947076650850272
2015-10-13,model2,-0.007148917209835837,0.0,-0.007148917209835837,1.1901870001369015,-0.028939096026711186
2015-10-14,model2,0.0015608345993087802,0.0008,0.0007608345993087802,1.1910925355862532,-0.02820027929293223
2015-10-15,model2,0.004371406297185399,0.0,0.004371406297185399,1.1962992849968455,-0.02395214787423028
2015-10-16,model2,0.0023264323418012546,0.0,0.0023264323418012546,1.199082394343936,-0.02168143858389915
2015-10-19,model2,0.0009022522029521696,0.0008,0.00010225220295216955,1.1992050031602788,-0.021581403355805384
2015-10-20,model2,-0.0032999556169967196,0.0,-0.0032999556169967196,1.1952476798741696,-0.02481014129957526
2015-10-21,model2,0.025656758879601105,0.0,0.025656758879601105,1.2259138613981038,0.0
2015-10-22,model2,-0.0164545768054027,0.0,-0.0164545768054027,1.2057419676089207,-0.016454576805402854
2015-10-23,model2,-0.007901864390694603,0.0008,-0.008701864390694604,1.1952497645166185,-0.025013255700130688
2015-10-26,model2,0.0016856441925722444,0.0,0.0016856441925722444,1.1972645303408493,-0.02336977495676662
2015-10-27,model2,0.0025065172720317276,0.0,0.0025065172720317276,1.2002654945653397,-0.020921834429307395
2015-10-28,model2,-0.0034241966143769174,0.0,-0.0034241966143769174,1.1961555495224956,-0.024274390569064996
2015-10-29,model2,0.003990531715048195,0.0,0.003990531715048195,1.200928846178996,-0.020380726579446118
2015-10-30,model2,-0.0023264475335821547,0.0,-0.0023264475335821547,1.1981349482267951,-0.02265975942194498
2015-11-02,model2,-0.0026997235070120853,0.0008,-0.0034997235070120853,1.193941807183913,-0.026080180036245015
2015-11-03,model2,-0.0005388700067642915,0.0,-0.0005388700067642915,1.1932984277541996,-0.026604996216216703
2015-11-04,model2,-0.00270288194474411,0.0,-0.00270288194474411,1.1900730829791313,-0.029235967997047974
2015-11-05,model2,0.011371008364246739,0.0,0.011371008364246739,1.2036054139597518,-0.018197402069432544
2015-11-06,model2,-0.0007080808803242369,0.0,-0.0007080808803242369,1.2027531639786722,-0.018892597717279913
2015-11-09,model2,0.001305138567325859,0.0,0.001305138567325859,1.204322923519954,-0.017612116607871764
2015-11-10,model2,-0.0034542867329899083,0.0,-0.0034542867329899083,1.2001628468230034,-0.021005566040123158
2015-11-11,model2,-0.008462838761994985,0.0,-0.008462838761994985,1.1900060621622035,-0.029290638083616205
2015-11-12,model2,-0.00457787806992731,0.0008,-0.0053778780699273105,1.183606354657421,-0.0345109946733394
2015-11-13,model2,-0.001376983438225344,0.0,-0.001376983438225344,1.1819765483096794,-0.03584045704346284
2015-11-16,model2,0.008099828049688007,0.0,0.008099828049688007,1.1915503551097515,-0.02803093053304917
2015-11-17,model2,-0.004523127857432341,0.0,-0.004523127857432341,1.1861608205050211,-0.03242727090771769
2015-11-18,model2,-0.004202310173560786,0.0008,-0.005002310173560787,1.1802272761651296,-0.03726736981411605
2015-11-19,model2,-0.0054244097897965925,0.0,-0.0054244097897965925,1.1738252397741145,-0.04248962611825302
2015-11-20,model2,-0.004822484626992152,0.0,-0.004822484626992152,1.1681644856005284,-0.04710720517648326
2015-11-23,model2,0.0015731975039286362,0.0008,0.0007731975039286361,1.169067707464973,-0.04637043084601411
2015-11-24,model2,0.00426043451339253,0.0,0.00426043451339253,1.1740484438743493,-0.042307554516598844
2015-11-25,model2,0.0044491774970295776,0.0,0.0044491774970295776,1.1792719937912577,-0.03804661083907879
2015-11-26,model2,-0.0010401133676379627,0.0,-0.0010401133676379627,1.1780454172264343,-0.03904715141818982
2015-11-27,model2,-0.006279333591972726,0.0008,-0.007079333591972726,1.1697056407313937,-0.045850057199456784
2015-11-30,model2,-0.0014331706238612796,0.0,-0.0014331706238612796,1.1680292529685325,-0.04721751686823761
2015-12-01,model2,-0.00045669076094574375,0.0,-0.00045669076094574375,1.1674958248001874,-0.04765264382547485
2015-12-02,model2,0.021421521909411736,0.0,0.021421521909411736,1.1925053621902915,-0.027251914069811756
2015-12-03,model2,-0.008398438575042189,0.0,-0.008398438575042189,1.1824901791555278,-0.035421479118486365
2015-12-04,model2,-0.007273504230834682,0.0,-0.007273504230834682,1.1738893318345196,-0.042437345071090316
2015-12-07,model2,-0.005152073177306793,0.0008,-0.005952073177306793,1.1669022566293807,-0.04813682806508346
2015-12-08,model2,-0.005206270716793649,0.0,-0.005206270716793649,1.1608270475813307,-0.05309248542352252
2015-12-09,model2,-0.0025261301904957014,0.0,-0.0025261301904957014,1.1578946473304914,-0.05548449708370151
2015-12-10,model2,0.0008095338375835315,0.0008,9.533837583531441e-06,1.157905686509998,-0.05547549222630155
2015-12-11,model2,0.0007344819381982504,0.0,0.0007344819381982504,1.1587561473228765,-0.054781756035156226
2015-12-14,model2,0.00412634347118237,0.0,0.00412634347118237,1.1635375731860746,-0.05088146090532952
2015-12-15,model2,-0.008221018726711327,0.0,-0.008221018726711327,1.1539721090076798,-0.058684182189095546
2015-12-16,model2,-0.0028899154585253052,0.0008,-0.003689915458525305,1.1497140494839453,-0.062157557976590394
2015-12-17,model2,0.004576066405698676,0.0,0.004576066405698676,1.1549752173219485,-0.05786592868380869
2015-12-18,model2,-0.003285355187131378,0.0,-0.003285355187131378,1.1511807135007117,-0.06096117374198051
2015-12-21,model2,-0.00811651001608107,0.0008,-0.00891651001608107,1.1409161991384633,-0.06933412284179918
2015-12-22,model2,-0.004136217246726615,0.0,-0.004136217246726615,1.136197121878517,-0.07318355909384089
2015-12-23,model2,0.005364891145140183,0.0,0.005364891145140183,1.142292695756817,-0.06821128977685298
2015-12-24,model2,-0.002362787425715851,0.0,-0.002362787425715851,1.1395937009387958,-0.0704129084247922
2015-12-25,model2,-0.00031103947831381254,0.0,-0.00031103947831381254,1.139239242308566,-0.07070204670880298
2015-12-28,model2,-0.0032983796174687278,0.0,-0.0032983796174687278,1.135481598812315,-0.07376722413649395
2015-12-29,model2,-0.00017498439078469366,0.0008,-0.0009749843907846937,1.1343745219774497,-0.07467028663519415
2015-12-30,model2,0.0034918770160625723,0.0,0.0034918770160625723,1.1383356182983497,-0.07143914907681581
2015-12-31,model2,-0.004405752191019597,0.0,-0.004405752191019597,1.1333203936539162,-0.07553015808026553
2016-01-04,model2,-0.00846453054360765,0.0,-0.00846453054360765,1.1237273685661393,-0.08335536129383925
2016-01-05,model2,-0.008474708433866907,0.0,-0.008474708433866907,1.1142041067583848,-0.09112365734434125
2016-01-06,model2,0.005047278382215036,0.0008,0.004247278382215036,1.1189364417743948,-0.0872634065020732
2016-01-07,model2,0.010503185400099868,0.0,0.010503185400099868,1.1306888386732792,-0.07767676483910901
2016-01-08,model2,0.0004615778380872909,0.0008,-0.00033842216191270916,1.130306188512045,-0.07798889946233445
2016-01-11,model2,-0.008985758414647282,0.0,-0.008985758414647282,1.1201495301674949,-0.08627386846738894
2016-01-12,model2,-0.0015778457601879126,0.0008,-0.0023778457601879126,1.1174859873564096,-0.08844656827522668
2016-01-13,model2,0.009005480130659473,0.0,0.009005480130659473,1.127549485211838,-0.0802375919577949
2016-01-14,model2,-0.008509153441515416,0.0,-0.008509153441515416,1.1179549936292688,-0.08806399141756371
2016-01-15,model2,0.0036233150019720824,0.0008,0.0028233150019720825,1.1211113327343118,-0.08548930880369443
2016-01-18,model2,0.006103647515507404,0.0,0.006103647515507404,1.1279542011349628,-0.07990745789546916
2016-01-19,model2,0.0031342251625916095,0.0,0.0031342251625916095,1.131489463574411,-0.07702368069809218
2016-01-20,model2,0.0037069681884559728,0.0,0.0037069681884559728,1.1356838590214546,-0.07360223684374168
2016-01-21,model2,-0.007252690913546633,0.0008,-0.008052690913546634,1.126538547929251,-0.08106223169344007
2016-01-22,model2,-0.0022559149549459256,0.0,-0.0022559149549459256,1.1239971727716542,-0.08313527714762747
2016-01-25,model2,-0.003385393501670286,0.0,-0.003385393501670286,1.1201920000470573,-0.08623922502228265
2016-01-26,model2,0.007883798097955277,0.0008,0.007083798097955276,1.1281272140063354,-0.07976632818250928
2016-01-27,model2,-0.005755256834733302,0.0008,-0.006555256834733302,1.1207320503762717,-0.08579869624924263
2016-01-28,model2,0.009281107834921443,0.0,0.009281107834921443,1.1311336853898666,-0.07731389536630606
2016-01-29,model2,-0.0024097107870356457,0.0,-0.0024097107870356457,1.1284079803466032,-0.07953730202568976
2016-02-01,model2,-0.00219085967927235,0.0,-0.00219085967927235,1.1259357968006927,-0.08155390663695594
2016-02-02,model2,-0.0071441909550100215,0.0008,-0.007944190955010021,1.1169911478278267,-0.08885021778451485
2016-02-03,model2,0.005189080012683789,0.0,0.005189080012683789,1.1227873042673646,-0.08412218866105947
2016-02-04,model2,0.0034557364468536644,0.0,0.0034557364468536644,1.126667361276786,-0.08095715632755096
2016-02-05,model2,-0.0025915382510779857,0.0,-0.0025915382510779857,1.123747559713796,-0.08333889101130754
2016-02-15,model2,0.004131417658631964,0.0008,0.0033314176586319642,1.127491232178071,-0.0802851100058416
2016-02-16,model2,-0.005743587098097613,0.0,-0.005743587098097613,1.1210153880837148,-0.08556757258194025
2016-02-17,model2,-0.001960905369705746,0.0,-0.001960905369705746,1.1188171829896987,-0.08736068803909747
2016-02-18,model2,-6.992825916052325e-05,0.0008,-0.0008699282591605233,1.1178438923053815,-0.08815461876699315
2016-02-19,model2,0.002531604739515503,0.0008,0.001731604739515503,1.119779556087336,-0.08657566298314467
2016-02-22,model2,0.0016221570581266501,0.0008,0.0008221570581266501,1.120700190752919,-0.08582468471740168
2016-02-23,model2,0.0025632821515825474,0.0,0.0025632821515825474,1.1235728615491511,-0.08348139544832045
2016-02-24,model2,0.00033283131393204747,0.0,0.00033283131393204747,1.123946821780959,-0.0831763493569243
2016-02-25,model2,-0.010428986639071079,0.0008,-0.011228986639071079,1.111326037936154,-0.09347134988037997
2016-02-26,model2,0.0030906425894805523,0.0,0.0030906425894805523,1.1147607495197982,-0.09066959382573592
2016-02-29,model2,0.01893095409873569,0.0,0.01893095409873569,1.1358642341000298,-0.0734551016458661
2016-03-01,model2,-0.0033312333522274246,0.0,-0.0033312333522274246,1.1320804052797935,-0.07654163891359966
2016-03-02,model2,-0.006192762922010165,0.0,-0.006192762922010165,1.1250696997212424,-0.08226039761215587
2016-03-03,model2,0.0002745165173406504,0.0008,-0.0005254834826593496,1.1244784941771984,-0.08274265461459307
2016-03-04,model2,-0.024202326645676432,0.0,-0.024202326645676432,1.0972634983550835,-0.10494241650575664
2016-03-07,model2,0.012071350944163006,0.0008,0.011271350944163006,1.1096311403232637,-0.0948539083669585
2016-03-08,model2,0.0006015913083490254,0.0008,-0.00019840869165097463,1.109410979860497,-0.09503349721875243
2016-03-09,model2,-0.009608068721818476,0.0,-0.009608068721818476,1.0987516829252573,-0.10372847756841852
2016-03-10,model2,0.0027871505133839417,0.0,0.0027871505133839417,1.1018140692424037,-0.10123043393454212
2016-03-11,model2,-0.002738543989576714,0.0,-0.002738543989576714,1.0987967029454488,-0.10369175392770502
2016-03-14,model2,0.011701723903396744,0.0008,0.010901723903396743,1.1107754812269228,-0.09392044889668705
2016-03-15,model2,0.007940139285148674,0.0,0.007940139285148674,1.1195951932623924,-0.08672605105750197
2016-03-16,model2,0.012126225689646965,0.0,0.012126225689646965,1.1331716572569361,-0.07565148503615005
2016-03-17,model2,-0.01404120999217473,0.0,-0.01404120999217473,1.117260556060211,-0.08863045664071234
2016-03-18,model2,-0.012332060787614462,0.0,-0.012332060787614462,1.1034824309672724,-0.09986952124939952
2016-03-21,model2,-0.00034680723016107355,0.0008,-0.0011468072301610735,1.1022169493370835,-0.10090179739051908
2016-03-22,model2,0.002097772732336134,0.0,0.002097772732336134,1.1045291499985215,-0.09901569369739249
2016-03-23,model2,0.00248911248074144,0.0,0.00248911248074144,1.1072784472911255,-0.09677304241562257
2016-03-24,model2,0.0003587207682971272,0.0,0.0003587207682971272,1.1076756510664565,-0.09644903614745126
2016-03-25,model2,0.001748487561961731,0.0,0.001748487561961731,1.109612408165034,-0.09486918852555659
2016-03-28,model2,0.0022606019274356466,0.0008,0.0014606019274356467,1.1112331101871065,-0.0935471527177355
2016-03-29,model2,0.004631846093241565,0.0,0.004631846093241565,1.1163801709272072,-0.08934860263834354
2016-03-30,model2,-0.004945822276859602,0.0,-0.004945822276859602,1.110858753008391,-0.09385252260586818
2016-03-31,model2,-0.0013766103288562093,0.0008,-0.0021766103288562095,1.1084408463726927,-0.09582485256463125
2016-04-01,model2,-0.004118019746995305,0.0008,-0.004918019746995305,1.1029895124018556,-0.10027160379446076
2016-04-05,model2,-0.008281172415816853,0.0,-0.008281172415816853,1.093855466076818,-0.10772240977084524
2016-04-06,model2,-0.004587663902335937,0.0,-0.004587663902335937,1.0888372248407245,-0.1118158794624029
2016-04-07,model2,0.0006925150985725098,0.0008,-0.00010748490142749019,1.088720191278942,-0.11191134584504836
2016-04-08,model2,-0.0009511288540893668,0.0,-0.0009511288540893668,1.0876846780909868,-0.11275603258900457
2016-04-11,model2,0.004150181590031821,0.0,0.004150181590031821,1.0921987670177595,-0.10907380900958874
2016-04-12,model2,-0.0024234765225751966,0.0008,-0.0032234765225751965,1.0886780899342923,-0.11194568866959365
2016-04-13,model2,-0.0007346564714625359,0.0,-0.0007346564714625359,1.0878782855301825,-0.11259810351642274
2016-04-14,model2,-0.002242117790104992,0.0,-0.002242117790104992,1.0854391342727263,-0.11458776309550156
2016-04-15,model2,0.0016810168331005126,0.0,0.0016810168331005126,1.0872637757287449,-0.11309937022103189
2016-04-18,model2,0.002092975951234922,0.0008,0.001292975951234922,1.088669581643411,-0.11195262903559244
2016-04-19,model2,0.0007245897538039614,0.0,0.0007245897538039614,1.089458420467548,-0.11130915900969918
2016-04-20,model2,-0.016523756167411374,0.0,-0.016523756167411374,1.071456475173209,-0.1259936697744347
2016-04-21,model2,-0.002092237272518638,0.0008,-0.002892237272518638,1.0683575688198315,-0.12852150345913038
2016-04-22,model2,-0.0008591183550640483,0.0,-0.0008591183550640483,1.0674397232226867,-0.1292702066315523
2016-04-25,model2,0.0004613971313920382,0.0,0.0004613971313920382,1.0679322368489155,-0.12886845440267458
2016-04-26,model2,-0.0031979715563322133,0.0008,-0.003997971556332213,1.0636626741419033,-0.13235121354379642
2016-04-27,model2,-5.7724311788209933e-05,0.0008,-0.00085772431178821,1.0627503448067501,-0.13309541700203342
2016-04-28,model2,0.0011334970053749503,0.0008,0.00033349700537495025,1.0631047688642044,-0.13280630691965778
2016-04-29,model2,0.0009066443831224014,0.0,0.0009066443831224014,1.0640686268315658,-0.13202007062874732
2016-05-03,model2,0.0078894449598093,0.0,0.0078894449598093,1.0724635376964133,-0.1251721907497536
2016-05-04,model2,0.0011403546104282738,0.0008,0.00034035461042827375,1.0728285556059847,-0.12487443907154427
2016-05-05,model2,-0.0022160642374896788,0.0008,-0.0030160642374896787,1.0695928357664637,-0.1275138739791738
2016-05-06,model2,-0.00710127894383894,0.0,-0.00710127894383894,1.0619973586833542,-0.1337096413346771
2016-05-09,model2,-0.008059073304110376,0.0,-0.008059073304110376,1.0534386441209536,-0.14069113883780493
2016-05-10,model2,-0.00031443965691568826,0.0,-0.00031443965691568826,1.0531074012351145,-0.14096133962129342
2016-05-11,model2,-0.0022433830467968098,0.0008,-0.0030433830467968097,1.0499023920237391,-0.1435757233168331
2016-05-12,model2,0.001023857396676675,0.0,0.001023857396676675,1.0509773423536013,-0.1426988669864575
2016-05-13,model2,-0.0008113676793096937,0.0,-0.0008113676793096937,1.050124613306329,-0.14339445341722012
2016-05-16,model2,-0.0056377583788782114,0.0,-0.0056377583788782114,1.0442042644687948,-0.14822378851486084
2016-05-17,model2,0.00015435242507946248,0.0008,-0.0006456475749205376,1.0435300765177187,-0.14877373576018138
2016-05-18,model2,-0.01162897822737148,0.0,-0.01162897822737148,1.0313948879782868,-0.158672627453593
2016-05-19,model2,0.003478029833358676,0.0008,0.002678029833358676,1.0341569942582662,-0.15641952765029254
2016-05-20,model2,-0.0028743067528561816,0.0,-0.0028743067528561816,1.0311845098261563,-0.15884423669854486
2016-05-23,model2,-0.0054782844049691805,0.0008,-0.006278284404969181,1.0247104401994689,-0.16412525180943038
2016-05-24,model2,-0.0015358230998363974,0.0,-0.0015358230998363974,1.023136666234767,-0.16540900755627141
2016-05-25,model2,-0.0029686861048717093,0.0,-0.0029686861048717093,1.020099294630331,-0.16788664623879013
2016-05-26,model2,0.001227430500151705,0.0008,0.000427430500151705,1.0205353161820394,-0.16753097561180907
2016-05-27,model2,9.959981362892557e-05,0.0,9.959981362892557e-05,1.0206369613093327,-0.16744806185212824
2016-05-30,model2,0.005294203770550477,0.0,0.005294203770550477,1.02604042135826,-0.16304036224200658
2016-05-31,model2,-0.004389473934552336,0.0,-0.004389473934552336,1.0215366436729107,-0.16671417475621764
2016-06-01,model2,-0.004876889664065942,0.0,-0.004876889664065942,1.0165547221739177,-0.1707780177845617
2016-06-02,model2,-0.0029312462492773863,0.0008,-0.003731246249277386,1.012761706179621,-0.17387204919552146
2016-06-03,model2,-0.001559620807329676,0.0,-0.001559620807329676,1.0111821819497966,-0.17516049553711277
2016-06-06,model2,0.0043082735630849195,0.0,0.0043082735630849195,1.0155386314117534,-0.17160686130624725
2016-06-07,model2,-0.0009439706054092057,0.0,-0.0009439706054092057,1.0145799927950432,-0.17238884007889677
2016-06-08,model2,-0.00027941775859314805,0.0008,-0.001079417758593148,1.013484837133307,-0.17328217826212544
2016-06-13,model2,0.009296395442119154,0.0,0.009296395442119154,1.02290659295389,-0.16559668247220272
2016-06-14,model2,0.0009219775283670019,0.0,0.0009219775283670019,1.0238496898462122,-0.16482738136384711
2016-06-15,model2,-0.010977631621826855,0.0,-0.010977631621826855,1.0126102451149588,-0.1739955987118712
2016-06-16,model2,-0.000745212754963376,0.0008,-0.001545212754963376,1.0110455468484005,-0.17527195124839756
2016-06-17,model2,0.0008644596044107724,0.0,0.0008644596044107724,1.0119195548818702,-0.17455900716562733
2016-06-20,model2,0.0010440018427806841,0.0,0.0010440018427806841,1.0129760007619126,-0.17369724524800167
2016-06-21,model2,-0.00465969790112779,0.0008,-0.005459697901127791,1.00744545781666,-0.17820860866381716
2016-06-22,model2,-0.004094481657027948,0.0,-0.004094481657027948,1.0033204908691735,-0.18157341844154673
2016-06-23,model2,0.00010923668668447748,0.0,0.00010923668668447748,1.0034300902752786,-0.18148401623348287
2016-06-24,model2,-0.0005650851222828825,0.0,-0.0005650851222828825,1.0028630668600131,-0.18194654743826
2016-06-27,model2,-0.005751665057342859,0.0008,-0.0065516650573428595,0.9962926439475667,-0.18730615965844755
2016-06-28,model2,0.00301290600563231,0.0,0.00301290600563231,0.9992943800378836,-0.18485758950614206
2016-06-29,model2,-0.003148991273361812,0.0,-0.003148991273361812,0.9961476107556249,-0.18742446584333428
2016-06-30,model2,0.0002785638194109819,0.0008,-0.0005214361805890181,0.9956281833501696,-0.187848172126305
2016-07-01,model2,0.0016215880400858751,0.0,0.0016215880400858751,0.9972426821046626,-0.1865311964354911
2016-07-04,model2,-0.0010693291530464505,0.0,-0.0010693291530464505,0.9961763014320258,-0.18740106234223652
2016-07-05,model2,-0.001386305956673706,0.0,-0.001386305956673706,0.9947952962914535,-0.1885275730898982
2016-07-06,model2,-0.002103060771821097,0.0008,-0.002903060771821097,0.9919073450907976,-0.1908833268598754
2016-07-07,model2,0.0014625351208418015,0.0,0.0014625351208418015,0.9933580444196137,-0.18969996530854938
2016-07-08,model2,0.0020835553679706023,0.0,0.0020835553679706023,0.995427760905381,-0.18801166032160121
2016-07-11,model2,-0.0004918667140281663,0.0,-0.0004918667140281663,0.9949381431235721,-0.18841105035806793
2016-07-12,model2,-0.0030446722367740275,0.0008,-0.0038446722367740274,0.9911129320673975,-0.1915313438604288
2016-07-13,model2,-0.003681537740794205,0.0,-0.003681537740794205,0.9874641124026022,-0.1945077517302558
2016-07-14,model2,-0.0010258124436196337,0.0,-0.0010258124436196337,0.9864511594284718,-0.19533403570177
2016-07-15,model2,0.00038644813784300964,0.0,0.00038644813784300964,0.9868323716421061,-0.19502307403828123
2016-07-18,model2,0.0009926235142184937,0.0,0.0009926235142184937,0.9878119246587902,-0.1942240350131682
2016-07-19,model2,-0.0035401144900459873,0.0,-0.0035401144900459873,0.9843149573508654,-0.19707657418254887
2016-07-20,model2,-0.0006502236460054877,0.0008,-0.0014502236460054879,0.9828874805245983,-0.19824099272060114
2016-07-21,model2,-0.0004222835488008059,0.0,-0.0004222835488008059,0.9824724233112505,-0.19857956235947805
2016-07-22,model2,0.0005588260062014071,0.0,0.0005588260062014071,0.9830214544517727,-0.19813170777702305
2016-07-25,model2,0.0006871021026501722,0.0008,-0.00011289789734982784,0.9829104733965154,-0.19822223702116648
2016-07-26,model2,-0.0010972410192922949,0.0,-0.0010972410192922949,0.9818319837068127,-0.1991019804710633
2016-07-27,model2,0.014769211576463449,0.0008,0.013969211576463449,0.9955474024197519,-0.18791406658509313
2016-07-28,model2,0.0027690542833441524,0.0008,0.0019690542833441524,0.9975076892967587,-0.18631502529945887
2016-07-29,model2,0.0010038797522558876,0.0,0.0010038797522558876,0.9985090670687632,-0.18549818342864222
2016-08-01,model2,0.004611346228646962,0.0,0.004611346228646962,1.0031135380894605,-0.1817422335485699
2016-08-02,model2,-0.0037110948138643356,0.0008,-0.0045110948138643355,0.9985883978100679,-0.1854334719152132
2016-08-03,model2,0.002434106839092731,0.0,0.002434106839092731,1.001019068658616,-0.18345072995830602
2016-08-04,model2,0.0029335487565648856,0.0,0.0029335487565648856,1.0039556069027773,-0.18105534286250125
2016-08-05,model2,-0.003143349768267356,0.0,-0.003143349768267356,1.0007998232784687,-0.18362957236073818
2016-08-08,model2,0.003594135150080202,0.0,0.003594135150080202,1.0043968331015078,-0.18069542671127392
2016-08-09,model2,0.0003269867262812201,0.0008,-0.00047301327371877995,1.0039217400673697,-0.18108296864965812
2016-08-10,model2,0.0005045818515450051,0.0,0.0005045818515450051,1.0044283007577792,-0.18066975797771756
2016-08-11,model2,0.007104728124010596,0.0,0.007104728124010596,1.0115644907547252,-0.17484863936436934
2016-08-12,model2,0.0036703671206857365,0.0,0.0036703671206857365,1.0152773038020446,-0.1718200309407032
2016-08-15,model2,0.002620403078724909,0.0,0.002620403078724909,1.017937739574687,-0.16964986560004203
2016-08-16,model2,-0.006875127291223571,0.0,-0.006875127291223571,1.0109392880405705,-0.17535862847032635
2016-08-17,model2,-0.0019059520410341425,0.0008,-0.0027059520410341424,1.0082037348107356,-0.17759006847273828
2016-08-18,model2,0.001726254486378176,0.0,0.001726254486378176,1.0099441510311358,-0.17617037963879745
2016-08-19,model2,-0.0002598564037028517,0.0,-0.0002598564037028517,1.009681710576108,-0.17638445704120842
2016-08-22,model2,-0.002702208944019979,0.0008,-0.003502208944019979,1.006145594258715,-0.17926893076219252
2016-08-23,model2,0.0003427253065911628,0.0,0.0003427253065911628,1.0064904258159826,-0.17898764545485923
2016-08-24,model2,-0.002133225862985899,0.0,-0.002133225862985899,1.0043433544087843,-0.18073905024340575
2016-08-25,model2,0.001459747920765109,0.0,0.001459747920765109,1.005809442532117,-0.17954313577543446
2016-08-26,model2,-0.0022770626202935685,0.0008,-0.0030770626202935684,1.002714503893363,-0.1820677329239032
2016-08-29,model2,0.0019578548340780434,0.0,0.0019578548340780434,1.0046776733320106,-0.18046634028085995
2016-08-30,model2,-0.0018812994199658652,0.0008,-0.0026812994199658653,1.0019838316692529,-0.1826637554073074
2016-08-31,model2,0.0010292582334915147,0.0,0.0010292582334915147,1.0030151317778238,-0.18182250534802935
2016-09-01,model2,0.0010732616109021095,0.0,0.0010732616109021095,1.0040916294139148,-0.18094438685211534
2016-09-02,model2,0.003246636656121993,0.0,0.003246636656121993,1.0073515501040753,-0.17828521087506688
2016-09-05,model2,-0.002402851279152474,0.0,-0.002402851279152474,1.0049310341433515,-0.18025966930721427
2016-09-06,model2,-0.005661990297460662,0.0008,-0.006461990297460663,0.9984371795511001,-0.1855568233705882
2016-09-07,model2,-0.0006508902930620231,0.0,-0.0006508902930620231,0.9977873064826981,-0.18608693652850683
2016-09-08,model2,0.0014433631359816346,0.0,0.0014433631359816346,0.9992274758984255,-0.18491216441679825
2016-09-09,model2,-0.0015716273477960564,0.0,-0.0015716273477960564,0.9976570626706344,-0.1861931787500567
2016-09-12,model2,-0.005827203696451866,0.0,-0.005827203696451866,0.9918435117472487,-0.1909353968670422
2016-09-13,model2,0.003038582396199363,0.0,0.003038582396199363,0.9948573099818284,-0.18847698740657437
2016-09-14,model2,0.00039014399469636816,0.0,0.00039014399469636816,0.9952454475868975,-0.1881603765766532
2016-09-19,model2,0.0018287647335131223,0.0,0.0018287647335131223,0.9970655173626339,-0.18667571290406804
2016-09-20,model2,0.000824518445490563,0.0008,2.4518445490562908e-05,0.9970899638591719,-0.18665577145686862
2016-09-21,model2,0.00043123785619574305,0.0,0.00043123785619574305,0.9975199467976208,-0.1863050266354026
2016-09-22,model2,-0.00016379289808954312,0.0,-0.00016379289808954312,0.9973565601146327,-0.1864383040932509
2016-09-23,model2,0.00014169602657529976,0.0,0.00014169602657529976,0.9974978815762796,-0.18632302563356717
2016-09-26,model2,0.002817556725602576,0.0,0.002817556725602576,1.000308388441289,-0.18403044460197304
2016-09-27,model2,-0.0012141729650791968,0.0,-0.0012141729650791968,0.9990938410393018,-0.18502117277646501
2016-09-28,model2,-0.0014293978575505408,0.0008,-0.0022293978575505407,0.9968664633705968,-0.18683808482782627
2016-09-29,model2,-0.00048144128393987637,0.0,-0.00048144128393987637,0.996386530700555,-0.18722957454431777
2016-09-30,model2,0.0014957343114581968,0.0,0.0014957343114581968,0.9978768602219986,-0.18601388593162527
2016-10-10,model2,0.0028721602924246525,0.0,0.0028721602924246525,1.0007429225166575,-0.18367598733621315
2016-10-11,model2,0.0012488777680350618,0.0,0.0012488777680350618,1.001992728104107,-0.1826564984252842
2016-10-12,model2,0.0012628423245160559,0.0,0.0012628423245160559,1.003258086930014,-0.18162432245782756
2016-10-13,model2,-7.435864702252105e-05,0.0,-7.435864702252105e-05,1.0031834860160556,-0.18168517576596566
2016-10-14,model2,-0.002344432005815511,0.0,-0.002344432005815511,1.000831590543734,-0.1836036592307333
2016-10-17,model2,-0.0004190892904702981,0.0008,-0.001219089290470298,0.9996114874701377,-0.18459891926654426
2016-10-18,model2,-0.0005422522842770229,0.0,-0.0005422522842770229,0.9990694458576674,-0.18504107236517398
2016-10-19,model2,0.0006370465020211213,0.0,0.0006370465020211213,0.9997058995534273,-0.18452190563103332
2016-10-20,model2,0.00015679870835700883,0.0,0.00015679870835700883,0.9998626521472141,-0.1843940397191428
2016-10-21,model2,0.004529995431347711,0.0,0.004529995431347711,1.0043920253934164,-0.18069934844529034
2016-10-24,model2,0.001426246525200182,0.0,0.001426246525200182,1.0058245360295726,-0.17953082373791618
2016-10-25,model2,-0.0023028384599777852,0.0,-0.0023028384599777852,1.0035082846040144,-0.18142023171223876
2016-10-26,model2,0.0004106182519740375,0.0008,-0.0003893817480259625,1.0031175367939968,-0.18173897173331333
2016-10-27,model2,0.0004171282232198427,0.0,0.0004171282232198427,1.0035359654298004,-0.18139765196446234
2016-10-28,model2,-0.004405797144928547,0.0,-0.004405797144928547,0.9991145895384768,-0.1850042478522691
2016-10-31,model2,0.00036657031329609955,0.0008,-0.0004334296867039005,0.9986815436149518,-0.18535749120578748
2016-11-01,model2,-0.0011435584336386031,0.0,-0.0011435584336386031,0.9975394929132317,-0.1862890825171195
2016-11-02,model2,-6.42940696915506e-05,0.0,-6.42940696915506e-05,0.9974753570395543,-0.18634139930355698
2016-11-03,model2,0.0033755006569540667,0.0008,0.0025755006569540668,1.0000443554769052,-0.18424582104292697
2016-11-04,model2,-0.0010039081396777674,0.0,-0.0010039081396777674,0.9990404028084031,-0.18506476330315813
2016-11-07,model2,-0.0004999890357805016,0.0008,-0.0012999890357805015,0.9977416612384504,-0.18612417017573524
2016-11-08,model2,-0.0011648198281265288,0.0,-0.0011648198281265288,0.9965794719680919,-0.18707218887994748
2016-11-09,model2,-0.00018993752950255969,0.0,-0.00018993752950255969,0.9963901841252333,-0.18722659438005562
2016-11-10,model2,-0.0006589824264584543,0.0008,-0.0014589824264584542,0.9949364683566988,-0.18841241649554796
2016-11-11,model2,-0.0004448925325013951,0.0,-0.0004448925325013951,0.9944938285516136,-0.1887734857509199
2016-11-14,model2,0.0002716438576075397,0.0,0.0002716438576075397,0.9947639766915684,-0.1885531210511957
2016-11-15,model2,0.002725094322798061,0.0008,0.0019250943227980609,0.9966789911756212,-0.1869910092712792
2016-11-16,model2,-0.0003903462807828273,0.0008,-0.0011903462807828272,0.9954925980453408,-0.18795877149963625
2016-11-17,model2,-0.0016384902729141616,0.0,-0.0016384902729141616,0.9938614931066855,-0.18928929315373932
2016-11-18,model2,-0.00042677307165304166,0.0,-0.00042677307165304166,0.9934373397844747,-0.1896352826523221
2016-11-21,model2,-0.004192609839565886,0.0008,-0.004992609839565887,0.9884774947468746,-0.19368111751378914
2016-11-22,model2,0.00013233553908040784,0.0,0.00013233553908040784,0.9886083054490107,-0.1935744128698047
2016-11-23,model2,0.0030524419367804704,0.0008,0.0022524419367804705,0.9908350882552535,-0.19175798605845984
2016-11-24,model2,-0.0019132776073794047,0.0008,-0.0027132776073794046,0.9881466775976847,-0.1939509710162307
2016-11-25,model2,0.0024597089274591257,0.0,0.0024597089274591257,0.9905772308022108,-0.19196832502366956
2016-11-28,model2,0.00045394487486083435,0.0,0.00045394487486083435,0.9910268982592874,-0.1916015231860888
2016-11-29,model2,0.009397529530022953,0.0,0.009397529530022953,1.0003401028007262,-0.1840045746282044
2016-11-30,model2,-0.00150357920031583,0.0,-0.00150357920031583,0.9988360122289132,-0.18523148837734627
2016-12-01,model2,-0.00039580407358403864,0.0008,-0.0011958040735840386,0.9976416000566475,-0.18620579188257258
2016-12-02,model2,-0.003814354535240705,0.0,-0.003814354535240705,0.9938362412949266,-0.18930989151105793
2016-12-05,model2,0.0046837257934805535,0.0,0.0046837257934805535,0.9984910977327756,-0.1855128413394086
2016-12-06,model2,0.0014078188352818267,0.0,0.0014078188352818267,0.9998967923070249,-0.1843661909763512
2016-12-07,model2,0.0027462326557778026,0.0,0.0027462326557778026,1.002642741530466,-0.182126270774854
2016-12-08,model2,-0.00221626379028117,0.0,-0.00221626379028117,1.0004206207278237,-0.18393889470595792
2016-12-09,model2,-0.006261451993264356,0.0,-0.006261451993264356,0.9941565350380647,-0.1890486221403268
2016-12-12,model2,-0.01225580863147142,0.0008,-0.01305580863147142,0.981177017566881,-0.19963624813909076
2016-12-13,model2,-0.004246838431058863,0.0,-0.004246838431058863,0.9770101173010063,-0.20303526367932012
2016-12-14,model2,0.0003485865197057074,0.0,0.0003485865197057074,0.9773506898575135,-0.20275745251555788
2016-12-15,model2,-0.011190561861120241,0.0008,-0.011990561861120241,0.9656317059507684,-0.21231683859948725
2016-12-16,model2,0.0037271670053783627,0.0,0.0037271670053783627,0.9692307765845354,-0.2093810119096231
2016-12-19,model2,0.002038942931000243,0.0,0.002038942931000243,0.9712069828249602,-0.20776898491274176
2016-12-20,model2,0.000771046841916867,0.0,0.000771046841916867,0.971955828901915,-0.20715813769049007
2016-12-21,model2,-0.00012179319467024979,0.0,-0.00012179319467024979,0.9718374512964347,-0.20725470043376903
2016-12-22,model2,0.0005612928601867128,0.0008,-0.00023870713981328725,0.9716054667580722,-0.20744393439682896
2016-12-23,model2,0.001404232745634415,0.0,0.001404232745634415,0.9729698269703314,-0.20633100121675774
2016-12-26,model2,0.00203718069921095,0.0,0.00203718069921095,0.9749519423227501,-0.20471415405087445
2016-12-27,model2,-0.0009759223499621329,0.0,-0.0009759223499621329,0.9740004649320984,-0.2054902912825447
2016-12-28,model2,-0.0005272707684884192,0.0008,-0.0013272707684884194,0.9727077025864999,-0.20654482079420555
2016-12-29,model2,-0.0007612786939153791,0.0,-0.0007612786939153791,0.9719672009371133,-0.20714886131671184
2016-12-30,model2,-0.0013683637963364248,0.0008,-0.0021683637963364247,0.9698596224473748,-0.2088680510217168
2017-01-03,model2,2.3112022261973127e-05,0.0,2.3112022261973127e-05,0.9698820378645598,-0.20884976636249974
2017-01-04,model2,-0.0021961675708962684,0.0,-0.0021961675708962684,0.9677520143854069,-0.21058726484932144
2017-01-05,model2,-0.0002062547690840688,0.0,-0.0002062547690840688,0.9675524109171492,-0.210750084990722
2017-01-06,model2,-0.0006382057472834827,0.0,-0.0006382057472834827,0.9669349134077039,-0.21125378882252388
2017-01-09,model2,-0.0011212546336796692,0.0008,-0.0019212546336796693,0.9650771852248528,-0.21276917113554583
2017-01-10,model2,-0.000349833327889737,0.0,-0.000349833327889737,0.9647395690614751,-0.21304457071622496
2017-01-11,model2,-0.0017794930429067433,0.0,-0.0017794930429067433,0.9630228217101133,-0.2144449524277131
2017-01-12,model2,-0.002852412190058429,0.0008,-0.003652412190058429,0.9595054654167948,-0.21731412325942812
2017-01-13,model2,0.007190890568789944,0.0,0.007190890568789944,0.9664051642187628,-0.21168591477004928
2017-01-16,model2,0.01563672859479164,0.0,0.01563672859479164,0.9815165794842565,-0.1993592613718571
2017-01-17,model2,-0.004705452565851243,0.0,-0.004705452565851243,0.9768980997768968,-0.20312663838975997
2017-01-18,model2,0.0031491322781233236,0.0,0.0031491322781233236,0.9799744811153417,-0.2006171787651364
2017-01-19,model2,0.0003076133829424954,0.0008,-0.0004923866170575046,0.9794919547957825,-0.20101078416821827
2017-01-20,model2,0.0030894427284079208,0.0,0.0030894427284079208,0.9825180390930603,-0.19854235274529042
2017-01-23,model2,0.003291262839285603,0.0,0.003291262839285603,0.9857517642040551,-0.19590454497361975
2017-01-24,model2,-0.001353920384078089,0.0,-0.001353920384078089,0.9844171347968582,-0.19699322620092452
2017-01-25,model2,-0.00013864676522867836,0.0,-0.00013864676522867836,0.9842806485454829,-0.19710456049256853
2017-01-26,model2,0.0019536481715788593,0.0,0.0019536481715788593,0.9862035866348343,-0.19553598528520577
2017-02-03,model2,0.0029990056854068744,0.0,0.0029990056854068744,0.9891612167981207,-0.19312339313137095
2017-02-06,model2,0.0026810081256192224,0.0,0.0026810081256192224,0.9918131660579039,-0.1909601503919841
2017-02-07,model2,0.00088557320636804,0.0,0.00088557320636804,0.9926914892234878,-0.19024368637828726
2017-02-08,model2,0.0007592100985381657,0.0,0.0007592100985381657,0.9934451506268391,-0.1896289112076306
2017-02-09,model2,0.0010716517399677274,0.0,0.0010716517399677274,0.994509777851071,-0.18876047562030673
2017-02-10,model2,-0.0018814288465041963,0.0008,-0.002681428846504196,0.9918430706446106,-0.1909357566824027
2017-02-13,model2,-0.00017559636510942065,0.0,-0.00017559636510942065,0.9916689066066464,-0.19107782542266938
2017-02-14,model2,-0.0013023082540844833,0.0,-0.0013023082540844833,0.9903774480042536,-0.19213129144753338
2017-02-15,model2,0.0037421318801458712,0.0,0.0037421318801458712,0.9940835710258078,-0.18910814019828703
2017-02-16,model2,-0.0022484730691243906,0.0,-0.0022484730691243906,0.9918484008878973,-0.1909314087070233
2017-02-17,model2,0.0009164543554783136,0.0008,0.00011645435547831355,0.991963905954155,-0.19083718914568648
2017-02-20,model2,-0.0003774775331910618,0.0,-0.0003774775331910618,0.9915894618659208,-0.19114262992747777
2017-02-21,model2,0.0026313755289458563,0.0,0.0026313755289458563,0.9941987061106353,-0.18901422243746147
2017-02-22,model2,0.0022550929514533634,0.0,0.0022550929514533634,0.9964407166051295,-0.1871853741267513
2017-02-23,model2,0.0017828533025336048,0.0,0.0017828533025336048,0.9982172242275079,-0.1857362448866654
2017-02-24,model2,-0.00027796503014689835,0.0,-0.00027796503014689835,0.9979397547466824,-0.18596258173590308
2017-02-27,model2,2.7048627858361658e-05,0.0,2.7048627858361658e-05,0.9979667476477336,-0.1859405631407136
2017-02-28,model2,0.0016384905011360474,0.0,0.0016384905011360474,0.999601906684204,-0.18460673448605958
2017-03-01,model2,0.0008280017168016408,0.0008,2.8001716801640767e-05,0.9996298972537094,-0.1845839020747566
2017-03-02,model2,-0.000827168333932482,0.0,-0.000827168333932482,0.998803035057049,-0.18525838844993914
2017-03-03,model2,-0.0024515946152138925,0.0,-0.0024515946152138925,0.9963543749146438,-0.18725580459760593
2017-03-06,model2,-0.0035297667975621393,0.0008,-0.004329766797562139,0.9920403928235326,-0.19077479742977066
2017-03-07,model2,-0.0007303027965290809,0.0,-0.0007303027965290809,0.9913159029503837,-0.19136577685822953
2017-03-08,model2,-0.00190267176411143,0.0008,-0.00270267176411143,0.9886367014501651,-0.1935512497406089
2017-03-09,model2,0.0015983479010936996,0.0,0.0015983479010936996,0.9902168868468723,-0.19226226407329217
2017-03-10,model2,-0.0017777149183369812,0.0,-0.0017777149183369812,0.9884565635147353,-0.19369819149655287
2017-03-13,model2,-0.0010436843698090393,0.0,-0.0010436843698090393,0.9874249268491598,-0.1945397160914366
2017-03-14,model2,0.000887400575449604,0.0,0.000887400575449604,0.9883011682974591,-0.19382495017199441
2017-03-15,model2,0.000866158966678432,0.0,0.000866158966678432,0.9891571942161588,-0.19312667442387332
2017-03-16,model2,-0.0015154121885687212,0.0,-0.0015154121885687212,0.9876582133476332,-0.19434942009608236
2017-03-17,model2,-8.0194752182594e-05,0.0008,-0.000880194752182594,0.9867888817712945,-0.19505854950860668
2017-03-20,model2,0.0004018230732017791,0.0,0.0004018230732017791,0.9871853963123691,-0.19473510546122286
2017-03-21,model2,-0.00011955379010375466,0.0,-0.00011955379010375466,0.9870673745567049,-0.19483137793140248
2017-03-22,model2,0.002162925069442956,0.0,0.002162925069442956,0.9892023273263629,-0.1930898585336014
2017-03-23,model2,-0.0007573888020326438,0.0,-0.0007573888020326438,0.9884531165607012,-0.19370100323899464
2017-03-24,model2,-0.0009815068723288967,0.0008,-0.0017815068723288966,0.9866921805405734,-0.19513743044287635
2017-03-27,model2,0.0016696418799111434,0.0,0.0016696418799111434,0.9883396031277848,-0.19379359818917086
2017-03-28,model2,-0.00030811400344630245,0.0,-0.00030811400344630245,0.9880350818559005,-0.19404200167123686
2017-03-29,model2,0.0005024905518266286,0.0008,-0.0002975094481733714,0.9877411320839216,-0.19428178179057065
2017-03-30,model2,-0.005443937785804698,0.0,-0.005443937785804698,0.9823639308123764,-0.19866806164339212
2017-03-31,model2,-0.0006051911514864726,0.0008,-0.0014051911514864728,0.9809835217092593,-0.19979408619257444
2017-04-05,model2,-0.004487742047177257,0.0,-0.004487742047177257,0.9765811207112965,-0.203385203918368
2017-04-06,model2,-0.00017636059954924117,0.0,-0.00017636059954924117,0.9764088902793394,-0.20352569538141474
2017-04-07,model2,-0.0015174763118610546,0.0008,-0.0023174763118610545,0.9741460858054265,-0.20537150571537433
2017-04-10,model2,0.0007857752387072204,0.0008,-1.4224761292779648e-05,0.9741322288098916,-0.20538280911602202
2017-04-11,model2,-0.003318315919063775,0.0008,-0.004118315919063775,0.9701204445447108,-0.20865529374280112
2017-04-12,model2,-0.0026341366315353557,0.0,-0.0026341366315353557,0.9675650147447342,-0.21073980382172486
2017-04-13,model2,0.004194677696522486,0.0,0.004194677696522486,0.9716236381320194,-0.20742911168006295
2017-04-14,model2,-0.0031671018298587324,0.0,-0.0031671018298587324,0.9685464071297575,-0.20993926439075372
2017-04-17,model2,-0.004725084613146491,0.0,-0.004725084613146491,0.9639699434043104,-0.21367236821603208
2017-04-18,model2,0.0010445450294324313,0.0008,0.0002445450294324313,0.9642056774624922,-0.21348007570217398
2017-04-19,model2,0.0021044565258225845,0.0,0.0021044565258225845,0.9662348063926633,-0.21182487871479583
2017-04-20,model2,0.002005425298920338,0.0,0.002005425298920338,0.9681725181181006,-0.21024425238659095
2017-04-21,model2,0.005025254831219428,0.0,0.005025254831219428,0.9730378317422275,-0.2062755285004133
2017-04-24,model2,0.009318925230624098,0.0,0.009318925230624098,0.9821054985428018,-0.19887886949679212
2017-04-25,model2,-0.0009505410058767262,0.0,-0.0009505410058767262,0.9811719669943398,-0.1996403679820098
2017-04-26,model2,-0.001075063531443421,0.0,-0.001075063531443421,0.9801171447945497,-0.20050080543443172
2017-04-27,model2,0.00018724845011997004,0.0008,-0.00061275154988003,0.9795165764950128,-0.2009906998050296
2017-04-28,model2,0.0020460112830587465,0.0,0.0020460112830587465,0.9815206784624646,-0.19935591776156192
2017-05-02,model2,0.0020202760963154097,0.0,0.0020202760963154097,0.9835036212272017,-0.19773839566055906
2017-05-03,model2,3.3297232640892935e-06,0.0,3.3297232640892935e-06,0.9835068960220895,-0.19773572435143139
2017-05-04,model2,-0.0006226099118317397,0.0,-0.0006226099118317397,0.9828945548802713,-0.19823522204135857
2017-05-05,model2,-0.004778968867988542,0.0,-0.004778968867988542,0.978197332401983,-0.2020668309546727
2017-05-08,model2,-0.00844462093517464,0.0008,-0.009244620935174641,0.9691542688641277,-0.20944342063409938
2017-05-09,model2,-0.004126396244752595,0.0,-0.004126396244752595,0.9651551543285007,-0.21270557033445936
2017-05-10,model2,0.009883796292601632,0.0,0.009883796292601632,0.9746945512646382,-0.20492411256934506
2017-05-11,model2,0.003369263024828806,0.0008,0.002569263024828806,0.9771987979357046,-0.2028813534898365
2017-05-12,model2,-0.0067861323467890864,0.0,-0.0067861323467890864,0.9705673975637897,-0.20829070612114786
2017-05-15,model2,0.0009664479411414463,0.0008,0.00016644794114144626,0.9707289465088532,-0.2081589277391992
2017-05-16,model2,-0.008300815277269936,0.0,-0.008300815277269936,0.9626711048395844,-0.21473185420899144
2017-05-17,model2,-0.003841827699827949,0.0008,-0.004641827699827949,0.9582025514393161,-0.21837693363991661
2017-05-18,model2,-0.001917357636611561,0.0,-0.001917357636611561,0.9563653344598932,-0.21987558459515388
2017-05-19,model2,-0.001262081332888876,0.0,-0.001262081332888876,0.9551583236238494,-0.2208601650571671
2017-05-22,model2,-0.009137323741380455,0.0,-0.009137323741380455,0.9464307327966242,-0.22797941796884547
2017-05-23,model2,-0.013498740309767766,0.0008,-0.014298740309767766,0.9328979655271821,-0.23901833978510467
2017-05-24,model2,-0.0030864989937508195,0.0,-0.0030864989937508195,0.9300185768953103,-0.24136710891362068
2017-05-25,model2,0.007397219452487747,0.0,0.007397219452487747,0.9368981284034954,-0.2357553349343794
2017-05-26,model2,0.0005791244568964515,0.0,0.0005791244568964515,0.9374407090232744,-0.2353127421577873
2017-05-31,model2,0.0021520817400382695,0.0008,0.0013520817400382696,0.9387082054883134,-0.23427882247961884
2017-06-01,model2,-0.010639415049216838,0.0008,-0.011439415049216839,0.927969932715627,-0.24303822484124948
2017-06-02,model2,-0.007741858023881943,0.0,-0.007741858023881943,0.9207857212461114,-0.24889851543403418
2017-06-05,model2,-0.0070580691154878755,0.0008,-0.007858069115487875,0.913550123408005,-0.2548007228124992
2017-06-06,model2,-0.000787445971116618,0.0,-0.000787445971116618,0.9128307520439143,-0.2553875269809994
2017-06-07,model2,0.004847324551821864,0.0,0.004847324551821864,0.9172555389599548,-0.25177814865894166
2017-06-08,model2,-0.0034375615387449267,0.0,-0.0034375615387449267,0.9141024165980253,-0.2543502073175602
2017-06-09,model2,-0.0012616426973613315,0.0008,-0.0020616426973613317,0.9122178640262056,-0.2558874707674329
2017-06-12,model2,0.004751605864524189,0.0,0.004751605864524189,0.9165523637786364,-0.25235174130966553
2017-06-13,model2,-0.0061874379887989495,0.0,-0.0061874379887989495,0.9108812528642689,-0.25697776854774546
2017-06-14,model2,-0.005104250877499972,0.0,-0.005104250877499972,0.9062318864300382,-0.26077034042463765
2017-06-15,model2,-0.006146848710884845,0.0008,-0.006946848710884845,0.899936430618029,-0.2659056570323066
2017-06-16,model2,0.0009496990781897807,0.0,0.0009496990781897807,0.9007910994166164,-0.2652084883114858
2017-06-19,model2,-0.002154239256671975,0.0,-0.002154239256671975,0.8988505798681924,-0.2667914050314345
2017-06-20,model2,0.002187285312598597,0.0008,0.001387285312598597,0.9000975420758643,-0.26577423551656354
2017-06-21,model2,0.0029461804810452467,0.0,0.0029461804810452467,0.9027493918853652,-0.2636110739005618
2017-06-22,model2,0.00876056224054449,0.0,0.00876056224054449,0.9106579841205906,-0.2571598928802199
2017-06-23,model2,0.0007747933676887087,0.0,0.0007747933676887087,0.91136355588692,-0.2565843452919704
2017-06-26,model2,-0.004494037487253167,0.0,-0.004494037487253167,0.9072678539022477,-0.25992528311283924
2017-06-27,model2,0.0016896956726781375,0.0,0.0016896956726781375,0.9088008604689464,-0.2586747820662565
2017-06-28,model2,-0.0009079641451137821,0.0008,-0.0017079641451137823,0.9072486611842169,-0.2599409389583559
2017-06-29,model2,-0.000394791474991774,0.0,-0.000394791474991774,0.9068904871470836,-0.26023310796664556
2017-06-30,model2,0.0018551051761004358,0.0,0.0018551051761004358,0.9085728643839465,-0.2588607625761268
2017-07-03,model2,0.005004205979628074,0.0,0.005004205979628074,0.9131195501448244,-0.2551519491724733
2017-07-04,model2,0.0016866138058568405,0.0,0.0016866138058568405,0.9146596301844965,-0.2538956781666819
2017-07-05,model2,-0.0028197999099264237,0.0,-0.0028197999099264237,0.9120804730416889,-0.2559995430661832
2017-07-06,model2,-0.0004107692220650883,0.0,-0.0004107692220650883,0.9117058184553168,-0.25630515555509403
2017-07-07,model2,0.0031719881066442747,0.0008,0.002371988106644275,0.9138683738134512,-0.25454112022909803
2017-07-10,model2,0.0022652572368663916,0.0,0.0022652572368663916,0.9159385207607755,-0.25285246410691065
2017-07-11,model2,0.008210717615720009,0.0,0.008210717615720009,0.9234590333081025,-0.24671784667241148
2017-07-12,model2,-0.0011088373907934823,0.0,-0.0011088373907934823,0.9224350674031045,-0.2475531140898385
2017-07-13,model2,0.004479261842048921,0.0,0.004479261842048921,0.926566895602291,-0.24418270746561266
2017-07-14,model2,0.004766474695150392,0.0,0.004766474695150392,0.9309833532635433,-0.2405801234665904
2017-07-17,model2,0.017751104282214047,0.0,0.017751104282214047,0.9475093358523298,-0.22709958204425984
2017-07-18,model2,-0.005298751838079241,0.0,-0.005298751838079241,0.942488719017385,-0.23119498955455497
2017-07-19,model2,-0.003026860683890664,0.0008,-0.003826860683890664,0.9388819459935668,-0.23413709922260695
2017-07-20,model2,0.0014978520427225029,0.0,0.0014978520427225029,0.9402882522342485,-0.2329899499122321
2017-07-21,model2,0.005696333736415227,0.0,0.005696333736415227,0.9456444479274054,-0.2286208046877476
2017-07-24,model2,0.00037984726030035896,0.0,0.00037984726030035896,0.9460036483801688,-0.2283277984137556
2017-07-25,model2,0.0008260874650370732,0.0,0.0008260874650370732,0.9467851301359749,-0.22769032968090774
2017-07-26,model2,0.0005918904509697675,0.0,0.0005918904509697675,0.9473455232136226,-0.22723320696185412
2017-07-27,model2,0.0023638895078239132,0.0008,0.0015638895078239133,0.9488270669376603,-0.22602468508222717
2017-07-28,model2,-0.002069068904880256,0.0,-0.002069068904880256,0.9468638783573509,-0.22762609333946837
2017-07-31,model2,-0.005049140348610148,0.0,-0.005049140348610148,0.9420830297444953,-0.23152591759580166
2017-08-01,model2,0.007351155517535136,0.0008,0.006551155517535136,0.9482547621827822,-0.2264915243707767
2017-08-02,model2,-0.0020311010536089302,0.0008,-0.00283110105360893,0.9455701571264767,-0.22868140503110612
2017-08-03,model2,-0.005781878205409542,0.0,-0.005781878205409542,0.9401029856433015,-0.23314107520478378
2017-08-04,model2,-0.0004293631739426653,0.0,-0.0004293631739426653,0.9396993400415528,-0.2334703361867001
2017-08-07,model2,-0.004061471204216271,0.0008,-0.0048614712042162715,0.9351310187593197,-0.2371967980745061
2017-08-08,model2,-0.00013436897957488372,0.0,-0.00013436897957488372,0.9350053661585602,-0.23729929516236525
2017-08-09,model2,0.004550822441965296,0.0,0.004550822441965296,0.9392604095622326,-0.2338283796782874
2017-08-10,model2,-0.0018254505843022795,0.0,-0.0018254505843022795,0.9375458360987852,-0.23522698811027953
2017-08-11,model2,-0.0018493692607743917,0.0008,-0.0026493692607743916,0.935061930980058,-0.23725315421945004
2017-08-14,model2,-0.005235332335793342,0.0,-0.005235332335793342,0.9301665710168288,-0.24124638744518923
2017-08-15,model2,0.0007221878350319954,0.0,0.0007221878350319954,0.9308383259989707,-0.24069842481641557
2017-08-16,model2,-0.0018279533741881074,0.0008,-0.0026279533741881073,0.9283921262793381,-0.24269383395294553
2017-08-17,model2,0.0015902286793755493,0.0,0.0015902286793755493,0.929868482064254,-0.24148954396862954
2017-08-18,model2,-0.0025587355257720382,0.0,-0.0025587355257720382,0.9274891945449005,-0.2434303716191465
2017-08-21,model2,0.0029854288295176447,0.0008,0.002185428829517645,0.9295161561697249,-0.24177694254174564
2017-08-22,model2,0.005814385910561137,0.0,0.005814385910561137,0.9349207218117971,-0.23736834107939775
2017-08-23,model2,0.005800468184492714,0.0,0.005800468184492714,0.9403436997136894,-0.23294472040534198
2017-08-24,model2,0.000783709361747631,0.0,0.000783709361747631,0.9410806558744153,-0.23234357200174582
2017-08-25,model2,0.004716417927394723,0.0,0.004716417927394723,0.9455191855509056,-0.22872298346265507
2017-08-28,model2,-0.00045279870769903124,0.0,-0.00045279870769903124,0.9450910556855836,-0.22907221669902111
2017-08-29,model2,0.0014126740624247347,0.0008,0.0006126740624247347,0.9456700884620318,-0.22859988924219
2017-08-30,model2,0.004419560918404519,0.0,0.004419560918404519,0.9498495350267028,-0.22519063946023188
2017-08-31,model2,0.003045253900736711,0.0,0.003045253900736711,0.9527420680283557,-0.22283114823272088
2017-09-01,model2,0.004131715059900421,0.0,0.004131715059900421,0.9566785267790292,-0.2196201079837884
2017-09-04,model2,0.0021583598905928095,0.0,0.0021583598905928095,0.9587433833394204,-0.21793576732543551
2017-09-05,model2,-0.0022918714514298167,0.0,-0.0022918714514298167,0.9565460667498976,-0.21972815801348666
2017-09-06,model2,0.004419665049032595,0.0008,0.0036196650490325955,0.9600084431155018,-0.21690383529830382
2017-09-07,model2,-0.00037849731178920534,0.0,-0.00037849731178920534,0.9596450825004876,-0.21720023509151587
2017-09-08,model2,-0.001714246758969118,0.0,-0.001714246758969118,0.9580000140280505,-0.21854214705143205
2017-09-11,model2,-0.006367988015920023,0.0008,-0.007167988015920023,0.9511330814082462,-0.224143627576314
2017-09-12,model2,-0.0029982317997689027,0.0008,-0.0037982317997689026,0.9475204574926291,-0.227090509922107
2017-09-13,model2,-0.0031537301194760397,0.0,-0.0031537301194760397,0.9445322336870149,-0.2295280578605946
2017-09-14,model2,-0.0014780005228425266,0.0,-0.0014780005228425266,0.9431362145517839,-0.23066681579391213
2017-09-15,model2,0.00233844727902528,0.0008,0.00153844727902528,0.9445871798948112,-0.2294832372500064
2017-09-18,model2,0.0019943861180374612,0.0,0.0019943861180374612,0.9464710514536695,-0.22794652931466275
2017-09-19,model2,-0.0014840360673299634,0.0008,-0.0022840360673299634,0.9443092774354656,-0.2297099272876154
2017-09-20,model2,-0.0046106774823884145,0.0,-0.0046106774823884145,0.9399553719135834,-0.2332614863807777
2017-09-21,model2,0.006748572302394163,0.0008,0.005948572302394163,0.9455467644044352,-0.2287004868954835
2017-09-22,model2,-0.002945574563229014,0.0008,-0.003745574563229014,0.9420051484953385,-0.23158944673239867
2017-09-25,model2,0.005239632385646465,0.0,0.005239632385646465,0.9469409091788403,-0.22756325791202525
2017-09-26,model2,-0.0021506353340845497,0.0,-0.0021506353340845497,0.9449043846002702,-0.22922448766290482
2017-09-27,model2,-0.006432852609234408,0.0,-0.006432852609234408,0.9388259539643172,-0.23418277292857648
2017-09-28,model2,0.0008920227281739912,0.0008,9.202272817399114e-05,0.9389123472898816,-0.23411230033805874
2017-09-29,model2,0.0005001174616958261,0.0,0.0005001174616958261,0.9393819137497631,-0.23372926652575976
2017-10-09,model2,0.0015938341541924745,0.0,0.0015938341541924745,0.9408791327277283,-0.23250795805939029
2017-10-10,model2,0.0011095857384079367,0.0,0.0011095857384079367,0.9419231187949687,-0.2316563598353113
2017-10-11,model2,-0.004105597492222302,0.0008,-0.004905597492222302,0.9373024231055419,-0.23542554446966812
2017-10-12,model2,0.0020422419612963873,0.0,0.0020422419612963873,0.9392166214444329,-0.23386409843404876
2017-10-13,model2,-0.0037786310518014956,0.0,-0.0037786310518014956,0.9356676683542748,-0.2367590433416058
2017-10-16,model2,0.007357271256580145,0.0,0.007357271256580145,0.9425516291963691,-0.2311436725893382
2017-10-17,model2,-7.745372079299707e-05,0.0,-7.745372079299707e-05,0.9424786250656484,-0.23120322337265142
2017-10-18,model2,0.007323565764452367,0.0,0.007323565764452367,0.9493809292579073,-0.22557288961952204
2017-10-19,model2,0.004220267410982226,0.0,0.004220267410982226,0.9533875706542624,-0.22230460012340225
2017-10-20,model2,-0.006977922953712312,0.0,-0.006977922953712312,0.94673490564121,-0.2277312987051976
2017-10-23,model2,-0.0029945240196391333,0.0,-0.0029945240196391333,0.9438998852260365,-0.23004387588084052
2017-10-24,model2,0.0034108703270413713,0.0008,0.0026108703270413714,0.9463642854280709,-0.2280336202832539
2017-10-25,model2,0.0029385512250089453,0.0,0.0029385512250089453,0.9491452253583202,-0.22576515753247162
2017-10-26,model2,-0.0013012687623112917,0.0008,-0.0021012687623112917,0.9471508161453779,-0.22739203302164168
2017-10-27,model2,0.008705411985317336,0.0,0.008705411985317336,0.955396154212153,-0.2206661623659566
2017-10-30,model2,0.006447204895816006,0.0008,0.005647204895816006,0.9607914720516637,-0.2162651045025945
2017-10-31,model2,0.005167928137533018,0.0008,0.004367928137533018,0.96498814015674,-0.21284180680018483
2017-11-01,model2,-0.00017494297899065534,0.0,-0.00017494297899065534,0.9648193222568102,-0.2129795145994402
2017-11-02,model2,0.004826459177415821,0.0008,0.00402645917741582,0.9687041278714592,-0.2098106087431849
2017-11-03,model2,-0.004485696304955367,0.0008,-0.005285696304955368,0.963583852042174,-0.21398730988876602
2017-11-06,model2,-0.006412848552394302,0.0,-0.006412848552394302,0.9574045347314948,-0.21902789023070945
2017-11-07,model2,0.0017502933238841218,0.0,0.0017502933238841218,0.9590802734968917,-0.21766095996084045
2017-11-08,model2,-0.0008787585141501798,0.0008,-0.0016787585141501797,0.9574702093220053,-0.21897431828525837
2017-11-09,model2,0.0011828096951196799,0.0,0.0011828096951196799,0.9586027143683796,-0.21805051353678873
2017-11-10,model2,-0.002341717862869342,0.0,-0.002341717862869342,0.9563579372687482,-0.2198816186171011
2017-11-13,model2,0.0002450948389103758,0.0,0.0002450948389103758,0.9565923356633237,-0.2196904156280851
2017-11-14,model2,-0.0017160841394313843,0.0,-0.0017160841394313843,0.9549507427281902,-0.22102949252967197
2017-11-15,model2,-0.003057959413771805,0.0008,-0.003857959413771805,0.9512665815205937,-0.22403472913201772
2017-11-16,model2,0.002855262138203152,0.0,0.002855262138203152,0.9539826969741475,-0.2218191448735477
2017-11-17,model2,0.020228494806905986,0.0008,0.019428494806905987,0.9725171448481879,-0.20670026217088977
2017-11-20,model2,0.004157899766114958,0.0008,0.0033578997661149585,0.9757827599414164,-0.20403644116677433
2017-11-21,model2,0.0048173639287462326,0.0,0.0048173639287462326,0.9804834606114508,-0.20020199502985458
2017-11-22,model2,0.004419687534398343,0.0,0.004419687534398343,0.9848168911399988,-0.19666713775725142
2017-11-23,model2,0.0007335644468843047,0.0,0.0007335644468843047,0.9855393177980302,-0.19607784133049644
2017-11-24,model2,-0.0007535674084159451,0.0008,-0.0015535674084159452,0.9840082160341866,-0.19732678859510877
2017-11-27,model2,-0.0026589226419276636,0.0,-0.0026589226419276636,0.9813918143087305,-0.19946103457098208
2017-11-28,model2,0.009534195113744516,0.0,0.009534195113744516,0.9907485953493815,-0.19182853987842674
2017-11-29,model2,0.0017380935777999264,0.0,0.0017380935777999264,0.9924706091201726,-0.19042386225382824
2017-11-30,model2,0.0006462282057064337,0.0,0.0006462282057064337,0.9931119716211207,-0.1899006913189497
2017-12-01,model2,0.0063540888762806174,0.0,0.0063540888762806174,0.9994222933528996,-0.1847532483129769
2017-12-04,model2,-0.005028472323596933,0.0,-0.005028472323596933,0.9943967260111888,-0.18885269404073735
2017-12-05,model2,-0.016210969145333508,0.0008,-0.017010969145333506,0.9774810739867917,-0.20265109583473084
2017-12-06,model2,-0.007376799519528987,0.0,-0.007376799519528987,0.9702703920698573,-0.20853297884787414
2017-12-07,model2,-0.0013146116301745,0.0,-0.0013146116301745,0.9689948633280283,-0.2095734505987803
2017-12-08,model2,-0.0021018737160726,0.0,-0.0021018737160726,0.9669581584937897,-0.2112348273874527
2017-12-11,model2,-0.0006402808112039972,0.0008,-0.0014402808112039972,0.9655654672128741,-0.21237087073011252
2017-12-12,model2,0.0033782730750684387,0.0,0.0033782730750684387,0.9688274110329752,-0.20971004444956043
2017-12-13,model2,-0.00035348136075965533,0.0,-0.00035348136075965533,0.968484948601382,-0.209989397218443
2017-12-14,model2,0.0036106471865752442,0.0008,0.0028106471865752443,0.971207018097409,-0.2077689561403705
2017-12-15,model2,-0.001117802472182028,0.0,-0.001117802472182028,0.9701214004915791,-0.2086545139597361
2017-12-18,model2,0.0035558172927600664,0.0,0.0035558172927600664,0.9735709749435237,-0.20584063399592645
2017-12-19,model2,0.0029105179013050983,0.0008,0.0021105179013050984,0.9756257139143331,-0.20416454643748583
2017-12-20,model2,-0.004240311971018551,0.0008,-0.005040311971018552,0.9707082559492571,-0.20817580540103797
2017-12-21,model2,-0.0003412053239438607,0.0,-0.0003412053239438607,0.970377045124331,-0.20844598003186265
2017-12-22,model2,-0.0022973259300345552,0.0,-0.0022973259300345552,0.9681477727766565,-0.21026443760695857
2017-12-25,model2,0.003577173180775528,0.0,0.003577173180775528,0.9716110050244606,-0.2074394167332616
2017-12-26,model2,-0.00025707915450769994,0.0008,-0.0010570791545076999,0.970583935284759,-0.20827721600451732
2017-12-27,model2,0.004537675842567923,0.0,0.004537675842567923,0.9749881305610851,-0.20468463465357045
2017-12-28,model2,-0.0007191312684370565,0.0,-0.0007191312684370565,0.9742869861100437,-0.2052565708010594
2017-12-29,model2,0.002807756386519955,0.0008,0.0020077563865199552,0.9762431170287095,-0.20366091960544042
2018-01-02,model2,0.0015442723539537788,0.0008,0.0007442723539537788,0.9769697077914515,-0.20306822644352984
2018-01-03,model2,0.0029164783971316055,0.0,0.0029164783971316055,0.9798190188388772,-0.2007439921419647
2018-01-04,model2,0.0009795688253728231,0.0,0.0009795688253728231,0.9807788190042392,-0.19996106587317497
2018-01-05,model2,-0.0017818344892241988,0.0,-0.0017818344892241988,0.979031233478237,-0.20138660283872434
2018-01-08,model2,-0.00029830514046880197,0.0008,-0.001098305140468802,0.9779559584418283,-0.2022637240380738
2018-01-09,model2,0.0029521243302406577,0.0,0.0029521243302406577,0.9808430060206481,-0.19990870736869104
2018-01-10,model2,0.00600596982678785,0.0,0.00600596982678785,0.986733919519624,-0.1951033832064718
2018-01-11,model2,-0.001051159461626039,0.0,-0.001051159461626039,0.9856967048240136,-0.19594945790084506
2018-01-12,model2,0.004529983999614729,0.0,0.004529983999614729,0.9901618951253394,-0.19230712181025433
2018-01-15,model2,0.013129180047036337,0.0008,0.012329180047036337,1.0023697794060544,-0.18234893089234394
2018-01-16,model2,0.0010797965945147149,0.0,0.0010797965945147149,1.0034521348803014,-0.18146603405242034
2018-01-17,model2,-0.003746129899129791,0.0008,-0.004546129899129791,0.9988903111275764,-0.18518719578846787
2018-01-18,model2,0.0027146493444003108,0.0,0.0027146493444003108,1.0016019480558067,-0.18297526474370607
2018-01-19,model2,0.0023685975308434418,0.0,0.0023685975308434418,1.0039743399568597,-0.18104006197314004
2018-01-22,model2,-0.0031945455302735404,0.0,-0.0031945455302735404,1.0007670982166412,-0.1836562667826368
2018-01-23,model2,0.0054364840927942915,0.0008,0.004636484092794291,1.0054071389481147,-0.179871302049322
2018-01-24,model2,0.001991786862795575,0.0,0.001991786862795575,1.0074096956792327,-0.17823778048294203
2018-01-25,model2,0.0021521485788898787,0.0,0.0021521485788898787,1.0095777910241486,-0.17646922609002313
2018-01-26,model2,-0.001883274759039022,0.0,-0.001883274759039022,1.0076764786530263,-0.17802016080981964
2018-01-29,model2,0.0019451270185841807,0.0,0.0019451270185841807,1.0096365373976461,-0.17642130561587932
2018-01-30,model2,0.005554812053631952,0.0008,0.004754812053631952,1.0144371693754517,-0.17250534371270732
2018-01-31,model2,0.012762127674028224,0.0,0.012762127674028224,1.027383546048301,-0.16194475125959273
2018-02-01,model2,0.016353620597725316,0.0,0.016353620597725316,1.0441849867687205,-0.1482395136817598
2018-02-02,model2,-0.00027276089582937155,0.0,-0.00027276089582937155,1.0439001739363178,-0.14847184063504015
2018-02-05,model2,0.0044669517123183235,0.0,0.0044669517123183235,1.0485632256057722,-0.14466810546547748
2018-02-06,model2,0.011575189292880683,0.0,0.011575189292880683,1.0607005434277124,-0.13476747687800228
2018-02-07,model2,-0.011772578381208243,0.0008,-0.012572578381208243,1.0473648027064772,-0.14564568059292415
2018-02-08,model2,0.014920846462291327,0.0,0.014920846462291327,1.0629923721176688,-0.13289799096865562
2018-02-09,model2,0.0037650741392694104,0.0,0.0037650741392694104,1.0669946172081697,-0.12963328761834314
2018-02-12,model2,0.011069253777517841,0.0,0.011069253777517841,1.0788054514052925,-0.11999897759948663
2018-02-13,model2,-0.004117207065828233,0.0,-0.004117207065828233,1.0743637859781126,-0.12362212402685013
2018-02-14,model2,-0.0014270709849534494,0.0008,-0.0022270709849534494,1.071971101563076,-0.1255738797662851
2018-02-22,model2,-3.258343241716727e-05,0.0,-3.258343241716727e-05,1.071936173065135,-0.12560237157067766
2018-02-23,model2,0.00195604040136379,0.0,0.00195604040136379,1.0740329235273336,-0.12389201448261322
2018-02-26,model2,-0.006705531105564245,0.0,-0.006705531105564245,1.066830962350221,-0.12976678383133322
2018-02-27,model2,-0.00501149759883739,0.0,-0.00501149759883739,1.0614845415440375,-0.1341279555045911
2018-02-28,model2,-0.007491299438687405,0.0008,-0.008291299438687404,1.052683455360558,-0.141307159901091
2018-03-01,model2,0.0026638734043420882,0.0,0.0026638734043420882,1.055487670820484,-0.1390197108818526
2018-03-02,model2,0.0015254123586015745,0.0,0.0015254123586015745,1.057097724757905,-0.13770636090831945
2018-03-05,model2,0.0005395964409335985,0.0,0.0005395964409335985,1.0576681309279032,-0.13724107032962596
2018-03-06,model2,0.0013962172870621188,0.0008,0.0005962172870621188,1.0582987309515373,-0.13672667854118925
2018-03-07,model2,0.0018650321355561774,0.0,0.0018650321355561774,1.0602724920937803,-0.13511664605490015
2018-03-08,model2,-0.00016517124394193044,0.0,-0.00016517124394193044,1.0600973655673438,-0.13525949991433583
2018-03-09,model2,-0.0035505407252768963,0.0,-0.0035505407252768963,1.0563334466981382,-0.1383297962766863
2018-03-12,model2,-0.005532666117926155,0.0008,-0.006332666117926156,1.0496440396710007,-0.1437864659806315
2018-03-13,model2,0.0009571297258200049,0.0,0.0009571297258200049,1.0506486851828996,-0.14296695855557218
2018-03-14,model2,-0.0024755928030311125,0.0,-0.0024755928030311125,1.0480477068593466,-0.145088623384932
2018-03-15,model2,-0.0038894422683315,0.0008,-0.0046894422683315005,1.0431329476435725,-0.1490976809301081
2018-03-16,model2,-0.0011627759055836684,0.0,-0.0011627759055836684,1.041920017785732,-0.15008708964472794
2018-03-19,model2,0.00320585556755999,0.0,0.00320585556755999,1.0452602628757026,-0.14736239160912434
2018-03-20,model2,-0.00030524139727443615,0.0008,-0.0011052413972744363,1.0441049979622465,-0.1483047619907909
2018-03-21,model2,-0.001476169709293451,0.0008,-0.002276169709293451,1.041728437792563,-0.15024336489309686
2018-03-22,model2,-0.001976774652687219,0.0,-0.001976774652687219,1.0396691754217513,-0.151923142270329
2018-03-23,model2,0.010097556773715998,0.0,0.010097556773715998,1.050167293946455,-0.14335963805092888
2018-03-26,model2,-0.015541554297220062,0.0,-0.015541554297220062,1.0338460619264216,-0.15667316074935056
2018-03-27,model2,-0.007658810092714231,0.0008,-0.008458810092714231,1.0251009544234855,-0.1638067023286608
2018-03-28,model2,0.00360913731818795,0.0,0.00360913731818795,1.0288006845330053,-0.16078876589281654
2018-03-29,model2,-0.002406438442216441,0.0,-0.002406438442216441,1.0263249390163665,-0.16280827606771198
2018-03-30,model2,0.007724559858653946,0.0008,0.006924559858653946,1.0334317874910148,-0.157011091862173
2018-04-02,model2,-0.0020566607990238684,0.0,-0.0020566607990238684,1.0313063688452169,-0.1587448341035521
2018-04-03,model2,0.0019873205088918326,0.0,0.0019873205088918326,1.0333559051429737,-0.1570729904591549
2018-04-04,model2,0.003529806709141603,0.0008,0.002729806709141603,1.0361767670257642,-0.15477196265319348
2018-04-09,model2,-0.0014486024447356804,0.0008,-0.0022486024447356803,1.0338468174142519,-0.15667254448433054
2018-04-10,model2,0.0070556988075112246,0.0,0.0070556988075112246,1.041141329171031,-0.1507222799621072
2018-04-11,model2,-0.0008563296796714859,0.0,-0.0008563296796714859,1.040249768950129,-0.15144954168005942
2018-04-12,model2,-0.002799829149420985,0.0,-0.002799829149420985,1.037337247324344,-0.15382533798801812
2018-04-13,model2,-0.0017936955482591001,0.0,-0.0017936955482591001,1.035476580121775,-0.1553431177123188
2018-04-16,model2,-0.00806995717860306,0.0008,-0.00886995717860306,1.0262919471966485,-0.1628351880888228
2018-04-17,model2,-0.003733095817576349,0.0,-0.003733095817576349,1.0224607010209565,-0.1659604045467904
2018-04-18,model2,0.0026768871491575476,0.0,0.0026768871491575476,1.0251977129320382,-0.16372777467183308
2018-04-19,model2,-0.002055510513827574,0.0008,-0.002855510513827574,1.0222702500840088,-0.16611575880367957
2018-04-20,model2,0.0030082418382352937,0.0,0.0030082418382352937,1.0253454862202949,-0.16360723334106775
2018-04-23,model2,0.006521597933362645,0.0,0.006521597933362645,1.0320323772242117,-0.1581526160025455
2018-04-24,model2,-0.0004582468875185871,0.0,-0.0004582468875185871,1.0315594515995303,-0.15853838994602798
2018-04-25,model2,-0.003068279721578282,0.0008,-0.003868279721578282,1.0275690910913053,-0.16179339882868649
2018-04-26,model2,-0.002011311604887123,0.0,-0.002011311604887123,1.0255023294535701,-0.16347929349291523
2018-04-27,model2,0.0027621715843815678,0.0,0.0027621715843815678,1.0283349428477038,-0.1611686797676547
2018-05-02,model2,-0.0002638260283751137,0.0,-0.0002638260283751137,1.0280636413238928,-0.16138998530334825
2018-05-03,model2,0.0020810881780784383,0.0008,0.0012810881780784384,1.0293806815011053,-0.16031565192750208
2018-05-04,model2,-0.0025569813955444334,0.0,-0.0025569813955444334,1.026748574249574,-0.16246270918365335
2018-05-07,model2,-0.0017682548444742712,0.0008,-0.002568254844474271,1.0241116222497006,-0.16461371838822025
2018-05-08,model2,-0.004310459937357081,0.0,-0.004310459937357081,1.0196972301306115,-0.16821461748732558
2018-05-09,model2,-4.317769115003123e-06,0.0,-4.317769115003123e-06,1.0196928273134045,-0.16821820894456052
2018-05-10,model2,-0.0010379216308680661,0.0008,-0.0018379216308680663,1.017818711809244,-0.1697469586905036
2018-05-11,model2,0.002573466862768914,0.0,0.002573466862768914,1.0204380345363913,-0.16761033000098058
2018-05-14,model2,0.0058189455284042065,0.0,0.0058189455284042065,1.0263759078744703,-0.16276669985284997
2018-05-15,model2,-0.0039464521271153075,0.0,-0.0039464521271153075,1.0223253644896193,-0.16607080099110738
2018-05-16,model2,-0.0038548519946608466,0.0008,-0.0046548519946608465,1.0175665912275325,-0.16995261798651984
2018-05-17,model2,0.00032370334811373516,0.0,0.00032370334811373516,1.0178959809400416,-0.16968392886986883
2018-05-18,model2,-0.004442336636006505,0.0,-0.004442336636006505,1.013374144332268,-0.17337247237211528
2018-05-21,model2,0.004371677002846663,0.0008,0.003571677002846663,1.0169935894588589,-0.17042002584176674
2018-05-22,model2,-0.003957691806595021,0.0,-0.003957691806595021,1.012968642262498,-0.17370324770840806
2018-05-23,model2,-0.0013063487182932484,0.0,-0.0013063487182932484,1.011645351975007,-0.174782679411694
2018-05-24,model2,-0.001273664704609656,0.0008,-0.002073664704609656,1.009547538715034,-0.1764939034430305
2018-05-25,model2,-0.004336399489166265,0.0,-0.004336399489166265,1.005169737283861,-0.1800649548594656
2018-05-28,model2,-0.00358329714178165,0.0008,-0.00438329714178165,1.0007637796474194,-0.18365897379927665
2018-05-29,model2,0.002324147590339054,0.0,0.002324147590339054,1.0030897023743854,-0.1817616767703374
2018-05-30,model2,0.0018418599858147644,0.0,0.0018418599858147644,1.0049372531593717,-0.1802545963439205
2018-05-31,model2,0.0029818101397637523,0.0,0.0029818101397637523,1.0079337852506687,-0.177810271187274
2018-06-01,model2,0.003150231073985532,0.0008,0.002350231073985532,1.0103026625532847,-0.17587793533790652
2018-06-04,model2,-0.007299244404670446,0.0,-0.007299244404670446,1.002928216496619,-0.1818934037071569
2018-06-05,model2,0.004905192364907496,0.0,0.004905192364907496,1.0078477723267285,-0.17788043347734073
2018-06-06,model2,0.0018586054987518087,0.0,0.0018586054987518087,1.0097209637382796,-0.17635243753037033
2018-06-07,model2,-0.0029646054230938468,0.0,-0.0029646054230938468,1.0067275394933695,-0.1787942275607859
2018-06-08,model2,0.0016145242250690918,0.0,0.0016145242250690918,1.0083529254939259,-0.17746837094741608
2018-06-11,model2,-0.00386255847553203,0.0,-0.00386255847553203,1.0044581033552318,-0.18064544746260636
2018-06-12,model2,0.00022772574789851029,0.0008,-0.0005722742521014898,1.0038832778453668,-0.18111434297636564
2018-06-13,model2,0.0036728185211528873,0.0008,0.0028728185211528874,1.0067672523190365,-0.17876183309416183
2018-06-14,model2,-0.0013836531942257757,0.0008,-0.002183653194225776,1.0045688217926683,-0.18055513244054577
2018-06-15,model2,0.006875911095306942,0.0,0.006875911095306942,1.011476147700432,-0.1749207023837014
2018-06-19,model2,0.014738462295843658,0.0,0.014738462295843658,1.02638375076646,-0.1627603022647024
2018-06-20,model2,-0.004633158497279677,0.0,-0.004633158497279677,1.0216283521701266,-0.1666393664845245
2018-06-21,model2,0.005430586195718768,0.0,0.005430586195718768,1.0271763929965765,-0.16211372973210003
2018-06-22,model2,-0.0048480447554798195,0.0008,-0.00564804475547982,1.0213748547571595,-0.16684614888657512
2018-06-25,model2,0.004594722414464902,0.0,0.004594722414464902,1.026067788695883,-0.16301803821216654
2018-06-26,model2,0.007441692037095616,0.0,0.007441692037095616,1.0337034691885416,-0.15678947621193728
2018-06-27,model2,0.004692659302917956,0.0,0.004692659302917956,1.0385542873896878,-0.15283257650316484
2018-06-28,model2,0.00022108672129634872,0.0,0.00022108672129634872,1.038783897951975,-0.15264527903511493
2018-06-29,model2,0.003842628085559508,0.0,0.003842628085559508,1.0427755581330722,-0.14938920998590388
2018-07-02,model2,0.009031997901596079,0.0008,0.008231997901596079,1.0513596843394595,-0.14238698374743275
2018-07-03,model2,-0.004106056937462998,0.0,-0.004106056937462998,1.0470427416138086,-0.14590839162247504
2018-07-04,model2,0.002392035754596345,0.0,0.002392035754596345,1.0495473052883395,-0.1438653739575353
2018-07-05,model2,0.011825335589963393,0.0008,0.011025335589963393,1.0611189165466852,-0.1344262023952293
2018-07-06,model2,-0.0036479439320340925,0.0008,-0.0044479439320340925,1.0563991191006648,-0.1382762261160132
2018-07-09,model2,0.0025525683918256274,0.0,0.0025525683918256274,1.0590956501012336,-0.1360766172483121
2018-07-10,model2,-0.002278664417080334,0.0,-0.002278664417080334,1.0566823265290635,-0.13804520871967196
2018-07-11,model2,0.001511863033573313,0.0008,0.0007118630335733129,1.0574345396155498,-0.13743161496714806
2018-07-12,model2,0.003865387136838462,0.0,0.003865387136838462,1.0615219334830284,-0.1340974542269987
2018-07-13,model2,0.0020880612312038417,0.0,0.0020880612312038417,1.0637384562784067,-0.13228939669116946
2018-07-16,model2,0.003847245832606383,0.0,0.003847245832606383,1.067830919621307,-0.1289511006886812
2018-07-17,model2,0.0030693506256342044,0.0,0.0030693506256342044,1.0711084671225182,-0.12627754620462195
2018-07-18,model2,-0.0014513373937318887,0.0,-0.0014513373937318887,1.0695539273514403,-0.12754561227355854
2018-07-19,model2,-0.004407525676127566,0.0,-0.004407525676127566,1.0648398409546358,-0.13139097738871286
2018-07-20,model2,-0.00614295845530286,0.0,-0.00614295845530286,1.0582985740501,-0.13672680652851532
2018-07-23,model2,-0.0023056588166542546,0.0008,-0.0031056588166542545,1.0550118597529488,-0.13940783853300132
2018-07-24,model2,-0.0011324682249379773,0.0,-0.0011324682249379773,1.0538170923448458,-0.14038243181049348
2018-07-25,model2,-0.000286656751219816,0.0,-0.000286656751219816,1.0535150085607743,-0.1406288469898821
2018-07-26,model2,-0.002450757436881013,0.0008,-0.003250757436881013,1.0500902868118296,-0.14342245415657073
2018-07-27,model2,-0.0009023187460658556,0.0,-0.0009023187460658556,1.0491427706609777,-0.1441953601336443
2018-07-30,model2,-0.007456345275371756,0.0,-0.007456345275371756,1.0413199999197693,-0.15057653501675294
2018-07-31,model2,-0.0003256046495544674,0.0008,-0.0011256046495544674,1.0401478852861856,-0.1515326500183788
2018-08-01,model2,-0.002200043300927001,0.0,-0.002200043300927001,1.0378595148991883,-0.15339931492776115
2018-08-02,model2,0.000547863895798929,0.0,0.000547863895798929,1.038428120656313,-0.15293549297825138
2018-08-03,model2,0.000910754592970609,0.0,0.000910754592970609,1.0393738738366705,-0.15216402508793903
2018-08-06,model2,0.007324446502308568,0.0,0.007324446502308568,1.0469867121714844,-0.14595409584696295
2018-08-07,model2,0.001263008518509157,0.0,0.001263008518509157,1.048309065307723,-0.14487542859481983
2018-08-08,model2,0.0008694456425103695,0.0008,6.944564251036946e-05,1.0483818658043127,-0.14481604391953218
2018-08-09,model2,0.0007606691479542082,0.0,0.0007606691479542082,1.0491793375449048,-0.14416553186831627
2018-08-10,model2,0.0022827636236218305,0.0,0.0022827636236218305,1.051574365971308,-0.14221186407662356
2018-08-13,model2,0.005915315679013844,0.0,0.005915315679013844,1.0577947603059872,-0.13713777646692382
2018-08-14,model2,0.00012609581157123633,0.0,0.00012609581157123633,1.0579281437947636,-0.1370289731545734
2018-08-15,model2,0.0014542963097426316,0.0,0.0014542963097426316,1.0594666847902572,-0.13577395757481725
2018-08-16,model2,-0.003012361509491912,0.0,-0.003012361509491912,1.056275188128406,-0.1383773188405194
2018-08-17,model2,-0.0018292634068885595,0.0008,-0.0026292634068885595,1.0534979624286558,-0.1406427518266372
2018-08-20,model2,0.0034223754975558408,0.0,0.0034223754975558408,1.0571034280419966,-0.1377017086368416
2018-08-21,model2,0.002271078407566929,0.0,0.002271078407566929,1.059504192811988,-0.13574336160644473
2018-08-22,model2,0.004130370434536479,0.0,0.004130370434536479,1.0638803376052461,-0.13217366153937204
2018-08-23,model2,-0.0004218719245377754,0.0008,-0.0012218719245377756,1.0625804120896585,-0.1332340341777115
2018-08-24,model2,-0.00271234871266679,0.0,-0.00271234871266679,1.0596983234768222,-0.13558500572929288
2018-08-27,model2,0.000738883844728911,0.0008,-6.111615527108901e-05,1.0596335587895442,-0.1356378354503014
2018-08-28,model2,-0.002915669562049539,0.0,-0.002915669562049539,1.0565440174752554,-0.13815802990406612
2018-08-29,model2,0.00137212383907217,0.0008,0.00057212383907217,1.057148491494682,-0.13766494956746134
2018-08-30,model2,-0.00217956031475004,0.0,-0.00217956031475004,1.0548443725958223,-0.13954446082140215
2018-08-31,model2,-0.0035344089901480306,0.0,-0.0035344089901480306,1.0511161211621125,-0.14258566261469763
2018-09-03,model2,0.0033876139148493857,0.0008,0.002587613914849386,1.053836003863354,-0.1403670053444881
2018-09-04,model2,0.001356220755588211,0.0,0.001356220755588211,1.0552652381247796,-0.13920115323494797
2018-09-05,model2,-0.003316810706428441,0.0008,-0.004116810706428441,1.0509209108943458,-0.1427448991433915
2018-09-06,model2,0.002326826141579419,0.0,0.002326826141579419,1.0533662211425472,-0.14075021556471612
2018-09-07,model2,-0.003714234518650495,0.0,-0.003714234518650495,1.0494537719631991,-0.1439416707742086
2018-09-10,model2,-0.003274672293540704,0.0008,-0.004074672293540704,1.0451775917552288,-0.14742982792995973
2018-09-11,model2,-0.0022614988505678117,0.0,-0.0022614988505678117,1.042813923832835,-0.1493579143941246
2018-09-12,model2,-0.002138633974458104,0.0,-0.002138633974458104,1.0405837265462883,-0.15117712645850512
2018-09-13,model2,0.0033769679467765103,0.0008,0.0025769679467765104,1.0432652774555353,-0.14898973712089802
2018-09-14,model2,-0.006006327066449435,0.0,-0.006006327066449435,1.0369990849820672,-0.1541011830966551
2018-09-17,model2,-0.001585673249524788,0.0008,-0.002385673249524788,1.0345251440052439,-0.1561192212759459
2018-09-18,model2,0.0027651291621976,0.0,0.0027651291621976,1.0373857396499593,-0.15378578192527814
2018-09-19,model2,4.581712560014495e-05,0.0,4.581712560014495e-05,1.0374332696826887,-0.15374701082216402
2018-09-20,model2,0.00034370786575905755,0.0008,-0.0004562921342409425,1.0369598970419327,-0.15413314940470368
2018-09-21,model2,-0.007796770165668044,0.0,-0.007796770165668044,1.0288749590536819,-0.1607281788295527
2018-09-25,model2,0.0029575861378474677,0.0008,0.0021575861378474678,1.0310948454029145,-0.15891737758230928
2018-09-26,model2,0.0035647950143187224,0.0008,0.0027647950143187224,1.0339456112907743,-0.1565919565412187
2018-09-27,model2,-0.00387118780247393,0.0008,-0.0046711878024739304,1.0291158571628916,-0.1605316739063316
2018-09-28,model2,0.0010342324300488311,0.0,0.0010342324300488311,1.0301802021566469,-0.15966346853948676
2018-10-08,model2,-0.0055395594946273455,0.0,-0.0055395594946273455,1.0244734576366128,-0.1643185627510212
2018-10-09,model2,0.0017771166315942112,0.0008,0.000977116631594211,1.0254744876906963,-0.16350200451997066
2018-10-10,model2,-0.0008162055411789827,0.0,-0.0008162055411789827,1.0246374897315054,-0.1641847588190667
2018-10-11,model2,-0.011251570628672346,0.0,-0.011251570628672346,1.0131087086470059,-0.17358899303773467
2018-10-12,model2,-0.011702336364913357,0.0008,-0.012502336364913358,1.000442482797278,-0.1839210614224437
2018-10-15,model2,0.002195559288718796,0.0,0.002195559288718796,1.0026390135832124,-0.18212931172852198
2018-10-16,model2,0.009974805762936878,0.0,0.009974805762936878,1.0126401429940477,-0.17397121047381436
2018-10-17,model2,-0.0010156538826189276,0.0,-0.0010156538826189276,1.01161165110112,-0.1748101698210518
2018-10-18,model2,0.0012174540073258012,0.0008,0.00041745400732580114,1.0120339524387296,-0.17446569101963905
2018-10-19,model2,-0.002141308382761142,0.0,-0.002141308382761142,1.0098668756527336,-0.17623341455571562
2018-10-22,model2,0.0045371884507616755,0.0,0.0045371884507616755,1.014448831977752,-0.17249583031811444
2018-10-23,model2,0.004516977791766186,0.0,0.004516977791766186,1.0190310748226787,-0.16875801236106736
2018-10-24,model2,-0.0028158900488944203,0.0,-0.0028158900488944203,1.0161615953595715,-0.17109869840228298
2018-10-25,model2,-0.0022714917243580324,0.0008,-0.0030714917243580323,1.0130404634288142,-0.17364466189044991
2018-10-26,model2,-0.002562117179040113,0.0,-0.002562117179040113,1.0104449350544005,-0.1757618810982119
2018-10-29,model2,-0.00610454530809812,0.0008,-0.006904545308098121,1.0034682722189792,-0.18145287053483072
2018-10-30,model2,-0.0003266357345706799,0.0,-0.0003266357345706799,1.0031405036227645,-0.18172023727774433
2018-10-31,model2,0.0005963528047679741,0.0,0.0005963528047679741,1.0037387292756763,-0.18123225384616004
2018-11-01,model2,0.0009991379932473346,0.0,0.0009991379932473346,1.0047416027753893,-0.1804141918833324
2018-11-02,model2,-0.0005012579420776032,0.0,-0.0005012579420776032,1.0042379680672624,-0.1808250157788649
2018-11-05,model2,0.005164365427617401,0.0,0.005164365427617401,1.0094242199106498,-0.17659449681118422
2018-11-06,model2,0.0016508891486430866,0.0,0.0016508891486430866,1.0110906674016777,-0.1752351456010368
2018-11-07,model2,0.0007061553491788165,0.0,0.0007061553491788165,1.0118046544849681,-0.17465273348728838
2018-11-08,model2,-0.003562597760273745,0.0,-0.003562597760273745,1.0082000014890653,-0.17759311381041476
2018-11-09,model2,0.007080614767925609,0.0008,0.006280614767925609,1.01453211730744,-0.17242789297576888
2018-11-12,model2,-0.008585931204732056,0.0,-0.008585931204732056,1.0058214143432471,-0.17953337015363413
2018-11-13,model2,-0.004359323520582149,0.0,-0.004359323520582149,1.0014367133941955,-0.1831100496309761
2018-11-14,model2,-0.003777229298858176,0.0008,-0.004577229298858176,0.9968529079286953,-0.186849142245748
2018-11-15,model2,0.0017395083682981037,0.0,0.0017395083682981037,0.9985869419039995,-0.18543465952399574
2018-11-16,model2,0.0030265430521861703,0.0,0.0030265430521861703,1.0016092082750228,-0.1829693424522265
2018-11-19,model2,-0.003979763000218562,0.0,-0.003979763000218562,0.9976230410072516,-0.18622093083317937
2018-11-20,model2,-0.004144789055290232,0.0008,-0.004944789055290232,0.9926900055127735,-0.19024489666781985
2018-11-21,model2,-0.0007859255337096193,0.0,-0.0007859255337096193,0.9919098250903827,-0.19088130387958024
2018-11-22,model2,-0.0019306846261889724,0.0,-0.0019306846261889724,0.9899947600405149,-0.19244345690694198
2018-11-23,model2,0.009210306811264736,0.0008,0.008410306811264735,0.9983209197139999,-0.1856516586120851
2018-11-26,model2,-0.0011170423953881237,0.0,-0.0011170423953881237,0.9972057529224766,-0.18656132023402938
2018-11-27,model2,0.003115340974943504,0.0,0.003115340974943504,1.0003123888650054,-0.18402718138435048
2018-11-28,model2,0.000457755692250217,0.0,0.000457755692250217,1.0007702875550368,-0.18365366518190773
2018-11-29,model2,-0.0054734091537981915,0.0008,-0.006273409153798192,0.9944920460722398,-0.18877493975142512
2018-11-30,model2,0.0015133670681278136,0.0,0.0015133670681278136,0.9959970775842806,-0.18754725846040488
2018-12-03,model2,-0.0027736198488892867,0.0,-0.0027736198488892867,0.9932345603204571,-0.18980069351062367
2018-12-04,model2,-0.0005637243825802329,0.0,-0.0005637243825802329,0.9926746497811831,-0.19025742261444134
2018-12-05,model2,0.0006550630884697207,0.0,0.0006550630884697207,0.9933249143031143,-0.18972699014083372
2018-12-06,model2,0.0005148834447100013,0.0008,-0.00028511655528999874,0.9930417009252646,-0.18995801239024923
2018-12-07,model2,0.0006074780623172683,0.0,0.0006074780623172683,0.993644951973543,-0.1894659296532203
2018-12-10,model2,-0.0010441133800137333,0.0,-0.0010441133800137333,0.9926074739842042,-0.19031221912102636
2018-12-11,model2,0.0021691984892339812,0.0008,0.0013691984892339813,0.9939665506379857,-0.18920359583469581
2018-12-12,model2,0.001486103331926536,0.0,0.001486103331926536,0.9954436876407122,-0.1879986685969517
2018-12-13,model2,0.0011718244141701636,0.0,0.0011718244141701636,0.9966101728568211,-0.18704714561247504
2018-12-14,model2,0.003929374225699345,0.0,0.003929374225699345,1.0005262271831146,-0.18385274961973586
2018-12-17,model2,0.0010184988259203998,0.0,0.0010184988259203998,1.001545261970803,-0.18302150460344557
2018-12-18,model2,-0.002470053990344167,0.0008,-0.003270053990344167,0.9982701548903851,-0.18569306839234245
2018-12-19,model2,-0.0007892430233074066,0.0,-0.0007892430233074066,0.9974822771352618,-0.1863357544569446
2018-12-20,model2,0.0069622698847676915,0.0008,0.006162269884767691,1.0036290321322419,-0.1813217357803225
2018-12-21,model2,-0.002242545267140051,0.0008,-0.0030425452671400508,1.0005754453705635,-0.1838126014584346
2018-12-24,model2,0.003584174918568284,0.0,0.003584174918568284,1.004161682785996,-0.18088724305573034
2018-12-25,model2,-0.0025433798888827132,0.0,-0.0025433798888827132,1.0016077181568115,-0.18297055796846973
2018-12-26,model2,0.0011272007381912365,0.0,0.0011272007381912365,1.002736731116096,-0.18204960177828777
2018-12-27,model2,-0.003515697635260384,0.0008,-0.0043156976352603845,0.9984092225768295,-0.1855796283776534
2018-12-28,model2,0.0023445105510708332,0.0,0.0023445105510708332,1.0007500035334473,-0.1836702112233778
2019-01-02,model2,-0.0018242646664469843,0.0,-0.0018242646664469843,0.9989243706620545,-0.18515941281321113
2019-01-03,model2,0.0029943880425642886,0.0,0.0029943880425642886,1.001915537852991,-0.18271946390234306
2019-01-04,model2,-0.0015348636946108662,0.0,-0.0015348636946108662,1.0003777340688738,-0.18397387812551158
2019-01-07,model2,-0.007413202038541878,0.0008,-0.008213202038541877,0.9921614296241074,-0.1906760655331945
2019-01-08,model2,0.0005526667723759983,0.0,0.0005526667723759983,0.9927097642790937,-0.19022877908652602
2019-01-09,model2,-0.0037071714935894566,0.0,-0.0037071714935894566,0.9890296189395503,-0.19323073987302564
2019-01-10,model2,-0.0004956512501926192,0.0008,-0.0012956512501926193,0.9877481814772938,-0.19427603147352612
2019-01-11,model2,0.0008008002495480506,0.0,0.0008008002495480506,0.9885391704675115,-0.1936308075184633
2019-01-14,model2,-0.0013429599105418523,0.0,-0.0013429599105418523,0.9872116019915733,-0.19471372901706197
2019-01-15,model2,0.0024305363937716425,0.0008,0.0016305363937716426,0.9888212864369742,-0.19340068044481962
2019-01-16,model2,-0.0014430607658073137,0.0,-0.0014430607658073137,0.9873943572341218,-0.19456465227659658
2019-01-17,model2,-0.0013993067816484128,0.0008,-0.002199306781648413,0.9852227741280954,-0.19633605169902402
2019-01-18,model2,0.003664865085464087,0.0,0.003664865085464087,0.9888334826744015,-0.19339073175444965
2019-01-21,model2,0.0001269203414812738,0.0,0.0001269203414812738,0.9889589857576907,-0.1932883566306819
2019-01-22,model2,0.0008401737310635314,0.0,0.0008401737310635314,0.9897898831186235,-0.19261057869938003
2019-01-23,model2,-0.001387024227866096,0.0008,-0.002187024227866096,0.9876251886637463,-0.1943763589250873
2019-01-24,model2,-0.000337714148831836,0.0,-0.000337714148831836,0.9872916536637918,-0.19464842942731175
2019-01-25,model2,-0.0068079923780462355,0.0,-0.0068079923780462355,0.9805701796107401,-0.20013125678141808
2019-01-28,model2,-0.0002835892781453352,0.0008,-0.0010835892781453351,0.9795076442776449,-0.20099798597549323
2019-01-29,model2,0.008012995436590398,0.0,0.008012995436590398,0.9873564345613471,-0.19459558648328834
2019-01-30,model2,0.0014246022909949032,0.0,0.0014246022909949032,0.9887630248000518,-0.19344820551061492
2019-01-31,model2,0.010462283070342427,0.0,0.010462283070342427,0.9991077434549981,-0.18500983232577428
2019-02-01,model2,-0.00867688174590615,0.0,-0.00867688174590615,0.9904386037136199,-0.19208140563475973
2019-02-11,model2,-0.005662207810862885,0.0008,-0.006462207810862886,0.9840381836325216,-0.19730234348580822
2019-02-12,model2,0.002423391251319096,0.0,0.002423391251319096,0.9864228931577007,-0.19535709300755733
2019-02-13,model2,-0.0009189060302674081,0.0,-0.0009189060302674081,0.9855164632127842,-0.19609648422700465
2019-02-14,model2,0.002419057536142777,0.0,0.002419057536142777,0.9879004842401118,-0.1941517953688423
2019-02-15,model2,0.0065382996698367885,0.0,0.0065382996698367885,0.9943596736500506,-0.18888291831856374
2019-02-18,model2,0.0036697151263027188,0.0,0.0036697151263027188,0.9980086903854297,-0.18590634969471487
2019-02-19,model2,0.0011285908029732283,0.0008,0.0003285908029732283,0.9983366268623778,-0.18563884600846559
2019-02-20,model2,0.0013852308253372138,0.0,0.0013852308253372138,0.9997195535319707,-0.1845107678349993
2019-02-21,model2,-0.0009640389608940757,0.0,-0.0009640389608940757,0.9987557849323984,-0.18529693122699586
2019-02-22,model2,-0.0030280061590602257,0.0,-0.0030280061590602257,0.9957315462642261,-0.1877638571370458
2019-02-25,model2,0.00274432355220924,0.0,0.00274432355220924,0.9984641557983168,-0.18553481836023133
2019-02-26,model2,-0.007259204185234048,0.0008,-0.008059204185234047,0.9904173292951008,-0.1920987595608299
2019-02-27,model2,-0.00404525066570014,0.0,-0.00404525066570014,0.9864108429344489,-0.19536692259153643
2019-02-28,model2,0.0015165236588667863,0.0008,0.0007165236588667863,0.9871176296407743,-0.19479038395486636
2019-03-01,model2,0.007667622127690521,0.0008,0.006867622127690521,0.9938967805167286,-0.1892605085782857
2019-03-04,model2,0.00532383047384224,0.0008,0.004523830473842239,0.9983930010602838,-0.18559286056064483
2019-03-05,model2,-0.011152167830305837,0.0,-0.011152167830305837,0.9872587547518569,-0.19467526566187177
2019-03-06,model2,-0.005544267996680574,0.0008,-0.006344267996680575,0.980995320629642,-0.19978446160086838
2019-03-07,model2,0.012211914147068636,0.0,0.012211914147068636,0.9929751512638473,-0.19001229814678788
2019-03-08,model2,-0.0006746575890530949,0.0,-0.0006746575890530949,0.992305233042306,-0.19055876249688286
2019-03-11,model2,0.012638440342339321,0.0,0.012638440342339321,1.0048464235315024,-0.18032868770607025
2019-03-12,model2,0.005286378744871279,0.0008,0.0044863787448712784,1.009354545167894,-0.1766513317528141
2019-03-13,model2,0.009705530594409284,0.0,0.009705530594409284,1.0191508665866271,-0.16866029606327482
2019-03-14,model2,0.010076508743023193,0.0,0.010076508743023193,1.029420349204247,-0.16028329426813404
2019-03-15,model2,-0.0006584442946040887,0.0,-0.0006584442946040887,1.0287425332485642,-0.16083620094210682
2019-03-18,model2,-0.0005418396349519128,0.0,-0.0005418396349519128,1.0281851197698892,-0.1612908931486533
2019-03-19,model2,-0.004115917278399994,0.0,-0.004115917278399994,1.0239531948700347,-0.16474295045309417
2019-03-20,model2,0.0013212874151555367,0.0008,0.0005212874151555366,1.0244869687842286,-0.16430754146474547
2019-03-21,model2,0.006759465015830247,0.0,0.006759465015830247,1.0314119526088996,-0.15865870752728317
2019-03-22,model2,0.0034182331305836035,0.0,0.0034182331305836035,1.0349375591165872,-0.155782806847225
2019-03-25,model2,0.005892235549183323,0.0,0.005892235549183323,1.041035654993599,-0.15080848029049843
2019-03-26,model2,-0.009387009919365318,0.0,-0.009387009919365318,1.031263442973761,-0.15877984950945245
2019-03-27,model2,-0.001308275695327943,0.0,-0.001308275695327943,1.0299142660758382,-0.1598803973867594
2019-03-28,model2,-0.004597852947327708,0.0008,-0.005397852947327708,1.0243549403192058,-0.16441523945983316
2019-03-29,model2,0.0020699144169781473,0.0,0.0020699144169781473,1.0264752673782753,-0.16268565051738382
2019-04-01,model2,-0.007528991076325654,0.0,-0.007528991076325654,1.0187469442501154,-0.1689897827827178
2019-04-02,model2,-0.0017958318046091826,0.0,-0.0017958318046091826,1.0169174460867827,-0.17048213736075168
2019-04-03,model2,0.0001688591738025387,0.0008,-0.0006311408261974613,1.016275627969685,-0.17100567994992333
2019-04-04,model2,-0.001946729480221965,0.0,-0.001946729480221965,1.0142972142446853,-0.1726195076317013
2019-04-08,model2,-0.0030244184523807952,0.0008,-0.003824418452380795,1.0104181172623294,-0.1757837568538546
2019-04-09,model2,-5.159780592212094e-06,0.0,-5.159780592212094e-06,1.010412903726538,-0.1757880096288299
2019-04-10,model2,0.0020590327888963425,0.0,0.0020590327888963425,1.0124933770256348,-0.17409093011565413
2019-04-11,model2,0.0016455971276150734,0.0008,0.0008455971276150734,1.013349538516977,-0.17339254377848856
2019-04-12,model2,0.00018618243455770223,0.0,0.00018618243455770223,1.013538206401116,-0.17323864398986577
2019-04-15,model2,-0.004690983652452286,0.0,-0.004690983652452286,1.0087837152437527,-0.17711696799538856
2019-04-16,model2,-0.00485633728171928,0.0008,-0.005656337281719281,1.003077694306028,-0.18177147196781052
2019-04-17,model2,-0.0028690758924718287,0.0,-0.0028690758924718287,1.0001997882750182,-0.18411903171212052
2019-04-18,model2,0.0005864308655310958,0.0,0.0005864308655310958,1.0007863363025602,-0.18364057392971722
2019-04-19,model2,0.0025680374738378474,0.0008,0.0017680374738378475,1.002555764048448,-0.1821972198723043
2019-04-22,model2,0.003459766552795119,0.0008,0.002659766552795119,1.0052223283369761,-0.18002205539093763
2019-04-23,model2,0.007763729475879311,0.0,0.007763729475879311,1.0130266025572978,-0.1736559684528054
2019-04-24,model2,-0.0042086540107627805,0.0,-0.0042086540107627805,1.0087631240834356,-0.17713376457544638
2019-04-25,model2,0.00928590434317349,0.0008,0.00848590434317349,1.0173233914593285,-0.17015100041440634
2019-04-26,model2,0.0011077526165510945,0.0,0.0011077526165510945,1.0184503341080962,-0.16923173301377314
2019-04-29,model2,-0.016970961807032392,0.0,-0.016970961807032392,1.0011662523855882,-0.18333066954329091
2019-04-30,model2,0.0023928414210336872,0.0008,0.0015928414210336873,1.002760951461729,-0.18202984480645168
2019-05-06,model2,0.011010338613977221,0.0,0.011010338613977221,1.0138016890861967,-0.17302371642164316
2019-05-07,model2,-0.005090197299969912,0.0,-0.005090197299969912,1.008641238465705,-0.17723318886745298
2019-05-08,model2,-0.004779905550460839,0.0008,-0.00557990555046084,1.0030131156207667,-0.1818241499636264
2019-05-09,model2,0.0038268698141450397,0.0,0.0038268698141450397,1.0068515162361273,-0.1786930975004597
2019-05-10,model2,0.0003168068126827347,0.0,0.0003168068126827347,1.0071704936558308,-0.17843290187844463
2019-05-13,model2,0.002923686732841979,0.0,0.002923686732841979,1.0101151446658423,-0.17603089705352704
2019-05-14,model2,-0.0008295643638005501,0.0008,-0.00162956436380055,1.0084690970227597,-0.17737360774056132
2019-05-15,model2,-0.0003033378942156155,0.0,-0.0003033378942156155,1.0081631901304873,-0.17762314149811542
2019-05-16,model2,-0.0013749026225460704,0.0,-0.0013749026225460704,1.0067770639164224,-0.1787538295975909
2019-05-17,model2,0.004927466173485318,0.0,0.004927466173485318,1.0117379238431115,-0.17470716687282872
2019-05-20,model2,-0.0013534755894854644,0.0,-0.0013534755894854644,1.0103685612602331,-0.17582418057664362
2019-05-21,model2,-0.00342484154647309,0.0,-0.00342484154647309,1.0069082090343788,-0.1786468521646032
2019-05-22,model2,0.0006217028896854603,0.0,0.0006217028896854603,1.0075342067775837,-0.17813621453914164
2019-05-23,model2,0.00247635375107924,0.0,0.00247635375107924,1.010029217889878,-0.17610098907113936
2019-05-24,model2,0.004954472811475608,0.0,0.004954472811475608,1.0150333801887095,-0.17201900382209068
2019-05-27,model2,-0.007005512463512619,0.0,-0.007005512463512619,1.0079225511929162,-0.17781943501036657
2019-05-28,model2,0.004489833324998749,0.0,0.004489833324998749,1.0124479554522798,-0.17412798131050977
2019-05-29,model2,0.0009087401740906387,0.0,0.0009087401740906387,1.0133680075835751,-0.17337747822846938
2019-05-30,model2,0.0005937025210898119,0.0008,-0.00020629747891018812,1.0131589523184024,-0.17354800837072126
2019-05-31,model2,0.0008747410105555355,0.0,0.0008747410105555355,1.014045204004207,-0.17282507692038773
2019-06-03,model2,-0.0068076517232450225,0.0,-0.0068076517232450225,1.0071419374237194,-0.17845619571091564
2019-06-04,model2,-0.00164119840888004,0.0008,-0.00244119840888004,1.0046833041285643,-0.1804617471387714
2019-06-05,model2,0.0007139516859241191,0.0,0.0007139516859241191,1.0054005994673667,-0.1798766364214618
2019-06-06,model2,0.00689548168021159,0.0,0.00689548168021159,1.0123333208822678,-0.17422149079239246
2019-06-10,model2,0.0014368355785411959,0.0,0.0014368355785411959,1.0137878774150542,-0.17303498285036822
2019-06-11,model2,-0.0047792257948734655,0.0,-0.0047792257948734655,1.0089427562407822,-0.17698723539178762
2019-06-12,model2,0.0008005468418994968,0.0008,5.468418994967637e-07,1.0089433079729555,-0.1769867853339242
2019-06-13,model2,0.0014785077197097874,0.0,0.0014785077197097874,1.010435038442543,-0.1757699539426173
2019-06-14,model2,-0.005456407016870202,0.0,-0.005456407016870202,1.0049216936086935,-0.18026728854944007
2019-06-17,model2,-0.0005546470528007496,0.0,-0.0005546470528007496,1.004364316753038,-0.18072195088193033
2019-06-18,model2,-0.0022979408637243018,0.0008,-0.0030979408637243017,1.0012528554941023,-0.18326002582904555
2019-06-19,model2,2.0666455485684673e-05,0.0,2.0666455485684673e-05,1.00127354784167,-0.1832431467087261
2019-06-20,model2,0.006167917879899587,0.0,0.006167917879899587,1.0074493208600734,-0.17820545750978023
2019-06-21,model2,-0.005898489371795402,0.0,-0.005898489371795402,1.0015068917483578,-0.18305280388445822
2019-06-24,model2,0.00123149854705229,0.0008,0.00043149854705228986,1.00193904051701,-0.1827002923563159
2019-06-25,model2,0.0014244148105560413,0.0,0.0014244148105560413,1.0033662173255968,-0.18153611854808516
2019-06-26,model2,-8.464608072848994e-05,0.0,-8.464608072848994e-05,1.003281286307765,-0.18160539830786782
2019-06-27,model2,-0.00101638936303452,0.0008,-0.0018163893630345198,1.001458936851184,-0.18309192155714626
2019-06-28,model2,0.003664147373825655,0.0,0.003664147373825655,1.0051284299846415,-0.18009864996686287
2019-07-01,model2,-0.002228501467025622,0.0,-0.002228501467025622,1.0028884998038716,-0.1819258013282279
2019-07-02,model2,0.0007285800284958732,0.0,0.0007285800284958732,1.003619184335637,-0.18132976880524776
2019-07-03,model2,-0.00114378313461363,0.0,-0.00114378313461363,1.0024712616390192,-0.18226615000849855
2019-07-04,model2,-0.0003000307022906325,0.0008,-0.0011000307022906324,1.0013685124730523,-0.18316568234979158
2019-07-05,model2,0.00023248707332506062,0.0,0.00023248707332506062,1.001601317707837,-0.1829757789298897
2019-07-08,model2,-0.004935592006880275,0.0,-0.004935592006880275,0.9966578222500773,-0.18700827714483093
2019-07-09,model2,0.00309376101879737,0.0,0.00309376101879737,0.999741243369634,-0.18449307504405676
2019-07-10,model2,-0.0027093534497209413,0.0,-0.0027093534497209413,0.9970325909830822,-0.18670257154445746
2019-07-11,model2,-0.0012011305429335374,0.0,-0.0012011305429335374,0.9958350246857521,-0.1876794479262648
2019-07-12,model2,-0.0005751432797872268,0.0,-0.0005751432797872268,0.9952622768635273,-0.18814664863282315
2019-07-15,model2,0.005179534534093478,0.0008,0.004379534534093478,0.9996210623755317,-0.18459110884389096
2019-07-16,model2,-0.00303313768051976,0.0,-0.00303313768051976,0.9965890740649993,-0.18706435627668738
2019-07-17,model2,-0.0010815432496600775,0.0008,-0.0018815432496600776,0.9947139486200074,-0.18859392984954304
2019-07-18,model2,-0.00468858554190903,0.0,-0.00468858554190903,0.9900501471821724,-0.1923982766186676
2019-07-19,model2,-0.0022452732272808086,0.0008,-0.0030452732272808086,0.9870351739752932,-0.1948576445251866
2019-07-22,model2,0.006476936678087153,0.0,0.006476936678087153,0.9934281382961759,-0.18964278847193028
2019-07-23,model2,-0.0040764382446494725,0.0,-0.0040764382446494725,0.9893784898399145,-0.19294615960083072
2019-07-24,model2,-0.0005384645937069445,0.0,-0.0005384645937069445,0.9888457445533604,-0.193380729519101
2019-07-25,model2,0.0018608865418470624,0.0008,0.0010608865418470625,0.9898947976957199,-0.19252499799065326
2019-07-26,model2,-0.0005873297586442839,0.0,-0.0005873297586442839,0.989313403023106,-0.19299925208869473
2019-07-29,model2,0.0011173242990000444,0.0,0.0011173242990000444,0.9904187869276302,-0.1920975705437421
2019-07-30,model2,0.00026791169544910804,0.0,0.00026791169544910804,0.9906841317040407,-0.19188112403410906
2019-07-31,model2,0.0026594946852622316,0.0,0.0026594946852622316,0.9933188508870813,-0.18973193617841755
2019-08-01,model2,0.0007346745387646347,0.0,0.0007346745387646347,0.9940486169557029,-0.18913665286235382
2019-08-02,model2,0.0011350140612757182,0.0,0.0011350140612757182,0.9951768761135394,-0.18821631156157936
2019-08-05,model2,0.0032066939632100066,0.0,0.0032066939632100066,0.9983681037944989,-0.18561316970843156
2019-08-06,model2,-0.004799539653898411,0.0,-0.004799539653898411,0.9935763964911498,-0.18952185159402857
2019-08-07,model2,-0.000135334762934569,0.0,-0.000135334762934569,0.9934419310650733,-0.18963153746210681
2019-08-08,model2,-0.003197956061283147,0.0,-0.003197956061283147,0.9902649474200909,-0.19222306019875257
2019-08-09,model2,-0.0026761755828184075,0.0008,-0.0034761755828184074,0.9868226125893481,-0.19503103467325344
2019-08-12,model2,0.00023370867407699301,0.0,0.00023370867407699301,0.9870532415936855,-0.19484290644369395
2019-08-13,model2,-0.002239879521789412,0.0,-0.002239879521789412,0.984842361250924,-0.1966463613293742
2019-08-14,model2,-0.0005468068167282071,0.0008,-0.001346806816728207,0.9835159688453885,-0.1977283234861792
2019-08-15,model2,0.0005084115011944944,0.0,0.0005084115011944944,0.9840159996755579,-0.19732043933875698
2019-08-16,model2,-2.8866799777205188e-05,0.0,-2.8866799777205188e-05,0.9839875942827176,-0.19734361012891988
2019-08-19,model2,0.005398507139950049,0.0,0.005398507139950049,0.9892996583360751,-0.19301046387727439
2019-08-20,model2,2.000583745607188e-05,0.0008,-0.0007799941625439282,0.9885280103775663,-0.19363991100468414
2019-08-21,model2,-0.0017252513731258468,0.0008,-0.0025252513731258467,0.986031728661987,-0.1956761729266534
2019-08-22,model2,-0.0007993268935763354,0.0,-0.0007993268935763354,0.9852435669833479,-0.1963190905927774
2019-08-23,model2,-0.005473173527753739,0.0,-0.005473173527753739,0.9798511579741449,-0.2007177756709061
2019-08-26,model2,0.004734880360001759,0.0008,0.003934880360001758,0.9837067550513823,-0.19757269574429503
2019-08-27,model2,-0.003326410112143918,0.0008,-0.004126410112143918,0.979647577549954,-0.20088383988683622
2019-08-28,model2,0.002157495111067176,0.0008,0.001357495111067176,0.9809774443470468,-0.19979904360630785
2019-08-29,model2,-0.002101329178824374,0.0008,-0.002901329178824374,0.9781313058639942,-0.20212068999001598
2019-08-30,model2,-0.006240564613943134,0.0008,-0.007040564613943134,0.9712447092041382,-0.20773821082626964
2019-09-02,model2,-0.0068293507582790625,0.0,-0.0068293507582790625,0.9646117384128604,-0.21314884447691873
2019-09-03,model2,-0.0032495013994106262,0.0,-0.0032495013994106262,0.961477231219,-0.21570571840791886
2019-09-04,model2,-8.964456122093631e-05,0.0,-8.964456122093631e-05,0.9613910400144834,-0.2157760261246603
2019-09-05,model2,0.0014092169988948028,0.0008,0.0006092169988948028,0.9619767357786453,-0.21529826354883463
2019-09-06,model2,-0.00215101320239528,0.0008,-0.00295101320239528,0.9591379297309653,-0.21761392873304453
2019-09-09,model2,-0.008375670460992968,0.0,-0.008375670460992968,0.9511045065048997,-0.22416693663924758
2019-09-10,model2,-0.0002008993074804177,0.0,-0.0002008993074804177,0.9509134302682014,-0.22432280096439716
2019-09-11,model2,0.00043100379925133927,0.0008,-0.00036899620074866077,0.9505625468251915,-0.22460902290384865
2019-09-12,model2,-0.003796418864230322,0.0,-0.003796418864230322,0.9469538132407935,-0.22755273183645053
2019-09-16,model2,0.00287179945000986,0.0008,0.00207179945000986,0.9489157116302506,-0.22595237601110763
2019-09-17,model2,0.0022776231255744687,0.0008,0.0014776231255744687,0.9503178514299764,-0.22480862534160562
2019-09-18,model2,-0.0023172022357673687,0.0,-0.0023172022357673687,0.9481157727799532,-0.22660490052811166
2019-09-19,model2,0.003604677486961006,0.0,0.003604677486961006,0.9515334243611256,-0.22381706062451945
2019-09-20,model2,9.384358402551027e-05,0.0,9.384358402551027e-05,0.9516227196679877,-0.22374422083562906
2019-09-23,model2,0.0018533947242111988,0.0008,0.0010533947242111989,0.9526251540203255,-0.22292651709321876
2019-09-24,model2,0.0005350669877452141,0.0008,-0.0002649330122547859,0.9523727721687212,-0.2231323895117887
2019-09-25,model2,-0.0057070519024377655,0.0,-0.0057070519024377655,0.9469375313274857,-0.22756601328616777
2019-09-26,model2,-0.00905081998234456,0.0,-0.00905081998234456,0.9383669701969148,-0.23455717424815936
2019-09-27,model2,0.002630993201291432,0.0008,0.0018309932012914323,0.9400851137396619,-0.23315565363823043
2019-09-30,model2,0.0008352644355356991,0.0008,3.5264435535699106e-05,0.9401182653105534,-0.23312861130521223
2019-10-08,model2,-0.0033326100315757227,0.0,-0.0033326100315757227,0.9369852177487119,-0.23568429458810491
2019-10-09,model2,0.003247796285929017,0.0,0.003247796285929017,0.9400283548588865,-0.23320195287879097
2019-10-10,model2,0.002651148890999977,0.0,0.002651148890999977,0.9425205099893791,-0.23116905708654467
2019-10-11,model2,-0.00503036388634639,0.0,-0.00503036388634639,0.9377792888537878,-0.23503655649648214
2019-10-14,model2,0.0019046547482973967,0.0008,0.0011046547482973968,0.9388152111980751,-0.23419153599634202
2019-10-15,model2,0.005717331630221967,0.0,0.005717331630221967,0.9441827290999913,-0.22981315504240218
2019-10-16,model2,0.00037095422547785985,0.0,0.00037095422547785985,0.9445329776729743,-0.22952745097785765
2019-10-17,model2,0.0016108685865710015,0.0,0.0016108685865710015,0.946054496175688,-0.22828632095182266
2019-10-18,model2,-0.001040382779417248,0.0,-0.001040382779417248,0.9450702373694766,-0.22908919857414511
2019-10-21,model2,0.001641844721383734,0.0008,0.0008418447213837339,0.945865839760143,-0.228440211385307
2019-10-22,model2,0.00382351906761258,0.0,0.00382351906761258,0.9494823758338693,-0.22549013782173555
2019-10-23,model2,-0.0005208760997613472,0.0,-0.0005208760997613472,0.9489878131571527,-0.2258935614979738
2019-10-24,model2,-0.0013605472933309495,0.0,-0.0013605472933309495,0.9476966703565578,-0.22694676991762763
2019-10-25,model2,0.0018460829636112843,0.0,0.0018460829636112843,0.9494461970343743,-0.2255196495196079
2019-10-28,model2,0.0052706043920983,0.0008,0.0044706043920982996,0.9536907953728972,-0.22205725426315637
2019-10-29,model2,0.004283709828160998,0.0008,0.0034837098281609983,0.9570131773697645,-0.21934712747408625
2019-10-30,model2,-0.0025996421831244736,0.0,-0.0025996421831244736,0.9545252855440681,-0.22137654561188191
2019-10-31,model2,-0.002818360088808136,0.0,-0.002818360088808136,0.9518350895755325,-0.22357098687993937
2019-11-01,model2,-0.002831578026134096,0.0008,-0.003631578026134096,0.9483784261797267,-0.22639064942283915
2019-11-04,model2,0.0005600828966813689,0.0,0.0005600828966813689,0.9489095967158115,-0.22595736405686806
2019-11-05,model2,-0.0006617187887763441,0.0,-0.0006617187887763441,0.9482816854068146,-0.2264695626123856
2019-11-06,model2,0.003079637790173484,0.0,0.003079637790173484,0.9512020495209227,-0.22408736904555726
2019-11-07,model2,-0.0025327857218471195,0.0,-0.0025327857218471195,0.9487928585513044,-0.2260525894786396
2019-11-08,model2,-0.0012484188845028666,0.0008,-0.0020484188845028665,0.9468493333423663,-0.22763795796996367
2019-11-11,model2,-0.0027839991456104045,0.0,-0.0027839991456104045,0.9442133056073193,-0.22978821323507725
2019-11-12,model2,-0.00031497892493588254,0.0,-0.00031497892493588254,0.9439158983154089,-0.2300308137156455
2019-11-13,model2,-6.951782506092524e-07,0.0,-6.951782506092524e-07,0.943915242125606,-0.23003134898147748
2019-11-14,model2,0.0028787383450096906,0.0,0.0028787383450096906,0.9466325271275521,-0.22781481070133502
2019-11-15,model2,-0.0016876258592515294,0.0,-0.0016876258592515294,0.945034965595563,-0.22911797039492654
2019-11-18,model2,-0.0015790267206138965,0.0008,-0.0023790267206138965,0.9427867021604968,-0.23095191934179804
2019-11-19,model2,-0.004100696445035723,0.0,-0.004100696445035723,0.9389206200825202,-0.23410555207221473
2019-11-20,model2,-0.0020299184267989824,0.0,-0.0020299184267989824,0.9370146878145131,-0.2356602553250463
2019-11-21,model2,-0.0024867857129249327,0.0,-0.0024867857129249327,0.9346845330760551,-0.23756100448192474
2019-11-22,model2,-0.00030389600373799137,0.0008,-0.0011038960037379913,0.9336527385552368,-0.23840265784217118
2019-11-25,model2,-0.004177345897435592,0.0,-0.004177345897435592,0.9297525481182036,-0.24158411337493202
2019-11-26,model2,-0.0009438913773947011,0.0008,-0.001743891377394701,0.9281311606664295,-0.24290670830009664
2019-11-27,model2,-0.0021149892855879316,0.0,-0.0021149892855879316,0.9261681732059998,-0.24450795250023238
2019-11-28,model2,-0.0006570496855919927,0.0,-0.0006570496855919927,0.9255596346989895,-0.24500434831250928
2019-11-29,model2,-0.005346819090089339,0.0008,-0.006146819090089339,0.9198703870674056,-0.2496451699972364
2019-12-02,model2,0.0002036166094697479,0.0,0.0002036166094697479,0.9200576879567719,-0.24949238529085205
2019-12-03,model2,0.0003101665400265575,0.0,0.0003101665400265575,0.9203430590664702,-0.24925960294073424
2019-12-04,model2,0.0007065196269396169,0.0,0.0007065196269396169,0.9209932995012182,-0.24872919011547545
2019-12-05,model2,0.0009361529562124105,0.0,0.0009361529562124105,0.9218554901011982,-0.2480258857258859
2019-12-06,model2,0.001008600670878579,0.0008,0.0002086006708785789,0.9220477897748863,-0.247869023421165
2019-12-09,model2,-0.002047125430786734,0.0,-0.002047125430786734,0.9201602422960374,-0.24940872987060203
2019-12-10,model2,-0.0014073888407640568,0.0,-0.0014073888407640568,0.9188652190393152,-0.2504651036481571
2019-12-11,model2,0.003448258857623676,0.0008,0.002648258857623676,0.9212986119945984,-0.24848014121979534
2019-12-12,model2,0.00035784287830402666,0.0008,-0.0004421571216959734,0.9208912532520964,-0.24881243107745088
2019-12-13,model2,0.004371440546734018,0.0,0.004371440546734018,0.9249168746156954,-0.2455286592804602
2019-12-16,model2,-0.008227132318768282,0.0,-0.008227132318768282,0.9173074611043704,-0.2517357948312784
2019-12-17,model2,-0.0008951724261196505,0.0008,-0.0016951724261196504,0.9157524667900325,-0.2530042316793327
2019-12-18,model2,0.0008986677315079294,0.0,0.0008986677315079294,0.9165754239819855,-0.25233293068677
2019-12-19,model2,0.001572345852838719,0.0,0.001572345852838719,0.9180165975486975,-0.25115733947103125
2019-12-20,model2,-0.003680165682935055,0.0,-0.003680165682935055,0.914638144370034,-0.25391320453222777
2019-12-23,model2,-0.0039715421452772405,0.0008,-0.004771542145277241,0.9102739099164943,-0.25747318912083694
2019-12-24,model2,-0.0044359556000556745,0.0,-0.0044359556000556745,0.9062359752682155,-0.2607670050857479
2019-12-25,model2,-0.003065857041108444,0.0,-0.003065857041108444,0.9034575853225337,-0.2630333877682255
2019-12-26,model2,0.0006521996815897603,0.0008,-0.0001478003184102397,0.9033240540037529,-0.26314231166817104
2019-12-27,model2,-0.0038774641807587163,0.0008,-0.004677464180758716,0.8990987880975326,-0.26658893711165976
2019-12-30,model2,0.0011148882713603921,0.0,0.0011148882713603921,0.9001011827911768,-0.2657712657195598
2019-12-31,model2,-0.0019016782489249984,0.0,-0.0019016782489249984,0.8983894799500312,-0.26716753253327663
2020-01-02,model2,-0.0038718302133968767,0.0,-0.0038718302133968767,0.8949110684181627,-0.2700049354221724
2020-01-03,model2,-0.0027054789080926513,0.0,-0.0027054789080926513,0.8924899053979387,-0.2719799216723995
2020-01-06,model2,-0.006816650244251177,0.0008,-0.007616650244251177,0.8856921219419978,-0.27752499597981317
2020-01-07,model2,0.002535160954101645,0.0,0.002535160954101645,0.8879374940269005,-0.2756934055593069
2020-01-08,model2,-0.0008249560463831074,0.0,-0.0008249560463831074,0.8872049846223927,-0.2762909266638258
2020-01-09,model2,0.0015289729059697168,0.0,0.0015289729059697168,0.8885614970059217,-0.27518439509889037
2020-01-10,model2,-0.0013035708442517447,0.0008,-0.002103570844251745,0.8866923449474954,-0.276709096072819
2020-01-13,model2,-0.002894642155377714,0.0,-0.002894642155377714,0.8841256879069597,-0.2788027644139278
2020-01-14,model2,1.1179730170729485e-05,0.0,1.1179730170729485e-05,0.8841355721935875,-0.2787947016234341
2020-01-15,model2,-0.002045612825909604,0.0,-0.002045612825909604,0.8823269731272654,-0.2802700084319072
2020-01-16,model2,-0.001780272024133378,0.0008,-0.0025802720241333782,0.8800503295223668,-0.28212710759408
2020-01-17,model2,-0.0026001483139304503,0.0,-0.0026001483139304503,0.8777620681418854,-0.28399368358488564
2020-01-20,model2,0.003946142749706283,0.0008,0.003146142749706283,0.8805236329085373,-0.28174102550375213
2020-01-21,model2,-0.002476592617095763,0.0008,-0.003276592617095763,0.8776385156737708,-0.2840944675567494
2020-01-22,model2,0.002968605445416195,0.0,0.002968605445416195,0.8802438781505069,-0.2819692264947349
2020-01-23,model2,-0.0028713173752582307,0.0008,-0.0036713173752582306,0.8770122235061881,-0.2846053453494749
2020-02-03,model2,0.006706744283186426,0.0,0.006706744283186426,0.8828941202224729,-0.2798073763391753
2020-02-04,model2,0.0029404917892739135,0.0,0.0029404917892739135,0.8854902631337853,-0.2776896558426051
2020-02-05,model2,-0.007595698182164767,0.0,-0.007595698182164767,0.8787643463517755,-0.2831761072106801
2020-02-06,model2,-0.006435979100172506,0.0008,-0.007235979100172507,0.8724056259075973,-0.2883630299174079
2020-02-07,model2,0.0037876379309137675,0.0,0.0037876379309137675,0.8757099825474276,-0.2856676067364825
2020-02-10,model2,0.004841213881243344,0.0,0.004841213881243344,0.8799494818708795,-0.28220937083839337
2020-02-11,model2,-0.006197450407597094,0.0,-0.006197450407597094,0.874496038595794,-0.2866578426656604
2020-02-12,model2,0.005177018898952657,0.0008,0.004377018898952657,0.878323724283787,-0.2835355305615883
2020-02-13,model2,0.0006733604903632617,0.0,0.0006733604903632617,0.8789151527774685,-0.2830530916951194
2020-02-14,model2,0.0021361327945145447,0.0,0.0021361327945145447,0.8807926322589122,-0.2815215978923634
2020-02-17,model2,-0.0052125276572695615,0.0,-0.0052125276572695615,0.8762014763029434,-0.28526668643450026
2020-02-18,model2,-0.008226811652336165,0.0008,-0.009026811652336165,0.8682921706068578,-0.2917184494377062
2020-02-19,model2,-0.003979837763329375,0.0,-0.003979837763329375,0.8648365086366735,-0.2945372950997035
2020-02-20,model2,-6.015410466924092e-05,0.0,-6.015410466924092e-05,0.8647844851708112,-0.2945797315770943
2020-02-21,model2,0.0067686583419999564,0.0,0.0067686583419999564,0.8706379158903947,-0.2898049827926177
2020-02-24,model2,0.010766862318360016,0.0,0.010766862318360016,0.8800119544599306,-0.2821584108231604
2020-02-25,model2,0.005026844320096303,0.0,0.005026844320096303,0.8844356375548243,-0.278549932907878
2020-02-26,model2,-0.009415151345521223,0.0,-0.009415151345521223,0.8761085421718732,-0.2853424944777867
2020-02-27,model2,-0.0007087853170018478,0.0,-0.0007087853170018478,0.8754875693010818,-0.28584903322438604
2020-02-28,model2,-0.008526446187928504,0.0008,-0.009326446187928505,0.867322381597795,-0.29250952378607586
2020-03-02,model2,-0.0027380165380796132,0.0,-0.0027380165380796132,0.8649476385731336,-0.2944466444104834
2020-03-03,model2,-0.0019257935727537757,0.0,-0.0019257935727537757,0.8632819279700009,-0.29580539452791255
2020-03-04,model2,0.0031222607015417127,0.0,0.0031222607015417127,0.8659773192080529,-0.2936067153850094
2020-03-05,model2,0.0036473855396099717,0.0,0.0036473855396099717,0.8691358723597625,-0.29103022673342704
2020-03-06,model2,-0.0044864034666328495,0.0,-0.0044864034666328495,0.8652365781690327,-0.2942109511819482
2020-03-09,model2,0.0035672217064493424,0.0008,0.0027672217064493424,0.867630879609356,-0.29225787640588463
2020-03-10,model2,0.003084497670280229,0.0,0.003084497670280229,0.8703070850361743,-0.2900748474744994
2020-03-11,model2,-0.0011273636288708921,0.0,-0.0011273636288708921,0.8693259324825559,-0.2908751912706772
2020-03-12,model2,-0.00042189267750227834,0.0008,-0.0012218926775022783,0.8682637094912926,-0.29174166568189874
2020-03-13,model2,-0.0034112393203780127,0.0,-0.0034112393203780127,0.8653018541850186,-0.29415770436091015
2020-03-16,model2,0.00387345098305536,0.0008,0.00307345098305536,0.8679613170194033,-0.291988332663496
2020-03-17,model2,0.0021710200508496145,0.0,0.0021710200508496145,0.8698456784420142,-0.290451225137473
2020-03-18,model2,0.0018074535720961748,0.0,0.0018074535720961748,0.8714178841206867,-0.28916874866977127
2020-03-19,model2,0.011521043709268541,0.0,0.011521043709268541,0.8814575276526794,-0.2809792307532817
2020-03-20,model2,-0.004359423859902822,0.0,-0.004359423859902822,0.8776148806751393,-0.28411374705050163
2020-03-23,model2,-0.006419311768060031,0.0008,-0.007219311768060031,0.8712791052392567,-0.28928195310101223
2020-03-24,model2,0.004692811303672696,0.0,0.004692811303672696,0.8753678536729772,-0.2859466874168006
2020-03-25,model2,-0.00031288076609046166,0.0,-0.00031288076609046166,0.8750939679083091,-0.286170100964271
2020-03-26,model2,0.002318473170124546,0.0,0.002318473170124546,0.8771228497942423,-0.284515105495324
2020-03-27,model2,0.0040370668776573025,0.0008,0.0032370668776573026,0.8799621551189476,-0.2821990330418588
2020-03-30,model2,-0.006864800568929264,0.0008,-0.007664800568929264,0.8732174206917557,-0.2877008343017775
2020-03-31,model2,-0.0012099007895982172,0.0,-0.0012099007895982172,0.8721609142449698,-0.28856264562478595
2020-04-01,model2,0.0006784718533618505,0.0,0.0006784718533618505,0.8727526508768874,-0.2880799554044121
2020-04-02,model2,-0.004561006118276988,0.0,-0.004561006118276988,0.8687720206964954,-0.29132702708353664
2020-04-03,model2,0.001494317774322074,0.0008,0.0006943177743220739,0.8693752245522988,-0.29083498284225906
2020-04-07,model2,0.005360505247896797,0.0,0.005360505247896797,0.8740355150059029,-0.28703350004616
2020-04-08,model2,0.0023199375846733707,0.0,0.0023199375846733707,0.8760632228475045,-0.28537946226630406
2020-04-09,model2,0.002575760682667827,0.0,0.002575760682667827,0.8783197520524463,-0.2835387707821827
2020-04-10,model2,-0.008165423008945983,0.0,-0.008165423008945983,0.8711478997398255,-0.2893889797882556
2020-04-13,model2,-0.0014672458140985614,0.0,-0.0014672458140985614,0.8698697116304716,-0.2904316208331136
2020-04-14,model2,0.0024425383206156497,0.0,0.0024425383206156497,0.8719944017350719,-0.2886984728759012
2020-04-15,model2,0.0015478103588893789,0.0008,0.0007478103588893788,0.872646488181583,-0.288166554225624
2020-04-16,model2,-0.003114939272580575,0.0,-0.003114939272580575,0.8699282473644666,-0.29038387218140305
2020-04-17,model2,0.00578579145228657,0.0,0.00578579145228657,0.8749614707821706,-0.2862781812546654
2020-04-20,model2,-0.0032369026593287668,0.0,-0.0032369026593287668,0.8721293056705856,-0.28858842930778317
2020-04-21,model2,-0.0021846380777458484,0.0008,-0.0029846380777458483,0.8695263153361631,-0.2907117353706201
2020-04-22,model2,0.00044366273673448467,0.0,0.00044366273673448467,0.8699120917608879,-0.2903970505980009
2020-04-23,model2,-0.0012768976760222817,0.0,-0.0012768976760222817,0.8688013030325747,-0.2913031409549909
2020-04-24,model2,-0.003195842639260294,0.0,-0.003195842639260294,0.8660247507832983,-0.29356802459543685
2020-04-27,model2,-0.0048001824015742045,0.0008,-0.005600182401574205,0.861174854214634,-0.2975241725120067
2020-04-28,model2,0.005717675863173533,0.0,0.005717675863173533,0.8660987728925491,-0.2935076434287157
2020-04-29,model2,0.0028648487527862974,0.0,0.0028648487527862974,0.86858001488186,-0.29148364968213947
2020-04-30,model2,-0.007319337101408952,0.0,-0.007319337101408952,0.8622225849533929,-0.29666951969197586
2020-05-06,model2,-0.007010408745768527,0.0,-0.007010408745768527,0.8561780522030364,-0.3016001538422928
2020-05-07,model2,-0.0009077524557050689,0.0008,-0.001707752455705069,0.8547159120318659,-0.3027928478946327
2020-05-08,model2,0.0019449293529353543,0.0,0.0019449293529353543,0.8563782740975977,-0.3014368292394264
2020-05-11,model2,-0.0006733365476055742,0.0,-0.0006733365476055742,0.8558016433070724,-0.3019071973531108
2020-05-12,model2,0.0014976669932979193,0.0008,0.0006976669932979193,0.8563987078664178,-0.3014201610464452
2020-05-13,model2,-0.0019909255612834634,0.0,-0.0019909255612834634,0.8546936817882764,-0.3028109815044151
2020-05-14,model2,-0.001075212524249425,0.0008,-0.001875212524249425,0.8530909494917902,-0.30411835908366724
2020-05-15,model2,0.0036126329764023524,0.0,0.0036126329764023524,0.8561728539877946,-0.30160439412001994
2020-05-18,model2,-0.004594018290433377,0.0,-0.004594018290433377,0.8522395802368021,-0.30481283630739087
2020-05-19,model2,0.0017289208303179929,0.0,0.0017289208303179929,0.8537130349994949,-0.3036109127391131
2020-05-20,model2,-0.0035610952063173775,0.0008,-0.004361095206317378,0.849989911174988,-0.30664793184929817
2020-05-21,model2,0.0033241934789560723,0.0,0.0033241934789560723,0.8528154420948943,-0.304343095425731
2020-05-22,model2,-0.002757652001751332,0.0,-0.002757652001751332,0.8504636738838769,-0.3062614750811623
2020-05-25,model2,0.002875580286242485,0.0008,0.002075580286242485,0.8522288795195556,-0.3048215650750339
2020-05-26,model2,0.005051844897681334,0.0,0.005051844897681334,0.8565342076362131,-0.3013096314455801
2020-05-27,model2,-0.0018398051836022945,0.0,-0.0018398051836022945,0.8549583515610714,-0.3025950856073796
2020-05-28,model2,-0.0026502817388498914,0.0,-0.0026502817388498914,0.8526924710544519,-0.3044434051165784
2020-05-29,model2,0.0037975763666369565,0.0008,0.0029975763666369565,0.8552484818536941,-0.30235842110609734
2020-06-01,model2,-0.002993069133014713,0.0008,-0.003793069133014713,0.8520044652361172,-0.30500462384490745
2020-06-02,model2,-0.002387128929770599,0.0,-0.002387128929770599,0.8499706207288583,-0.306663667413384
2020-06-03,model2,-2.012176925489937e-05,0.0,-2.012176925489937e-05,0.8499535178161546,-0.3066776185670843
2020-06-04,model2,0.0011142330287657654,0.0008,0.0003142330287657654,0.850220601284368,-0.3064597537752556
2020-06-05,model2,0.0011796965393715553,0.0,0.0011796965393715553,0.8512236035854056,-0.30564158674686936
2020-06-08,model2,0.0025528297729783935,0.0,0.0025528297729783935,0.8533966325441005,-0.3038690079163987
2020-06-09,model2,5.686265429227788e-05,0.0008,-0.0007431373457077222,0.8527624416357558,-0.30438632885412054
2020-06-10,model2,0.0030554056121753,0.0008,0.0022554056121753,0.8546857668324733,-0.3028174378763123
2020-06-11,model2,-0.0025336859172331305,0.0008,-0.0033336859172331305,0.8518365129279243,-0.3051416255654046
2020-06-12,model2,-0.0008865069548755324,0.0,-0.0008865069548755324,0.8510813539347967,-0.30575762234699444
2020-06-15,model2,0.006251228700523947,0.0,0.006251228700523947,0.8564016581209946,-0.3014177544706901
2020-06-16,model2,0.0017972066311632943,0.0,0.0017972066311632943,0.8579407888599089,-0.30016225782661177
2020-06-17,model2,0.002520308544082717,0.0,0.002520308544082717,0.8601030643603896,-0.2983984507855406
2020-06-18,model2,-0.0011572431779363068,0.0008,-0.0019572431779363068,0.8584196335053481,-0.2997716556313702
2020-06-19,model2,0.00144071177238061,0.0,0.00144071177238061,0.859656368776982,-0.29876282841228363
2020-06-22,model2,-0.0003371223639953236,0.0,-0.0003371223639953236,0.8593665593897163,-0.2989992311452907
2020-06-23,model2,-0.0009224839634767612,0.0,-0.0009224839634767612,0.8585738075199311,-0.2996458931129441
2020-06-24,model2,0.003520215393893267,0.0,0.003520215393893267,0.8615961722539563,-0.29718049580470385
2020-06-29,model2,-0.0006032186390762197,0.0,-0.0006032186390762197,0.861076441383496,-0.2976044496295407
2020-06-30,model2,-0.004810412464133229,0.0,-0.004810412464133229,0.8569343085372934,-0.3009832619397945
2020-07-01,model2,0.008024550815440713,0.0008,0.007224550815440713,0.8631252739948155,-0.29593317999483504
2020-07-02,model2,-0.003533291105354941,0.0,-0.003533291105354941,0.8600756011414026,-0.29842085302753485
2020-07-03,model2,-0.004613467656456828,0.0,-0.004613467656456828,0.856107670173429,-0.3016575657305368
2020-07-06,model2,-0.010804222094958505,0.0008,-0.011604222094958505,0.846173206631539,-0.30976128643613365
2020-07-07,model2,-0.004186546902344013,0.0,-0.004186546902344013,0.8426306628144693,-0.3126510031842824
2020-07-08,model2,-0.004042829537045911,0.0008,-0.004842829537045911,0.8385499461517708,-0.3159797172083204
2020-07-09,model2,0.008282335944848108,0.0,0.008282335944848108,0.8454950985123341,-0.31031443143314974
2020-07-10,model2,0.00945264884245094,0.0,0.00945264884245094,0.8534872667765846,-0.30379507594178123
2020-07-13,model2,0.008790341394846468,0.0,0.008790341394846468,0.8609897112277052,-0.2976751969785363
2020-07-14,model2,-0.00035608885662394806,0.0,-0.00035608885662394806,0.8606831223858691,-0.29792528701462284
2020-07-15,model2,-0.005829407053066583,0.0008,-0.006629407053066584,0.8549773036238688,-0.30257962606866784
2020-07-16,model2,0.0008943398386755536,0.0,0.0008943398386755536,0.8557419438876631,-0.30195589524395705
2020-07-17,model2,0.0014625267841594791,0.0,0.0014625267841594791,0.8569934894009276,-0.3009349870442266
2020-07-20,model2,0.001319937250004788,0.0,0.001319937250004788,0.8581246670305994,-0.30001226509345125
2020-07-21,model2,-0.0023702646885846333,0.0,-0.0023702646885846333,0.8560906844339334,-0.30167142130394253
2020-07-22,model2,-0.002942890139429899,0.0,-0.002942890139429899,0.853571303600255,-0.3037265255922692
2020-07-23,model2,-0.000844663498615672,0.0,-0.000844663498615672,0.8528503230766381,-0.3043146423811557
2020-07-24,model2,0.004982767514235941,0.0008,0.004182767514235941,0.8564175977025086,-0.3014047522671781
2020-07-27,model2,0.0003127077394015742,0.0,0.0003127077394015742,0.8566854061134699,-0.30118629612650283
2020-07-28,model2,0.0010038597048659171,0.0,0.0010038597048659171,0.8575453980724138,-0.3004847852079763
2020-07-29,model2,0.0035119575581370917,0.0008,0.0027119575581370917,0.8598710247961621,-0.298587729634189
2020-07-30,model2,-0.0003096438341430919,0.0,-0.0003096438341430919,0.8596047710351756,-0.29880491761890016
2020-07-31,model2,-0.0019860652973281217,0.0,-0.0019860652973281217,0.8578975398300049,-0.30019753683867434
2020-08-03,model2,-0.005825200842387179,0.0,-0.005825200842387179,0.8529001143583054,-0.3042740267365863
2020-08-04,model2,0.006281839294546421,0.0008,0.005481839294546421,0.8575755757195178,-0.30046016875811443
2020-08-05,model2,0.00688134372178122,0.0008,0.006081343721781219,0.8627907875628726,-0.2962060265972557
2020-08-06,model2,0.00013679117959379815,0.0008,-0.0006632088204062019,0.8622185771023958,-0.29667278896816507
2020-08-07,model2,-0.001353147398555521,0.0008,-0.002153147398555521,0.8603620934161215,-0.29818715612293156
2020-08-10,model2,0.0005205425844554412,0.0,0.0005205425844554412,0.8608099485237958,-0.29782183265137585
2020-08-11,model2,0.004609664635908839,0.0,0.004609664635908839,0.8647779937017445,-0.29458502678524157
2020-08-12,model2,0.0027858908595105097,0.0,0.0027858908595105097,0.8671871708099039,-0.29261981765920075
2020-08-13,model2,-0.002457818471202611,0.0,-0.002457818471202611,0.8650557821634974,-0.2943584297375206
2020-08-14,model2,0.0014299698692836317,0.0,0.0014299698692836317,0.8662927858672409,-0.29334938355353124
2020-08-17,model2,0.0024653014272631776,0.0008,0.0016653014272631776,0.8677354244799734,-0.2921725972733865
2020-08-18,model2,0.0028401721655382686,0.0,0.0028401721655382686,0.870199942479633,-0.2901622455861571
2020-08-19,model2,-0.0001655489078324912,0.0,-0.0001655489078324912,0.8700558818295595,-0.2902797584511386
2020-08-20,model2,0.0008657414343976383,0.0,0.0008657414343976383,0.8708091252567006,-0.2896653242311992
2020-08-21,model2,0.0005685025480246966,0.0,0.0005685025480246966,0.8713041824632521,-0.28926149715807437
2020-08-24,model2,0.0010063509104841551,0.0008,0.00020635091048415509,0.8714839768746121,-0.2891148356208968
2020-08-25,model2,0.0036471968571498703,0.0,0.0036471968571498703,0.8746624504961257,-0.28652209748357893
2020-08-26,model2,0.0036355627836427646,0.0,0.0036355627836427646,0.8778423407493993,-0.28392820377423855
2020-08-27,model2,-0.0016696255759069522,0.0,-0.0016696255759069522,0.87637667272567,-0.2851237755594028
2020-08-28,model2,0.002603627539433973,0.0,0.002603627539433973,0.878658431165696,-0.28326250413416276
2020-08-31,model2,-0.001553755676664448,0.0,-0.001553755676664448,0.8772932106404232,-0.2843761390870425
2020-09-01,model2,-0.0011802372805584053,0.0008,-0.001980237280558405,0.8755559619187323,-0.2857932441352795
2020-09-02,model2,0.0013520517224147267,0.0,0.0013520517224147267,0.8767397588651151,-0.28482759966085225
2020-09-03,model2,-0.0017526255437768422,0.0,-0.0017526255437768422,0.8752031623684834,-0.2860810290778909
2020-09-04,model2,0.00040104309784574346,0.0,0.00040104309784574346,0.8755541565559641,-0.28579471680218127
2020-09-07,model2,-0.0017039165271961034,0.0,-0.0017039165271961034,0.8740622853581531,-0.28701166298803293
2020-09-08,model2,-0.0016284792196074702,0.0,-0.0016284792196074702,0.8726388930898047,-0.28817274967867945
2020-09-09,model2,-0.004190247815502614,0.0008,-0.004990247815502614,0.8682842087598407,-0.2917249440596106
2020-09-10,model2,0.008371524619409643,0.0,0.008371524619409643,0.8755530713901183,-0.2857956019914919
2020-09-11,model2,-0.0024364855852125446,0.0,-0.0024364855852125446,0.8734197989525877,-0.2875357507121351
2020-09-14,model2,0.0010209868036161751,0.0008,0.00022098680361617507,0.8736128132021734,-0.2873783055149941
2020-09-15,model2,-0.0005447947922665899,0.0,-0.0005447947922665899,0.8731368734910836,-0.28776653810300556
2020-09-16,model2,0.0005274936665811583,0.0,0.0005274936665811583,0.8735974476619086,-0.2873908394627278
2020-09-17,model2,0.004580158538151036,0.0008,0.003780158538151036,0.8768997845125946,-0.28469706386015825
2020-09-18,model2,0.0037444987379215535,0.0008,0.0029444987379215535,0.8794818148213756,-0.28259085526746297
2020-09-21,model2,0.0028701958674150155,0.0,0.0028701958674150155,0.8820060998917426,-0.2805317505050058
2020-09-22,model2,-0.00045683379976844095,0.0,-0.00045683379976844095,0.8816031696937101,-0.2808604279192354
2020-09-23,model2,0.0014614786505775966,0.0008,0.0006614786505775965,0.882186331368744,-0.2803847324455184
2020-09-24,model2,0.002260573076427219,0.0,0.002260573076427219,0.8841805780378282,-0.27875798954629893
2020-09-25,model2,0.0018709027061018179,0.0008,0.001070902706101818,0.8851274494115315,-0.27798560952554974
2020-09-28,model2,-0.006313537838362793,0.0,-0.006313537838362793,0.8795391637678983,-0.2825440746996526
2020-09-29,model2,0.004386091187181274,0.0008,0.003586091187181274,0.8826932714118672,-0.2799712123287421
2020-09-30,model2,0.0012300569297233111,0.0,0.0012300569297233111,0.8837790343871874,-0.27908553592886687
2020-10-09,model2,-0.003951570275246752,0.0,-0.003951570275246752,0.8802867194250168,-0.2819342800960857
2020-10-12,model2,0.0007687378736365609,0.0008,-3.1262126363439135e-05,0.8802591997903582,-0.2819567283573585
2020-10-13,model2,0.0007422287949683248,0.0008,-5.7771205031675204e-05,0.880208346155646,-0.28199821058242625
2020-10-14,model2,0.0005724694417635679,0.0,0.0005724694417635679,0.8807122385362053,-0.28158717649885323
2020-10-15,model2,0.0031965223846922796,0.0008,0.0023965223846922797,0.8828228851303297,-0.27986548408588274
2020-10-16,model2,-0.0029819169628571896,0.0008,-0.0037819169628571896,0.8794841222858567,-0.28258897302715735
2020-10-19,model2,0.0013175683366383859,0.0,0.0013175683366383859,0.8806429027179568,-0.2816437349736627
2020-10-20,model2,-0.0029794527871637834,0.0,-0.0029794527871637834,0.8780190687669577,-0.283784043549672
2020-10-21,model2,0.0062079233935506736,0.0008,0.005407923393550673,0.882767328628926,-0.27991080252395006
2020-10-22,model2,-0.0011354931454511164,0.0,-0.0011354931454511164,0.8817649523782397,-0.28072845887179754
2020-10-23,model2,-0.0038566405050654232,0.0,-0.0038566405050654232,0.8783643019469507,-0.2835024306314534
2020-10-26,model2,0.005080383070323747,0.0008,0.004280383070323746,0.8821240376345811,-0.2804355465656002
2020-10-27,model2,-0.001733114506081668,0.0,-0.001733114506081668,0.8805952156687933,-0.28168263415790806
2020-10-28,model2,0.0007392342871892946,0.0,0.0007392342871892946,0.8812461818453504,-0.2811516293319942
2020-10-29,model2,0.0007643185293407128,0.0008,-3.568147065928723e-05,0.8812147376855693,-0.28117727889904054
2020-10-30,model2,-0.003889108530943019,0.0,-0.003889108530943019,0.8777875979316436,-0.28397285847591003
2020-11-02,model2,0.0038370808032619054,0.0,0.0038370808032619054,0.8811557398730085,-0.2812254044765534
2020-11-03,model2,0.0013299281635892335,0.0,0.0013299281635892335,0.882327613707974,-0.2802694858986944
2020-11-04,model2,-0.003475486215906809,0.0008,-0.004275486215906809,0.8785552341576516,-0.283346683790902
2020-11-05,model2,-0.0030806271336749624,0.0,-0.0030806271336749624,0.8758487330648733,-0.28555442544225396
2020-11-06,model2,0.0019620139582003926,0.0,0.0019620139582003926,0.8775671605044187,-0.2841526732525971
2020-11-09,model2,-0.000598887534114567,0.0,-0.000598887534114567,0.8770415964716444,-0.2845813852929153
2020-11-10,model2,0.002775322544382686,0.0,0.002775322544382686,0.8794756697866936,-0.28259586788284774
2020-11-11,model2,0.0043506321818982405,0.0,0.0043506321818982405,0.883301944938864,-0.279474706378232
2020-11-12,model2,-0.0029543689527569586,0.0,-0.0029543689527569586,0.8806923450968269,-0.2816034039353842
2020-11-13,model2,-0.006411931611157185,0.0008,-0.007211931611157185,0.874340852133519,-0.28678443105589035
2020-11-16,model2,0.00045013708513783664,0.0,0.00045013708513783664,0.8747344253761152,-0.286463386278611
2020-11-17,model2,-0.0034144694017868463,0.0,-0.0034144694017868463,0.871747671445979,-0.2888997352132172
2020-11-18,model2,-0.0006626876356275347,0.0,-0.0006626876356275347,0.8711699750427246,-0.2893709725663828
2020-11-19,model2,-0.0014864941225554598,0.0008,-0.0022864941225554597,0.8691780500150427,-0.2909958216609271
2020-11-20,model2,-0.0037075870185170777,0.0,-0.0037075870185170777,0.8659554967600269,-0.2936245163486114
2020-11-23,model2,0.0036743220524918744,0.0008,0.0028743220524918745,0.8684445317408408,-0.29159416571861263
2020-11-24,model2,0.003261520554569719,0.0,0.003261520554569719,0.8712769814316171,-0.28928368552912687
2020-11-25,model2,-0.005104522756250285,0.0,-0.005104522756250285,0.8668295282529024,-0.2929115531295817
2020-11-26,model2,-0.003987779553199334,0.0008,-0.004787779553199334,0.8626793395614237,-0.29629693673781143
2020-11-27,model2,0.0050503011337932335,0.0,0.0050503011337932335,0.8670361300081108,-0.2927430243595647
2020-11-30,model2,-0.0014117813233121002,0.0,-0.0014117813233121002,0.8658120645931285,-0.29374151654855596
2020-12-01,model2,0.003066283883889743,0.0,0.003066283883889743,0.8684668901732677,-0.2915759275428884
2020-12-02,model2,-0.0014967859434459108,0.0008,-0.0022967859434459108,0.8664722076275695,-0.29320302599450665
2020-12-03,model2,0.0013287561262832705,0.0,0.0013287561262832705,0.8676235378817089,-0.2922638651852584
2020-12-04,model2,0.0009491067551286924,0.0,0.0009491067551286924,0.868447005242421,-0.291592148038857
2020-12-07,model2,0.0010885200824091168,0.0,0.0010885200824091168,0.8693923272481354,-0.29082103186546104
2020-12-08,model2,0.0011762522406387089,0.0,0.0011762522406387089,0.8704149519210551,-0.289986858515179
2020-12-09,model2,-0.003760002289111553,0.0,-0.003760002289111553,0.867142189709355,-0.29265650955246125
2020-12-10,model2,0.0019111960959399266,0.0,0.0019111960959399266,0.8687994684769523,-0.2913046374350293
2020-12-11,model2,-0.003398825225646985,0.0,-0.003398825225646985,0.8658465709274642,-0.2937133691106142
2020-12-14,model2,-0.001462654587678358,0.0008,-0.002262654587678358,0.8638874592115295,-0.295311451796212
2020-12-15,model2,-0.0002970513430196498,0.0,-0.0002970513430196498,0.863630840281553,-0.2955207804758664
2020-12-16,model2,0.00383604854414541,0.0,0.00383604854414541,0.8669437701090941,-0.29281836399143024
2020-12-17,model2,0.0014999745128103648,0.0,0.0014999745128103648,0.8682441636682975,-0.2917576095614898
2020-12-18,model2,-0.002490437128950518,0.0,-0.002490437128950518,0.8660818561661034,-0.2935214427069345
2020-12-21,model2,-0.005152910065424532,0.0,-0.005152910065424532,0.8616190142519836,-0.2971618631758165
2020-12-22,model2,0.003453094282491076,0.0008,0.002653094282491076,0.8639049707323813,-0.29529716733349143
2020-12-23,model2,0.0009532615126229163,0.0,0.0009532615126229163,0.8647284980915441,-0.29462540124527414
2020-12-24,model2,-0.005884341965294039,0.0008,-0.006684341965294039,0.8589483571031651,-0.2993403662769828
2020-12-25,model2,-0.002062381271242409,0.0,-0.002062381271242409,0.8571768780985111,-0.30078539358308876
2020-12-28,model2,0.0034597730860514986,0.0,0.0034597730860514986,0.8601425155913419,-0.29836626970643343
2020-12-29,model2,0.0021224669892852435,0.0,0.0021224669892852435,0.8619681396867652,-0.29687707527531626
2020-12-30,model2,0.001979939125063268,0.0008,0.001179939125063268,0.8629852096193397,-0.2960474330267048
2020-12-31,model2,-0.00119906145461286,0.0,-0.00119906145461286,0.8619504373185841,-0.2968915154156382
2021-01-04,model2,0.006967951289110897,0.0,0.006967951289110897,0.867956465979448,-0.29199228974409364
2021-01-05,model2,-0.0008784188577267036,0.0,-0.0008784188577267036,0.8671940366520459,-0.29261421706819835
2021-01-06,model2,-0.006495352101964569,0.0008,-0.007295352101964569,0.8608675508139453,-0.2977748454266096
2021-01-07,model2,0.007034395207668354,0.0,0.007034395207668354,0.8669232333878281,-0.29283511616457447
2021-01-08,model2,-0.003266376814046401,0.0,-0.003266376814046401,0.864091535438732,-0.2951449831448423
2021-01-11,model2,0.0049889929967463775,0.0,0.0049889929967463775,0.8684024820575836,-0.29162846640203033
2021-01-12,model2,0.008283908867660016,0.0,0.008283908867660016,0.8755962490793985,-0.2857603811732601
2021-01-13,model2,-0.0005371010068272678,0.0008,-0.0013371010068272677,0.8744254884531802,-0.28671539168670923
2021-01-14,model2,0.00289230688988118,0.0008,0.00209230688988118,0.8762550549273587,-0.2852229813862891
2021-01-15,model2,0.0020946210825355306,0.0008,0.0012946210825355306,0.8773894731951459,-0.28429761598867986
2021-01-18,model2,0.0027472688611076103,0.0,0.0027472688611076103,0.8797998979739186,-0.2823313891152651
2021-01-19,model2,0.0018908243210683743,0.0,0.0018908243210683743,0.8814634450186812,-0.28097440385133676
2021-01-20,model2,0.0030208829263447257,0.0,0.0030208829263447257,0.8841262428899351,-0.27880231170432646
2021-01-21,model2,0.0016173362903443515,0.0,0.0016173362903443515,0.8855561723478069,-0.27763589251053333
2021-01-22,model2,0.0013050842757833083,0.0,0.0013050842757833083,0.8867118977836609,-0.2766931464724587
2021-01-25,model2,-0.004929485613970908,0.0,-0.004929485613970908,0.8823408642397995,-0.2802586772014092
2021-01-26,model2,0.0019446058329456234,0.0,0.0019446058329456234,0.8840566694310464,-0.2788590640268831
2021-01-27,model2,0.0009595311116465944,0.0008,0.0001595311116465944,0.8841977039742794,-0.27874401961171336
2021-01-28,model2,-9.758557767636233e-06,0.0,-9.758557767636233e-06,0.8841890754799072,-0.2787510580298632
2021-01-29,model2,0.001922471375466772,0.0,0.001922471375466772,0.8858889036680179,-0.2773644775843399
2021-02-01,model2,0.0005969493448334975,0.0008,-0.00020305065516650251,0.8857090233457234,-0.2775112092006129
2021-02-02,model2,0.0011685033349687402,0.0,0.0011685033349687402,0.8867439772933148,-0.2766669786390863
2021-02-03,model2,-0.003887452992670593,0.0,-0.003887452992670593,0.8832968017650533,-0.2794789017576732
2021-02-04,model2,-0.007152781541025633,0.0008,-0.007952781541025633,0.8762721352647292,-0.28520904864769425
2021-02-05,model2,0.009738997418061102,0.0,0.009738997418061102,0.8848061473275913,-0.2782477014180207
2021-02-08,model2,-0.00016333967925010774,0.0,-0.00016333967925010774,0.8846616233752883,-0.2783655922069691
2021-02-09,model2,-0.0021104691007108652,0.0,-0.0021104691007108652,0.88279457235457,-0.27988857932662614
2021-02-10,model2,0.0034928871919589705,0.0008,0.0026928871919589706,0.8851718385515945,-0.2779494005051114
2021-02-18,model2,0.0068894231044061005,0.0,0.0068894231044061005,0.8912701618674815,-0.27297488842240103
2021-02-19,model2,0.005365134804178418,0.0,0.005365134804178418,0.8960519464328424,-0.2690743006927645
2021-02-22,model2,0.010440816112882879,0.0,0.010440816112882879,0.9054074600331384,-0.2614428398741173
2021-02-23,model2,-0.003184940285304405,0.0,-0.003184940285304405,0.9025237913390638,-0.2637951003264023
2021-02-24,model2,0.0037334922701424585,0.0,0.0037334922701424585,0.9058933569376478,-0.2610464850242299
2021-02-25,model2,-0.007054944067258351,0.0008,-0.00785494406725835,0.8987776152880017,-0.2668509235526685
2021-02-26,model2,-0.0014847493168381309,0.0,-0.0014847493168381309,0.8974431558377134,-0.2679394661430643
2021-03-01,model2,-0.004497134603581099,0.0,-0.004497134603581099,0.8934072331668486,-0.2712316409017883
2021-03-02,model2,-0.0038990488255556954,0.0,-0.0038990488255556954,0.8899237947436264,-0.27407314431643237
2021-03-03,model2,0.004925487939647599,0.0008,0.004125487939647599,0.8935951646260466,-0.27107834182824353
2021-03-04,model2,0.0038696031927003115,0.0,0.0038696031927003115,0.8970530233280651,-0.2682577042525537
2021-03-05,model2,0.0022488409545426526,0.0,0.0022488409545426526,0.8990703529053217,-0.2666121322097057
2021-03-08,model2,0.0033098457871794107,0.0,0.0033098457871794107,0.9020461371252633,-0.26418473146513155
2021-03-09,model2,-0.0023447536640758947,0.0,-0.0023447536640758947,0.8999310611400733,-0.2659100370121117
2021-03-10,model2,-0.005553292554265222,0.0008,-0.006353292554265222,0.8942135358299801,-0.2705739253081234
2021-03-11,model2,0.0005594201939248759,0.0,0.0005594201939248759,0.8947137769396044,-0.2701658696319653
2021-03-12,model2,0.00025221684807466007,0.0,0.00025221684807466007,0.8949394388283531,-0.26998179316798654
2021-03-15,model2,-0.004116353152718143,0.0,-0.004116353152718143,0.8912555520478402,-0.2729868059152212
2021-03-16,model2,0.0022361372430141024,0.0,0.0022361372430141024,0.8932485217808176,-0.27136110463576546
2021-03-17,model2,-0.002870243009076301,0.0008,-0.003670243009076301,0.8899700826383838,-0.27403538644761716
2021-03-18,model2,0.0014706912446682096,0.0,0.0014706912446682096,0.8912789538469368,-0.27296771664652664
2021-03-19,model2,0.006094258232190431,0.0,0.006094258232190431,0.8967106379485965,-0.26853699416863164
2021-03-22,model2,0.003378486152359628,0.0,0.003378486152359628,0.8997401624215794,-0.266065756532467
2021-03-23,model2,-0.002994438819774459,0.0,-0.002994438819774459,0.8970459455515141,-0.268263477722268
2021-03-24,model2,0.0007959771943172548,0.0,0.0007959771943172548,0.8977599736664279,-0.26768103213828576
2021-03-25,model2,0.0012182641701895757,0.0008,0.00041826417018957565,0.8981354744968428,-0.2673747293528791
2021-03-26,model2,0.0014732403475889557,0.0,0.0014732403475889557,0.8994586439154726,-0.2662953962444984
2021-03-29,model2,0.00070319005299746,0.0,0.00070319005299746,0.9000911342869565,-0.26577946246529915
2021-03-30,model2,0.0028444638534494975,0.0,0.0028444638534494975,0.9026514109832461,-0.26369099868582146
2021-03-31,model2,-0.002560575696361367,0.0,-0.002560575696361367,0.9003401037179961,-0.2655763736195986
2021-04-01,model2,0.0012076253314093678,0.0,0.0012076253314093678,0.9014273772341296,-0.2646894650443963
2021-04-02,model2,0.0028618538956981967,0.0,0.0028618538956981967,0.904007130685356,-0.26258511372538573
2021-04-06,model2,-0.0034817199893987906,0.0008,-0.004281719989398791,0.9001364252833415,-0.2657425177844279
2021-04-07,model2,0.004346684671653511,0.0,0.004346684671653511,0.9040490344855177,-0.26255093204143454
2021-04-08,model2,-0.0010908639248288663,0.0,-0.0010908639248288663,0.9030628400075211,-0.2633553886260691
2021-04-09,model2,0.0052430569250715205,0.0,0.0052430569250715205,0.9077976498845972,-0.25949311899508853
2021-04-12,model2,-0.002654106906548481,0.0,-0.002654106906548481,0.90538825787229,-0.26145850342231025
2021-04-13,model2,0.0007264587048021909,0.0,0.0007264587048021909,0.906045985053447,-0.2609219835232638
2021-04-14,model2,0.0034521772619307,0.0,0.0034521772619307,0.9091738164013121,-0.25837055519998997
2021-04-15,model2,0.004296700866680059,0.0008,0.003496700866680059,0.9123529252730853,-0.25577729887760237
2021-04-16,model2,-0.002086955685497216,0.0,-0.002086955685497216,0.9104488851485066,-0.25733045867498594
2021-04-19,model2,0.002168748288676081,0.0008,0.0013687482886760812,0.9116950605019808,-0.25631393101124533
2021-04-20,model2,0.000576674018474943,0.0,0.000576674018474943,0.9122208113561442,-0.25588506657735777
2021-04-21,model2,-0.00119609126788931,0.0008,-0.00199609126788931,0.9103999353602092,-0.2573703878982688
2021-04-22,model2,-0.0048320936338738015,0.0,-0.0048320936338738015,0.906000797628276,-0.26095884371923184
2021-04-23,model2,0.003124297794955844,0.0008,0.002324297794955844,0.9081066132844317,-0.2592410919893068
2021-04-26,model2,0.0051526478749064795,0.0008,0.004352647874906479,0.9120592816049327,-0.256016829302536
2021-04-27,model2,0.0007709732315302808,0.0008,-2.9026768469719204e-05,0.9120328074713349,-0.2560384247297772
2021-04-28,model2,0.0030723110727000963,0.0,0.0030723110727000963,0.9148348559643947,-0.2537527433444111
2021-04-29,model2,-0.004952747841013139,0.0,-0.004952747841013139,0.9103039096066334,-0.2574487178336742
2021-04-30,model2,0.00257618825489363,0.0008,0.0017761882548936302,0.9119207807192605,-0.2561298069676341
2021-05-06,model2,-0.004950648945313318,0.0,-0.004950648945313318,0.9074061810679834,-0.2598124471542198
2021-05-07,model2,-0.0022904748321278313,0.0,-0.0022904748321278313,0.90532779004773,-0.26150782811506734
2021-05-10,model2,-0.002701118310158801,0.0008,-0.003501118310158801,0.9021581303452983,-0.26409337657996257
2021-05-11,model2,-0.005671304793785348,0.0,-0.005671304793785348,0.8970417166159187,-0.2682669273411429
2021-05-12,model2,0.0022895867903756084,0.0008,0.0014895867903756085,0.8983779381074057,-0.26717694742202924
2021-05-13,model2,0.000544042483006768,0.0,0.000544042483006768,0.8988666938715322,-0.2667782605489002
2021-05-14,model2,0.005054732411431217,0.0,0.005054732411431217,0.9034102244826006,-0.26307202085773074
2021-05-17,model2,0.0010027103209619527,0.0,0.0010027103209619527,0.9043160832387519,-0.26233309556723905
2021-05-18,model2,-0.0015552489973854834,0.0,-0.0015552489973854834,0.9029096465569753,-0.26348035128076264
2021-05-19,model2,-0.0020436762088004825,0.0,-0.0020436762088004825,0.9010643915936103,-0.2649855589641642
2021-05-20,model2,0.003418488723043378,0.0008,0.002618488723043378,0.9034238185417341,-0.2630609319390378
2021-05-21,model2,0.0033358548550360464,0.0008,0.0025358548550360465,0.9057147702181384,-0.26119216142542967
2021-05-24,model2,0.0008286762228209455,0.0,0.0008286762228209455,0.9064653145128758,-0.2605799289363693
2021-05-25,model2,0.011797881443498335,0.0008,0.010997881443498335,0.9164345125745319,-0.25244787465786833
2021-05-26,model2,-0.0012306292173635215,0.0,-0.0012306292173635215,0.9153067214875574,-0.25336783414481656
2021-05-27,model2,0.002603994616723071,0.0008,0.0018039946167230712,0.9169579298857713,-0.2520209137369416
2021-05-28,model2,0.0004150321847096627,0.0,0.0004150321847096627,0.9173384969386986,-0.2517104783426527
2021-05-31,model2,-0.004640016285579129,0.0008,-0.0054400162855791296,0.9123481605759635,-0.25578118552679685
2021-06-01,model2,0.0005659264689809264,0.0,0.0005659264689809264,0.9128644825489596,-0.2553600124009727
2021-06-02,model2,-0.0003389242815047045,0.0,-0.0003389242815047045,0.9125550906101005,-0.2556123889737494
2021-06-03,model2,0.002629504955865736,0.0,0.002629504955865736,0.9149546587433603,-0.25365501806147084
2021-06-04,model2,-0.0008801992662766267,0.0,-0.0008801992662766267,0.914149316324058,-0.2543119503669623
2021-06-07,model2,0.0029834455122277337,0.0008,0.0021834455122277338,0.916145311546292,-0.25268378114146917
2021-06-08,model2,-0.00011495522741138391,0.0,-0.00011495522741138391,0.9160399958536614,-0.2527696890473562
2021-06-09,model2,0.00031062615761552343,0.0,0.00031062615761552343,0.9163245418377955,-0.2525375797670111
2021-06-10,model2,-0.002100866072709273,0.0,-0.002100866072709273,0.9143994666962576,-0.25410789820630375
2021-06-11,model2,-0.0010774039303994786,0.0008,-0.0018774039303994785,0.9126827695435269,-0.2555082389698652
2021-06-15,model2,0.001677879567924023,0.0,0.001677879567924023,0.9142141413145403,-0.25425907145554494
2021-06-16,model2,-0.001041054186219137,0.0,-0.001041054186219137,0.913262394855624,-0.2550354281710412
2021-06-17,model2,0.003576826072977513,0.0008,0.002776826072977513,0.915798365685129,-0.252966791124542
2021-06-18,model2,-0.0056178028093616834,0.0008,-0.006417802809361684,0.9099209523610261,-0.2577611029511494
2021-06-21,model2,0.005670790885831023,0.0,0.005670790885831023,0.9150809238045018,-0.2535520213786554
2021-06-22,model2,-0.0019546171921084547,0.0,-0.0019546171921084547,0.913292290898663,-0.2550110414306832
2021-06-23,model2,0.0022104441058298013,0.0008,0.0014104441058298014,0.9145804386272609,-0.2539602761451608
2021-06-24,model2,0.0035148501800370546,0.0,0.0035148501800370546,0.9177950518466284,-0.2513380582874548
2021-06-25,model2,0.0024010109122404094,0.0,0.0024010109122404094,0.9199986877813123,-0.2495405127958239
2021-06-28,model2,-0.00250190616889312,0.0,-0.00250190616889312,0.9176969373889787,-0.25141809201636445
2021-06-29,model2,-0.000622381774334135,0.0008,-0.001422381774334135,0.9163916219908743,-0.25248286127887665
2021-06-30,model2,0.0007004301959606886,0.0,0.0007004301959606886,0.9170334903542422,-0.25195927770291815
2021-07-01,model2,-0.009561430154666307,0.0,-0.009561430154666307,0.9082653386867303,-0.2591116168220078
2021-07-02,model2,0.010879877306254882,0.0008,0.010079877306254882,0.9174205418622167,-0.25164355282194406
2021-07-05,model2,-0.003586680818419419,0.0,-0.003586680818419419,0.9141300472022955,-0.2543276685363781
2021-07-06,model2,0.0001476599381468713,0.0008,-0.0006523400618531287,0.9135337235507618,-0.2548141004712072
2021-07-07,model2,0.0010122341874296836,0.0,0.0010122341874296836,0.9144584336171098,-0.2540597978277136
2021-07-08,model2,0.005057649070732006,0.0,0.005057649070732006,0.9190834434641163,-0.25028709405737537
2021-07-09,model2,0.0046951056058742065,0.0008,0.0038951056058742065,0.9226633705370196,-0.24736688311464194
2021-07-12,model2,-0.0031427737918670933,0.0008,-0.003942773791867094,0.9190255175809505,-0.25033434524278875
2021-07-13,model2,0.0024742052602621635,0.0,0.0024742052602621635,0.9212993753508645,-0.24847951853635064
2021-07-14,model2,0.0025497966290280337,0.0,0.0025497966290280337,0.9236485013924597,-0.24656329414606915
2021-07-15,model2,-0.006661894543619163,0.0,-0.006661894543619163,0.9174952524808112,-0.2515826100257599
2021-07-16,model2,0.004433009577248281,0.0008,0.0036330095772482813,0.9208285215201538,-0.24886360248020434
2021-07-19,model2,0.0039029077719491046,0.0,0.0039029077719491046,0.9244224303134272,-0.24593198639653047
2021-07-20,model2,-0.0014808236405499556,0.0,-0.0014808236405499556,0.9230535237247645,-0.24704862813765693
2021-07-21,model2,-0.0036635736878034564,0.0,-0.0036635736878034564,0.9196718491228122,-0.24980712097180735
2021-07-22,model2,-0.0019103115136883454,0.0,-0.0019103115136883454,0.9179149894006178,-0.25124022306610194
2021-07-23,model2,-0.0018357377641687656,0.0008,-0.0026357377641687656,0.9154956061987579,-0.25321375748645725
2021-07-26,model2,0.008647602295829903,0.0008,0.007847602295829903,0.9226800516197854,-0.24735327605521384
2021-07-27,model2,-0.003962374772864097,0.0,-0.003962374772864097,0.9190240474598222,-0.25033554444705153
2021-07-28,model2,0.009406230850679887,0.0008,0.008606230850679887,0.9269333805695876,-0.24388375908201354
2021-07-29,model2,0.004698861817711642,0.0,0.004698861817711642,0.9312889124391085,-0.24033087334781233
2021-07-30,model2,0.006779549588992806,0.0,0.006779549588992806,0.9376026318026687,-0.235180658832447
2021-08-02,model2,-0.0038127475895962876,0.0,-0.0038127475895962876,0.9340277896282639,-0.2380967219319602
2021-08-03,model2,-0.004838703116965349,0.0,-0.004838703116965349,0.9295083064512574,-0.24178334569837412
2021-08-04,model2,0.005616843376363968,0.0008,0.004816843376363967,0.9339856023804625,-0.2381311348292524
2021-08-05,model2,0.00041512155526022285,0.0008,-0.0003848784447397772,0.933626131454409,-0.23842436173317494
2021-08-06,model2,0.005489126057352323,0.0008,0.004689126057352323,0.9380040220752368,-0.23485323756313337
2021-08-09,model2,0.0026016860161554695,0.0008,0.0018016860161554696,0.9396940108049072,-0.23347468334094434
2021-08-10,model2,-0.004332525509679641,0.0,-0.004332525509679641,0.9356227625318018,-0.23679567382918498
2021-08-11,model2,0.0062656456476875904,0.0008,0.00546564564768759,0.9407365450117111,-0.23262426942555314
2021-08-12,model2,-0.005696293623647453,0.0,-0.005696293623647453,0.9353778334288287,-0.23699546690656614
2021-08-13,model2,-0.0006702339788823952,0.0008,-0.0014702339788823953,0.9340026091550283,-0.23811726209716144
2021-08-16,model2,-0.0026488030216495154,0.0,-0.0026488030216495154,0.9315286202216699,-0.24013533939546106
2021-08-17,model2,6.304922133524259e-05,0.0,6.304922133524259e-05,0.9315873523758263,-0.2400874305202898
2021-08-18,model2,-0.0024612260832673092,0.0008,-0.003261226083267309,0.9285492354034164,-0.2425656772128797
2021-08-19,model2,-0.006137803426465993,0.0,-0.006137803426465993,0.922849982724715,-0.24721466019460536
2021-08-20,model2,-0.007554451718807931,0.0,-0.007554451718807931,0.9158783570865183,-0.25290154069879167
2021-08-23,model2,-0.0025107760597827605,0.0008,-0.0033107760597827604,0.9128460889482031,-0.25537501639214677
2021-08-24,model2,-0.0024079259570987336,0.0,-0.0024079259570987336,0.9106480231557886,-0.25716801821848034
2021-08-25,model2,0.0019807312171643333,0.0008,0.0011807312171643334,0.9117232537045776,-0.25629093330848285
2021-08-26,model2,-0.007074104539454452,0.0,-0.007074104539454452,0.9052736280968199,-0.26155200899319875
2021-08-27,model2,0.000988748316376764,0.0008,0.00018874831637676396,0.9054444969699834,-0.26141262817816446
2021-08-30,model2,0.003930944291561067,0.0,0.003930944291561067,0.909003748846673,-0.2585092823650823
2021-08-31,model2,0.003585519670517323,0.0008,0.0027855196705173233,0.9115357966696594,-0.25644384538560416
2021-09-01,model2,0.01221127833350515,0.0,0.01221127833350515,0.922666813993746,-0.24736407422501705
2021-09-02,model2,-0.006073957691811494,0.0,-0.006073957691811494,0.9170625748019094,-0.2519355529955116
2021-09-03,model2,0.0026598448559418397,0.0,0.0026598448559418397,0.9195018189740731,-0.24994581762423373
2021-09-06,model2,0.00023222297458715992,0.0,0.00023222297458715992,0.9197153484216136,-0.24977163781090095
2021-09-07,model2,-0.00321436977724634,0.0,-0.00321436977724634,0.9167590432019777,-0.25218314918435447
2021-09-08,model2,-0.006691625703287541,0.0008,-0.007491625703287541,0.9098910275902045,-0.25778551312527653
2021-09-09,model2,0.005009994031146725,0.0,0.005009994031146725,0.9144495762074254,-0.25406702297620354
2021-09-10,model2,-0.006511107945693384,0.0,-0.006511107945693384,0.9084954963058453,-0.25892387310985787
2021-09-13,model2,0.0034249014733795935,0.0008,0.0026249014733795936,0.9108802074726573,-0.2569786212924974
2021-09-14,model2,-0.0018166363393787854,0.0,-0.0018166363393787854,0.9092254693869416,-0.25832842092999275
2021-09-15,model2,-0.0071117501237388135,0.0,-0.0071117501237388135,0.9027592850425226,-0.2636030038742174
2021-09-16,model2,0.00536494520042754,0.0008,0.00456494520042754,0.9068803317079188,-0.2602413919411438
2021-09-17,model2,-0.007021092809131169,0.0,-0.007021092809131169,0.9005130407322218,-0.2654353057846788
2021-09-22,model2,0.008147984946820319,0.0,0.008147984946820319,0.9078504074325233,-0.25945008371374667
2021-09-23,model2,0.0019385994810868115,0.0008,0.0011385994810868116,0.9088840854353305,-0.25860689396334424
2021-09-24,model2,0.008739741779353504,0.0,0.008739741779353504,0.9168274976493992,-0.25212730965959096
2021-09-27,model2,0.018347897499596755,0.0,0.018347897499596755,0.9336493546010821,-0.23840541819447747
2021-09-28,model2,-0.00018164587604285742,0.0,-0.00018164587604285742,0.9334797610461487,-0.23854375870947908
2021-09-29,model2,0.008997875781224664,0.0,0.008997875781224664,0.9418790959803292,-0.2316922700375088
2021-09-30,model2,-0.005608193316973199,0.0,-0.005608193316973199,0.9365968559288556,-0.2360010883140633
2021-10-08,model2,0.008106853512071589,0.0,0.008106853512071589,0.9441897094397377,-0.22980746105364325
2021-10-11,model2,0.0025236934841148086,0.0008,0.0017236934841148087,0.9458172030896671,-0.22847988519274764
2021-10-12,model2,-0.005721925539134887,0.0,-0.005721925539134887,0.9404053074799552,-0.23289446584161955
2021-10-13,model2,-0.0024050223401753004,0.0,-0.0024050223401753004,0.9381436117066465,-0.23473937178854254
2021-10-14,model2,0.004212988066725165,0.0,0.004212988066725165,0.9420959995476411,-0.23151533789395295
2021-10-15,model2,-0.0020491147145285105,0.0,-0.0020491147145285105,0.9401655367724696,-0.233090051122964
2021-10-18,model2,0.010418183191163478,0.0008,0.009618183191163478,0.9492082211351658,-0.22571377074353882
2021-10-19,model2,0.0003902428051632432,0.0008,-0.0004097571948367568,0.9488192762371574,-0.2260310400968396
2021-10-20,model2,0.00011614940679081089,0.0008,-0.0006838505932091892,0.9481704256122544,-0.22656031922919484
2021-10-21,model2,0.0040474722872208884,0.0008,0.0032474722872208885,0.9512495827929927,-0.22404859530005472
2021-10-22,model2,-0.0088975101219801,0.0008,-0.0096975101219801,0.9420248303353284,-0.231573391901297
2021-10-25,model2,-0.00513806890920594,0.0,-0.00513806890920594,0.9371846418428824,-0.23552162076537553
2021-10-26,model2,-0.0026015877739967498,0.0,-0.0026015877739967498,0.9347464737366864,-0.23751047837027728
2021-10-27,model2,-0.0021889658038985356,0.0,-0.0021889658038985356,0.9327003456703621,-0.23917954185895562
2021-10-28,model2,0.004657750822296692,0.0008,0.003857750822296692,0.9362984711958284,-0.23624448611094173
2021-10-29,model2,0.0007439238097187943,0.0,0.0007439238097187943,0.9369950059215544,-0.23567631019935564
2021-11-01,model2,0.004178836192394364,0.0,0.004178836192394364,0.9409105545643922,-0.2324823267017122
2021-11-02,model2,0.0004990046112651747,0.0,0.0004990046112651747,0.9413800732699079,-0.23209933184350884
2021-11-03,model2,0.005683270118994122,0.0008,0.004883270118994121,0.9459770864523233,-0.2283494654563447
2021-11-04,model2,5.373758709863478e-05,0.0008,-0.0007462624129013653,0.945271139309238,-0.22892531924616988
2021-11-05,model2,-0.003920562527245641,0.0,-0.003920562527245641,0.9415651447023754,-0.23194836574524125
2021-11-08,model2,0.002665158681149604,0.0,0.002665158681149604,0.9440745652216469,-0.22990138626463597
2021-11-09,model2,0.004283815803385105,0.0008,0.003483815803385105,0.94736354711154,-0.22721850454393977
2021-11-10,model2,-0.000980554968573344,0.0,-0.000980554968573344,0.9464346050783746,-0.22797625927893062
2021-11-11,model2,0.004685893989271949,0.0008,0.003885893989271949,0.9501123496214876,-0.22497625686528744
2021-11-12,model2,0.003651082233997594,0.0008,0.002851082233997594,0.9528211980617951,-0.22276660044030971
2021-11-15,model2,0.003405507364440741,0.0,0.003405507364440741,0.9560660376687898,-0.22011972637421984
2021-11-16,model2,0.0030061699581838577,0.0,0.0030061699581838577,0.9589401346692696,-0.21777527372466587
2021-11-17,model2,-0.00498962106418257,0.0008,-0.005789621064182571,0.9533882346662984,-0.222304058476834
2021-11-18,model2,0.0032952184093115286,0.0,0.0032952184093115286,0.9565298571283919,-0.2197413804934799
2021-11-19,model2,-0.00017295210201782006,0.0,-0.00017295210201782006,0.9563644232789588,-0.21987632786184108
2021-11-22,model2,0.004847249730709091,0.0008,0.004047249730709091,0.9602350689335343,-0.21671897253986006
2021-11-23,model2,0.001147077695776222,0.0,0.001147077695776222,0.9613365331638101,-0.2158204883437359
2021-11-24,model2,0.0012430669166497489,0.0,0.0012430669166497489,0.9625315388039527,-0.21484570073608145
2021-11-25,model2,-0.0004618680209790948,0.0,-0.0004618680209790948,0.9620869762669954,-0.21520833839844578
2021-11-26,model2,-0.003058684539137291,0.0,-0.003058684539137291,0.9591442557073822,-0.21760876852023026
2021-11-29,model2,-0.00015160617338283444,0.0008,-0.0009516061733828345,0.9582315281124864,-0.21835329684610694
2021-11-30,model2,0.004432486978789241,0.0,0.004432486978789241,0.9624788768835103,-0.2148886580123638
2021-12-01,model2,-0.000796628332607785,0.0,-0.000796628332607785,0.9617121389406484,-0.21551409995164283
2021-12-02,model2,-0.003671430018082989,0.0008,-0.004471430018082989,0.9574119104138343,-0.21902187375388193
2021-12-03,model2,-0.00014976055032249773,0.0,-0.00014976055032249773,0.9572685278792454,-0.21913883346785845
2021-12-06,model2,0.004201270761633769,0.0,0.004201270761633769,0.9612902721564566,-0.21585822428001178
2021-12-07,model2,0.005123827609349041,0.0,0.005123827609349041,0.9662157577935305,-0.21184041699993372
2021-12-08,model2,0.0008335477778362412,0.0,0.0008335477778362412,0.9670211447913497,-0.2111834483309436
2021-12-09,model2,0.005765688630002508,0.0,0.005765688630002508,0.9725966876108453,-0.20663537770782747
2021-12-10,model2,-3.306903017832321e-05,0.0,-3.306903017832321e-05,0.9725645247816314,-0.2066616135064645
2021-12-13,model2,-0.0010558310947476278,0.0008,-0.0018558310947476278,0.9707596092948931,-0.20813391555277616
2021-12-14,model2,0.0002782846458337484,0.0,0.0002782846458337484,0.9710297567889555,-0.20791355137991796
2021-12-15,model2,0.0032234035319567145,0.0,0.0032234035319567145,0.9741597775366241,-0.20536033712382096
2021-12-16,model2,0.0022185085929655735,0.0,0.0022185085929655735,0.9763209593740105,-0.2035974222034188
2021-12-17,model2,0.0026390979738348365,0.0,0.0026390979738348365,0.978897566039707,-0.20149563777399904
2021-12-20,model2,-0.003612427783705607,0.0,-0.003612427783705607,0.9753613692747434,-0.20438017711751433
2021-12-21,model2,0.002246423068398418,0.0008,0.001446423068398418,0.976772154459287,-0.20322937425202214
2021-12-22,model2,-0.003006965155855657,0.0008,-0.0038069651558556568,0.9730536169020504,-0.20626265226145402
2021-12-23,model2,-0.0013630609523817227,0.0,-0.0013630609523817227,0.9717272855122774,-0.20734456464660345
2021-12-24,model2,-0.003556550093041189,0.0008,-0.004356550093041189,0.9674939069161682,-0.21079780775724188
2021-12-27,model2,-0.0011043775213224194,0.0,-0.0011043775213224194,0.9664254283933535,-0.21166938491813325
2021-12-28,model2,0.0023151712363647546,0.0,0.0023151712363647546,0.9686628687472613,-0.20984426455334992
2021-12-29,model2,-0.005474190117642408,0.0,-0.005474190117642408,0.9633602240438379,-0.21416972727173045
2021-12-30,model2,-0.0009016291720974402,0.0008,-0.00170162917209744,0.9617209421833666,-0.21550691898812213
2021-12-31,model2,0.0011141643574663187,0.0,0.0011141643574663187,0.9627924573789762,-0.2146328647585798
2022-01-04,model2,0.0009839662454201204,0.0,0.0009839662454201204,0.9637398126583822,-0.21386009000724004
2022-01-05,model2,-0.005968147213008157,0.0,-0.005968147213008157,0.9579880715814,-0.2185518887200978
2022-01-06,model2,0.005798708313730395,0.0008,0.004998708313730394,0.9627767745192685,-0.21464565754949405
2022-01-07,model2,0.004608289894944884,0.0,0.004608289894944884,0.9672135290003733,-0.21102651706922826
2022-01-10,model2,0.0007152032588297885,0.0,0.0007152032588297885,0.9679052832682986,-0.21046224066310593
2022-01-11,model2,0.0004591513713256834,0.0008,-0.00034084862867431664,0.96757537407981,-0.21073135352566252
2022-01-12,model2,0.0007493088116817151,0.0,0.0007493088116817151,0.9683003868335742,-0.21013994757407517
2022-01-13,model2,0.0009399684678661037,0.0,0.0009399684678661037,0.9692105586646204,-0.20939750403076773
2022-01-14,model2,0.004724260257750413,0.0008,0.003924260257750413,0.97301399314138,-0.20629497407615727
2022-01-17,model2,-0.003231001032731129,0.0008,-0.004031001032731129,0.9690917727301653,-0.20949439985534013
2022-01-18,model2,-0.004764790297200072,0.0,-0.004764790297200072,0.9644742536543642,-0.21326099326879178
2022-01-19,model2,-0.0024374632391707786,0.0,-0.0024374632391707786,0.962123383115955,-0.21517864067652082
2022-01-20,model2,-0.009319424333794624,0.0008,-0.010119424333794624,0.9523872483407386,-0.22312058103774057
2022-01-21,model2,0.002693032108647042,0.0,0.002693032108647042,0.9549520577803863,-0.2210284198179282
2022-01-24,model2,-0.0012680911925957439,0.0,-0.0012680911925957439,0.9537410914865638,-0.22201622681803945
2022-01-25,model2,0.005410219459248645,0.0,0.005410219459248645,0.9589010400988095,-0.2178071638693907
2022-01-26,model2,9.100915114252945e-05,0.0008,-0.0007089908488574706,0.9582211880364195,-0.21836173143224913
2022-01-27,model2,-0.004800244081659599,0.0,-0.004800244081659599,0.9536214924496269,-0.22211378590494013
2022-01-28,model2,0.006826122991336492,0.0,0.006826122991336492,0.9601310300442699,-0.21680383893426214
2022-02-07,model2,-0.0020494549790170073,0.0,-0.0020494549790170073,0.958163284724237,-0.21840896420610534
2022-02-08,model2,0.003640645944081378,0.0,0.003640645944081378,0.961651618000536,-0.2155634679717119
2022-02-09,model2,0.003022755430878998,0.0,0.003022755430878998,0.9645584556514607,-0.21319230818434343
2022-02-10,model2,-0.0008555722939296296,0.0,-0.0008555722939296296,0.9637332061609297,-0.21386547904611175
2022-02-11,model2,-0.005302234382759874,0.0,-0.005302234382759874,0.9586232668194158,-0.21803374853258795
2022-02-14,model2,0.002027414373261527,0.0008,0.0012274143732615272,0.9597998947956529,-0.21707395191613132
2022-02-15,model2,-0.0018051940133974932,0.0,-0.0018051940133974932,0.9580672697715081,-0.21848728533106543
2022-02-16,model2,0.0013755450674103995,0.0,0.0013755450674103995,0.9593851344786897,-0.21741227937128405
2022-02-17,model2,0.0005864188980155838,0.0008,-0.00021358110198441626,0.9591802279444402,-0.2175794253190554
2022-02-18,model2,0.0009012027761710509,0.0,0.0009012027761710509,0.9600446438287121,-0.21687430572501953
2022-02-21,model2,0.0041490048924347715,0.0,0.0041490048924347715,0.9640278737529133,-0.2136251133880812
2022-02-22,model2,0.0006139088425885838,0.0,0.0006139088425885838,0.964619698989112,-0.2131423508916006
2022-02-23,model2,0.004026542792053167,0.0,0.004026542792053167,0.9685037814851492,-0.20997403489621136
2022-02-24,model2,0.0003742641768933906,0.0,0.0003742641768933906,0.9688662577557448,-0.2096783564786574
2022-02-25,model2,0.0011410811943004086,0.0,0.0011410811943004086,0.9699718128222621,-0.2087765353137866
2022-02-28,model2,0.001312067510489534,0.0,0.001312067510489534,0.9712444813239569,-0.2077383967122347
2022-03-01,model2,-0.004621086420549059,0.0,-0.004621086420549059,0.9667562766402776,-0.21139950604871016
2022-03-02,model2,0.0024306559641464444,0.0008,0.0016306559641464445,0.9683327235286571,-0.2101135699499197
2022-03-03,model2,-0.00039412123832933683,0.0,-0.00039412123832933683,0.9679510830365451,-0.2104248809678707
2022-03-04,model2,-0.0012333376293887982,0.0,-0.0012333376293887982,0.9667572725424285,-0.21139869367340214
2022-03-07,model2,-0.00296405466325389,0.0008,-0.00376405466325389,0.9631183453224805,-0.21436703209792884
2022-03-08,model2,-0.008203009891025025,0.0,-0.008203009891025025,0.9552178760095725,-0.2208115871043449
2022-03-09,model2,-0.004187666482127606,0.0008,-0.004987666482127606,0.9504535678262706,-0.22469791903460667
2022-03-10,model2,-0.003319179032142206,0.0,-0.003319179032142206,0.9472988422729168,-0.22727128544532327
2022-03-11,model2,-0.003387443974060034,0.0008,-0.004187443974060034,0.9433320814442071,-0.23050704364466834
2022-03-14,model2,0.0021175115005720897,0.0,0.0021175115005720897,0.9453295979755237,-0.2288776334599768
2022-03-15,model2,-0.0017813040104756733,0.0,-0.0017813040104756733,0.9436456785714286,-0.23025123682406212
2022-03-16,model2,-0.005656112123419901,0.0008,-0.006456112123419901,0.9375533962657907,-0.23522082114598974
2022-03-17,model2,-0.0002308764152030747,0.0,-0.0002308764152030747,0.9373369372985995,-0.23539739062122544
2022-03-18,model2,0.0008714092086480104,0.0,0.0008714092086480104,0.9381537413373673,-0.23473110886645665
2022-03-21,model2,-0.004582501035586529,0.0,-0.004582501035586529,0.9338546508461494,-0.23823795435257822
2022-03-22,model2,0.0012502822184135454,0.0008,0.00045028221841354537,0.9342751489900082,-0.23789494644876086
2022-03-23,model2,0.00034541397602323417,0.0,0.00034541397602323417,0.9345978606839206,-0.2376317047120663
2022-03-24,model2,-0.0016071018589044698,0.0,-0.0016071018589044698,0.9330958667246874,-0.23885690821659333
2022-03-25,model2,0.0017166484274381937,0.0008,0.0009166484274381936,0.9339511875835695,-0.23815920759845466
2022-03-28,model2,-0.0014145276691712727,0.0,-0.0014145276691712727,0.9326300877870772,-0.23923685247881
2022-03-29,model2,0.0003771634565686633,0.0008,-0.0004228365434313367,0.9322357377044573,-0.2395585309384778
2022-03-30,model2,-0.002337788078060666,0.0,-0.002337788078060666,0.9300563681109099,-0.24133628193891266
2022-03-31,model2,-0.0010322274020150512,0.0008,-0.001832227402015051,0.9283522933478384,-0.24272632639205882
2022-04-01,model2,0.0036272318377509553,0.0,0.0036272318377509553,0.9317196423429189,-0.23997951921325744
2022-04-06,model2,-0.0011597844035335038,0.0,-0.0011597844035335038,0.9306390484332638,-0.2408609791132399
2022-04-07,model2,0.00459709286703811,0.0,0.00459709286703811,0.9349172825646035,-0.23737114653523106
2022-04-08,model2,0.0030086146436874906,0.0,0.0030086146436874906,0.9377300883915638,-0.23507669019899846
2022-04-11,model2,0.00166515429997891,0.0,0.00166515429997891,0.9392915536804686,-0.23380297486052926
2022-04-12,model2,0.00029283732261209394,0.0,0.00029283732261209394,0.9395666133042005,-0.23357860377509398
2022-04-13,model2,0.003735691734457625,0.0008,0.002935691734457625,0.9423248912448501,-0.2313286268170851
2022-04-14,model2,-0.0009904629659016175,0.0,-0.0009904629659016175,0.9413915533382248,-0.2320899673451715
2022-04-15,model2,-0.003910099935898793,0.0008,-0.004710099935898793,0.9369575050431908,-0.23570690034075503
2022-04-18,model2,-0.006064380862251229,0.0,-0.006064380862251229,0.9312754378808642,-0.2403418647874792
2022-04-19,model2,-0.004833782867073122,0.0008,-0.005633782867073122,0.926028834274405,-0.24462161377447222
2022-04-20,model2,-0.005230258939089128,0.0,-0.005230258939089128,0.921185463686087,-0.24857243833142295
2022-04-21,model2,-0.007900503238459856,0.0,-0.007900503238459856,0.913907634947013,-0.25450909421585355
2022-04-22,model2,-0.0036800112303470023,0.0,-0.0036800112303470023,0.9105444445869081,-0.25725250912126074
2022-04-25,model2,-0.007288078707046265,0.0008,-0.008088078707046266,0.9031798894528255,-0.2632599092869491
2022-04-26,model2,0.009753916481494419,0.0,0.009753916481494419,0.9119894306623136,-0.2560738079735654
2022-04-27,model2,-0.007532504344568914,0.0,-0.007532504344568914,0.9051198663136488,-0.2616774352470431
2022-04-28,model2,0.006489192626712903,0.0,0.006489192626712903,0.9109933634764228,-0.2568863179037124
2022-04-29,model2,-0.010293307881043656,0.0008,-0.011093307881043657,0.9008874336177913,-0.2651299067698225
2022-05-05,model2,0.004807536822701542,0.0,0.004807536822701542,0.905218483128018,-0.26159699173671636
2022-05-06,model2,0.0029445320818699116,0.0,0.0029445320818699116,0.9078839279926901,-0.25942274038953583
2022-05-09,model2,0.00683919159846389,0.0,0.00683919159846389,0.914093120125398,-0.25435779061759456
2022-05-10,model2,0.0023687251963520955,0.0,0.0023687251963520955,0.9162583555308511,-0.2525915691287669
2022-05-11,model2,-8.700377543835111e-06,0.0,-8.700377543835111e-06,0.9162503837372302,-0.25259807186429495
2022-05-12,model2,0.00320828475721342,0.0008,0.00240828475721342,0.9184569755701755,-0.2507981151932539
2022-05-13,model2,0.00014948623602419877,0.0,0.00014948623602419877,0.9185942722464037,-0.2506861198234719
2022-05-16,model2,-0.0036560657842906073,0.0,-0.0036560657842906073,0.9152358311579983,-0.2534256606624792
2022-05-17,model2,0.0035979675692426666,0.0,0.0035979675692426666,0.9185288199967135,-0.2507395104015142
2022-05-18,model2,-0.00033063218314799414,0.0,-0.00033063218314799414,0.9182251248076737,-0.2509872400329366
2022-05-19,model2,-0.0029663393213040573,0.0,-0.0029663393213040573,0.9155013575141474,-0.2532090660349854
2022-05-20,model2,0.0029995973711904444,0.0008,0.0021995973711904445,0.9175150918934567,-0.2515664266598071
2022-05-23,model2,0.006062178787808881,0.0,0.006062178787808881,0.9230772324210277,-0.24702928852742023
2022-05-24,model2,-0.007803196249136014,0.0,-0.007803196249136014,0.915874279623337,-0.25290486675889245
2022-05-25,model2,0.005513392816763752,0.0008,0.0047133928167637515,0.9201911548739723,-0.2493835139244347
2022-05-26,model2,-0.004390599012488928,0.0,-0.004390599012488928,0.9161509644980815,-0.25267916992695594
2022-05-27,model2,0.003436296981912612,0.0,0.003436296981912612,0.9192991312923626,-0.25011115361405556
2022-05-30,model2,-0.000683285915198617,0.0,-0.000683285915198617,0.9186709871440962,-0.25062354210075566
2022-05-31,model2,-0.0006084686625541739,0.0,-0.0006084686625541739,0.9181120046372213,-0.25107951419184316
2022-06-01,model2,-0.001982081717137341,0.0,-0.001982081717137341,0.9162922316185456,-0.2525639357943531
2022-06-02,model2,-0.004746539286874319,0.0008,-0.005546539286874319,0.9112099807576155,-0.25670961928889646
2022-06-06,model2,0.0021082581180388972,0.0,0.0021082581180388972,0.9131310465967859,-0.2551425713097021
2022-06-07,model2,-0.0030520063584321467,0.0,-0.0030520063584321467,0.9103441648364907,-0.25741588091819023
2022-06-08,model2,-0.0025455468364252282,0.0008,-0.003345546836425228,0.9072985657957638,-0.25990023086856395
2022-06-09,model2,0.004093364221747997,0.0,0.004093364221747997,0.9110124692834355,-0.2568707329530774
2022-06-10,model2,-0.00279443981384846,0.0,-0.00279443981384846,0.9084666997683575,-0.2589473629637493
2022-06-13,model2,-0.007151671638949609,0.0,-0.007151671638949609,0.901969644236694,-0.26424712809101025
2022-06-14,model2,0.002648757517049027,0.0008,0.0018487575170490272,0.9036371673966266,-0.2628868994383782
2022-06-15,model2,-0.0066532301341248445,0.0,-0.0066532301341248445,0.8976250613641881,-0.267791082531293
2022-06-16,model2,0.0047072396083708504,0.0,0.0047072396083708504,0.901850397606508,-0.26434439971338186
2022-06-17,model2,-0.00291936668410342,0.0,-0.00291936668410342,0.8992175656016901,-0.26649204816383276
2022-06-20,model2,0.0024293106206792815,0.0,0.0024293106206792815,0.9014020443841075,-0.2647101295060845
2022-06-21,model2,-0.0035870683572592826,0.0008,-0.004387068357259283,0.8974475319980212,-0.26793589643034166
2022-06-22,model2,0.0015357376190255683,0.0,0.0015357376190255683,0.8988257759340121,-0.2668116380469516
2022-06-23,model2,-0.0017966952936849792,0.0,-0.0017966952936849792,0.8972108598925488,-0.26812895412625715
2022-06-24,model2,0.0009910086598295285,0.0008,0.00019100865982952847,0.8973822349364814,-0.26798916041861676
2022-06-27,model2,-0.0027915993659425103,0.0,-0.0027915993659425103,0.8948771032584246,-0.2700326414142552
2022-06-28,model2,0.002463724948225554,0.0,0.002463724948225554,0.8970818343033182,-0.2682342026215172
2022-06-29,model2,-0.00384564165945669,0.0008,-0.0046456416594566905,0.892914313561937,-0.27163372429478416
2022-06-30,model2,0.0015283943750414863,0.0,0.0015283943750414863,0.8942790387761791,-0.27052049337602635
2022-07-01,model2,-0.0007539646254801636,0.0008,-0.0015539646254801637,0.8928893607846125,-0.2716540787243328
2022-07-04,model2,0.0046140791050554245,0.0008,0.0038140791050554246,0.8962949114387073,-0.26887610976474297
2022-07-05,model2,0.0009683977573364366,0.0,0.0009683977573364366,0.8971628814208567,-0.268168091029104
2022-07-06,model2,-0.0015463872577736295,0.0008,-0.0023463872577736294,0.8950577898677433,-0.26988525209514547
2022-07-07,model2,0.0031500778085974184,0.0,0.0031500778085974184,0.8978772915490179,-0.2675853338300408
2022-07-08,model2,-0.0035576728203261525,0.0,-0.0035576728203261525,0.8946829379128859,-0.2701910255810819
2022-07-11,model2,0.0014890977023735543,0.0,0.0014890977023735543,0.8960152082200848,-0.269104268714103
2022-07-12,model2,-0.0021573351500382646,0.0,-0.0021573351500382646,0.8940822031164228,-0.2706810557662189
2022-07-13,model2,0.002786705425868785,0.0008,0.001986705425868785,0.895858481080527,-0.26923211386252077
2022-07-14,model2,-0.004772870378477867,0.0008,-0.005572870378477868,0.8908659778880051,-0.2733045885687192
2022-07-15,model2,0.001019404172171212,0.0,0.001019404172171212,0.8917741303827095,-0.2725637922344085
2022-07-18,model2,0.0019303189785246028,0.0,0.0019303189785246028,0.8934955389111445,-0.2711596083168927
2022-07-19,model2,0.0032913328744180073,0.0,0.0032913328744180073,0.8964363301515086,-0.2687607519755424
2022-07-20,model2,0.0035520928727008185,0.0008,0.0027520928727008185,0.8989034061865485,-0.26674831365281526
2022-07-21,model2,-0.0012695641784061353,0.0,-0.0012695641784061353,0.8977621906222067,-0.2676792237275576
2022-07-22,model2,0.005319410417698523,0.0008,0.004519410417698522,0.9018195464191205,-0.26436956558217484
2022-07-25,model2,-0.0021380781309261907,0.0008,-0.0029380781309261907,0.8991699301317447,-0.2665309052739816
2022-07-26,model2,-0.0024747733588931457,0.0,-0.0024747733588931457,0.8969446883435369,-0.26834607504918107
2022-07-27,model2,-0.0050028492207991,0.0,-0.0050028492207991,0.8924574093083576,-0.27200642931751584
2022-07-28,model2,-0.0014043478790402909,0.0008,-0.002204347879040291,0.8904901227110149,-0.27361118040100474
2022-07-29,model2,0.001514871464322276,0.0,0.001514871464322276,0.8918391007871707,-0.27251079470619144
2022-08-01,model2,0.004900113958055963,0.0,0.004900113958055963,0.896209214013278,-0.2689460146969962
2022-08-02,model2,-0.0038454869860551355,0.0,-0.0038454869860551355,0.8927628531440073,-0.27175727328358257
2022-08-03,model2,-2.7318854881608345e-05,0.0,-2.7318854881608345e-05,0.8927384638851785,-0.2717771680409524
2022-08-04,model2,-0.0022323976864427665,0.0,-0.0022323976864427665,0.8907455166038027,-0.27340285100623263
2022-08-05,model2,0.002407935680796847,0.0008,0.0016079356807968469,0.8921777781024597,-0.2722345295248003
2022-08-08,model2,-0.005253033918271166,0.0,-0.005253033918271166,0.8874911379729596,-0.2760575062257532
2022-08-09,model2,-0.0007426774823643179,0.0,-0.0007426774823643179,0.8868320182889893,-0.2765951620144059
2022-08-10,model2,-0.0035658299924384634,0.0,-0.0035658299924384634,0.8836697260799197,-0.27917470068237005
2022-08-11,model2,0.0007954115895714153,0.0008,-4.588410428584704e-06,0.8836656714405331,-0.2791780081246906
2022-08-12,model2,-0.0025597032315447968,0.0,-0.0025597032315447968,0.8814037495657416,-0.2810230985066624
2022-08-15,model2,0.0034018865394148,0.0008,0.0026018865394148,0.8836970621175265,-0.27915240218451665
2022-08-16,model2,-0.0033162318072562425,0.0,-0.0033162318072562425,0.8807665178121534,-0.28154289991657666
2022-08-17,model2,0.0006445600948692841,0.0,0.0006445600948692841,0.8813342247624321,-0.28107981113998737
2022-08-18,model2,-0.0022918734770889237,0.0,-0.0022918734770889237,0.8793143182282483,-0.2827274852529794
2022-08-19,model2,0.003510899581968685,0.0,0.003510899581968685,0.882401502500535,-0.2802092134807965
2022-08-22,model2,-0.004232337932474373,0.0,-0.004232337932474373,0.8786668811498296,-0.2832556113300272
2022-08-23,model2,-0.0026165500315993295,0.0008,-0.0034165500315993295,0.8756648717892719,-0.2857044043937863
2022-08-24,model2,-0.0072154821065292035,0.0,-0.0072154821065292035,0.8693465275755602,-0.2908583914826556
2022-08-25,model2,-0.004141639936855679,0.0,-0.004141639936855679,0.8657460072779865,-0.29379540068937704
2022-08-26,model2,-0.0013982575233308038,0.0008,-0.002198257523330804,0.8638428746041941,-0.29534782026282236
2022-08-29,model2,-0.0035817338064716873,0.0,-0.0035817338064716873,0.8607488193767446,-0.29787169679679093
2022-08-30,model2,0.0007395453918642937,0.0,0.0007395453918642937,0.8613853821996674,-0.2973524410456594
2022-08-31,model2,0.013436531517027995,0.0008,0.012636531517027995,0.8722703057301407,-0.28847341302157004
2022-09-01,model2,0.0023728918972228284,0.0008,0.0015728918972228285,0.8736422926262118,-0.28735425861825303
2022-09-02,model2,-0.004573286398502097,0.0,-0.004573286398502097,0.8696468762121882,-0.2906133916942647
2022-09-05,model2,-0.004152151080215249,0.0008,-0.0049521510802152495,0.8653402534947481,-0.29412638135287617
2022-09-06,model2,0.0030835912937891225,0.0,0.0030835912937891225,0.8680086091665898,-0.2919497556079005
2022-09-07,model2,0.002663164494921899,0.0,0.002663164494921899,0.8703202588758089,-0.2900641013364146
2022-09-08,model2,-0.0014847928113661093,0.0,-0.0014847928113661093,0.8690280136118438,-0.2911182090552811
2022-09-09,model2,-0.00444836790823464,0.0008,-0.005248367908234641,0.8644670348738465,-0.29483868149760717
2022-09-13,model2,0.0027406334129625345,0.0,0.0027406334129625345,0.8668362221140263,-0.29290609282659086
2022-09-14,model2,-0.0002351657710185865,0.0,-0.0002351657710185865,0.866632371905506,-0.29307237711045386
2022-09-15,model2,0.00885980273090583,0.0,0.00885980273090583,0.8743105637608058,-0.2868091378266243
2022-09-16,model2,0.00045306093329533503,0.0,0.00045306093329533503,0.8747066797208133,-0.2864860189089903
2022-09-19,model2,0.003009926516265349,0.0,0.003009926516265349,0.8773394825500593,-0.28433839425757845
2022-09-20,model2,-0.0039053987337868802,0.0,-0.0039053987337868802,0.8739131220458071,-0.2871333381864648
2022-09-21,model2,-0.004603216887780759,0.0008,-0.005403216887780759,0.8691911799063159,-0.29098511137231164
2022-09-22,model2,0.0025958817680022507,0.0,0.0025958817680022507,0.8714474974431431,-0.28914459254968083
2022-09-23,model2,-0.005181400988588081,0.0,-0.005181400988588081,0.8669321785183886,-0.2928278194605872
2022-09-26,model2,-0.0033886194753815608,0.0008,-0.004188619475381561,0.8633009295116115,-0.2957898946284425
2022-09-27,model2,-0.003548837482193523,0.0,-0.003548837482193523,0.8602372148145483,-0.2982890218457245
2022-09-28,model2,0.00548842578042761,0.0,0.00548842578042761,0.8649585629216197,-0.2944377332228135
2022-09-29,model2,-0.0006237647315987971,0.0,-0.0006237647315987971,0.8644190322757748,-0.29487783808077606
2022-09-30,model2,0.0041815378051603515,0.0008,0.0033815378051603516,0.8673420979129154,-0.2924934408329899
2022-10-10,model2,0.00448667039138493,0.0008,0.0036866703913849296,0.8705397023444926,-0.2898850973495982
2022-10-11,model2,-0.0042654695382027714,0.0,-0.0042654695382027714,0.8668264417623461,-0.29291407083547727
2022-10-12,model2,-0.007191553239680194,0.0008,-0.007991553239680194,0.8598991521034398,-0.29856478568342426
2022-10-13,model2,0.005593645578203078,0.0,0.005593645578203078,0.8647091231933038,-0.2946412056984664
2022-10-14,model2,0.0001409086837950834,0.0,0.0001409086837950834,0.8648309682177187,-0.29454181451915806
2022-10-17,model2,0.0026972341366651165,0.0,0.0026972341366651165,0.8671636198276407,-0.29263902861928925
2022-10-18,model2,0.003737624715971899,0.0,0.003737624715971899,0.8704047520059002,-0.2899951787695427
2022-10-19,model2,0.003620256652492238,0.0,0.003620256652492238,0.8735558405997105,-0.28742477909218156
2022-10-20,model2,0.0013240045471524908,0.0008,0.0005240045471524907,0.8740135878323763,-0.28705138643623773
2022-10-21,model2,-0.00282176602976536,0.0,-0.00282176602976536,0.8715473259806775,-0.2890631606149603
2022-10-24,model2,-0.011190021033845587,0.0,-0.011190021033845587,0.8617946930709619,-0.2970185588014146
2022-10-25,model2,0.002227982857424005,0.0008,0.001427982857424005,0.8630253211192862,-0.29601471335429574
2022-10-26,model2,0.006004004356273196,0.0008,0.005204004356273196,0.867516508649965,-0.2923511708558393
2022-10-27,model2,-0.002632238414665267,0.0008,-0.0034322384146652667,0.8645389851636204,-0.29477999035132074
2022-10-28,model2,-0.0030306288881650992,0.0008,-0.003830628888165099,0.8612272571521077,-0.2974814264927931
2022-10-31,model2,-0.007082893160611991,0.0008,-0.007882893160611991,0.8544382946969707,-0.3030193053510959
2022-11-01,model2,-0.00831235072738341,0.0,-0.00831235072738341,0.8473359039165421,-0.3088128533352329
2022-11-02,model2,0.00019411386126630967,0.0008,-0.0006058861387336904,0.8468225148375077,-0.309231634046668
2022-11-03,model2,-0.005033636342672177,0.0,-0.005033636342672177,0.8425599182510286,-0.31270871079789886
2022-11-04,model2,0.0044202127476378195,0.0,0.0044202127476378195,0.8462842123423305,-0.30967073708002735
2022-11-07,model2,0.001019747772406987,0.0008,0.00021974777240698696,0.846470181412816,-0.30951903876227327
2022-11-08,model2,0.0025490127270133113,0.0008,0.0017490127270133114,0.8479506685331443,-0.30831137877330805
2022-11-09,model2,-0.00217257230340242,0.0,-0.00217257230340242,0.8461084343960377,-0.3098141223143638
2022-11-10,model2,0.0020288733267761925,0.0008,0.0012288733267761926,0.8471481944826273,-0.30896597129875825
2022-11-11,model2,-0.00952760370019794,0.0008,-0.01032760370019794,0.8383991836546726,-0.31610269689053583
2022-11-14,model2,0.003809896152199288,0.0,0.003809896152199288,0.8415933974784855,-0.3134971191869197
2022-11-15,model2,0.00018437874331542724,0.0,0.00018437874331542724,0.8417485694114951,-0.31337054264847297
2022-11-16,model2,0.0004048226023522616,0.0,0.0004048226023522616,0.8420893282578906,-0.31309257952469616
2022-11-17,model2,-0.002857678854439527,0.0,-0.002857678854439527,0.8396829073909788,-0.31505554033514604
2022-11-18,model2,-0.00043400660713439616,0.0008,-0.0012340066071343963,0.8386467331353605,-0.31590076632389263
2022-11-21,model2,0.0048790950968539805,0.0,0.0048790950968539805,0.8427385702989939,-0.3125629811071019
2022-11-22,model2,-0.006778669629733037,0.0,-0.006778669629733037,0.8370259239467035,-0.31722288954942535
2022-11-23,model2,-0.0012999766465040087,0.0008,-0.0020999766465040087,0.835268189053897,-0.3186567055361391
2022-11-24,model2,-0.002651717693885081,0.0,-0.002651717693885081,0.8330532936178434,-0.3204634356056789
2022-11-25,model2,0.005921810277547613,0.0,0.005921810277547613,0.8379864771737344,-0.3164393489946792
2022-11-28,model2,-0.004303397971652245,0.0,-0.004303397971652245,0.834380287867593,-0.3193809825137167
2022-11-29,model2,0.009466483824778927,0.0008,0.008666483824778927,0.8416114311361119,-0.31348240880783496
2022-11-30,model2,-0.00031289002244219157,0.0,-0.00031289002244219157,0.8413480993165362,-0.3136972133123499
2022-12-01,model2,-0.0018383050709987361,0.0,-0.0018383050709987361,0.8398014448390875,-0.3149588472053584
2022-12-02,model2,0.0013525711005724528,0.0,0.0013525711005724528,0.8409373360035958,-0.31403228033938557
2022-12-05,model2,-0.0063578956917222495,0.0,-0.0063578956917222495,0.83559074413801,-0.31839359154887636
2022-12-06,model2,-0.0015500689242003319,0.0,-0.0015500689242003319,0.8342955208921723,-0.3194501284611523
2022-12-07,model2,0.0016487361577836258,0.0008,0.0008487361577836258,0.8350036176670304,-0.31887252117800224
2022-12-08,model2,0.001479393217437819,0.0,0.001479393217437819,0.8362389163555429,-0.31786486580562257
2022-12-09,model2,0.004675554451509001,0.0,0.004675554451509001,0.840148796943434,-0.31467550584240944
2022-12-12,model2,-0.00242529037268624,0.0,-0.00242529037268624,0.8381111921545832,-0.31633761674025596
2022-12-13,model2,0.002597115638450598,0.0,0.002597115638450598,0.8402878638384883,-0.3145620664732717
2022-12-14,model2,0.003066446907711651,0.0008,0.002266446907711651,0.8421923316690726,-0.31300855778840186
2022-12-15,model2,0.002025222128155946,0.0,0.002025222128155946,0.8438979582153321,-0.3116172475177811
2022-12-16,model2,-0.003861202771217798,0.0008,-0.0046612027712177985,0.8399643787138737,-0.31482593911130974
2022-12-19,model2,0.002717571945117081,0.0,0.002717571945117081,0.8422470423443643,-0.31296392930591665
2022-12-20,model2,-0.0031198901520619778,0.0,-0.0031198901520619778,0.8396193240913509,-0.3151074063769864
2022-12-21,model2,0.0034120359509823396,0.0008,0.0026120359509823397,0.8418124399510168,-0.3133184422998817
2022-12-22,model2,-0.00646140148638481,0.0008,-0.007261401486384811,0.8356997018482993,-0.31830471278363837
2022-12-23,model2,0.0004953144873163229,0.0,0.0004953144873163229,0.8361136360176707,-0.3179670592319448
2022-12-26,model2,-0.006823874393126995,0.0,-0.006823874393126995,0.8304081015871054,-0.322621166351721
2022-12-27,model2,0.0009213229736361405,0.0008,0.00012132297363614045,0.8305088491673215,-0.32253898473734466
2022-12-28,model2,-0.0024908985558682595,0.0,-0.0024908985558682595,0.8284401358742948,-0.3242264714019195
2022-12-29,model2,0.0021409256976534954,0.0,0.0021409256976534954,0.8302137646501556,-0.3227796904887499
2022-12-30,model2,-0.001527683010036096,0.0008,-0.002327683010036096,0.8282812901754814,-0.32435604469725055
2023-01-03,model2,-0.005299151779350542,0.0,-0.005299151779350542,0.8238921019028451,-0.3279363845652007
2023-01-04,model2,0.001682458162422629,0.0008,0.0008824581624226289,0.8246191522131249,-0.3273433165420929
2023-01-05,model2,-0.0035409267305245968,0.0,-0.0035409267305245968,0.8216992362145509,-0.32972514457301505
2023-01-06,model2,-0.001817011316057826,0.0,-0.001817011316057826,0.820206199403953,-0.33094304157019483
2023-01-09,model2,-0.002401693954809758,0.0008,-0.003201693954809758,0.817580150173624,-0.3330851571894229
2023-01-10,model2,-0.001800105525178797,0.0,-0.001800105525178797,0.8161084196280198,-0.33428567428279
2023-01-11,model2,0.0032197792304527353,0.0,0.0032197792304527353,0.8187361085673357,-0.33214222112343095
2023-01-12,model2,0.00018065470471819724,0.0,0.00018065470471819724,0.8188840170972711,-0.3320215694735942
2023-01-13,model2,0.00380490661881483,0.0008,0.00300490661881483,0.8213446871002884,-0.3300143566664798
2023-01-16,model2,-0.0022131259061229256,0.0008,-0.0030131259061229256,0.8188698721457301,-0.3320331077651385
2023-01-17,model2,-0.0014470939240959879,0.0,-0.0014470939240959879,0.8176848905291227,-0.3329997185963889
2023-01-18,model2,-0.0036243423722848167,0.0008,-0.004424342372284817,0.8140671726207777,-0.33595075620372883
2023-01-19,model2,0.001911879864760824,0.0,0.001911879864760824,0.8156235712566741,-0.33468117382530504
2023-01-20,model2,0.000768183802431377,0.0,0.000768183802431377,0.8162501200729947,-0.33417008667958503
2023-01-30,model2,0.0017143489431400206,0.0,0.0017143489431400206,0.8176494576036797,-0.33302862187137316
2023-01-31,model2,0.0047621394405478416,0.0,0.0047621394405478416,0.8215432183342768,-0.3298524111658703
2023-02-01,model2,0.003040932127677643,0.0,0.003040932127677643,0.8240414755011852,-0.32781453783269876
2023-02-02,model2,0.0015462534070972646,0.0,0.0015462534070972646,0.8253156524402685,-0.32677516877162127
2023-02-03,model2,0.0036087864745521616,0.0,0.0036087864745521616,0.8282940404040312,-0.3243456441063516
2023-02-06,model2,0.003129437053182649,0.0008,0.002329437053182649,0.8302234992326787,-0.32277174981458867
2023-02-07,model2,-0.0001502332228594305,0.0,-0.0001502332228594305,0.8300987720806953,-0.3228734919972255
2023-02-08,model2,0.0017583770484741468,0.0,0.0017583770484741468,0.8315583987094886,-0.32168284828663996
2023-02-09,model2,-0.0010217599038050192,0.0,-0.0010217599038050192,0.8307087456800148,-0.3223759255543239
2023-02-10,model2,-0.0009155530392312538,0.0,-0.0009155530392312538,0.8299481877631915,-0.322996326335139
2023-02-13,model2,-6.224267969434649e-05,0.0,-6.224267969434649e-05,0.8298965295639776,-0.32303846485795085
2023-02-14,model2,0.0004891866126447654,0.0008,-0.00031081338735523465,0.8296385866124695,-0.32324887356579757
2023-02-15,model2,0.002745190573482104,0.0,0.002745190573482104,0.8319161026398351,-0.32139106275291696
2023-02-16,model2,-0.004558238830371409,0.0,-0.004558238830371409,0.8281240303571709,-0.3244843243613137
2023-02-17,model2,0.0008467602120857173,0.0008,4.6760212085717227e-05,0.8281627536124636,-0.3244527371050536
2023-02-20,model2,0.003952531275161332,0.0008,0.0031525312751613317,0.8307735625941506,-0.3223230532309278
2023-02-21,model2,0.0003836435241185046,0.0008,-0.00041635647588149545,0.8304276646413734,-0.3226052084162706
2023-02-22,model2,-0.004157327031387315,0.0,-0.004157327031387315,0.826975305263548,-0.3254213600942426
2023-02-23,model2,0.0006641068977923936,0.0,0.0006641068977923936,0.8275245052680775,-0.32497336776637775
2023-02-24,model2,-0.004548480285166123,0.0008,-0.005348480285166123,0.8230985067661594,-0.32858373440084143
2023-02-27,model2,-0.0015343954235128355,0.0,-0.0015343954235128355,0.8218355481842771,-0.32961395244604885
2023-02-28,model2,0.0011987342479394592,0.0,0.0011987342479394592,0.8228207106020596,-0.32881033773150514
2023-03-01,model2,-0.0025267414588305394,0.0008,-0.0033267414588305393,0.8200833988309154,-0.33104321220771216
2023-03-02,model2,0.0005889118713120478,0.0,0.0005889118713120478,0.8205663556799528,-0.3306492556139866
2023-03-03,model2,0.00027331295569474887,0.0,0.00027331295569474887,0.8207906270959673,-0.3304663133836421
2023-03-06,model2,-0.004684846489502848,0.0,-0.004684846489502848,0.8169453490079999,-0.33360297592499066
2023-03-07,model2,0.002423003469218089,0.0008,0.001623003469218089,0.8182712541436015,-0.33252141124304024
2023-03-08,model2,0.004226596902705859,0.0,0.004226596902705859,0.821729756891938,-0.3297002483071777
2023-03-09,model2,0.001997184378318329,0.0,0.001997184378318329,0.8233709027256019,-0.3283615361143061
2023-03-10,model2,0.0001501052500752385,0.0,0.0001501052500752385,0.8234944950208601,-0.32826071965472436
2023-03-13,model2,-0.0016096225882415998,0.0,-0.0016096225882415998,0.8221689796803819,-0.32934196637377733
2023-03-14,model2,-0.000720305602471649,0.0008,-0.001520305602471649,0.8209190315743955,-0.33036157153964185
2023-03-15,model2,-0.0017830108722775686,0.0,-0.0017830108722775686,0.8194553240158388,-0.3315555441380815
2023-03-16,model2,0.001524816058692968,0.0,0.001524816058692968,0.8207048426532795,-0.33053628929743906
2023-03-17,model2,-0.001879105796813896,0.0,-0.001879105796813896,0.8191626514259764,-0.33179428243697684
2023-03-20,model2,-0.00032489509976421074,0.0008,-0.0011248950997642107,0.8182411793734775,-0.3325459437742979
2023-03-21,model2,0.000758730183950629,0.0,0.000758730183950629,0.8188620036540196,-0.3320395262354391
2023-03-22,model2,0.001012082087158106,0.0,0.001012082087158106,0.8196907592197723,-0.3313634954050123
2023-03-23,model2,-0.0002868594102667819,0.0,-0.0002868594102667819,0.8194556232119814,-0.3315553000784033
2023-03-24,model2,0.002581149337487698,0.0,0.002581149337487698,0.8215707605509356,-0.32982994448405345
2023-03-27,model2,0.002154901940886456,0.0,0.002154901940886456,0.8233411649774223,-0.3283857937306982
2023-03-28,model2,-0.0018735165187783401,0.0,-0.0018735165187783401,0.8217986217042469,-0.32964407404039
2023-03-29,model2,-0.0008526053536873856,0.0008,-0.0016526053536873855,0.8204405129023655,-0.33075190783250685
2023-03-30,model2,0.002609514460929852,0.0,0.002609514460929852,0.822581464285117,-0.329005495258046
2023-03-31,model2,-0.0037574135559693468,0.0,-0.0037574135559693468,0.819490685540323,-0.3315266991061444
2023-04-03,model2,-0.0040966670876356305,0.0,-0.0040966670876356305,0.816133505020246,-0.3342652116768795
2023-04-04,model2,0.0018357396008849226,0.0,0.0018357396008849226,0.8176317136150207,-0.3330430959622679
2023-04-06,model2,-0.0019114624665448332,0.0008,-0.002711462466544833,0.8154147359120969,-0.33485152457436906
2023-04-07,model2,0.00020615985431557968,0.0,0.00020615985431557968,0.8155828416952593,-0.3347143976615772
2023-04-10,model2,-0.0033448875243704546,0.0,-0.0033448875243704546,0.8128548088229822,-0.33693970317298216
2023-04-11,model2,0.0013709445254113553,0.0,0.0013709445254113553,0.8139691876730923,-0.3360306842890296
2023-04-12,model2,0.0035359594957267595,0.0008,0.0027359594957267596,0.8161961744013355,-0.334214091134839
2023-04-13,model2,0.00304507891798127,0.0008,0.00224507891798127,0.8180285992254209,-0.3327193492269568
2023-04-14,model2,0.0003029043772439623,0.0,0.0003029043772439623,0.818276383668837,-0.3325172269969875
2023-04-17,model2,-0.006305562142026134,0.0,-0.006305562142026134,0.8131166910822607,-0.33672608110089
2023-04-18,model2,-0.0022614821032319377,0.0008,-0.0030614821032319377,0.8106273488846731,-0.33875668233314016
2023-04-19,model2,-0.0014201382138241403,0.0,-0.0014201382138241403,0.809476146009351,-0.33969573923719476
2023-04-20,model2,-0.0020068181774276273,0.0,-0.0020068181774276273,0.8078516745653453,-0.34102084983032643
2023-04-21,model2,0.002567523272995454,0.0008,0.001767523272995454,0.8092795712012679,-0.33985608884598284
2023-04-24,model2,0.0027123372226620203,0.0,0.0027123372226620203,0.8114746103057772,-0.338065555943446
2023-04-25,model2,-0.005953868919422423,0.0,-0.005953868919422423,0.8066431968445772,-0.34200662685660954
2023-04-26,model2,0.0017608736351729438,0.0,0.0017608736351729438,0.8080635935828924,-0.3408479836737228
2023-04-27,model2,-0.003952006825277099,0.0,-0.003952006825277099,0.8048701207457949,-0.3434529569411394
2023-04-28,model2,0.0013086746523755192,0.0,0.0013086746523755192,0.8059234338712694,-0.34259375046779617
2023-05-04,model2,-0.000875718865660602,0.0,-0.000875718865660602,0.8052176715159504,-0.3431694535229146
2023-05-05,model2,-0.002831447130956599,0.0,-0.002831447130956599,0.802937740250141,-0.3450292344892618
2023-05-08,model2,-0.0021391998192879847,0.0008,-0.0029391998192879847,0.8005777457890982,-0.34695432444488994
2023-05-09,model2,0.001854401466235567,0.0,0.001854401466235567,0.8020623383347252,-0.34574331558662164
2023-05-10,model2,-0.003914114094407584,0.0,-0.003914114094407584,0.7989229748316558,-0.3483041508964444
2023-05-11,model2,7.943633358222782e-05,0.0,7.943633358222782e-05,0.7989864383435911,-0.34825238256758084
2023-05-12,model2,-0.0011850961875143002,0.0008,-0.0019850961875143,0.7974003734109596,-0.3495461642781674
2023-05-15,model2,-0.0025590377584977725,0.0,-0.0025590377584977725,0.7953597957467607,-0.3512107002039393
2023-05-16,model2,-0.0021694924698668853,0.0,-0.0021694924698668853,0.7936342686590533,-0.3526182437043771
2023-05-17,model2,0.003894403420769077,0.0008,0.003094403420769077,0.7960900932548315,-0.35061498338315233
2023-05-18,model2,-0.0011759796433917114,0.0,-0.0011759796433917114,0.795153907510858,-0.35137864694341736
2023-05-19,model2,-0.0009144598904628154,0.0008,-0.0017144598904628155,0.7937906480296859,-0.3524906822373305
2023-05-22,model2,-0.003974169199357247,0.0,-0.003974169199357247,0.7906359896855485,-0.3550639938242798
2023-05-23,model2,0.0020923623920834356,0.0008,0.0012923623920834356,0.7916577779044458,-0.3542305027845978
2023-05-24,model2,-0.0030604983088638347,0.0,-0.0030604983088638347,0.7892349106139703,-0.3562068792387414
2023-05-25,model2,-0.0008200206109099108,0.0,-0.0008200206109099108,0.7885877217204172,-0.3567348028669276
2023-05-26,model2,-0.0038885806566325344,0.0008,-0.004688580656632534,0.784890364582301,-0.3597508036272906
2023-05-29,model2,0.0011188671985883582,0.0,0.0011188671985883582,0.7857685526657202,-0.3590344498025466
2023-05-30,model2,0.004463044811094008,0.0,0.004463044811094008,0.7892754729274158,-0.3561737918296478
2023-05-31,model2,0.00570308813118019,0.0,0.00570308813118019,0.7937767805092998,-0.35250199422328876
2023-06-01,model2,-0.0008794306968531451,0.0,-0.0008794306968531451,0.7930787088420707,-0.35307142384572
2023-06-02,model2,-0.003363571376352326,0.0,-0.003363571376352326,0.790411131997815,-0.3552474142870169
2023-06-05,model2,0.001855288181337178,0.0008,0.001055288181337178,0.7912452435238096,-0.3545670145034274
2023-06-06,model2,0.006001321682555805,0.0,0.006001321682555805,0.7959937607599883,-0.35069356353293
2023-06-07,model2,-0.0014780197372457505,0.0,-0.0014780197372457505,0.7948172662708606,-0.351653251261549
2023-06-08,model2,0.005960613741809163,0.0008,0.005160613741809162,0.7989190111774052,-0.34830738412055207
2023-06-09,model2,0.0023031134964643487,0.0008,0.0015031134964643487,0.8001198771256878,-0.3473278161540776
2023-06-12,model2,-0.0014795817308441263,0.0,-0.0014795817308441263,0.7989360343730073,-0.34829349799352627
2023-06-13,model2,-0.000649965539454822,0.0,-0.000649965539454822,0.7984167534824361,-0.34871708476166907
2023-06-14,model2,-0.0004956689426410143,0.0,-0.0004956689426410143,0.7980210030944507,-0.34903990547562536
2023-06-15,model2,0.002006948391934138,0.0,0.002006948391934138,0.7996225900633407,-0.34773346216070644
2023-06-16,model2,0.000393601205395111,0.0,0.000393601205395111,0.7999373224786508,-0.34747672926517403
2023-06-19,model2,-0.005129861562701699,0.0,-0.005129861562701699,0.7958337547554971,-0.350824083310485
2023-06-20,model2,-0.0017298498052711333,0.0008,-0.0025298498052711334,0.7938204148860007,-0.3524664008769086
2023-06-21,model2,-0.0044077752149836785,0.0,-0.0044077752149836785,0.7903214329361181,-0.3553205834259926
2023-06-26,model2,-0.0021137511563086514,0.0,-0.0021137511563086514,0.788650890093394,-0.3566832752882242
2023-06-27,model2,0.0012720390482463097,0.0008,0.00047203904824630967,0.7890231641089521,-0.3563796046737705
2023-06-28,model2,0.001039621898653609,0.0008,0.00023962189865360886,0.7892122313376175,-0.3562253791326302
2023-06-29,model2,0.0030407241469954105,0.0,0.0030407241469954105,0.79161200802655,-0.354267838097736
2023-06-30,model2,0.0037220293304583768,0.0,0.0037220293304583768,0.7945584111387678,-0.35186440405151553
2023-07-03,model2,-0.0038947833446523637,0.0,-0.0038947833446523637,0.7914637782727111,-0.35438875177569196
2023-07-04,model2,0.0003642484207572849,0.0008,-0.00043575157924271516,0.7911188966814153,-0.3546700778966826
2023-07-05,model2,-0.0004711687363870621,0.0,-0.0004711687363870621,0.790746146190534,-0.35497413718063286
2023-07-06,model2,-0.0008493816194548032,0.0,-0.0008493816194548032,0.790074500948305,-0.35552201029258457
2023-07-07,model2,-8.417633288808606e-05,0.0,-8.417633288808606e-05,0.7900079953741068,-0.3555762600863852
2023-07-10,model2,0.0006864490108408282,0.0008,-0.0001135509891591718,0.7899182891847883,-0.3556494350394901
2023-07-11,model2,0.0005675187787038461,0.0,0.0005675187787038461,0.7903665826475422,-0.35528375399380674
2023-07-12,model2,-0.0035959500043101222,0.0008,-0.004395950004310123,0.7868921706651462,-0.3581178943782164
2023-07-13,model2,-0.00020536848657801664,0.0,-0.00020536848657801664,0.7867305678109565,-0.35824971673480954
2023-07-14,model2,0.0011408559060670067,0.0,0.0011408559060670067,0.7876281140257271,-0.3575175721339263
2023-07-17,model2,-0.003080118492716455,0.0,-0.003080118492716455,0.785202126106333,-0.35949649414124196
2023-07-18,model2,-0.0007276862903742743,0.0008,-0.0015276862903742744,0.7840025835831076,-0.3604749825660791
2023-07-19,model2,-0.0014302679778085193,0.0,-0.0014302679778085193,0.7828812497932895,-0.3613896747195222
2023-07-20,model2,-0.0029057883608439193,0.0,-0.0029057883608439193,0.7806063625697173,-0.363245341169837
2023-07-21,model2,-0.00037815600932722404,0.0008,-0.001178156009327224,0.7796866864927366,-0.36399553749760494
2023-07-24,model2,-0.0008798076783083975,0.0,-0.0008798076783083975,0.7790007121592855,-0.364555099107153
2023-07-25,model2,0.005781304283062383,0.0008,0.004981304283062382,0.7828811517432732,-0.36138975470068524
2023-07-26,model2,-0.0006990757654640855,0.0,-0.0006990757654640855,0.7823338585028509,-0.36183619164675107
2023-07-27,model2,-0.002530472347687907,0.0,-0.002530472347687907,0.7803541843072495,-0.3634510475170841
2023-07-28,model2,-0.005624891390141151,0.0008,-0.0064248913901411514,0.7753404934272332,-0.36754080540129497
2023-07-31,model2,-0.002020809935653833,0.0,-0.002020809935653833,0.7737736776546007,-0.36881888522563566
2023-08-01,model2,-0.0018258114035612839,0.0,-0.0018258114035612839,0.7723609128501634,-0.3699713029027032
2023-08-02,model2,-0.0024064819451947274,0.0008,-0.0032064819451947273,0.7698843515279352,-0.3719914785449002
2023-08-03,model2,-0.0023378410494343527,0.0,-0.0023378410494343527,0.7680844842876161,-0.3734596626457525
2023-08-04,model2,0.0014007384137104673,0.0,0.0014007384137104673,0.7691603697297328,-0.37258204352748125
2023-08-07,model2,-0.00031482490156631337,0.0008,-0.0011148249015663133,0.7683028905962601,-0.37328150468904675
2023-08-08,model2,0.0011310839345053392,0.0,0.0011310839345053392,0.7691719056526476,-0.3725726334675431
2023-08-09,model2,0.0025181610700009127,0.0,0.0025181610700009127,0.7711088044016005,-0.37099267029888794
2023-08-10,model2,-0.0005491289227014918,0.0,-0.0005491289227014918,0.7706853662545537,-0.3713380764162181
2023-08-11,model2,-0.0013610815447071545,0.0,-0.0013610815447071545,0.7696364006257688,-0.37219373655826804
2023-08-14,model2,-0.0032876401935274745,0.0,-0.0032876401935274745,0.7671061130606697,-0.3742577376637074
2023-08-15,model2,0.002057044525894858,0.0008,0.0012570445258948582,0.768070399600873,-0.37347115177821655
2023-08-16,model2,-0.0007120983924058686,0.0,-0.0007120983924058686,0.7675234579040627,-0.3739173019638312
2023-08-17,model2,0.0019238142775792615,0.0,0.0019238142775792615,0.7690000304907556,-0.37271283513040376
2023-08-18,model2,-0.002016317816952773,0.0008,-0.002816317816952773,0.7668342820036472,-0.3744794751491719
2023-08-21,model2,-0.0005429480574680404,0.0,-0.0005429480574680404,0.7664179308198334,-0.374819100303046
2023-08-22,model2,0.0008968640835389508,0.0,0.0008968640835389508,0.767105303534966,-0.3742583980083932
2023-08-23,model2,0.0025475382131158854,0.0,0.0025475382131158854,0.7690595336092052,-0.3726642973657833
2023-08-24,model2,0.0015331606687775336,0.0,0.0015331606687775336,0.7702386254380833,-0.37170249094038454
2023-08-25,model2,0.0057957037161159965,0.0,0.0057957037161159965,0.7747027003018309,-0.36806106473230127
2023-08-28,model2,0.0007771874543452736,0.0,0.0007771874543452736,0.7753047895213527,-0.367569929719899
2023-08-29,model2,-0.007188834089594565,0.0,-0.007188834089594565,0.7697312520206157,-0.37211636456841335
2023-08-30,model2,-0.0013919580315663095,0.0008,-0.0021919580315663094,0.7680440334206015,-0.3734926591459866
2023-08-31,model2,-0.0005602768772552836,0.0,-0.0005602768772552836,0.767613716107962,-0.37384367672249785
2023-09-01,model2,-0.002678088554503244,0.0,-0.002678088554503244,0.7655579786005736,-0.3755205788051972
2023-09-04,model2,-0.0016480369720760276,0.0,-0.0016480369720760276,0.7642963107475721,-0.3765497439796268
2023-09-05,model2,-0.0003852742792987752,0.0008,-0.0011852742792987751,0.76339040998868,-0.37728870353251
2023-09-06,model2,-0.0004949591781008068,0.0,-0.0004949591781008068,0.7630125628987819,-0.3775969202040037
2023-09-07,model2,0.0021181427068785565,0.0008,0.0013181427068785566,0.7640183223438236,-0.37677650412363195
2023-09-08,model2,0.0026545589376693714,0.0,0.0026545589376693714,0.7660464540099446,-0.37512212062248773
2023-09-11,model2,0.002060359314259319,0.0,0.002060359314259319,0.7676247849566195,-0.37383464766343755
2023-09-12,model2,0.0004218609405432173,0.0,0.0004218609405432173,0.7679486158703857,-0.37357049295896516
2023-09-13,model2,-0.002697998738299079,0.0,-0.002697998738299079,0.7658766914736888,-0.3752605989785952
2023-09-14,model2,-0.0019505248020151634,0.0008,-0.0027505248020151633,0.763770128638505,-0.3769789601959007
2023-09-15,model2,-0.0027082853498261897,0.0,-0.0027082853498261897,0.7617016211884785,-0.37866627895063565
2023-09-18,model2,0.0016371984957243237,0.0,0.0016371984957243237,0.7629486779368791,-0.3776490323171908
2023-09-19,model2,0.0022833290532584985,0.0008,0.0014833290532584986,0.7640803818770081,-0.3767258810455033
2023-09-20,model2,-0.0009017485174595665,0.0,-0.0009017485174595665,0.7633913735254305,-0.37728791755824154
2023-09-21,model2,0.0013295312259445245,0.0008,0.0005295312259445245,0.763795613095329,-0.3769581720658156
2023-09-22,model2,0.0026602019319186716,0.0008,0.0018602019319186717,0.7652164271704,-0.3757991884538262
2023-09-25,model2,0.0011666894151484367,0.0,0.0011666894151484367,0.7661091970762774,-0.37507093997406815
2023-09-26,model2,0.0010772967828342583,0.0,0.0010772967828342583,0.7669345240495875,-0.37439770590820254
2023-09-27,model2,0.0008901429721927202,0.0008,9.014297219272019e-05,0.7670036578070625,-0.3743413122580026
2023-09-28,model2,-0.0032297317207253596,0.0008,-0.0040297317207253595,0.7639128388372849,-0.37686254891834403
2023-10-09,model2,-0.0010978541089871731,0.0,-0.0010978541089871731,0.7630741739882593,-0.3775466629294778
2023-10-10,model2,0.0007665139545221414,0.0,0.0007665139545221414,0.7636590809909567,-0.37706954376057444
2023-10-11,model2,-0.0013820500394480018,0.0,-0.0013820500394480018,0.7626036659279483,-0.3779304648221935
2023-10-12,model2,-0.0008057862387587989,0.0008,-0.0016057862387587989,0.7613790874555741,-0.3789293755213331
2023-10-13,model2,-0.0013210600372189686,0.0,-0.0013210600372189686,0.7603732599699623,-0.3797498471036226
2023-10-16,model2,0.00041848018146004593,0.0,0.00041848018146004593,0.7606914611097718,-0.3794902847070879
2023-10-17,model2,0.0006444655332229487,0.0,0.0006444655332229487,0.761181700537874,-0.37909038758255176
2023-10-18,model2,0.0031672529152352077,0.0,0.0031672529152352077,0.7635925554979263,-0.377123809802525
2023-10-19,model2,-0.006195103751111208,0.0,-0.006195103751111208,0.7588620203930405,-0.3809825924248952
2023-10-20,model2,0.0008373451414610765,0.0,0.0008373451414610765,0.759497449818856,-0.38046426120618226
2023-10-23,model2,0.00660530723971493,0.0008,0.005805307239714929,0.7639065658628343,-0.37686766589650056
2023-10-24,model2,0.0032281006412704376,0.0,0.0032281006412704376,0.7663725331379668,-0.37485613200918466
2023-10-25,model2,0.0004701738047694804,0.0,0.0004701738047694804,0.7667328614277431,-0.37456220573824317
2023-10-26,model2,0.0004607827366125861,0.0,0.0004607827366125861,0.7670861586938825,-0.37427401479982236
2023-10-27,model2,0.0033582466798851127,0.0,0.0033582466798851127,0.7696622232395021,-0.37217267258750597
2023-10-30,model2,0.004084516251162995,0.0,0.004084516251162995,0.77280592109823,-0.3696083016657655
2023-10-31,model2,-0.0008654138386241072,0.0,-0.0008654138386241072,0.7721371241595409,-0.3701538513652577
2023-11-01,model2,-0.00285729687992613,0.0,-0.00285729687992613,0.7699308991638047,-0.3719535088005852
2023-11-02,model2,-0.0031258796459189496,0.0,-0.0031258796459189496,0.7675241878373446,-0.37391670654411624
2023-11-03,model2,0.0005061339854270487,0.0008,-0.0002938660145729513,0.7672986385631765,-0.3741006911463548
2023-11-06,model2,-0.003619239708735922,0.0,-0.003619239708735922,0.7645216008620297,-0.3763659707786283
2023-11-07,model2,-0.0025162338783051743,0.0,-0.0025162338783051743,0.7625978857092446,-0.377935179850619
2023-11-08,model2,-0.0009698077166406807,0.0008,-0.0017698077166406808,0.7612482340864225,-0.3790361149695701
2023-11-09,model2,-0.0010623357554052416,0.0008,-0.0018623357554052415,0.7598305342813442,-0.3801925582154777
2023-11-10,model2,-0.0022919692781655067,0.0,-0.0022919692781655067,0.7580890260401593,-0.38161313783042616
2023-11-13,model2,-0.003395547338138227,0.0008,-0.0041955473381382275,0.7549084276448846,-0.38420760918394137
2023-11-14,model2,0.001980815408171477,0.0,0.001980815408171477,0.7564037618901222,-0.3829878381279782
2023-11-15,model2,-0.001025438847197968,0.0,-0.001025438847197968,0.7556281160885133,-0.3836205463679554
2023-11-16,model2,-0.0001434326351639646,0.0,-0.0001434326351639646,0.7555197343566188,-0.3837089552972507
2023-11-17,model2,0.0025906062074878998,0.0008,0.0017906062074878998,0.7568725726828374,-0.3826054207269868
2023-11-20,model2,-0.0009189051869853417,0.0,-0.0009189051869853417,0.7561770785499121,-0.38317274780829735
2023-11-21,model2,0.0032292733082887716,0.0008,0.0024292733082887717,0.7580140393431731,-0.3816743058287231
2023-11-22,model2,-0.0016337719842439043,0.0008,-0.002433771984243904,0.7561692060105561,-0.38317916958033527
2023-11-23,model2,-0.002216613907872223,0.0,-0.002216613907872223,0.7544930708318085,-0.38454642321170873
2023-11-24,model2,0.001387177975139897,0.0,0.001387177975139897,0.7555396870020621,-0.38369267956526687
2023-11-27,model2,-0.0031153798328877437,0.0008,-0.003915379832887744,0.752581462148628,-0.3861057568185581
2023-11-28,model2,0.001712390539944142,0.0,0.001712390539944142,0.7538701755249486,-0.38505453012400803
2023-11-29,model2,-0.0005207879380998205,0.0,-0.0005207879380998205,0.753477569030642,-0.3853747863073086
2023-11-30,model2,-0.0019333826337218254,0.0,-0.0019333826337218254,0.7520208085837793,-0.3865630920217096
2023-12-01,model2,0.003940099505779138,0.0008,0.003140099505779138,0.7543822287531488,-0.38463683909014035
2023-12-04,model2,-0.0025213783836087965,0.0,-0.0025213783836087965,0.752480145708592,-0.3861884024621276
2023-12-05,model2,-0.0010073281233192073,0.0,-0.0010073281233192073,0.7517221512955804,-0.386806712146747
2023-12-06,model2,-0.0020091222049310356,0.0008,-0.0028091222049310355,0.7496104719084374,-0.3885292470275702
2023-12-07,model2,0.0015671417791367937,0.0008,0.0007671417791367936,0.7501855294195169,-0.38806016226624485
2023-12-08,model2,-3.067930437739008e-05,0.0008,-0.0008306793043773901,0.7495623658257847,-0.38856848802497423
2023-12-11,model2,0.0029308971113785275,0.0008,0.0021308971113785276,0.7511596061059209,-0.3872655903823009
2023-12-12,model2,0.0020785679610434648,0.0,0.0020785679610434648,0.7527209423968028,-0.3859919802698406
2023-12-13,model2,-0.0034400693781234002,0.0,-0.0034400693781234002,0.7501315301325914,-0.3881042104564365
2023-12-14,model2,-0.0006393220959127531,0.0,-0.0006393220959127531,0.7496519544705368,-0.3884954089550877
2023-12-15,model2,0.0020545247152978343,0.0,0.0020545247152978343,0.7511921329388679,-0.3872390576592678
2023-12-18,model2,0.005793891834772413,0.0,0.005793891834772413,0.7555444589042477,-0.3836887870387723
2023-12-19,model2,0.001463290246946114,0.0,0.001463290246946114,0.7566500397420964,-0.3827869448517627
2023-12-20,model2,0.0017698445775744536,0.0,0.0017698445775744536,0.7579891927120554,-0.3816945736729004
2023-12-21,model2,0.0020340264226930142,0.0,0.0020340264226930142,0.7595309627581475,-0.38043692409845664
2023-12-22,model2,0.0036414933957325426,0.0,0.0036414933957325426,0.7622967897428856,-0.3781807892493214
2023-12-25,model2,0.00015522374292356036,0.0,0.00015522374292356036,0.7624151163038082,-0.37808426814400686
2023-12-26,model2,0.0024047451749079855,0.0,0.0024047451749079855,0.7642485303760168,-0.3765887192886267
2023-12-27,model2,-0.0013061787549753846,0.0008,-0.0021061787549753845,0.7626388863578176,-0.37790173488367307
2023-12-28,model2,-0.0016676177170761091,0.0,-0.0016676177170761091,0.7613670962391961,-0.37893915697234337
2023-12-29,model2,0.001988639924052827,0.0,0.001988639924052827,0.7628811812436375,-0.3777040905846327
2024-01-02,model2,0.004380174870913,0.0,0.004380174870913,0.7662227342232132,-0.3749783256799397
2024-01-03,model2,-0.001050968928842977,0.0,-0.001050968928842977,0.7654174579369715,-0.37563520403950346
2024-01-04,model2,-0.0006580229455641186,0.0,-0.0006580229455641186,0.7649137956867136,-0.37604605040164796
2024-01-05,model2,-0.0036435655756466012,0.0008,-0.004443565575646602,0.7615148510758629,-0.3788186306928719
2024-01-08,model2,0.00429184944002885,0.0,0.00429184944002885,0.7647831581630264,-0.37615261378085485
2024-01-09,model2,-0.0006853762735174128,0.0,-0.0006853762735174128,0.7642589939320358,-0.37658018397766524
2024-01-10,model2,-0.00011181649835516599,0.0,-0.00011181649835516599,0.7641735371674979,-0.3766498925984981
2024-01-11,model2,-0.004225130003990163,0.0,-0.004225130003990163,0.7609448046273563,-0.3792836278402706
2024-01-12,model2,0.0008365748300457554,0.0008,3.6574830045755374e-05,0.7609726360542597,-0.3792609252444523
2024-01-15,model2,-0.0012214238592266559,0.0,-0.0012214238592266559,0.7600431659203645,-0.38001911076071293
2024-01-16,model2,-0.002094487082759855,0.0,-0.002094487082759855,0.7584512653270044,-0.3813176527247826
2024-01-17,model2,-0.001088010261186545,0.0008,-0.001888010261186545,0.757019301555457,-0.3824857313448532
2024-01-18,model2,0.006701491555798001,0.0,0.006701491555798001,0.7620924600124069,-0.37834746468787606
2024-01-19,model2,0.0047385875691474235,0.0,0.0047385875691474235,0.7657037018699627,-0.37540170971171705
2024-01-22,model2,0.016621573884391696,0.0,0.016621573884391696,0.7784309025241466,-0.3650199030816256
2024-01-23,model2,-0.007852116527016006,0.0,-0.007852116527016006,0.7723185723692968,-0.37000584079496446
2024-01-24,model2,0.0005554071380051264,0.0008,-0.00024459286199487367,0.7721296687593092,-0.3701599328694045
2024-01-25,model2,0.0020542976621661605,0.0,0.0020542976621661605,0.7737158529327307,-0.3688660538919595
2024-01-26,model2,-0.003896422959714618,0.0,-0.003896422959714618,0.7707011287190685,-0.37132521869023005
2024-01-29,model2,-0.006174036705465326,0.0,-0.006174036705465326,0.7659427916614134,-0.375206679865837
2024-01-30,model2,-0.0033584865672280813,0.0008,-0.004158486567228082,0.7627576288510243,-0.37780487449490874
2024-01-31,model2,0.006865797011130459,0.0,0.006865797011130459,0.7679945678994067,-0.3735330090618758
2024-02-01,model2,0.0004838841824990948,0.0,0.0004838841824990948,0.7683661883230584,-0.37322987159410315
2024-02-02,model2,0.006449681908265249,0.0,0.006449681908265249,0.7733219058268084,-0.36918740363628244
2024-02-05,model2,0.013738678413528538,0.0,0.013738678413528538,0.7839463268010999,-0.36052087223563845
2024-02-06,model2,-0.019723818029127392,0.0,-0.019723818029127392,0.7684839121066722,-0.3731338421850877
2024-02-07,model2,-0.0209087263467679,0.0008,-0.0217087263467679,0.7518011051568548,-0.3867423080611415
2024-02-08,model2,0.0017451602283570012,0.0,0.0017451602283570012,0.7531131185452093,-0.38567207512743584
2024-02-19,model2,-0.0038954154653719096,0.0,-0.0038954154653719096,0.7501794300560539,-0.3880651376267942
2024-02-20,model2,0.0003654730223281444,0.0008,-0.00043452697767185566,0.7498534568556,-0.38833103983307327
2024-02-21,model2,0.007096301104061231,0.0,0.007096301104061231,0.7551746427693685,-0.38399045271572074
2024-02-22,model2,0.0008891263156099783,0.0,0.0008891263156099783,0.7558460884171361,-0.3834427424165634
2024-02-23,model2,-0.001597739274122656,0.0,-0.001597739274122656,0.75463844343648,-0.3844278401617498
2024-02-26,model2,-0.00637893768913731,0.0,-0.00637893768913731,0.7498246518279711,-0.3883545366125257
2024-02-27,model2,-0.006725235834709055,0.0008,-0.007525235834709055,0.744182044488287,-0.3929573129717464
2024-02-28,model2,-0.006091421140150554,0.0,-0.006091421140150554,0.7396489182503705,-0.3966550656284842
2024-02-29,model2,0.007942059003095369,0.0,0.007942059003095369,0.7455232536006906,-0.3918632645604868
2024-03-01,model2,0.002129973832642396,0.0008,0.001329973832642396,0.746514780019606,-0.39105445861568366
2024-03-04,model2,-0.00010713813200347033,0.0,-0.00010713813200347033,0.7464347998205617,-0.3911196999034795
2024-03-05,model2,0.00734916103278187,0.0,0.00734916103278187,0.7519204693649153,-0.3866449405283816
2024-03-06,model2,-0.0018824392264400027,0.0,-0.0018824392264400027,0.7505050247782196,-0.3877995441520664
2024-03-07,model2,0.00426938080686945,0.0,0.00426938080686945,0.7537092165264668,-0.38518582727591255
2024-03-08,model2,-0.005612513250937302,0.0,-0.005612513250937302,0.7494790135613585,-0.38863647996719053
2024-03-11,model2,-0.004045692587868377,0.0008,-0.004845692587868378,0.7458472686605813,-0.3915989596447066
2024-03-12,model2,-0.0024796931236565458,0.0,-0.0024796931236565458,0.7439977963171855,-0.3931076075209011
2024-03-13,model2,0.0030988826163629744,0.0,0.0030988826163629744,0.7463033581548052,-0.39122691923584474
2024-03-14,model2,-0.0010223520786540874,0.0,-0.0010223520786540874,0.7455403733652891,-0.3918492996603927
2024-03-15,model2,0.003989330472207531,0.0,0.003989330472207531,0.7485145802950163,-0.38942318553983346
2024-03-18,model2,0.0036372818789501163,0.0,0.0036372818789501163,0.7512371388140533,-0.3872023455568905
2024-03-19,model2,-0.00013011552144996967,0.0008,-0.0009301155214499697,0.7505384014909527,-0.387772318166796
2024-03-20,model2,0.0004837173959812979,0.0,0.0004837173959812979,0.750901449972106,-0.38747617298679204
2024-03-21,model2,0.002114515325485478,0.0,0.002114515325485478,0.7524892425960013,-0.3861809819673475
2024-03-22,model2,0.0020083436705286674,0.0,0.0020083436705286674,0.7540004996035099,-0.3849482224276315
2024-03-25,model2,0.006340961386939182,0.0,0.006340961386939182,0.7587815876572286,-0.3810482028550768
2024-03-26,model2,0.002867520536153556,0.0,0.002867520536153556,0.7609574094422908,-0.3792733458658747
2024-03-27,model2,0.007215450589776352,0.0,0.007215450589776352,0.7664480600310459,-0.3747945233632126
2024-03-28,model2,-0.004698043221900594,0.0,-0.004698043221900594,0.7628472539176783,-0.3777317657150212
2024-03-29,model2,-0.002620978202947022,0.0008,-0.003420978202947022,0.7602375700898478,-0.3798605317808965
2024-04-01,model2,0.004293125701956501,0.0,0.004293125701956501,0.7635013655415935,-0.37719819509108743
2024-04-02,model2,-0.0005290030454046413,0.0,-0.0005290030454046413,0.7630974709940515,-0.3775276591425677
2024-04-03,model2,0.0004245456985035645,0.0,0.0004245456985035645,0.7634214407429009,-0.37726339118781926
2024-04-08,model2,-0.0030101519932369757,0.0,-0.0030101519932369757,0.7611234261713687,-0.3791379230320969
2024-04-09,model2,0.004915939146863701,0.0008,0.004115939146863701,0.7642561638767426,-0.37658249250470155
2024-04-10,model2,0.003739339122174945,0.0008,0.002939339122174945,0.7665025719185888,-0.3747500570354718
2024-04-11,model2,0.002310008385330642,0.0,0.002310008385330642,0.7682731992870984,-0.3733057244242962
2024-04-12,model2,0.0016221251238772718,0.0,0.0016221251238772718,0.7695194345456635,-0.37228914789489487
2024-04-15,model2,-0.003681733688084332,0.0008,-0.0044817336880843325,0.7660706533722246,-0.3751023807671504
2024-04-16,model2,0.00916948816017409,0.0,0.00916948816017409,0.773095129158178,-0.3693723894462738
2024-04-17,model2,-0.006852440638789671,0.0,-0.006852440638789671,0.7677975406774842,-0.373693727712775
2024-04-18,model2,0.00012115731545110371,0.0,0.00012115731545110371,0.7678905649663227,-0.37361784612617444
2024-04-19,model2,0.00022250430871255692,0.0,0.00022250430871255692,0.7680614239256474,-0.37347847339803686
2024-04-22,model2,0.0025985440726630673,0.0008,0.0017985440726630674,0.76944281624709,-0.3723516468199711
2024-04-23,model2,-0.002687809087095561,0.0,-0.002687809087095561,0.7673747008535807,-0.37403864576714896
2024-04-24,model2,0.0024861053429964027,0.0,0.0024861053429964027,0.769282475197453,-0.3724824398998815
2024-04-25,model2,-0.0015195620869252304,0.0,-0.0015195620869252304,0.7681135027140069,-0.3734359917930894
2024-04-26,model2,0.0036045399970387132,0.0008,0.0028045399970387133,0.7702677077546338,-0.37167876797136823
2024-04-29,model2,-0.005891737015899068,0.0,-0.005891737015899068,0.7657294929887041,-0.3753806714319867
2024-04-30,model2,0.0010948619687372043,0.0008,0.00029486196873720427,0.765955277494527,-0.37519649494705376
2024-05-06,model2,0.0013136321503893992,0.0,0.0013136321503893992,0.7669614609728043,-0.37437573297514015
2024-05-07,model2,-0.0007524552812602448,0.0,-0.0007524552812602448,0.7663843567709723,-0.37484648725894754
2024-05-08,model2,-0.002744445928213102,0.0,-0.002744445928213102,0.764281056343586,-0.3765621872714978
2024-05-09,model2,0.004654202356496561,0.0008,0.003854202356496561,0.7672267501919711,-0.37415933178455063
2024-05-10,model2,0.002633131352333962,0.0,0.002633131352333962,0.7692469590022508,-0.3725114110995069
2024-05-13,model2,0.0018402845841178463,0.0,0.0018402845841178463,0.7706625923222822,-0.37135665352264347
2024-05-14,model2,-0.0012231733617638963,0.0,-0.0012231733617638963,0.7697199383684457,-0.3721255933181047
2024-05-15,model2,0.0008332206940378393,0.0008,3.322069403783928e-05,0.7697455089990131,-0.3721047348945461
2024-05-16,model2,-0.0035564356314129243,0.0,-0.0035564356314129243,0.7670079586436889,-0.37433780398816263
2024-05-17,model2,-0.0006274064532534318,0.0,-0.0006274064532534318,0.766526732900739,-0.3747303484874972
2024-05-20,model2,0.0009307743326485429,0.0008,0.00013077433264854289,0.7666269749226915,-0.3746485792660952
2024-05-21,model2,0.0020300977201295643,0.0,0.0020300977201295643,0.7681833025966719,-0.3733790547725835
2024-05-22,model2,0.0013554991472608969,0.0008,0.0005554991472608968,0.7686100277662045,-0.3730309673718538
2024-05-23,model2,-0.0033122347872786674,0.0008,-0.004112234787278668,0.765449322872173,-0.37560921123837365
2024-05-24,model2,-0.0005779021611388214,0.0,-0.0005779021611388214,0.765006968054243,-0.3759700480245942
2024-05-27,model2,-0.0006134961870096767,0.0,-0.0006134961870096767,0.7645376391963058,-0.376352888020711
2024-05-28,model2,0.0029222990691113,0.0008,0.0021222990691113003,0.7661602167162725,-0.37502932233550346
2024-05-29,model2,0.00043315750892265466,0.0,0.00043315750892265466,0.766492084767181,-0.3747586115936167
2024-05-30,model2,0.0016394152098660798,0.0008,0.0008394152098660797,0.7671354898813766,-0.3742337744623505
2024-05-31,model2,-0.001862610901927697,0.0008,-0.002662610901927697,0.7650929065627629,-0.37589994643652513
2024-06-03,model2,-0.003707581497584478,0.0,-0.003707581497584478,0.7622562622584577,-0.3782138482477585
2024-06-04,model2,0.002831174994992747,0.0,0.002831174994992747,0.7644143431279404,-0.3764534628426849
2024-06-05,model2,-0.0023563452395146903,0.0008,-0.0031563452395146903,0.7620015875549918,-0.37842159098685724
2024-06-06,model2,0.0036747251343426605,0.0,0.0036747251343426605,0.7648017339411892,-0.3761374611842918
2024-06-07,model2,-0.0002066185026495138,0.0,-0.0002066185026495138,0.7646437117520986,-0.376266362727921
2024-06-11,model2,-0.006127762532432035,0.0,-0.006127762532432035,0.7599581566645642,-0.38008845434061445
2024-06-12,model2,-0.0011889088678138206,0.0008,-0.0019889088678138205,0.7584466691476067,-0.3813214019110365
2024-06-13,model2,-0.001028937353094417,0.0,-0.001028937353094417,0.7576662750393908,-0.3819579834301703
2024-06-14,model2,-0.0009690903808970753,0.0,-0.0009690903808970753,0.75693202794032,-0.3825569220034183
2024-06-17,model2,0.001218416180372639,0.0008,0.00041841618037263904,0.7572487405482525,-0.38229857382912547
2024-06-18,model2,-0.001976631136839435,0.0,-0.001976631136839435,0.7557519391093525,-0.38351954170136493
2024-06-19,model2,0.004505387349604196,0.0,0.004505387349604196,0.7591568943352546,-0.380742058443268
2024-06-20,model2,0.004812771816529527,0.0,0.004812771816529527,0.7628105432406355,-0.3777617112749816
2024-06-21,model2,-0.002167636714661159,0.0,-0.002167636714661159,0.7611570471007765,-0.3791104978348898
2024-06-24,model2,0.009432992138429208,0.0,0.009432992138429208,0.7683370355421881,-0.3732536520421331
2024-06-25,model2,0.0019049568096074056,0.0,0.0019049568096074056,0.7698006844101178,-0.3720597273186942
2024-06-26,model2,-0.005128425769433331,0.0,-0.005128425769433331,0.7658528187428616,-0.375280072394778
2024-06-27,model2,0.005743396347250273,0.0008,0.004943396347250273,0.7696387327695664,-0.37219183418659985
2024-06-28,model2,0.00013830592073924572,0.0,0.00013830592073924572,0.7697451783631386,-0.3721050046001795
2024-07-01,model2,0.003117149805117947,0.0,0.003117149805117947,0.7721445893958637,-0.3701477618376344
2024-07-02,model2,-0.006156535872050251,0.0008,-0.006956535872050251,0.7667731378613218,-0.374529351526502
2024-07-03,model2,0.002815510246656228,0.0008,0.002015510246656228,0.768318576977542,-0.373268709025521
2024-07-04,model2,-0.005071680115525545,0.0,-0.005071680115525545,0.7644219109282961,-0.376447289651734
2024-07-05,model2,0.006266156003084333,0.0008,0.005466156003084333,0.7686003603456061,-0.3730388532608243
2024-07-08,model2,0.004393752292389275,0.0008,0.003593752292389275,0.7713625196525293,-0.3707857102024913
2024-07-09,model2,0.004815760759669008,0.0008,0.0040157607596690075,0.7744601269904293,-0.36825893614809957
2024-07-10,model2,0.0014205577001809469,0.0008,0.0006205577001809468,0.7749407241857164,-0.3678669043664057
2024-07-11,model2,0.005443646132382263,0.0008,0.004643646132382263,0.7785392746824068,-0.364931501961716
2024-07-12,model2,0.004355213174923201,0.0,0.004355213174923201,0.7819299791886988,-0.362165643272081
2024-07-15,model2,0.004194180089000988,0.0,0.004194180089000988,0.785209534338405,-0.3594904511130119
2024-07-16,model2,-0.000485132736800864,0.0008,-0.001285132736800864,0.7842004358605785,-0.36031359090252024
2024-07-17,model2,-0.004744519397320435,0.0008,-0.005544519397320436,0.7798524213325624,-0.3638603446059635
2024-07-18,model2,0.00018090054962769373,0.0,0.00018090054962769373,0.7799934970642098,-0.3637452665926628
2024-07-19,model2,0.0024720135492702694,0.0,0.0024720135492702694,0.7819216515572952,-0.3621724362708926
2024-07-22,model2,-0.003447882522272927,0.0,-0.003447882522272927,0.7792256775611041,-0.36437159078009806
2024-07-23,model2,0.005870280937835393,0.0008,0.005070280937835393,0.783176570660314,-0.3611487761732838
2024-07-24,model2,-0.0036815647761052617,0.0,-0.0036815647761052617,0.7802932553843,-0.3635007483360959
2024-07-25,model2,0.0033292456623563284,0.0,0.0033292456623563284,0.7828910433201541,-0.3613816859634008
2024-07-26,model2,0.008511658517762744,0.0,0.008511658517762744,0.7895547445375103,-0.35594598495113194
2024-07-29,model2,-0.0011639494803675546,0.0,-0.0011639494803675546,0.7886357427028841,-0.35669563128727677
2024-07-30,model2,0.0014302060493443405,0.0,0.0014302060493443405,0.7897636543128268,-0.35577557348757427
2024-07-31,model2,0.009063166804644763,0.0,0.009063166804644763,0.7969214140481098,-0.34993686005046554
2024-08-01,model2,-0.00021626079342653695,0.0008,-0.0010162607934265369,0.7961115340595707,-0.3505974937328479
2024-08-02,model2,0.0024733719398348343,0.0008,0.0016733719398348344,0.7974437247616448,-0.3495108018012021
2024-08-05,model2,-0.005391389774472266,0.0008,-0.006191389774472266,0.7925064398384385,-0.35353823397133477
2024-08-06,model2,-0.007528267063100502,0.0,-0.007528267063100502,0.7865402397101078,-0.3584049707920821
2024-08-07,model2,9.039999795223963e-05,0.0008,-0.0007096000020477604,0.7859821107543988,-0.3588602466261219
2024-08-08,model2,-0.0007105908510261828,0.0,-0.0007105908510261828,0.7854235990574265,-0.35931583466909855
2024-08-09,model2,-0.002566790942527275,0.0,-0.002566790942527275,0.7834075808773188,-0.3609603369816905
2024-08-12,model2,-0.0003347811521283717,0.0008,-0.0011347811521283716,0.7825185847201047,-0.3616855071467462
2024-08-13,model2,-0.0013717800349264844,0.0,-0.0013717800349264844,0.7814451413486267,-0.36256113422404646
2024-08-14,model2,0.003483407486399104,0.0,0.003483407486399104,0.7841672332042108,-0.3603406749068807
2024-08-15,model2,0.002490016365563985,0.0,0.002490016365563985,0.7861198224482282,-0.3587479127190134
2024-08-16,model2,0.003943443724348229,0.0,0.003943443724348229,0.7892198417286473,-0.35621917119970004
2024-08-19,model2,0.0009661698261640872,0.0,0.0009661698261640872,0.7899823621259355,-0.3555971695882503
2024-08-20,model2,0.005150963549492494,0.0,0.005150963549492494,0.7940515324779881,-0.3522778740976097
2024-08-21,model2,4.359465287828669e-06,0.0,4.359465287828669e-06,0.7940549941180807,-0.35227505037548557
2024-08-22,model2,0.005042743978012432,0.0008,0.004242743978012432,0.7974239661625858,-0.34952691924605783
2024-08-23,model2,-0.0021028772167053233,0.0,-0.0021028772167053233,0.7957470814720877,-0.3508947842676554
2024-08-26,model2,0.001168573409639251,0.0,0.001168573409639251,0.796676970352294,-0.3501362571724925
2024-08-27,model2,-0.004003449340342913,0.0,-0.004003449340342913,0.7934875144608707,-0.35273795374502803
2024-08-28,model2,0.002848209918941436,0.0,0.002848209918941436,0.7957475334701144,-0.3508944155647302
2024-08-29,model2,0.00831077924904755,0.0,0.00831077924904755,0.8023608155587586,-0.3454998423431648
2024-08-30,model2,0.004098213934531892,0.0,0.004098213934531892,0.8056490618336039,-0.34281756067690217
2024-09-02,model2,-0.0019089959495460999,0.0,-0.0019089959495460999,0.8041110810378079,-0.3440721192916828
2024-09-03,model2,0.005885967575114748,0.0,0.005885967575114748,0.808844052787587,-0.3402113490542199
2024-09-04,model2,0.0021288224708077676,0.0,0.0021288224708077676,0.8105659381825404,-0.3388067761481025
2024-09-05,model2,0.001076316868499916,0.0008,0.00027631686849991595,0.8107899112242917,-0.3386240773070145
2024-09-06,model2,0.003500805761990611,0.0008,0.002700805761990611,0.8129796972882901,-0.3368378294041634
2024-09-09,model2,0.0027397779441816097,0.0008,0.0019397779441816098,0.8145566973741574,-0.335551442052226
2024-09-10,model2,0.0004423339438251794,0.0,0.0004423339438251794,0.814917003450576,-0.33525753390112
2024-09-11,model2,-0.0033034591675276115,0.0,-0.0033034591675276115,0.8122249584047531,-0.3374534834947993
2024-09-12,model2,-0.00040067311509321994,0.0,-0.00040067311509321994,0.8118995217005126,-0.33771894807146163
2024-09-13,model2,0.0033807079614124997,0.0,0.0033807079614124997,0.8146443168773926,-0.33547996924651413
2024-09-18,model2,0.0012587900589702274,0.0008,0.0004587900589702274,0.8150180675915726,-0.33517509406241774
2024-09-19,model2,0.0031457037923464885,0.0008,0.0023457037923464885,0.816929858563553,-0.33361561175931354
2024-09-20,model2,0.002566172639630571,0.0,0.002566172639630571,0.8190262416150962,-0.33190555437473335
2024-09-23,model2,0.002078835481842667,0.0,0.002078835481842667,0.8207288624267258,-0.33051669593594557
2024-09-24,model2,0.002113750950653248,0.0008,0.0013137509506532482,0.8218070957499676,-0.32963716160878487
2024-09-25,model2,-0.0022401072988159853,0.0008,-0.003040107298815985,0.8193087139999593,-0.33167513656663294
2024-09-26,model2,0.0012745109480363226,0.0,0.0012745109480363226,0.8203529319257739,-0.33082334921134227
2024-09-27,model2,-0.009669081171765726,0.0,-0.009669081171765726,0.8124208728374875,-0.3372936725660681
2024-09-30,model2,-0.01296868954901731,0.0008,-0.01376868954901731,0.8012349020562465,-0.3464182702506754
2024-10-08,model2,0.014532264059809653,0.0,0.014532264059809653,0.8128786592268635,-0.3369202479692911
2024-10-09,model2,-0.0031153285932067135,0.0,-0.0031153285932067135,0.8103462750969666,-0.3389859592803688
2024-10-10,model2,-0.011826025436639532,0.0008,-0.012626025436639533,0.8001148224151062,-0.34733193937247064
2024-10-11,model2,0.006901308802952989,0.0,0.006901308802952989,0.8056366618824128,-0.3428276755402556
2024-10-14,model2,-0.0036552406231281868,0.0,-0.0036552406231281868,0.8026918660284188,-0.3452297985170164
2024-10-15,model2,-0.00032703343492173145,0.0008,-0.0011270334349217314,0.8017872054574651,-0.34596774642627814
2024-10-16,model2,-9.42637779722588e-05,0.0,-9.42637779722588e-05,0.8017116259663488,-0.3460293979774157
2024-10-17,model2,0.002909762960389006,0.0,0.002909762960389006,0.8040444167604989,-0.34412649854246724
2024-10-18,model2,0.005367928055329775,0.0,0.005367928055329775,0.8083604693429588,-0.340605816773246
2024-10-21,model2,0.004681050364782147,0.0,0.004681050364782147,0.812144445412852,-0.33751915939131716
2024-10-22,model2,0.0017485085249272282,0.0,0.0017485085249272282,0.8135644868991286,-0.33636080599391205
2024-10-23,model2,-0.0007189267031937341,0.0008,-0.001518926703193734,0.8123287420752074,-0.3373688252869739
2024-10-24,model2,-0.0005984189155001209,0.0008,-0.0013984189155001208,0.8111927661966851,-0.33829546125569254
2024-10-25,model2,0.005405297580351221,0.0008,0.004605297580351221,0.8149285502800492,-0.3352481149445059
2024-10-28,model2,-0.00465520961453283,0.0008,-0.00545520961453283,0.8104829442174042,-0.33887447581913943
2024-10-29,model2,-0.002107382930808433,0.0,-0.002107382930808433,0.808774946295049,-0.34026772046392006
2024-10-30,model2,0.006726082148292046,0.0,0.006726082148292046,0.8142148330233099,-0.33583030695588045
2024-10-31,model2,0.00458704972633468,0.0,0.00458704972633468,0.8179496769503072,-0.33278372754716257
2024-11-01,model2,-0.007506598069399528,0.0,-0.007506598069399528,0.811809657484446,-0.337792251929829
2024-11-04,model2,0.003002989881078566,0.0008,0.0022029898810785663,0.813598065945246,-0.3363334149616587
2024-11-05,model2,-0.004592597901035945,0.0,-0.004592597901035945,0.809861537175299,-0.33938136872709346
2024-11-06,model2,-0.0039913802899659515,0.0,-0.0039913802899659515,0.806629071798216,-0.34201814891114046
2024-11-07,model2,0.006055726959747876,0.0008,0.005255726959747875,0.8108684939573824,-0.33855997595734777
2024-11-08,model2,0.0035237371206127575,0.0,0.0035237371206127575,0.8137257813694753,-0.3362292351915698
2024-11-11,model2,0.008659358442047838,0.0,0.008659358442047838,0.8207721245838889,-0.3304814062157414
2024-11-12,model2,0.0018087312266442442,0.0,0.0018087312266442442,0.8222566807555829,-0.32927042702834497
2024-11-13,model2,-0.002612370277050413,0.0,-0.002612370277050413,0.8201086418426708,-0.3310226210287148
2024-11-14,model2,-0.008070062273746759,0.0008,-0.00887006227374676,0.8128342271182885,-0.33695649203991807
2024-11-15,model2,0.005285575767792184,0.0,0.005285575767792184,0.8171305240123768,-0.33345192534125234
2024-11-18,model2,0.007195683134930198,0.0,0.007195683134930198,0.8230103363430494,-0.3286556566018102
2024-11-19,model2,-0.008160124733652952,0.0,-0.008160124733652952,0.8162944693414045,-0.33413391018317173
2024-11-20,model2,-0.003007538202716376,0.0008,-0.003807538202716376,0.813186396964721,-0.33666922075804273
2024-11-21,model2,-0.0011586641746289318,0.0,-0.0011586641746289318,0.8122441870192624,-0.3374377983678791
2024-11-22,model2,-0.0038861454091446493,0.0,-0.0038861454091446493,0.809087688000773,-0.34001261142602457
2024-11-25,model2,0.0019834147286044604,0.0008,0.0011834147286044604,0.8100451742874857,-0.33923157262969283
2024-11-26,model2,0.004805215541834595,0.0,0.004805215541834595,0.81393761594856,-0.3360564379129395
2024-11-27,model2,-0.002950842881238991,0.0,-0.002950842881238991,0.8115358139287655,-0.33801563104666854
2024-11-28,model2,0.0008796609564705625,0.0,0.0008796609564705625,0.8122496902990561,-0.33743330924350656
2024-11-29,model2,-0.004280897180810329,0.0,-0.004280897180810329,0.8087725328897408,-0.3402696891220649
2024-12-02,model2,-0.004120729653546285,0.0008,-0.004920729653546285,0.8047927819041766,-0.3435160436261453
2024-12-03,model2,-0.0028745634595425786,0.0,-0.0028745634595425786,0.8024793539808112,-0.3454031484189135
2024-12-04,model2,-0.002939085437401623,0.0,-0.002939085437401623,0.8001207985977107,-0.3473270644927644
2024-12-05,model2,0.003537993199878997,0.0008,0.0027379931998789972,0.8023115239033529,-0.3455400504336006
2024-12-06,model2,-0.0007000261916650713,0.0,-0.0007000261916650713,0.8017498848227458,-0.34599818953969297
2024-12-09,model2,0.002471445313607879,0.0,0.002471445313607879,0.8037313658182766,-0.3443818598301397
2024-12-10,model2,0.00023373010311287254,0.0008,-0.0005662698968871275,0.8032762369406298,-0.3447531166467711
2024-12-11,model2,0.005572718040723324,0.0008,0.004772718040723324,0.8071100479283606,-0.3416258080254634
2024-12-12,model2,0.00031823908713635163,0.0008,-0.0004817609128636484,0.8067212138548892,-0.34194298697719494
2024-12-13,model2,0.0021587628857988603,0.0,0.0021587628857988603,0.8084627336705457,-0.3405223979207417
2024-12-16,model2,-0.005591730528875561,0.0,-0.005591730528875561,0.8039420279212219,-0.3442100189613979
2024-12-17,model2,-0.005992548463558123,0.0008,-0.006792548463558123,0.7984812127346759,-0.34866450418951844
2024-12-18,model2,9.856547806279519e-05,0.0,9.856547806279519e-05,0.7985599154171332,-0.3486003049949946
2024-12-19,model2,-0.002344416816392192,0.0,-0.002344416816392192,0.7966877581225326,-0.35012745739415707
2024-12-20,model2,-0.0030271334568810816,0.0,-0.0030271334568810816,0.7942760779552323,-0.35209470831058765
2024-12-23,model2,0.010101661061052437,0.0008,0.009301661061052437,0.8016641648212738,-0.3460681128876305
2024-12-24,model2,0.0006193659410223878,0.0,0.0006193659410223878,0.8021606883011022,-0.3456630897490046
2024-12-25,model2,-0.004896667984239534,0.0008,-0.005696667984239534,0.7975910451898418,-0.3493906298765377
2024-12-26,model2,-0.004320606689139428,0.0,-0.004320606689139428,0.7941449679847968,-0.3522016570731099
2024-12-27,model2,-0.0009545857776587674,0.0008,-0.0017545857776587676,0.7927515725185714,-0.3533382748324003
2024-12-30,model2,-0.002542822634411257,0.0,-0.002542822634411257,0.7907357458765061,-0.35498262090396393
2024-12-31,model2,-0.00674224778132313,0.0,-0.00674224778132313,0.7854044095482573,-0.35933148789708913
2025-01-02,model2,-0.0014798654032073255,0.0008,-0.0022798654032073254,0.7836137932074018,-0.3607921258727568
2025-01-03,model2,0.004955194421091668,0.0,0.004955194421091668,0.7874967519037936,-0.35762472658096356
2025-01-06,model2,-0.0010564794518245434,0.0,-0.0010564794518245434,0.7866647777670287,-0.3583033828576909
2025-01-07,model2,-0.0020732667423014385,0.0008,-0.0028732667423014384,0.7844044800237308,-0.3601471484063733
2025-01-08,model2,-0.0022212963245504813,0.0,-0.0022212963245504813,0.7826620852352931,-0.3615684511938714
2025-01-09,model2,0.0023858779778773266,0.0,0.0023858779778773266,0.7845294214685756,-0.3600452314211926
2025-01-10,model2,-0.0034033071768546194,0.0,-0.0034033071768546194,0.781859426858038,-0.3622231940779592
2025-01-13,model2,0.0020015078880856406,0.0008,0.0012015078880856407,0.782798837126782,-0.3614569002148059
2025-01-14,model2,-0.007045020745572117,0.0008,-0.007845020745572117,0.7766577640099126,-0.3664662840795627
2025-01-15,model2,-0.0024515672351340893,0.0008,-0.003251567235134089,0.7741324090715455,-0.3685262615526024
2025-01-16,model2,-0.003435852681547358,0.0,-0.003435852681547358,0.7714726041579643,-0.3706959122901736
2025-01-17,model2,-0.0026377621804102524,0.0,-0.0026377621804102524,0.7694376428994938,-0.37235586681271216
2025-01-20,model2,-0.0009160446397642908,0.0008,-0.001716044639764291,0.7681172535567633,-0.37343293216314766
2025-01-21,model2,0.002041714951679774,0.0,0.002041714951679774,0.7696855300379933,-0.372153660812515
2025-01-22,model2,0.0032820440432351555,0.0,0.0032820440432351555,0.7722116718470188,-0.3700930414749177
2025-01-23,model2,-0.004154605528098898,0.0,-0.004154605528098898,0.7690034369663007,-0.37271005640699395
2025-01-24,model2,0.0028955138159326484,0.0008,0.0020955138159326485,0.7706148942929633,-0.3713955616635992
2025-01-27,model2,0.0049973550265050015,0.0,0.0049973550265050015,0.7744659305084578,-0.3682542021139955
2025-02-05,model2,-0.005153355677995686,0.0,-0.005153355677995686,0.7704748321080578,-0.3715098129085813
2025-02-06,model2,-0.006626371256543619,0.0008,-0.007426371256543619,0.7647529999610002,-0.37617721436901674
2025-02-07,model2,0.0017027093708630765,0.0,0.0017027093708630765,0.7660551520604294,-0.37511502546616504
2025-02-10,model2,0.001754641303782023,0.0,0.001754641303782023,0.7673993040712097,-0.37401857647973513
2025-02-11,model2,-0.0010308873579912617,0.0,-0.0010308873579912617,0.7666082018301114,-0.37466389281557955
2025-02-12,model2,0.0016800831606776263,0.0,0.0016800831606776263,0.7678961673608434,-0.37361327615213535
2025-02-13,model2,-0.0030104755723785017,0.0008,-0.0038104755723785016,0.7649701177729918,-0.3760001074622199
2025-02-14,model2,-0.0003720221358668673,0.0,-0.0003720221358668673,0.7646855319559036,-0.3762322492350224
2025-02-17,model2,0.00048208054887215467,0.0,0.00048208054887215467,0.7650541719768634,-0.375931542935365
2025-02-18,model2,0.005256494579710536,0.0,0.005256494579710536,0.7690756750850447,-0.37265113047343645
2025-02-19,model2,-0.005180934460916476,0.0,-0.005180934460916476,0.7650911444169439,-0.3759013838505837
2025-02-20,model2,-0.00323771525666432,0.0008,-0.00403771525666432,0.7620019242303929,-0.37842131635467324
2025-02-21,model2,0.0015353269922082193,0.0,0.0015353269922082193,0.7631718463527785,-0.37746698982389126
2025-02-24,model2,0.000412642078525538,0.0,0.000412642078525538,0.7634867631697296,-0.3772101065086214
2025-02-25,model2,0.00031814916644958783,0.0,0.00031814916644958783,0.7637296658470274,-0.37701196642313395
2025-02-26,model2,0.0012562974876115796,0.0,0.0012562974876115796,0.7646891375074455,-0.37622930812173916
2025-02-27,model2,-0.0033670794153800813,0.0008,-0.004167079415380082,0.7615026171433734,-0.3788286101317826
2025-02-28,model2,0.005230082784127,0.0,0.005230082784127,0.7654853388713626,-0.37557983233964054
2025-03-03,model2,-0.003349378517095536,0.0,-0.003349378517095536,0.7629214387221953,-0.3776712518348433
2025-03-04,model2,-0.004636398252926633,0.0008,-0.005436398252926633,0.7587738939456057,-0.38105447875411436
2025-03-05,model2,-0.0022063227866289557,0.0,-0.0022063227866289557,0.7570997938134943,-0.38242007236132114
2025-03-06,model2,8.86354122538787e-05,0.0008,-0.0007113645877461213,0.7565612198307855,-0.38285939685194614
2025-03-07,model2,0.0019605925612658837,0.0,0.0019605925612658837,0.7580445281305279,-0.38164943557615894
2025-03-10,model2,-0.0019597951998510336,0.0,-0.0019597951998510336,0.7565589161030244,-0.382861276044142
2025-03-11,model2,-7.469938788720034e-05,0.0008,-0.0008746993878872004,0.7558971544822085,-0.3834010869082276
2025-03-12,model2,0.0016734766914171752,0.0,0.0016734766914171752,0.7571621307513431,-0.3823692229992153
2025-03-13,model2,-0.0024221558087333507,0.0,-0.0024221558087333507,0.7553281660981908,-0.3838652209733803
2025-03-14,model2,-0.00431744305851165,0.0,-0.00431744305851165,0.7520670797505717,-0.3865253477981965
2025-03-17,model2,0.0009041403202856735,0.0008,0.00010414032028567349,0.7521454002571333,-0.38646146035142903
2025-03-18,model2,-0.0013895291382542752,0.0,-0.0013895291382542752,0.751100272307272,-0.3873139900297127
2025-03-19,model2,0.003131889324123494,0.0,0.003131889324123494,0.7534526352314574,-0.3853951252560469
2025-03-20,model2,-0.0014400633930338638,0.0008,-0.0022400633930338637,0.7517648535648905,-0.38677187913714106
2025-03-21,model2,0.0005227524135958724,0.0,0.0005227524135958724,0.7521578404565481,-0.38645131265687516
2025-03-24,model2,-0.0028782468564676035,0.0008,-0.0036782468564676035,0.7493912182443214,-0.3887080961873848
2025-03-25,model2,0.0012699092456648132,0.0,0.0012699092456648132,0.7503428770809898,-0.3879318109469332
2025-03-26,model2,-0.0022714123749962402,0.0,-0.0022714123749962402,0.7486385389844977,-0.3893220702058898
2025-03-27,model2,0.0014094073854967527,0.0,0.0014094073854967527,0.7496936756704099,-0.38846137622147825
2025-03-28,model2,0.0011406044066272882,0.0008,0.00034060440662728815,0.7499490246399638,-0.3882530834713964
2025-03-31,model2,-0.001833502351189553,0.0,-0.001833502351189553,0.7485739913400141,-0.3893747228811847
2025-04-01,model2,0.0028338800763813236,0.0,0.0028338800763813236,0.7506953602597699,-0.3876442840742227
2025-04-02,model2,0.0010377844060063702,0.0,0.0010377844060063702,0.7514744201983088,-0.38700879086130613
2025-04-03,model2,-0.004179583909415419,0.0,-0.004179583909415419,0.7483335698033107,-0.3895708390556353
2025-04-07,model2,-0.016386260490645108,0.0,-0.016386260490645108,0.7360711809946193,-0.3995734902979555
2025-04-08,model2,-0.006102879746795154,0.0,-0.006102879746795154,0.7315790270919277,-0.4032378210834551
2025-04-09,model2,0.004939853238306745,0.0008,0.004139853238306745,0.7346076568963116,-0.4007673132445684
2025-04-10,model2,-0.005278968365519087,0.0,-0.005278968365519087,0.7307296863144879,-0.4039306436415353
2025-04-11,model2,-0.0016226643324067425,0.0,-0.0016226643324067425,0.7295439573158745,-0.4048978641257388
2025-04-14,model2,-0.001966007569072481,0.0008,-0.002766007569072481,0.7275260332079677,-0.40654392113793825
2025-04-15,model2,-0.002720926676952606,0.0,-0.002720926676952606,0.7255464882160347,-0.4081586716145137
2025-04-16,model2,-0.0068897379415072905,0.0008,-0.007689737941507291,0.7199672258572726,-0.4127097763327515
2025-04-17,model2,0.00020015947615732444,0.0,0.00020015947615732444,0.7201113341200507,-0.41259222462922995
2025-04-18,model2,-0.0006067920523292526,0.0,-0.0006067920523292526,0.7196743762857144,-0.4129486589988013
2025-04-21,model2,-0.0066004641783135925,0.0,-0.0066004641783135925,0.7149241913449903,-0.4168234703459107
2025-04-22,model2,0.0018503963131898617,0.0008,0.0010503963131898615,0.7156751450797892,-0.4162109038692233
2025-04-23,model2,0.0019245779564327492,0.0,0.0019245779564327492,0.7170525176879766,-0.41508735624360427
2025-04-24,model2,-0.003050292005751176,0.0,-0.003050292005751176,0.7148652981255693,-0.4168715106049171
2025-04-25,model2,0.0025072195870301075,0.0008,0.0017072195870301075,0.7160857301646173,-0.4158759822260666
2025-04-28,model2,0.002417977032241092,0.0,0.002417977032241092,0.7178172090132708,-0.4144635837671089
2025-04-29,model2,-0.0013342706264316995,0.0,-0.0013342706264316995,0.7168594465961373,-0.41524484780799453
2025-04-30,model2,-0.0037887176021174085,0.0,-0.0037887176021174085,0.7141434685925744,-0.41746031994603316
2025-05-06,model2,-0.005495608776845896,0.0008,-0.006295608776845896,0.7096475007037758,-0.421127761868642
2025-05-07,model2,-0.0027786836134977124,0.0,-0.0027786836134977124,0.7076756148222105,-0.4227362646710464
2025-05-08,model2,0.00031669963337535036,0.0,0.00031669963337535036,0.7078997354299734,-0.4225534454577068
2025-05-09,model2,-0.00427949101855134,0.0008,-0.00507949101855134,0.704303965081822,-0.4254865800451978
2025-05-12,model2,-0.0022563745735745934,0.0,-0.0022563745735745934,0.7027147915229436,-0.42678289751816123
2025-05-13,model2,0.0016342863132545295,0.0,0.0016342863132545295,0.7038632286888511,-0.4258460966530516
2025-05-14,model2,0.005546773288792473,0.0,0.005546773288792473,0.7077673984447056,-0.4226613951183109
2025-05-15,model2,0.00382263300321486,0.0,0.00382263300321486,0.7104729334605999,-0.42045444151326006
2025-05-16,model2,-0.0034887751842813232,0.0,-0.0034887751842813232,0.707994253121239,-0.4224763456758691
2025-05-19,model2,-0.002050173254923227,0.0,-0.002050173254923227,0.7065427422388505,-0.42366036922605
2025-05-20,model2,-0.00015136901288013158,0.0008,-0.0009513690128801316,0.7058705593676091,-0.4242086808916631
2025-05-21,model2,-0.0010023439249417622,0.0,-0.0010023439249417622,0.7051630343006318,-0.42478582182240554
2025-05-22,model2,-0.004559246551220397,0.0,-0.004559246551220397,0.7019480221684484,-0.42740836508047486
2025-05-23,model2,-0.00033635922974748454,0.0008,-0.0011363592297474845,0.7011503570546543,-0.42805903486969177
2025-05-26,model2,-0.0029950793176778843,0.0,-0.0029950793176778843,0.6990503561216576,-0.4297720434252863
2025-05-27,model2,-0.0008737874184239658,0.0008,-0.001673787418423966,0.6978802944307364,-0.4307264838046345
2025-05-28,model2,-0.0007245514193581215,0.0,-0.0007245514193581215,0.6973746442728646,-0.4311389517387969
2025-05-29,model2,0.004698863806964137,0.0,0.004698863806964137,0.7006515127487327,-0.42846595114793073
2025-05-30,model2,-0.0016021909027603253,0.0008,-0.0024021909027603255,0.6989684140588025,-0.4298388850407009
2025-06-03,model2,-0.00039202899973060927,0.0,-0.00039202899973060927,0.6986943981705958,-0.43006240473228363
2025-06-04,model2,-0.002577086644617932,0.0,-0.002577086644617932,0.6968938021684009,-0.43153118329731377
2025-06-05,model2,-0.0019640801236557874,0.0008,-0.0027640801236557874,0.6949675318615283,-0.4331024766544799
2025-06-06,model2,-5.98552568742861e-05,0.0,-5.98552568742861e-05,0.6949259344013894,-0.43313640845136114
2025-06-09,model2,0.0033259713119363266,0.0008,0.0025259713119363267,0.6966812973756078,-0.43170452728132813
2025-06-10,model2,0.001731637170431055,0.0,0.001731637170431055,0.6978876966060875,-0.43072044571698076
2025-06-11,model2,-7.65332434996325e-05,0.0,-7.65332434996325e-05,0.6978342849970678,-0.43076401452772806
2025-06-12,model2,-0.0006103179276709892,0.0,-0.0006103179276709892,0.6974083842223906,-0.43111142945473724
2025-06-13,model2,0.0019107492175098884,0.0,0.0019107492175098884,0.6987409567468283,-0.4300244260637176
2025-06-16,model2,-0.0006393107819202548,0.0,-0.0006393107819202548,0.6982942441194109,-0.4303888175935662
2025-06-17,model2,0.0010143743552041063,0.0,0.0010143743552041063,0.6990025758930322,-0.42981101861769566
2025-06-18,model2,-0.0002501469951502689,0.0,-0.0002501469951502689,0.6988277224990702,-0.42995364967805627
2025-06-19,model2,0.0026565827949692096,0.0008,0.0018565827949692097,0.7001251540253095,-0.42889531143171356
2025-06-20,model2,-0.003859983449996474,0.0008,-0.0046599834499964745,0.6968625823946253,-0.43155664982865727
2025-06-23,model2,-0.0008040086245736159,0.0,-0.0008040086245736159,0.6963022988682374,-0.4320136831847765
2025-06-24,model2,-0.0018217352742464499,0.0,-0.0018217352742464499,0.6950338204088502,-0.43304840389340815
2025-06-25,model2,-0.00202515529963927,0.0008,-0.0028251552996392698,0.6930702419276936,-0.4346501301997876
2025-06-26,model2,-0.0003101638892597958,0.0,-0.0003101638892597958,0.6928552765659272,-0.4348254813141973
2025-06-27,model2,0.006258945292916396,0.0,0.006258945292916396,0.6971918198378618,-0.4312880849207924
2025-06-30,model2,0.0028715296387249014,0.0,0.0028715296387249014,0.6991938268124028,-0.4296550118007465
2025-07-01,model2,0.00045911215580227713,0.0,0.00045911215580227713,0.6995148351975543,-0.4293931594836633
2025-07-02,model2,-0.003524192500999357,0.0,-0.003524192500999357,0.6970496102610133,-0.4314040878320299
2025-07-03,model2,0.0017232704991523742,0.0008,0.0009232704991523742,0.697693175602613,-0.43087912000038653
2025-07-04,model2,0.003091718567527124,0.0,0.003091718567527124,0.6998502465480606,-0.42911955840852434
2025-07-07,model2,-0.0005544297336676163,0.0,-0.0005544297336676163,0.6994622287622597,-0.42943607149971197
2025-07-08,model2,-0.002950399867444187,0.0,-0.002950399867444187,0.6973985354952373,-0.43111946323872763
2025-07-09,model2,0.0005649834577264646,0.0008,-0.00023501654227353543,0.6972346353028386,-0.43125315957544397
2025-07-10,model2,-0.0004976787916686656,0.0,-0.0004976787916686656,0.6968876364120316,-0.43153621281575183
2025-07-11,model2,0.0029671043262687216,0.0,0.0029671043262687216,0.6989553747329529,-0.42984952145347033
2025-07-14,model2,-0.0005630783304297449,0.0,-0.0005630783304297449,0.6985618081075033,-0.4301705608330241
2025-07-15,model2,0.0013951833511320457,0.0,0.0013951833511320457,0.6995364299119117,-0.42937554428651337
2025-07-16,model2,0.0008172028247499963,0.0008,1.7202824749996287e-05,0.6995484639145217,-0.4293657279340036
2025-07-17,model2,-0.003848558455830808,0.0,-0.003848558455830808,0.69685621075846,-0.43156184728695
2025-07-18,model2,0.0018248619112473995,0.0008,0.0010248619112473993,0.6975703921464825,-0.43097927667533464
2025-07-21,model2,0.0029286674080385216,0.0,0.0029286674080385216,0.6996133438187745,-0.4293128042284353
2025-07-22,model2,0.0005046618250693414,0.0008,-0.00029533817493065863,0.699406721290654,-0.4294813499432907
2025-07-23,model2,0.0023637218798595594,0.0,0.0023637218798595594,0.7010599242606895,-0.4281328025272837
2025-07-24,model2,-0.0046456585245587155,0.0,-0.0046456585245587155,0.6978030392473213,-0.4307895022481384
2025-07-25,model2,-0.002788742255665167,0.0,-0.002788742255665167,0.6958570464256407,-0.43237688361558724
2025-07-28,model2,-0.00047500135768734357,0.0,-0.00047500135768734357,0.6955265133838323,-0.4326465053665245
2025-07-29,model2,-0.0012380956721032453,0.0008,-0.002038095672103245,0.6941089638070717,-0.43380282606848963
2025-07-30,model2,-0.004140527337434508,0.0,-0.004140527337434508,0.6912349866672701,-0.4361471809455312
2025-07-31,model2,0.0005552848452799802,0.0008,-0.00024471515472001984,0.69106583099056,-0.43628516427538544
2025-08-01,model2,-0.0023060679491943683,0.0,-0.0023060679491943683,0.6894721862269292,-0.43758512899053537
2025-08-04,model2,-0.0009075363627841782,0.0,-0.0009075363627841782,0.6888464651467999,-0.43809554093694714
2025-08-05,model2,0.00043026672576589346,0.0008,-0.0003697332742341066,0.6885917756877966,-0.43830329571240323
2025-08-06,model2,0.0024761960849545516,0.0,0.0024761960849545516,0.6902968639468867,-0.43691242453231427
2025-08-07,model2,-0.0013748923359226508,0.0008,-0.0021748923359226507,0.6887955425879773,-0.4381370793846522
2025-08-08,model2,-0.000419718621822396,0.0,-0.000419718621822396,0.6885064422721248,-0.438372903715346
2025-08-11,model2,-0.004214365230511064,0.0,-0.004214365230511064,0.6856048246608302,-0.44073980542244107
2025-08-12,model2,0.0008019428175659372,0.0008,1.9428175659371534e-06,0.6856061566659268,-0.4407387188819111
2025-08-13,model2,0.004754797762900864,0.0,0.004754797762900864,0.688866075285873,-0.4380795445935738
2025-08-14,model2,-0.007154321043086977,0.0,-0.007154321043086977,0.6839377062275865,-0.44209970393222897
2025-08-15,model2,0.008148544798505065,0.0008,0.007348544798505064,0.6889636531011868,-0.4379999486134757
2025-08-18,model2,-0.0052186757646872205,0.0,-0.0052186757646872205,0.6853681751819972,-0.4409328446613995
2025-08-19,model2,-0.0029552939357412548,0.0008,-0.0037552939357412547,0.6827944162299863,-0.4430323061595146
2025-08-20,model2,-0.0005435306709842712,0.0,-0.0005435306709842712,0.6824232965227885,-0.4433350351838643
2025-08-21,model2,-0.0035547000869375458,0.0,-0.0035547000869375458,0.6799974863713107,-0.4453138121826913
2025-08-22,model2,-0.0022037943675125684,0.0008,-0.0030037943675125683,0.6779549137518259,-0.44697997542939394
2025-08-25,model2,0.0007988841857621944,0.0,0.0007988841857621944,0.6784965212110821,-0.4465381764773546
2025-08-26,model2,-0.003386473239290977,0.0,-0.003386473239290977,0.6761988108990487,-0.44841246013168323
2025-08-27,model2,-0.0010926222655328393,0.0,-0.0010926222655328393,0.6754599810223335,-0.44901513695913386
2025-08-28,model2,-0.002857082332294869,0.0008,-0.003657082332294869,0.6729897682595645,-0.45103013396712255
2025-08-29,model2,-0.0002571555954947514,0.0,-0.0002571555954947514,0.6728167051749457,-0.45117130463993105
2025-09-01,model2,0.0031320396566848706,0.0,0.0031320396566848706,0.6749239937772338,-0.44945235140133655
2025-09-02,model2,-0.00992661495516911,0.0,-0.00992661495516911,0.6682242831670022,-0.4549174259234493
2025-09-03,model2,-0.0010948184739716814,0.0008,-0.0018948184739716813,0.6669581194505009,-0.45595025845464965
2025-09-04,model2,0.0030759633675112585,0.0,0.0030759633675112585,0.6690096581935948,-0.4542767813795521
2025-09-05,model2,-0.008505965911994996,0.0,-0.008505965911994996,0.6633190848462046,-0.4589186844745219
2025-09-08,model2,-0.004839382645835499,0.0008,-0.0056393826458355,0.6595783747104714,-0.46197004905528216
2025-09-09,model2,-0.0020820692779232263,0.0,-0.0020820692779232263,0.6582050868401043,-0.46309026468674663
2025-09-10,model2,-0.0013152758574757506,0.0,-0.0013152758574757506,0.6573393655801157,-0.4637964490992479
2025-09-11,model2,0.005079784268124055,0.0008,0.004279784268124054,0.6601526362557443,-0.46150161357759045
2025-09-12,model2,-0.0033565106706694436,0.0,-0.0033565106706694436,0.6579368268878814,-0.4633090891577555
2025-09-15,model2,-0.0002170488744754007,0.0008,-0.0010170488744754007,0.6572676729786191,-0.4638549300445688
2025-09-16,model2,0.005002913861969516,0.0,0.005002913861969516,0.6605559265307883,-0.46117264244206213
2025-09-17,model2,0.0031680567239724235,0.0,0.0031680567239724235,0.662648605175394,-0.45946560680889037
2025-09-18,model2,0.002097980015794399,0.0,0.002097980015794399,0.664038828706546,-0.45833157645412603
2025-09-19,model2,-0.0012176552254498764,0.0,-0.0012176552254498764,0.6632302583568698,-0.4589911418405178
2025-09-22,model2,0.0013464093777240116,0.0008,0.0005464093777240116,0.6635926535896264,-0.45869552952698767
2025-09-23,model2,0.0020941299809117187,0.0,0.0020941299809117187,0.6649823028606211,-0.45756196760656864
2025-09-24,model2,-0.005226314623093932,0.0,-0.005226314623093932,0.6615068961270819,-0.4603969194273888
2025-09-25,model2,0.0008378941192050959,0.0,0.0008378941192050959,0.6620611688651604,-0.459944789179472
2025-09-26,model2,0.0038838316927527045,0.0,0.0038838316927527045,0.6646325030153398,-0.4578473056358511
2025-09-29,model2,-0.0017017627999130983,0.0008,-0.0025017627999130983,0.6629697501436829,-0.45920364307848394
2025-09-30,model2,0.0012246654794121348,0.0,0.0012246654794121348,0.6637816663105783,-0.45854134844877037
2025-10-09,model2,0.003132330401331718,0.0,0.003132330401331718,0.6658608498038097,-0.4568453210534523
2025-10-10,model2,-0.0019276999867081212,0.0,-0.0019276999867081212,0.6645772698524933,-0.457892360320838
2025-10-13,model2,-0.00014283295982666635,0.0,-0.00014283295982666635,0.6644823463140068,-0.45796979115955805
2025-10-14,model2,-0.00903051854050112,0.0008,-0.009830518540501121,0.6579501402887313,-0.46329822917707564
2025-10-15,model2,-7.54201447879417e-05,0.0,-7.54201447879417e-05,0.6579005175938876,-0.46333870730233906
2025-10-16,model2,0.005804331969003585,0.0,0.005804331969003585,0.6617191906005817,-0.4602237470046072
2025-10-17,model2,0.005105572059285723,0.0,0.005105572059285723,0.6650976456112051,-0.45746788044904807
2025-10-20,model2,-0.002098825789434589,0.0008,-0.0028988257894345887,0.6631696434036152,-0.459040586548799
2025-10-21,model2,0.002205989657132079,0.0008,0.001405989657132079,0.6641020530631646,-0.45828000320855833
2025-10-22,model2,0.003557799784327154,0.0008,0.002757799784327154,0.6659335135618734,-0.4567860479182413
2025-10-23,model2,-0.001421432193382888,0.0,-0.001421432193382888,0.6649869342270439,-0.4575581897176251
2025-10-24,model2,0.003973284482609696,0.0008,0.003173284482609696,0.6670971269465649,-0.4558368675383372
2025-10-27,model2,-0.0035460869381314986,0.0,-0.0035460869381314986,0.6647315425382346,-0.4577665173145722
2025-10-28,model2,-0.00041118400620510087,0.0,-0.00041118400620510087,0.6644582155595229,-0.4579894750502813
2025-10-29,model2,-0.005972017585191924,0.0008,-0.006772017585191924,0.6599584928391286,-0.4616599798565999
2025-10-30,model2,-0.0029502210426190167,0.0,-0.0029502210426190167,0.6580114694062994,-0.4632482019121109
2025-10-31,model2,0.0016397362033397918,0.0,0.0016397362033397918,0.6590904346348977,-0.4623680705565786
2025-11-03,model2,-0.0004952481208500893,0.0,-0.0004952481208500893,0.6587640213356745,-0.46263433175934443
2025-11-04,model2,-0.00624819210679366,0.0008,-0.007048192106793661,0.6541209259602567,-0.46642178822070013
2025-11-05,model2,-0.0016907832986905902,0.0,-0.0016907832986905902,0.6530149492233192,-0.46732395334972165
2025-11-06,model2,-0.001549535920584955,0.0,-0.001549535920584955,0.6520030791028186,-0.4681493540180415
2025-11-07,model2,0.00012965435158509566,0.0008,-0.0006703456484149044,0.6515660116759889,-0.4685058777841822
2025-11-10,model2,-0.0011746804767644116,0.0,-0.0011746804767644116,0.6508006298027499,-0.46913021355306417
2025-11-11,model2,-0.00032483989976053165,0.0,-0.00032483989976053165,0.6505892237914007,-0.4693026612412794
2025-11-12,model2,-0.00392729960446121,0.0,-0.00392729960446121,0.648034164990138,-0.4713868686898751
2025-11-13,model2,0.002329142736688894,0.0008,0.0015291427366888942,0.6490251017266588,-0.47057854375961394
2025-11-14,model2,0.00193056853202096,0.0,0.00193056853202096,0.6502780891645441,-0.46955645935601953
2025-11-17,model2,-0.0034633328549435126,0.0,-0.0034633328549435126,0.6480259596934906,-0.4713935618980244
2025-11-18,model2,0.003459959926748235,0.0008,0.002659959926748235,0.6497496827777679,-0.469987489955652
2025-11-19,model2,-0.003889879631758664,0.0,-0.003889879631758664,0.6472222347209889,-0.47204917482305087
2025-11-20,model2,-0.0018172921011455402,0.0008,-0.00261729210114554,0.6455282650783679,-0.4734309763475798
2025-11-21,model2,0.006878859256740543,0.0,0.006878859256740543,0.6499687631600899,-0.4698087821449155
2025-11-24,model2,-0.003741118547229272,0.0,-0.003741118547229272,0.647537152965112,-0.47179229034361125
2025-11-25,model2,-0.002595443440060574,0.0008,-0.003395443440060574,0.6453384771868812,-0.47358578974635335
2025-11-26,model2,0.00011594482506573913,0.0,0.00011594482506573913,0.6454133008437268,-0.4735247547428334
2025-11-27,model2,-0.0008530871655238582,0.0,-0.0008530871655238582,0.6448627070403187,-0.47397388401752827
2025-11-28,model2,0.004975139292118015,0.0008,0.004175139292118014,0.6475550986665044,-0.4717776517120096
2025-12-01,model2,-0.00075739548399314,0.0,-0.00075739548399314,0.6470646433591377,-0.47217772493314714
2025-12-02,model2,0.0014335186217078189,0.0008,0.0006335186217078188,0.6474745708601545,-0.47184333969294
2025-12-03,model2,-0.00042985998786240244,0.0,-0.00042985998786240244,0.6471962474489833,-0.47207037310852906
2025-12-04,model2,-0.0005796086974534377,0.0,-0.0005796086974534377,0.6468211268750026,-0.47237636571191877
2025-12-05,model2,0.0011287636097761407,0.0008,0.00032876360977614064,0.6470337781235536,-0.472202902261307
2025-12-08,model2,-0.0018878250990113977,0.0,-0.0018878250990113977,0.6458122915173037,-0.47319929086960344
2025-12-09,model2,1.1302499651355373e-05,0.0,1.1302499651355373e-05,0.6458195908105033,-0.47319333670477226
2025-12-10,model2,-0.0031912085590290575,0.0008,-0.003991208559029058,0.6432419901320718,-0.4752959319682697
2025-12-11,model2,-0.0025328554404628447,0.0,-0.0025328554404628447,0.6416127511578317,-0.4766249315216169
2025-12-12,model2,0.002540996982344002,0.0008,0.001740996982344002,0.642729797021431,-0.4757137371067618
2025-12-15,model2,0.0021027128588501313,0.0,0.0021027128588501313,0.6440812732303941,-0.4746113136400577
2025-12-16,model2,0.002010847258144777,0.0,0.002010847258144777,0.6453764222926919,-0.4735548372406305
2025-12-17,model2,-0.002805395914132003,0.0008,-0.003605395914132003,0.6430495847766807,-0.47545288047945766
2025-12-18,model2,-0.002987789513099992,0.0,-0.002987789513099992,0.6411282879708816,-0.47702011686228796
2025-12-19,model2,0.0030940258218146613,0.0008,0.0022940258218146613,0.6425990528185827,-0.47582038750608047
2025-12-22,model2,-0.0026887906316570565,0.0,-0.0026887906316570565,0.6408712385054524,-0.4772297967374597
2025-12-23,model2,0.0009035631717875249,0.0008,0.00010356317178752484,0.6409376091636194,-0.47717565699709374
2025-12-24,model2,0.005559016922586845,0.0,0.005559016922586845,0.6445005921792822,-0.47426926762680033
2025-12-25,model2,0.002179664095198941,0.0,0.002179664095198941,0.6459053869793899,-0.4731233512257038
2025-12-26,model2,0.0009408604140327627,0.0,0.0009408604140327627,0.6465130937892094,-0.4726276338437938
2025-12-29,model2,-9.913513645587457e-05,0.0,-9.913513645587457e-05,0.6464490016254361,-0.47267991497527573
2025-12-30,model2,0.0012718118448572292,0.0008,0.00047181184485722914,0.6467540039214991,-0.47243111911312996
2025-12-31,model2,-0.0010708102783220763,0.0,-0.0010708102783220763,0.6460614530865539,-0.4729960452933065
2026-01-05,model2,-0.000890158541667142,0.0,-0.000890158541667142,0.6454863559656471,-0.47346516236508107
2026-01-06,model2,-0.0009025534783987151,0.0,-0.0009025534783987151,0.6449037700098114,-0.4739403882142865
2026-01-07,model2,-0.004847514291693767,0.0,-0.004847514291693767,0.6417775897679217,-0.47649046970070064
2026-01-08,model2,-0.003920977322842845,0.0,-0.003920977322842845,0.6392611943921329,-0.47854313869729626
2026-01-09,model2,-0.0066443619845684585,0.0008,-0.007444361984568459,0.6345023026583904,-0.4824250523321705
2026-01-12,model2,0.008353156727275213,0.0,0.008353156727275213,0.6398023998363129,-0.4781016676761898
2026-01-13,model2,-0.0037578349774576745,0.0,-0.0037578349774576745,0.6373981279995466,-0.4800628754840731
2026-01-14,model2,0.006809686794491388,0.0008,0.006009686794491388,0.641228691112219,-0.4769382162129039
2026-01-15,model2,-0.0006200715510920941,0.0,-0.0006200715510920941,0.6408310834431163,-0.47726255194449374
2026-01-16,model2,-0.0037821180040289006,0.0008,-0.004582118004028901,0.6378947197981303,-0.479657796616609
2026-01-19,model2,0.0031826461661610406,0.0,0.0031826461661610406,0.6399249129825102,-0.478001731497919
2026-01-20,model2,-0.0012494906881648671,0.0,-0.0012494906881648671,0.6391253327626139,-0.47865396347365063
2026-01-21,model2,0.004928863262748484,0.0008,0.0041288632627484835,0.6417641938693494,-0.4765013969762574
2026-01-22,model2,-0.004109260623597866,0.0,-0.004109260623597866,0.6391270175378471,-0.47865258917217124
2026-01-23,model2,-0.012403221653896868,0.0,-0.012403221653896868,0.6311997834743311,-0.48511897666735404
2026-01-26,model2,0.006181485915278761,0.0008,0.005381485915278761,0.6345965762188253,-0.4823481516922451
2026-01-27,model2,0.0016180860353432359,0.0,0.0016180860353432359,0.6356234080768816,-0.48151054646532876
2026-01-28,model2,0.0013740987690662012,0.0,0.0013740987690662012,0.6364968174195097,-0.4807980907454529
2026-01-29,model2,-0.010456245003688292,0.0008,-0.011256245003688293,0.6293322532985679,-0.4866423546424048
2026-01-30,model2,0.0012071599555376622,0.0,0.0012071599555376622,0.6300919579934782,-0.48602264985006005
2026-02-02,model2,0.00767099714608457,0.0,0.00767099714608457,0.634925391605017,-0.4820799310639077
2026-02-03,model2,-0.00823718728324474,0.0,-0.00823718728324474,0.629695392243479,-0.48634613566948526
2026-02-04,model2,0.003972584580670712,0.0008,0.0031725845806707125,0.6316931541354301,-0.4847165253397083
2026-02-05,model2,-0.006038542285457771,0.0,-0.006038542285457771,0.6278786483127492,-0.48782808639044206
2026-02-06,model2,0.0027808352274479643,0.0,0.0027808352274479643,0.6296246753765397,-0.4864038206905672
2026-02-09,model2,0.0023124741043780263,0.0008,0.0015124741043780264,0.630576966393524,-0.48562701976925426
2026-02-10,model2,0.0009630594896548939,0.0,0.0009630594896548939,0.631184249524967,-0.4851316479894211
2026-02-11,model2,-0.000796263612482484,0.0008,-0.0015962636124824841,0.6301767130746783,-0.4859535136049543
2026-02-12,model2,0.005827297898962503,0.0008,0.0050272978989625025,0.6333447991402937,-0.4833692487839314
2026-02-13,model2,-6.70607512121002e-06,0.0008,-0.0008067060751212101,0.6328338760431809,-0.4837860179495318
2026-02-24,model2,0.0035778973060804024,0.0,0.0035778973060804024,0.6350980906634722,-0.4819390573337924
2026-02-25,model2,0.004628537306124515,0.0,0.004628537306124515,0.6380376658691566,-0.4795411929338158
2026-02-26,model2,0.003990704902344256,0.0,0.003990704902344256,0.6405838859102209,-0.4774641954209886
2026-02-27,model2,0.004157458332252961,0.0,0.004157458332252961,0.6432470867242053,-0.4752917745863411
2026-03-02,model2,-0.0009313145710333704,0.0,-0.0009313145710333704,0.6426480213395642,-0.4757804430022099
2026-03-03,model2,-0.013176407901325637,0.0,-0.013176407901325637,0.6341802288734143,-0.482687773715065
2026-03-04,model2,0.0037382124973280645,0.0008,0.0029382124973280645,0.6360435851474485,-0.481167800466774
2026-03-05,model2,-0.0010051983030250789,0.0,-0.0010051983030250789,0.6354042352150083,-0.4816893297132996
2026-03-06,model2,-0.0018939136577468042,0.0,-0.0018939136577468042,0.6342008344557445,-0.4826709653707114
2026-03-09,model2,-0.00010299595190113022,0.0008,-0.0009029959519011303,0.6336281536695386,-0.4831381113947826
2026-03-10,model2,0.003776066323459216,0.0,0.003776066323459216,0.6360207756022058,-0.4811864066233409
2026-03-11,model2,-0.0008024840279581725,0.0,-0.0008024840279581725,0.6355103790883355,-0.48160274624551325
2026-03-12,model2,-0.00024077630265275643,0.0008,-0.0010407763026527564,0.6348489549456905,-0.48214228182258123
2026-03-13,model2,0.0037456988836126032,0.0,0.0037456988836126032,0.6372269079674933,-0.4802025427457338
2026-03-16,model2,0.0022796427394508713,0.0,0.0022796427394508713,0.6386795576616241,-0.47901759024631907
2026-03-17,model2,0.009549922227064522,0.0,0.009549922227064522,0.6447788977653086,-0.4740422487515027
2026-03-18,model2,-0.004302425026635914,0.0,-0.004302425026635914,0.6420047848989164,-0.4763051425434274
2026-03-19,model2,0.004732234124541934,0.0,0.004732234124541934,0.6450429018501342,-0.4738268958681243
2026-03-20,model2,0.0015039705139693552,0.0,0.0015039705139693552,0.6460130273547622,-0.4730355470342662
2026-03-23,model2,0.0037620002846299634,0.0008,0.0029620002846299635,0.6479265181256617,-0.47147467817459177
2026-03-24,model2,0.0029013026290249048,0.0008,0.002101302629024905,0.6492880078216141,-0.47036408652633377
2026-03-25,model2,-0.004913288256682247,0.0008,-0.005713288256682247,0.6455784382713222,-0.47339004917110006
2026-03-26,model2,-0.0015881687596949415,0.0,-0.0015881687596949415,0.6445531507637271,-0.474226394643551
2026-03-27,model2,0.003208971342206546,0.0,0.003208971342206546,0.6466215033530568,-0.4725392022114736
2026-03-30,model2,0.0014109171161041268,0.0008,0.0006109171161041267,0.6470165354970961,-0.4722169673820307
2026-03-31,model2,0.006036829752036521,0.0,0.006036829752036521,0.6509224641686446,-0.4690308310681024
2026-04-01,model2,0.0004828450764311036,0.0,0.0004828450764311036,0.651236758875607,-0.46877445521914685
2026-04-02,model2,0.003952305006175428,0.0008,0.003152305006175428,0.653289655770816,-0.46709987027492594
2026-04-03,model2,-0.0004963221564329599,0.0008,-0.0012963221564329598,0.6524427819154718,-0.4677906805202545
2026-04-07,model2,-0.0019307171532624069,0.0,-0.0019307171532624069,0.6511830994449053,-0.46881822618250024
2026-04-08,model2,-0.008944729768317838,0.0,-0.008944729768317838,0.645358442590675,-0.47356950360715355
2026-04-09,model2,-0.0007271371865319232,0.0008,-0.0015271371865319232,0.6443728917143524,-0.4743734351943195
2026-04-10,model2,0.0015271041119127916,0.0,0.0015271041119127916,0.6453569162068945,-0.4735707487058741
2026-04-13,model2,-6.860868139275668e-05,0.0,-6.860868139275668e-05,0.6453126391198458,-0.47360686632265203
2026-04-14,model2,0.002658733171757532,0.0008,0.0018587331717575322,0.6465121031283322,-0.4726284419437007
2026-04-15,model2,0.0035725602121677636,0.0,0.0035725602121677636,0.6488218065446533,-0.4707443752983599
2026-04-16,model2,-0.006006548745639151,0.0,-0.006006548745639151,0.6449246267364092,-0.47392337500703396
2026-04-17,model2,-0.005599175405121848,0.0,-0.005599175405121848,0.6413135806282292,-0.4768689703069041
2026-04-20,model2,-0.0005621998880189771,0.0008,-0.001362199888018977,0.6404399833405123,-0.47758157933697143
2026-04-21,model2,-0.0007347293086407802,0.0,-0.0007347293086407802,0.6399694333143267,-0.4779654154620063
2026-04-22,model2,0.005323921280835498,0.0,0.005323921280835498,0.6433765801994331,-0.4751861444280523
2026-04-23,model2,-0.0035059071498232623,0.0,-0.0035059071498232623,0.6411209616468831,-0.47702609307662824
2026-04-24,model2,-0.004620067772267023,0.0008,-0.0054200677722670235,0.637646042584536,-0.4798606470952802
2026-04-27,model2,-0.003295255844809875,0.0,-0.003295255844809875,0.6355448357357895,-0.4815746393380551
2026-04-28,model2,0.0061302469049512535,0.0,0.0061302469049512535,0.6394408824980166,-0.47839656387540896
2026-04-29,model2,-0.004434999787383199,0.0008,-0.005234999787383199,0.6360934096140953,-0.4811271577526195
2026-04-30,model2,-0.0020866940441533364,0.0008,-0.0028866940441533363,0.6342572025570371,-0.482624984896008
2026-05-06,model2,-0.005961527076224905,0.0,-0.005961527076224905,0.6304760610707026,-0.4857093300571127
2026-05-07,model2,-0.004683208282001595,0.0008,-0.0054832082820015955,0.627019029511036,-0.4885292929178997
2026-05-08,model2,0.0032608857071272815,0.0,0.0032608857071272815,0.6290636669024654,-0.48686144539956144
2026-05-11,model2,0.001630188589245041,0.0,0.001630188589245041,0.6300891593141585,-0.48602493278314995
2026-05-12,model2,-0.0026855967638295566,0.0,-0.0026855967638295566,0.6283969939069803,-0.48740526256035666
2026-05-13,model2,0.005536487819356762,0.0008,0.004736487819356761,0.6313733886143411,-0.4849773638302074
2026-05-14,model2,0.004475338302235566,0.0,0.004475338302235566,0.6341989981234192,-0.48267246330003843
2026-05-15,model2,0.0009714756291881342,0.0,0.0009714756291881342,0.6348151069941516,-0.4821698922058265
2026-05-18,model2,-0.0039008015659602437,0.0,-0.0039008015659602437,0.6323388192306936,-0.4841898447012113
2026-05-19,model2,-0.0008431500077257679,0.0008,-0.0016431500077257678,0.6312997916949894,-0.4850373981618755
2026-05-20,model2,0.0013574550389723772,0.0,0.0013574550389723772,0.632156752778328,-0.4843383595831281
2026-05-21,model2,-0.006482704583320765,0.0,-0.006482704583320765,0.6280586672997147,-0.4876812416629013
2026-05-22,model2,0.007107961522847895,0.0,0.007107961522847895,0.6325228841409722,-0.48403969964120785
2026-05-25,model2,-0.0002599903297085147,0.0008,-0.0010599903297085146,0.6318524160004635,-0.4845866125701017
2026-05-26,model2,0.0027121884377857347,0.0,0.0027121884377857347,0.6335661188175269,-0.4831887143400344
2026-05-27,model2,0.000693937728019023,0.0,0.000693937728019023,0.634005774250569,-0.4828300794906488
2026-05-28,model2,-0.00430896335345401,0.0,-0.00430896335345401,0.6312738666034451,-0.48505854572563234
2026-05-29,model2,0.010459281694952872,0.0008,0.009659281694952872,0.6373715187076298,-0.4800845811623876
2026-06-01,model2,-0.00033698684148637543,0.0008,-0.0011369868414863754,0.6366468356777211,-0.4806757181522918
2026-06-02,model2,0.0013871595675865045,0.0,0.0013871595675865045,0.6375299664270051,-0.47995533250604683
2026-06-03,model2,-0.001868672030809826,0.0,-0.001868672030809826,0.6363386320099398,-0.4809271254309646
2026-06-04,model2,-0.00379033239215012,0.0008,-0.0045903323921501205,0.633417626175048,-0.4833098424609853
2026-06-05,model2,-0.0015294051084268293,0.0,-0.0015294051084268293,0.6324488740218084,-0.48410007102739927
2026-06-08,model2,-0.008244587972147555,0.0,-0.008244587972147555,0.6272345936420499,-0.4883534533766386
2026-06-09,model2,0.008181700124412572,0.0008,0.007381700124412572,0.6318646513199733,-0.48457663199977374
2026-06-10,model2,0.006574765247827541,0.0,0.006574765247827541,0.6360190130708026,-0.4811878443519275
2026-06-11,model2,0.0007686432175802783,0.0,0.0007686432175802783,0.6365078847714515,-0.4807890629072905
2026-06-12,model2,0.0028022368693902955,0.0008,0.0020022368693902956,0.6377823243259986,-0.47974947962605274
2026-06-15,model2,0.008209121033337041,0.0008,0.007409121033337041,0.642507730759853,-0.4758948805529455
2026-06-16,model2,-0.008173781799058144,0.0008,-0.008973781799058144,0.6367420065798061,-0.4805980855346327
2026-06-17,model2,0.0027884895576679725,0.0,0.0027884895576679725,0.6385175550160824,-0.4791497387199132
2026-06-18,model2,0.002912456205053138,0.0,0.002912456205053138,0.6403772094312243,-0.47763278514454455
2026-06-22,model2,-0.0024342376345262377,0.0,-0.0024342376345262377,0.638818379127734,-0.47890435107798834
2026-06-23,model2,0.003268247373540367,0.0008,0.0024682473735403673,0.6403951409141854,-0.47761815811117325
2026-06-24,model2,-0.004773116625277485,0.0,-0.004773116625277485,0.637338460220341,-0.48011154756543584
2026-06-25,model2,0.00027486738099291586,0.0,0.00027486738099291586,0.6375136437737079,-0.4799686471881066
2026-06-26,model2,0.0010043813003627559,0.0008,0.00020438130036275583,0.6376439396412213,-0.4798623625039895
2026-06-29,model2,-0.006175968252911713,0.0,-0.006175968252911713,0.6337058709133356,-0.4830747160403094
2026-06-30,model2,0.009760045140848429,0.0008,0.008960045140848428,0.6393839041227398,-0.4784430421615846
2026-07-01,model2,-0.0004485851779042705,0.0008,-0.0012485851779042705,0.6385855788570616,-0.47909425044857457
2026-07-02,model2,-0.00505376463694711,0.0,-0.00505376463694711,0.6353583176409694,-0.48172678550483994
2026-07-03,model2,-0.0002604006659736591,0.0,-0.0002604006659736591,0.6351928699119238,-0.4818617441950508
2026-07-06,model2,-0.00794669323431787,0.0008,-0.00874669323431787,0.6296370327341783,-0.48639374057154117
2026-07-07,model2,0.0017023430492006057,0.0,0.0017023430492006057,0.6307088909603726,-0.4855194065257771
2026-07-08,model2,0.0054402893247675445,0.0,0.0054402893247675445,0.6341401298069004,-0.48272048324529915
2026-07-09,model2,-0.002263915787113026,0.0,-0.002263915787113026,0.6327044899557887,-0.48389156050963034
2026-07-10,model2,0.0015027902011848678,0.0,0.0015027902011848678,0.6336553120635399,-0.4831159578040154
2026-07-13,model2,0.011478060560657522,0.0008,0.010678060560657522,0.6404215218603367,-0.47759663869860924
2026-07-14,model2,0.0009557771212755917,0.0,0.0009557771212755917,0.6410336220989034,-0.4770973375177998
2026-07-15,model2,-0.007762725528127179,0.0,-0.007762725528127179,0.6360574540362484,-0.48115648736457606
2026-07-16,model2,-0.0009352696196044622,0.0008,-0.0017352696196044621,0.6349537228599363,-0.48205682074938117
2026-07-17,model2,0.01168868682042046,0.0008,0.010888686820420459,0.6418675350936183,-0.4764170996797482
2026-07-20,model2,-0.0175037284753373,0.0008,-0.0183037284753373,0.6301189660141306,-0.4860006189215398
2026-07-21,model2,-0.012639710272564478,0.0,-0.012639710272564478,0.6221544448464641,-0.492497422178649
2026-07-22,model2,0.0048280330236210485,0.0008,0.004028033023621048,0.6246605034960983,-0.49045318503561175
2026-07-23,model2,0.0007464481104569653,0.0,0.0007464481104569653,0.62512678014861,-0.49007283477839225
2026-07-24,model2,-0.007415472810195523,0.0,-0.007415472810195523,0.620491169507493,-0.49385418580727314
2026-07-27,model2,0.010777733425948099,0.0008,0.009977733425948099,0.6266822649899935,-0.4888039977985986
2026-07-28,model2,0.01066843693662203,0.0008,0.00986843693662203,0.6328666394013467,-0.4837592922886208
2026-07-29,model2,0.00545386529139833,0.0,0.00545386529139833,0.6363182088000615,-0.4809437850108269
2026-07-30,model2,-0.012974459317082099,0.0,-0.012974459317082099,0.6280623240872666,-0.48767825875548254
2026-07-31,model2,0.010570861704131797,0.0008,0.009770861704131797,0.6341990341974989,-0.48267243387376235
2026-08-03,model2,-0.0006732586465920233,0.0008,-0.0014732586465920233,0.6332646949867071,-0.48343459118367826
2026-08-04,model2,0.011571738972018863,0.0,0.011571738972018863,0.6405926687372885,-0.47745703111088145
2026-08-05,model2,0.004298830029355027,0.0,0.004298830029355027,0.643346467738241,-0.4752107077045926
2026-08-06,model2,0.0015697057937112294,0.0,0.0015697057937112294,0.6443563324160133,-0.474386942911999
2026-08-07,model2,0.002183586632381917,0.0008,0.0013835866323819172,0.6452478552240347,-0.4736597117124066
2026-08-10,model2,-0.0015599579776034214,0.0,-0.0015599579776034214,0.6442412956847464,-0.47448078044405495
2026-08-11,model2,-0.0019370830902527116,0.0,-0.0019370830902527116,0.642993346764833,-0.47549875483785964
2026-08-12,model2,-0.0027499908049668067,0.0008,-0.0035499908049668066,0.640710726296163,-0.4773607294353789
2026-08-13,model2,-0.0024275164582685084,0.0,-0.0024275164582685084,0.6391553904630899,-0.4786294448664119
2026-08-14,model2,0.0027399737831400373,0.0008,0.0019399737831400374,0.6403953351639409,-0.47761799965815166
2026-08-17,model2,-0.005710646108240613,0.0,-0.005710646108240613,0.6367382640354515,-0.48060113839541874
2026-08-18,model2,-0.00027492877793937613,0.0,-0.00027492877793937613,0.6365632063626531,-0.4807439360897028
2026-08-19,model2,0.013120249333494451,0.0,0.013120249333494451,0.6449150743466598,-0.47393116706327065
2026-08-20,model2,-0.0053914706968878345,0.0,-0.0053914706968878345,0.6414380336213386,-0.476767451760595
2026-08-21,model2,9.18034210574348e-05,0.0,9.18034210574348e-05,0.6414969198272215,-0.476719417222658
2026-08-24,model2,0.005221789916001907,0.0008,0.004421789916001907,0.6443334844384597,-0.47440558041849357
2026-08-25,model2,-0.0009741130626656603,0.0,-0.0009741130626656603,0.6437058307745553,-0.4749175688082721
2026-08-26,model2,-0.0010226325654831394,0.0008,-0.0018226325654831393,0.6425325915647943,-0.47587460114692515
2026-08-27,model2,-0.005575612955358177,0.0,-0.005575612955358177,0.6389500785230258,-0.4787969215110026
2026-08-28,model2,0.0016077468617193614,0.0008,0.0008077468617193614,0.639466188443748,-0.4783759213600347
2026-08-31,model2,0.0010155278641279964,0.0008,0.00021552786412799634,0.6396040112255255,-0.4782634968364876
2026-09-01,model2,0.005380317056272511,0.0008,0.0045803170562725105,0.6425336003874021,-0.4758737782321677
2026-09-02,model2,-0.0028581582314804793,0.0008,-0.003658158231480479,0.6401831108081422,-0.4777911148846625
2026-09-03,model2,-0.0006585579684072584,0.0,-0.0006585579684072584,0.6397615131192796,-0.47813501970712835
2026-09-04,model2,0.005886458491807333,0.0008,0.005086458491807333,0.6430156335004167,-0.47548057514654085
2026-09-07,model2,0.007228631942532849,0.0,0.007228631942532849,0.6476637568482857,-0.4716890172775662
2026-09-08,model2,0.000987921865693986,0.0,0.000987921865693986,0.6483035980352937,-0.47116708730584833
2026-09-09,model2,-0.0003547503620719539,0.0,-0.0003547503620719539,0.6480736120991581,-0.47135469097310223
2026-09-10,model2,-0.0017509443558563656,0.0,-0.0017509443558563656,0.6469388712658737,-0.4722803194931927
2026-09-11,model2,-0.0021591965238529458,0.0008,-0.0029591965238529457,0.6450244520068784,-0.4738419457373173
2026-09-14,model2,-0.0005208644197435054,0.0,-0.0005208644197435054,0.6446884817199635,-0.4741160027469441
2026-09-15,model2,-0.0015534272844583087,0.0,-0.0015534272844583087,0.6436870050424838,-0.47493292529673703
2026-09-16,model2,-0.003777944145254431,0.0008,-0.004577944145254431,0.6407402418863731,-0.4773366530372407
2026-09-17,model2,0.0014579465763287836,0.0,0.0014579465763287836,0.6416744069283474,-0.4765746377999638
2026-09-18,model2,0.005231315103097334,0.0,0.005231315103097334,0.6450312079445828,-0.4738364347973425
2026-09-21,model2,-0.0010041128968048874,0.0,-0.0010041128968048874,0.644383523789844,-0.4743647624189914
2026-09-22,model2,-0.002818677633982647,0.0008,-0.003618677633982647,0.6420517075445987,-0.47626686689685893
2026-09-23,model2,-0.00020969835348068062,0.0,-0.00020969835348068062,0.6419170703586772,-0.4763766928725339
2026-09-24,model2,0.002921171355324415,0.0,0.002921171355324415,0.6437922201171027,-0.47484709946677295
2026-09-28,model2,0.006597745847473569,0.0,0.006597745847473569,0.6480397975640161,-0.47138227409799116
2026-09-29,model2,-0.0015647815743979443,0.0,-0.0015647815743979443,0.6470257568293113,-0.4722094453753828
2026-09-30,model2,0.002113894488482604,0.0,0.002113894488482604,0.6483935010105791,-0.47109375183088853
