date,model,universe,snapshot_date,eligible_count,raw_score,smoothed_score
2015-04-16,model1,csi500,2015-04-16,448,1.9942354017857145,
2015-04-16,model1,sse50,2015-04-16,48,5.27177625,
2015-04-17,model1,csi500,2015-04-16,441,1.5388388662131518,
2015-04-17,model1,sse50,2015-04-16,46,4.261473043478261,
2015-04-20,model1,csi500,2015-04-16,443,-1.2144694130925506,0.7728682849687719
2015-04-20,model1,sse50,2015-04-16,50,3.2255432,4.2529308311594205
2015-04-21,model1,csi500,2015-04-16,449,4.1350829844098,1.486484145843467
2015-04-21,model1,sse50,2015-04-16,49,4.573410816326531,4.020142353268263
2015-04-22,model1,csi500,2015-04-16,447,8.92173067114094,3.9474480808193966
2015-04-22,model1,sse50,2015-04-16,50,6.7511584000000004,4.850037472108844
2015-04-23,model1,csi500,2015-04-16,444,5.879706396396397,6.312173350649046
2015-04-23,model1,sse50,2015-04-16,49,2.8922038775510206,4.73892436462585
2015-04-24,model1,csi500,2015-04-16,446,6.963147309417041,7.254861458984792
2015-04-24,model1,sse50,2015-04-16,47,0.11010659574468099,3.251156291098567
2015-04-27,model1,csi500,2015-04-16,441,4.638857709750567,5.827237138521336
2015-04-27,model1,sse50,2015-04-16,50,2.3635704000000004,1.7886269577652338
2015-04-28,model1,csi500,2015-04-16,449,-3.5311215367483295,2.6902944941397595
2015-04-28,model1,sse50,2015-04-16,49,-0.599787551020408,0.6246298149080909
2015-04-29,model1,csi500,2015-04-16,454,1.099021035242291,0.7355857360815096
2015-04-29,model1,sse50,2015-04-16,48,0.7471458333333333,0.8369762274376417
2015-04-30,model1,csi500,2015-04-16,447,0.9349524384787472,-0.49904935434243053
2015-04-30,model1,sse50,2015-04-16,48,-1.1732233333333333,-0.3419550170068029
2015-05-04,model1,csi500,2015-04-16,445,0.8450298876404495,0.9596677871204958
2015-05-04,model1,sse50,2015-04-16,46,-0.7611160869565217,-0.39573119565217413
2015-05-05,model1,csi500,2015-04-16,447,-2.839553020134228,-0.3531902313383439
2015-05-05,model1,sse50,2015-04-16,49,-4.930913469387755,-2.2884176298925367
2015-05-06,model1,csi500,2015-04-16,451,-7.079486230598669,-3.024669787697482
2015-05-06,model1,sse50,2015-04-16,49,-9.787079591836735,-5.159703049393671
2015-05-07,model1,csi500,2015-04-16,451,-11.262040044345897,-7.0603597650262655
2015-05-07,model1,sse50,2015-04-16,46,-10.048212173913043,-8.255401745045845
2015-05-08,model1,csi500,2015-04-16,450,1.8366595333333333,-5.501622247203745
2015-05-08,model1,sse50,2015-04-16,45,-3.1602022222222224,-7.665164662657333
2015-05-11,model1,csi500,2015-04-16,453,6.399331898454746,-1.0086828708526063
2015-05-11,model1,sse50,2015-04-16,46,2.626563043478261,-3.5272837842190015
2015-05-12,model1,csi500,2015-04-16,444,7.149448873873874,5.128480101887318
2015-05-12,model1,sse50,2015-04-16,43,3.921915348837209,1.1294253900310827
2015-05-13,model1,csi500,2015-04-16,449,9.690493585746102,7.746424786024908
2015-05-13,model1,sse50,2015-04-16,46,0.6585760869565218,2.402351493090664
2015-05-14,model1,csi500,2015-04-16,447,7.618042237136466,8.15266156558548
2015-05-14,model1,sse50,2015-04-16,46,-2.1364347826086956,0.8146855510616785
2015-05-15,model1,csi500,2015-04-16,449,1.311696614699332,6.206744145860633
2015-05-15,model1,sse50,2015-04-16,46,-7.109929130434782,-2.8625959420289853
2015-05-18,model1,csi500,2015-04-16,449,2.9040964365256126,3.9446117627871367
2015-05-18,model1,sse50,2015-04-16,47,-14.284345957446808,-7.843569956830095
2015-05-19,model1,csi500,2015-04-16,447,5.752072662192394,3.3226219044724465
2015-05-19,model1,sse50,2015-04-16,47,1.2195510638297873,-6.724908008017267
2015-05-20,model1,csi500,2015-04-16,439,6.012373735763099,4.889514278160369
2015-05-20,model1,sse50,2015-05-20,46,1.4003317391304348,-3.888154384828862
2015-05-21,model1,csi500,2015-04-16,441,13.131162585034014,8.29853632766317
2015-05-21,model1,sse50,2015-05-20,47,2.7241382978723405,1.7813403669441874
2015-05-22,model1,csi500,2015-04-16,435,10.899564206896553,10.014366842564556
2015-05-22,model1,sse50,2015-05-20,49,7.363665918367348,3.8293786517900408
2015-05-25,model1,csi500,2015-04-16,435,13.544378689655174,12.52503516052858
2015-05-25,model1,sse50,2015-05-20,48,14.014922291666666,8.034242169302118
2015-05-26,model1,csi500,2015-04-16,436,16.265352958715596,13.56976528508911
2015-05-26,model1,sse50,2015-05-20,45,11.969280222222222,11.11595614408541
2015-05-27,model1,csi500,2015-04-16,437,11.861982585812358,13.890571411394376
2015-05-27,model1,sse50,2015-05-20,48,1.3506762500000002,9.11162625462963
2015-05-28,model1,csi500,2015-04-16,433,-2.151970346420323,8.658455066035877
2015-05-28,model1,sse50,2015-05-20,47,-5.3375689361702126,2.66079584535067
2015-05-29,model1,csi500,2015-04-16,429,-1.9581156177156176,2.583965540558806
2015-05-29,model1,sse50,2015-05-20,46,-9.060223043478262,-4.349038576549492
2015-06-01,model1,csi500,2015-04-16,431,3.495837610208817,-0.20474945130904118
2015-06-01,model1,sse50,2015-05-20,47,1.8700808510638298,-4.175903709528214
2015-06-02,model1,csi500,2015-04-16,429,6.0555186247086255,2.5310802057339417
2015-06-02,model1,sse50,2015-05-20,46,3.8413260869565216,-1.1162720351526365
2015-06-03,model1,csi500,2015-04-16,428,5.28399605140187,4.945117428773104
2015-06-03,model1,sse50,2015-05-20,46,2.44016,2.717188979340117
2015-06-04,model1,csi500,2015-04-16,434,2.277394631336406,4.538969769148967
2015-06-04,model1,sse50,2015-05-20,46,5.379481304347826,3.8869891304347832
2015-06-05,model1,csi500,2015-04-16,428,1.0933695560747667,2.8849200796043473
2015-06-05,model1,sse50,2015-05-20,47,-0.27976106382978705,2.5132934135060134
2015-06-08,model1,csi500,2015-04-16,432,-2.5912518518518515,0.2598374451864404
2015-06-08,model1,sse50,2015-05-20,45,0.7969184444444447,1.9655462283208287
2015-06-09,model1,csi500,2015-04-16,435,-2.113217264367816,-1.2036998533816337
2015-06-09,model1,sse50,2015-05-20,47,-0.5516072340425532,-0.01148328447596488
2015-06-10,model1,csi500,2015-04-16,433,3.5018812471131637,-0.40086262303550146
2015-06-10,model1,sse50,2015-05-20,46,1.7074571739130435,0.6509227947716453
2015-06-11,model1,csi500,2015-04-16,433,5.372001062355658,2.2535550150336685
2015-06-11,model1,sse50,2015-05-20,47,-0.17077999999999974,0.3283566466234971
2015-06-12,model1,csi500,2015-04-16,432,5.879904583333334,4.917928964267386
2015-06-12,model1,sse50,2015-05-20,45,-2.0826213333333334,-0.18198138647342957
2015-06-15,model1,csi500,2015-06-15,438,2.3476265525114157,4.533177399400135
2015-06-15,model1,sse50,2015-06-15,46,-9.148828478260869,-3.8007432705314006
2015-06-16,model1,csi500,2015-06-15,441,-3.481536893424036,1.5819980808069047
2015-06-16,model1,sse50,2015-06-15,46,-12.793552608695652,-8.008334140096617
2015-06-17,model1,csi500,2015-06-15,440,-0.1925150909090908,-0.44214181060723695
2015-06-17,model1,sse50,2015-06-15,45,-3.5090453333333333,-8.483808806763285
2015-06-18,model1,csi500,2015-06-15,434,-3.339035069124424,-2.33769568448585
2015-06-18,model1,sse50,2015-06-15,47,-7.196436170212766,-7.833011370747251
2015-06-19,model1,csi500,2015-06-15,437,-8.304717803203662,-3.945422654412392
2015-06-19,model1,sse50,2015-06-15,47,-12.405286382978723,-7.703589295508274
2015-06-23,model1,csi500,2015-06-15,433,-5.009392655889146,-5.551048509405743
2015-06-23,model1,sse50,2015-06-15,48,0.5722095833333334,-6.343170989952719
2015-06-24,model1,csi500,2015-06-15,437,0.21368697940503428,-4.366807826562591
2015-06-24,model1,sse50,2015-06-15,48,3.52695625,-2.7687068498817964
2015-06-25,model1,csi500,2015-06-15,438,-3.5782323744292235,-2.7913126836377784
2015-06-25,model1,sse50,2015-06-15,50,-1.5586627999999998,0.8468343444444445
2015-06-26,model1,csi500,2015-06-15,439,-7.250712892938496,-3.538419429320895
2015-06-26,model1,sse50,2015-06-15,50,-5.387072399999999,-1.1395929833333331
2015-06-29,model1,csi500,2015-06-15,435,-12.971789977011493,-7.933578414793071
2015-06-29,model1,sse50,2015-06-15,50,-11.6584672,-6.201400799999999
2015-06-30,model1,csi500,2015-06-15,429,0.7414986013986015,-6.493668089517129
2015-06-30,model1,sse50,2015-06-15,50,1.176196,-5.2897812
2015-07-01,model1,csi500,2015-06-15,427,-0.7623416861826698,-4.330877687265188
2015-07-01,model1,sse50,2015-06-15,50,-0.510178,-3.6641497333333337
2015-07-02,model1,csi500,2015-06-15,427,-4.147551241217799,-1.3894647753339562
2015-07-02,model1,sse50,2015-06-15,50,-2.80132,-0.7117673333333334
2015-07-03,model1,csi500,2015-06-15,392,-8.073394540816325,-4.327762489405598
2015-07-03,model1,sse50,2015-06-15,49,-7.378338367346938,-3.563278789115646
2015-07-06,model1,csi500,2015-06-15,393,-19.777011603053435,-10.665985795029188
2015-07-06,model1,sse50,2015-06-15,49,-16.48198244897959,-8.887213605442176
2015-07-07,model1,csi500,2015-06-15,362,-40.82302961325967,-22.891145252376475
2015-07-07,model1,sse50,2015-06-15,50,-12.1979868,-12.019435872108843
2015-07-08,model1,csi500,2015-06-15,210,0.604042380952381,-19.998666278453577
2015-07-08,model1,sse50,2015-06-15,38,3.954927105263158,-8.241680714572144
2015-07-09,model1,csi500,2015-06-15,269,3.647311152416357,-12.19055869329698
2015-07-09,model1,sse50,2015-06-15,46,7.0726702173913045,-0.39012982578184613
2015-07-10,model1,csi500,2015-06-15,249,7.317055020080322,3.85613618448302
2015-07-10,model1,sse50,2015-06-15,45,17.070594444444446,9.366063922366303
2015-07-13,model1,csi500,2015-06-15,226,19.734651991150443,10.233006054549042
2015-07-13,model1,sse50,2015-06-15,45,19.240533111111112,14.46126592431562
2015-07-14,model1,csi500,2015-06-15,268,10.379305895522387,12.477004302251052
2015-07-14,model1,sse50,2015-06-15,46,1.8884013043478263,12.73317628663446
2015-07-15,model1,csi500,2015-06-15,372,-2.0956028763440857,9.33945167010958
2015-07-15,model1,sse50,2015-06-15,50,0.39313060000000005,7.174021671819646
2015-07-16,model1,csi500,2015-06-15,385,0.5269242857142857,2.9368757682975293
2015-07-16,model1,sse50,2015-06-15,47,-0.028602553191489317,0.7509764503854456
2015-07-17,model1,csi500,2015-06-15,394,4.439063020304569,0.9567948098915894
2015-07-17,model1,sse50,2015-06-15,49,1.9885061224489797,0.7843447230858303
2015-07-20,model1,csi500,2015-06-15,390,5.255197179487181,3.407061495168678
2015-07-20,model1,sse50,2015-06-15,49,0.7315412244897961,0.8971482645824288
2015-07-21,model1,csi500,2015-06-15,397,15.133338010075567,8.275866069955773
2015-07-21,model1,sse50,2015-06-15,49,1.2029248979591838,1.3076574149659865
2015-07-22,model1,csi500,2015-06-15,402,22.094938855721395,14.161158015094713
2015-07-22,model1,sse50,2015-06-15,50,-3.6567409999999994,-0.5740916258503399
2015-07-23,model1,csi500,2015-06-15,410,23.083142756097562,20.103806540631506
2015-07-23,model1,sse50,2015-06-15,50,5.4775844000000005,1.007922765986395
2015-07-24,model1,csi500,2015-06-15,414,2.7209407487922705,15.96634078687041
2015-07-24,model1,sse50,2015-06-15,50,1.6891012,1.1699815333333337
2015-07-27,model1,csi500,2015-06-15,422,-3.6871456635071094,7.37231261379424
2015-07-27,model1,sse50,2015-06-15,50,-3.8306799999999996,1.112001866666667
2015-07-28,model1,csi500,2015-06-15,421,-2.2820500950118765,-1.082751669908905
2015-07-28,model1,sse50,2015-06-15,50,-1.7922307999999998,-1.3112698666666665
2015-07-29,model1,csi500,2015-06-15,422,3.2810020142180094,-0.8960645814336586
2015-07-29,model1,sse50,2015-06-15,47,2.8558319148936167,-0.9223596283687945
2015-07-30,model1,csi500,2015-06-15,419,0.108392124105012,0.369114681103715
2015-07-30,model1,sse50,2015-06-15,50,-0.69355,0.12335037163120555
2015-07-31,model1,csi500,2015-06-15,417,0.9034157553956835,1.4309366312395684
2015-07-31,model1,sse50,2015-06-15,48,-0.35034958333333327,0.6039774438534278
2015-08-03,model1,csi500,2015-06-15,418,0.39310026315789487,0.4683027142195302
2015-08-03,model1,sse50,2015-06-15,49,2.754391020408163,0.5701638123582765
2015-08-04,model1,csi500,2015-06-15,421,4.959226294536818,2.085247437696799
2015-08-04,model1,sse50,2015-06-15,50,6.504912000000001,2.96965114569161
2015-08-05,model1,csi500,2015-06-15,416,1.6957426923076921,2.3493564166674683
2015-08-05,model1,sse50,2015-06-15,50,1.306984,3.5220956734693876
2015-08-06,model1,csi500,2015-06-15,408,2.949199289215686,3.201389425353399
2015-08-06,model1,sse50,2015-06-15,47,1.1980948936170215,3.0033302978723406
2015-08-07,model1,csi500,2015-06-15,414,6.266915579710145,3.637285853744508
2015-08-07,model1,sse50,2015-06-15,45,2.7770322222222226,1.7607037052797476
2015-08-10,model1,csi500,2015-06-15,412,11.274891480582525,6.830335449836119
2015-08-10,model1,sse50,2015-06-15,49,5.877474081632654,3.284200399157299
2015-08-11,model1,csi500,2015-06-15,399,10.99791679197995,9.513241284090872
2015-08-11,model1,sse50,2015-06-15,49,2.4411061224489794,3.6985374754346183
2015-08-12,model1,csi500,2015-06-15,413,6.60282956416465,9.625212612242375
2015-08-12,model1,sse50,2015-06-15,47,0.3132282978723406,2.8772695006513236
2015-08-13,model1,csi500,2015-06-15,415,9.46159330120482,9.02077988578314
2015-08-13,model1,sse50,2015-06-15,48,4.065288541666667,2.273207653995995
2015-08-14,model1,csi500,2015-06-15,416,4.761412331730769,6.94194506570008
2015-08-14,model1,sse50,2015-06-15,49,0.5651963265306126,1.6479043886898728
2015-08-17,model1,csi500,2015-06-15,417,6.42166757793765,6.881557736957745
2015-08-17,model1,sse50,2015-06-15,49,-3.5693097959183677,0.35372502409296996
2015-08-18,model1,csi500,2015-06-15,419,-1.8531414797136039,3.109979476651605
2015-08-18,model1,sse50,2015-06-15,49,-9.733810612244898,-4.245974693877552
2015-08-19,model1,csi500,2015-06-15,427,0.7525257611241218,1.7736839531160562
2015-08-19,model1,sse50,2015-06-15,49,-1.4240061224489797,-4.9090421768707495
2015-08-20,model1,csi500,2015-06-15,421,0.004242660332541557,-0.3654576860856468
2015-08-20,model1,sse50,2015-06-15,50,-3.677206,-4.945007578231293
2015-08-21,model1,csi500,2015-06-15,425,-3.4009529411764707,-0.8813948399066024
2015-08-21,model1,sse50,2015-06-15,49,-4.702654693877551,-3.2679556054421774
2015-08-24,model1,csi500,2015-06-15,419,-8.53459121718377,-3.977100499342567
2015-08-24,model1,sse50,2015-06-15,50,-9.890932399999999,-6.09026436462585
2015-08-25,model1,csi500,2015-06-15,190,-18.323767157894736,-10.086437105418327
2015-08-25,model1,sse50,2015-06-15,45,-21.346837333333333,-11.980141475736962
2015-08-26,model1,csi500,2015-06-15,408,-13.762942352941177,-13.540433576006563
2015-08-26,model1,sse50,2015-06-15,49,-20.089932653061226,-17.10923412879819
2015-08-27,model1,csi500,2015-06-15,416,-0.05694086538461533,-10.714550125406843
2015-08-27,model1,sse50,2015-06-15,50,2.717962,-12.906269328798189
2015-08-28,model1,csi500,2015-06-15,422,4.8378483412322275,-2.994011625697856
2015-08-28,model1,sse50,2015-06-15,50,5.4026380000000005,-3.98977755102041
2015-08-31,model1,csi500,2015-06-15,417,-0.08146875299760187,1.5664795742833355
2015-08-31,model1,sse50,2015-06-15,50,11.4201586,6.513586199999999
2015-09-01,model1,csi500,2015-06-15,420,-3.8289166666666667,0.3091543071893185
2015-09-01,model1,sse50,2015-06-15,50,23.1096868,13.310827799999998
2015-09-02,model1,csi500,2015-06-15,408,-0.4981922549019606,-1.4695258915220775
2015-09-02,model1,sse50,2015-06-15,50,30.079276600000004,21.536374
2015-09-07,model1,csi500,2015-06-15,410,0.33324043902439016,-1.3312894941814133
2015-09-07,model1,sse50,2015-06-15,50,-0.08538539999999989,17.701192666666667
2015-09-08,model1,csi500,2015-06-15,422,3.983322985781991,1.272790389968139
2015-09-08,model1,sse50,2015-06-15,50,1.8159686000000002,10.6032866
2015-09-09,model1,csi500,2015-06-15,421,11.640388028503564,5.31898381776998
2015-09-09,model1,sse50,2015-06-15,50,5.070756599999999,2.2671132666666653
2015-09-10,model1,csi500,2015-06-15,419,5.180949403341289,6.934886805875614
2015-09-10,model1,sse50,2015-06-15,49,4.533969387755103,3.806898195918366
2015-09-11,model1,csi500,2015-06-15,421,5.939899786223278,7.587079072689376
2015-09-11,model1,sse50,2015-06-15,48,4.14514375,4.583289912585033
2015-09-14,model1,csi500,2015-06-15,428,-2.78741,2.7778130631881877
2015-09-14,model1,sse50,2015-06-15,46,6.17269195652174,4.95060169809228
2015-09-15,model1,csi500,2015-06-15,421,-8.024693064133016,-1.6240677593032473
2015-09-15,model1,sse50,2015-06-15,48,1.6276970833333335,3.981844263285024
2015-09-16,model1,csi500,2015-06-15,428,1.0371691588785048,-3.2583113017515046
2015-09-16,model1,sse50,2015-06-15,48,6.50879,4.769726346618357
2015-09-17,model1,csi500,2015-06-15,421,-0.088166270783848,-2.3585633920127878
2015-09-17,model1,sse50,2015-06-15,46,0.09527826086956523,2.743921781400965
2015-09-18,model1,csi500,2015-06-15,408,-0.2891593137254901,0.2199478581230544
2015-09-18,model1,sse50,2015-06-15,46,-2.0415869565217393,1.5208271014492742
2015-09-21,model1,csi500,2015-06-15,433,4.719536628175519,1.4474036812220594
2015-09-21,model1,sse50,2015-06-15,48,2.3800095833333335,0.14456696256038523
2015-09-22,model1,csi500,2015-06-15,425,5.1039460000000005,3.1781077714833423
2015-09-22,model1,sse50,2015-06-15,47,2.9299821276595743,1.0894682514903884
2015-09-23,model1,csi500,2015-06-15,427,3.0915257845433253,4.305002804239614
2015-09-23,model1,sse50,2015-06-15,49,-1.4235918367346938,1.2954666247527367
2015-09-24,model1,csi500,2015-06-15,426,5.749276267605634,4.648249350716319
2015-09-24,model1,sse50,2015-06-15,48,-1.4154049999999998,0.03032843030829239
2015-09-25,model1,csi500,2015-06-15,429,-0.7765837296037295,2.6880727741817423
2015-09-25,model1,sse50,2015-06-15,49,-3.397171224489796,-2.078722687074831
2015-09-28,model1,csi500,2015-06-15,422,0.5690998815165877,1.8472641398394962
2015-09-28,model1,sse50,2015-06-15,46,-6.063616739130436,-3.625397654540078
2015-09-29,model1,csi500,2015-06-15,421,0.4905568883610452,0.09435768009129998
2015-09-29,model1,sse50,2015-06-15,48,-7.184202708333333,-5.5483302239845225
2015-09-30,model1,csi500,2015-06-15,412,-1.293808786407767,-0.07805067217671253
2015-09-30,model1,sse50,2015-06-15,46,-6.8385558695652175,-6.695458439009663
2015-10-08,model1,csi500,2015-06-15,419,2.001113365155131,0.39928715570280193
2015-10-08,model1,sse50,2015-06-15,47,-14.794226808510638,-9.60566179546973
2015-10-09,model1,csi500,2015-06-15,428,6.303059906542056,2.3367881617631387
2015-10-09,model1,sse50,2015-06-15,45,-5.411167111111111,-9.014649929728991
2015-10-12,model1,csi500,2015-06-15,429,10.632760396270395,6.31231122265586
2015-10-12,model1,sse50,2015-06-15,47,4.242788510638298,-5.320868469661153
2015-10-13,model1,csi500,2015-06-15,425,20.09753251764706,12.344450940153171
2015-10-13,model1,sse50,2015-06-15,45,5.478245111111112,1.4366221702127648
2015-10-14,model1,csi500,2015-06-15,425,7.609979082352942,12.780090665423465
2015-10-14,model1,sse50,2015-06-15,44,1.6768636363636367,3.799299086037681
2015-10-15,model1,csi500,2015-06-15,427,10.52627231850117,12.744594639500392
2015-10-15,model1,sse50,2015-06-15,47,6.435162765957447,4.530090504477397
2015-10-16,model1,csi500,2015-06-15,416,6.668331442307693,8.268194281053935
2015-10-16,model1,sse50,2015-06-15,43,8.244412093023255,5.452146165114779
2015-10-19,model1,csi500,2015-06-15,419,1.8070099284009549,6.333871229736605
2015-10-19,model1,sse50,2015-06-15,45,2.8252435555555557,5.834939471512084
2015-10-20,model1,csi500,2015-06-15,423,5.5131914420803785,4.662844270929674
2015-10-20,model1,sse50,2015-06-15,46,5.916906086956522,5.662187245178443
2015-10-21,model1,csi500,2015-06-15,424,-1.3062139622641509,2.0046624694057265
2015-10-21,model1,sse50,2015-06-15,46,0.6718223913043477,3.137990677938807
2015-10-22,model1,csi500,2015-06-15,424,0.8969282075471698,1.701301895787798
2015-10-22,model1,sse50,2015-06-15,45,1.9598044444444447,2.8495109742351037
2015-10-23,model1,csi500,2015-06-15,419,4.185455369928401,1.2587232050704722
2015-10-23,model1,sse50,2015-06-15,42,3.540638095238095,2.0574216436622947
2015-10-26,model1,csi500,2015-06-15,419,2.0721029355608596,2.3848288376788087
2015-10-26,model1,sse50,2015-06-15,46,-1.3035095652173911,1.3989776581550484
2015-10-27,model1,csi500,2015-06-15,419,4.983605393794749,3.7470545664280017
2015-10-27,model1,sse50,2015-06-15,46,-3.7846347826086957,-0.5158354175293317
2015-10-28,model1,csi500,2015-06-15,425,0.47310578823529437,2.509604705863633
2015-10-28,model1,sse50,2015-06-15,45,-8.706231555555556,-4.598125301127215
2015-10-29,model1,csi500,2015-06-15,422,-0.24419886255924156,1.7375041064902659
2015-10-29,model1,sse50,2015-06-15,47,-15.613837021276595,-9.36823445314695
2015-10-30,model1,csi500,2015-06-15,423,-1.8090090543735224,-0.5267007095658244
2015-10-30,model1,sse50,2015-06-15,44,-10.030045454545455,-11.450038010459204
2015-11-02,model1,csi500,2015-06-15,424,-2.636682830188679,-1.5632969157071488
2015-11-02,model1,sse50,2015-06-15,47,-9.731471063829787,-11.79178451321728
2015-11-03,model1,csi500,2015-06-15,428,-3.7890382710280375,-2.744910051863414
2015-11-03,model1,sse50,2015-06-15,47,-12.29348510638298,-10.685000541586076
2015-11-04,model1,csi500,2015-06-15,441,5.665038594104309,-0.25356083570413723
2015-11-04,model1,sse50,2015-06-15,47,2.6742872340425534,-6.4502229787234056
2015-11-05,model1,csi500,2015-06-15,438,3.618728538812786,1.831576287296351
2015-11-05,model1,sse50,2015-06-15,47,7.917197021276596,-0.5673336170212776
2015-11-06,model1,csi500,2015-06-15,437,7.277828375286042,5.520531836067711
2015-11-06,model1,sse50,2015-06-15,47,14.065971276595747,8.21915184397163
2015-11-09,model1,csi500,2015-06-15,434,13.919246520737326,8.271934478278716
2015-11-09,model1,sse50,2015-06-15,48,22.489239791666666,14.824136029846336
2015-11-10,model1,csi500,2015-06-15,433,15.350098244803696,12.182391046942355
2015-11-10,model1,sse50,2015-06-15,47,26.986286170212768,21.180499079491725
2015-11-11,model1,csi500,2015-06-15,434,14.622309285714286,14.630551350418434
2015-11-11,model1,sse50,2015-06-15,48,3.7720275,17.749184487293146
2015-11-12,model1,csi500,2015-06-15,441,4.678257505668935,11.550221678728972
2015-11-12,model1,sse50,2015-06-15,48,-2.439015625,9.439766015070923
2015-11-13,model1,csi500,2015-06-15,442,0.11217350678733054,6.470913432723516
2015-11-13,model1,sse50,2015-06-15,44,-6.192877272727273,-1.6199551325757575
2015-11-16,model1,csi500,2015-06-15,447,4.726926532438479,3.172452514964913
2015-11-16,model1,sse50,2015-06-15,47,2.7941197872340426,-1.94592437016441
2015-11-17,model1,csi500,2015-06-15,445,0.8080805617977529,1.8823935336745194
2015-11-17,model1,sse50,2015-06-15,47,1.2357787234042554,-0.7209929206963248
2015-11-18,model1,csi500,2015-06-15,444,-2.3750524774774777,1.0533182055862502
2015-11-18,model1,sse50,2015-06-15,48,-0.8054583333333332,1.0748133924349885
2015-11-19,model1,csi500,2015-06-15,445,1.7797811685393259,0.07093641761986591
2015-11-19,model1,sse50,2015-06-15,45,3.616518444444445,1.3489462781717894
2015-11-20,model1,csi500,2015-06-15,437,3.2015650114416476,0.8687645675011643
2015-11-20,model1,sse50,2015-06-15,48,0.7644645833333333,1.1918415648148153
2015-11-23,model1,csi500,2015-06-15,440,0.436859340909091,1.8060685069633537
2015-11-23,model1,sse50,2015-06-15,49,-2.0141938775510204,0.7889297167422528
2015-11-24,model1,csi500,2015-06-15,440,1.7611943181818184,1.7998728901775178
2015-11-24,model1,sse50,2015-06-15,45,-2.9836928888888887,-1.4111407277021915
2015-11-25,model1,csi500,2015-06-15,442,5.316441380090498,2.5048316797271344
2015-11-25,model1,sse50,2015-06-15,49,0.5106320408163266,-1.4957515752078603
2015-11-26,model1,csi500,2015-06-15,445,1.3497330561797753,2.809122918150696
2015-11-26,model1,sse50,2015-06-15,46,-2.6146186956521738,-1.6958931812415783
2015-11-27,model1,csi500,2015-06-15,452,-3.704621349557522,0.9871843622375825
2015-11-27,model1,sse50,2015-06-15,47,-7.977338297872341,-3.360441650902729
2015-11-30,model1,csi500,2015-06-15,451,-4.532290376940133,-2.2957262234392943
2015-11-30,model1,sse50,2015-06-15,46,-7.688535217391304,-6.093497403638605
2015-12-01,model1,csi500,2015-06-15,450,-1.1668753333333333,-3.134595686610331
2015-12-01,model1,sse50,2015-06-15,47,-1.5815706382978725,-5.749148051187173
2015-12-02,model1,csi500,2015-06-15,450,-1.1818316,-2.2936657700911565
2015-12-02,model1,sse50,2015-06-15,48,3.3943895833333335,-1.9585720907852806
2015-12-03,model1,csi500,2015-06-15,451,4.98756177383592,0.8796182801675277
2015-12-03,model1,sse50,2015-06-15,48,8.408385416666667,3.407068120567376
2015-12-04,model1,csi500,2015-06-15,449,2.614087438752784,2.1399392041962337
2015-12-04,model1,sse50,2015-06-15,48,-1.5031875000000001,3.433195833333334
2015-12-07,model1,csi500,2015-06-15,443,3.511390925507901,3.7043467126988667
2015-12-07,model1,sse50,2015-06-15,44,-3.291754545454545,1.2044811237373743
2015-12-08,model1,csi500,2015-06-15,455,-1.5576361758241757,1.5226140628121687
2015-12-08,model1,sse50,2015-06-15,48,-7.596603333333333,-4.130515126262626
2015-12-09,model1,csi500,2015-06-15,442,-2.7854810859728505,-0.2772421120963762
2015-12-09,model1,sse50,2015-06-15,47,-2.562512765957447,-4.483623548248442
2015-12-10,model1,csi500,2015-06-15,443,-3.810944514672686,-2.718020592156572
2015-12-10,model1,sse50,2015-06-15,47,-2.246308510638298,-4.135141536643025
2015-12-11,model1,csi500,2015-06-15,447,-4.321302796420581,-3.6392427990220404
2015-12-11,model1,sse50,2015-06-15,48,-4.3963925,-3.0684045921985814
2015-12-14,model1,csi500,2015-12-14,461,3.354273145336226,-1.5926580552523484
2015-12-14,model1,sse50,2015-12-14,50,4.536252,-0.702149670212766
2015-12-15,model1,csi500,2015-12-14,451,5.472733902439025,1.501901417118222
2015-12-15,model1,sse50,2015-12-14,47,-0.29184893617021274,-0.05066314539007075
2015-12-16,model1,csi500,2015-12-14,447,3.245606644295302,4.024204564023516
2015-12-16,model1,sse50,2015-12-14,47,-2.814170212765957,0.4767442836879436
2015-12-17,model1,csi500,2015-12-14,460,7.703335326086957,5.473891957607093
2015-12-17,model1,sse50,2015-12-14,50,0.4912684000000001,-0.8715835829787232
2015-12-18,model1,csi500,2015-12-14,449,4.212028752783964,5.053656907722073
2015-12-18,model1,sse50,2015-12-14,46,1.592638260869565,-0.24342118396546386
2015-12-21,model1,csi500,2015-12-14,449,4.029532204899778,5.314965427923565
2015-12-21,model1,sse50,2015-12-14,50,4.563986000000001,2.2159642202898553
2015-12-22,model1,csi500,2015-12-14,444,4.139301576576576,4.126954178086771
2015-12-22,model1,sse50,2015-12-14,48,4.081770833333333,3.4127983647343
2015-12-23,model1,csi500,2015-12-14,448,-0.7293809374999999,2.4798176146587836
2015-12-23,model1,sse50,2015-12-14,49,4.733804489795919,4.459853774376417
2015-12-24,model1,csi500,2015-12-14,450,-2.187253133333333,0.4075558352477467
2015-12-24,model1,sse50,2015-12-14,50,-0.45133499999999954,2.7880801077097512
2015-12-25,model1,csi500,2015-12-14,444,0.4326223423423424,-0.828003909496998
2015-12-25,model1,sse50,2015-12-14,45,2.3667782222222224,2.216415904006048
2015-12-28,model1,csi500,2015-12-14,454,-4.564600264317181,-2.1064103517693917
2015-12-28,model1,sse50,2015-12-14,50,-2.660324,-0.24829359259259207
2015-12-29,model1,csi500,2015-12-14,451,-1.0266729490022173,-1.7195502903256863
2015-12-29,model1,sse50,2015-12-14,49,0.6448571428571429,0.11710378835978875
2015-12-30,model1,csi500,2015-12-14,446,1.681886793721973,-1.3031288065324762
2015-12-30,model1,sse50,2015-12-14,45,0.9123288888888889,-0.3677126560846558
2015-12-31,model1,csi500,2015-12-14,453,-1.975882362030905,-0.44022283910371757
2015-12-31,model1,sse50,2015-12-14,48,-1.6377083333333333,-0.02684076719576689
2016-01-04,model1,csi500,2015-12-14,461,-6.683971149674621,-2.3259889059945187
2016-01-04,model1,sse50,2015-12-14,50,-5.9821816000000005,-2.235853681481481
2016-01-05,model1,csi500,2015-12-14,457,-0.5039593435448577,-3.0546042850834625
2016-01-05,model1,sse50,2015-12-14,49,0.7465000000000002,-2.2911299777777776
2016-01-06,model1,csi500,2015-12-14,461,4.004137809110629,-1.0612642280362843
2016-01-06,model1,sse50,2015-12-14,50,4.336158,-0.29984119999999975
2016-01-07,model1,csi500,2015-12-14,462,-1.2495121212121212,0.7502221147845489
2016-01-07,model1,sse50,2015-12-14,50,-1.00744,1.3584060000000004
2016-01-08,model1,csi500,2015-12-14,452,-3.02521407079646,-0.09019612763265172
2016-01-08,model1,sse50,2015-12-14,48,-2.2765758333333332,0.35071405555555596
2016-01-11,model1,csi500,2015-12-14,457,-7.131897024070021,-3.8022077386928683
2016-01-11,model1,sse50,2015-12-14,50,-5.545401999999999,-2.9431392777777767
2016-01-12,model1,csi500,2015-12-14,449,-5.746630066815144,-5.301247053893877
2016-01-12,model1,sse50,2015-12-14,50,-8.951856,-5.591277944444443
2016-01-13,model1,csi500,2015-12-14,459,-12.25506339869281,-8.377863496525991
2016-01-13,model1,sse50,2015-12-14,50,-18.1285308,-10.875262933333332
2016-01-14,model1,csi500,2015-12-14,463,1.2769802591792656,-5.5749044021095635
2016-01-14,model1,sse50,2015-12-14,50,0.902008,-8.726126266666666
2016-01-15,model1,csi500,2015-12-14,459,-0.3295045098039216,-3.769195883105823
2016-01-15,model1,sse50,2015-12-14,50,-0.579396,-5.935306266666667
2016-01-18,model1,csi500,2015-12-14,464,1.33931838362069,0.7622647109986774
2016-01-18,model1,sse50,2015-12-14,48,0.7663645833333333,0.36299219444444447
2016-01-19,model1,csi500,2015-12-14,464,6.229005668103448,2.4129398473067383
2016-01-19,model1,sse50,2015-12-14,50,4.4076732,1.531547261111111
2016-01-20,model1,csi500,2015-12-14,458,2.6918142794759827,3.42004611040004
2016-01-20,model1,sse50,2015-12-14,48,0.7677339583333335,1.9805905805555553
2016-01-21,model1,csi500,2015-12-14,467,-1.8240874518201284,2.365577498586434
2016-01-21,model1,sse50,2015-12-14,50,-3.1419687999999995,0.6778127861111112
2016-01-22,model1,csi500,2015-12-14,451,-1.3724859645232814,-0.1682530456224763
2016-01-22,model1,sse50,2015-12-14,43,-2.432356976744186,-1.6021972728036173
2016-01-25,model1,csi500,2015-12-14,459,-2.361380021786492,-1.852651146043301
2016-01-25,model1,sse50,2015-12-14,46,-4.375711086956521,-3.316678954566902
2016-01-26,model1,csi500,2015-12-14,469,-9.700850234541578,-4.478238740283785
2016-01-26,model1,sse50,2015-12-14,50,-12.128339599999999,-6.312135887900236
2016-01-27,model1,csi500,2015-12-14,467,-11.595487494646681,-7.885905916991585
2016-01-27,model1,sse50,2015-12-14,48,-13.269060000000001,-9.924370228985508
2016-01-28,model1,csi500,2015-12-14,466,-16.649596309012875,-12.648644679400377
2016-01-28,model1,sse50,2015-12-14,49,-17.093962040816326,-14.16378721360544
2016-01-29,model1,csi500,2015-12-14,467,1.105566381156317,-9.04650580750108
2016-01-29,model1,sse50,2015-12-14,50,1.355218,-9.669268013605441
2016-02-01,model1,csi500,2015-12-14,459,0.7523525490196078,-4.930559126278983
2016-02-01,model1,sse50,2015-12-14,50,-0.248964,-5.329236013605441
2016-02-02,model1,csi500,2015-12-14,464,3.457209310344828,1.7717094135069178
2016-02-02,model1,sse50,2015-12-14,50,1.83585,0.980701333333334
2016-02-03,model1,csi500,2015-12-14,458,8.475898384279477,4.228486747881305
2016-02-03,model1,sse50,2015-12-14,47,4.375493617021276,1.987459872340426
2016-02-04,model1,csi500,2015-12-14,453,13.041558741721854,8.324888812115386
2016-02-04,model1,sse50,2015-12-14,47,7.008259361702128,4.406534326241135
2016-02-05,model1,csi500,2015-12-14,453,2.5863433112582785,8.034600145753204
2016-02-05,model1,sse50,2015-12-14,48,0.15980541666666662,3.8478527984633573
2016-02-15,model1,csi500,2015-12-14,462,6.2499109740259735,7.292604342335369
2016-02-15,model1,sse50,2015-12-14,50,3.3123532,3.493472659456265
2016-02-16,model1,csi500,2015-12-14,465,9.907938860215054,6.248064381833102
2016-02-16,model1,sse50,2015-12-14,49,7.224798571428572,3.5656523960317466
2016-02-17,model1,csi500,2015-12-14,459,11.57655734204793,9.24480239209632
2016-02-17,model1,sse50,2015-12-14,48,10.051935208333335,6.86302899325397
2016-02-18,model1,csi500,2015-12-14,457,4.50903398249453,8.664510061585839
2016-02-18,model1,sse50,2015-12-14,49,1.4902448979591838,6.255659559240364
2016-02-19,model1,csi500,2015-12-14,446,5.7053413452914805,7.263644223277981
2016-02-19,model1,sse50,2015-12-14,48,0.12557666666666678,3.8892522576530624
2016-02-22,model1,csi500,2015-12-14,447,5.932723199105146,5.382366175630385
2016-02-22,model1,sse50,2015-12-14,49,3.1204863265306124,1.5787692970521547
2016-02-23,model1,csi500,2015-12-14,453,1.4379185430463577,4.358661029147662
2016-02-23,model1,sse50,2015-12-14,49,-0.2986,0.9824876643990935
2016-02-24,model1,csi500,2015-12-14,452,3.659397544247788,3.6766797621330967
2016-02-24,model1,sse50,2015-12-14,49,2.0972551020408163,1.6397138095238102
2016-02-25,model1,csi500,2015-12-14,459,-3.221847843137255,0.6251560813856302
2016-02-25,model1,sse50,2015-12-14,49,-1.0569722448979593,0.2472276190476196
2016-02-26,model1,csi500,2015-12-14,449,-5.565011759465478,-1.7091540194516484
2016-02-26,model1,sse50,2015-12-14,49,-0.3715714285714285,0.22290380952381014
2016-02-29,model1,csi500,2015-12-14,456,-10.442448377192981,-6.409769326598571
2016-02-29,model1,sse50,2015-12-14,49,-1.1061857142857143,-0.8449097959183668
2016-03-01,model1,csi500,2015-12-14,453,0.28560728476821196,-5.24061761729675
2016-03-01,model1,sse50,2015-12-14,49,2.796779591836735,0.4396741496598646
2016-03-02,model1,csi500,2015-12-14,457,5.193215536105033,-1.654541852106579
2016-03-02,model1,sse50,2015-12-14,49,10.032842857142857,3.9078122448979595
2016-03-03,model1,csi500,2015-12-14,440,4.692893977272728,3.3905722660486575
2016-03-03,model1,sse50,2015-12-14,45,12.681862444444445,8.503828297808013
2016-03-04,model1,csi500,2015-12-14,451,0.0338841019955654,3.3066645384577757
2016-03-04,model1,sse50,2015-12-14,49,20.672262040816324,14.462322447467875
2016-03-07,model1,csi500,2015-12-14,450,2.282771377777778,2.336516485682024
2016-03-07,model1,sse50,2015-12-14,48,12.569453333333335,15.307859272864704
2016-03-08,model1,csi500,2015-12-14,447,0.7057879642058165,1.0074811479930532
2016-03-08,model1,sse50,2015-12-14,48,8.00067375,13.74746304138322
2016-03-09,model1,csi500,2015-12-14,446,-1.607536860986547,0.46034082699901574
2016-03-09,model1,sse50,2015-12-14,49,10.596684489795917,10.388937191043084
2016-03-10,model1,csi500,2015-12-14,456,-5.591503201754386,-2.164417366178372
2016-03-10,model1,sse50,2015-12-14,48,-1.4331158333333331,5.721414135487528
2016-03-11,model1,csi500,2015-12-14,450,-1.206186311111111,-2.8017421246173484
2016-03-11,model1,sse50,2015-12-14,49,0.47969387755102044,3.2144208446712015
2016-03-14,model1,csi500,2015-12-14,460,4.382555630434783,-0.8050446274769048
2016-03-14,model1,sse50,2015-12-14,50,2.3835159999999997,0.47669801473922896
2016-03-15,model1,csi500,2015-12-14,448,1.5413458482142859,1.5725717225126523
2016-03-15,model1,sse50,2015-12-14,45,2.28894,1.7173832925170067
2016-03-16,model1,csi500,2015-12-14,458,-2.611128318777293,1.104257719957258
2016-03-16,model1,sse50,2015-12-14,50,6.701169999999999,3.791208666666666
2016-03-17,model1,csi500,2015-12-14,461,1.8142446420824296,0.2481540571731405
2016-03-17,model1,sse50,2015-12-14,47,9.035576808510639,6.008562269503546
2016-03-18,model1,csi500,2015-12-14,461,5.629878524945769,1.6109982827503018
2016-03-18,model1,sse50,2015-12-14,46,7.688492173913045,7.808412994141228
2016-03-21,model1,csi500,2015-12-14,455,8.154873868131869,5.1996656783866895
2016-03-21,model1,sse50,2015-12-14,46,12.584093260869565,9.769387414431083
2016-03-22,model1,csi500,2015-12-14,448,10.801503191964287,8.195418528347309
2016-03-22,model1,sse50,2015-12-14,48,2.6692177083333335,7.647267714371981
2016-03-23,model1,csi500,2015-12-14,452,17.09293721238938,12.01643809082851
2016-03-23,model1,sse50,2015-12-14,44,1.4050300000000002,5.552780323067633
2016-03-24,model1,csi500,2015-12-14,458,3.2016161790393016,10.365352194464323
2016-03-24,model1,sse50,2015-12-14,50,-3.7807414,0.09783543611111127
2016-03-25,model1,csi500,2015-12-14,453,3.6091149448123625,7.9678894454136815
2016-03-25,model1,sse50,2015-12-14,45,1.4740331111111111,-0.3005594296296295
2016-03-28,model1,csi500,2015-12-14,454,-0.030630528634361154,2.260033531739101
2016-03-28,model1,sse50,2015-12-14,50,-1.6300392,-1.312249162962963
2016-03-29,model1,csi500,2015-12-14,458,-3.9789293013100435,-0.13348162837734737
2016-03-29,model1,sse50,2015-12-14,49,-5.56956,-1.9085220296296297
2016-03-30,model1,csi500,2015-12-14,462,1.753624632034632,-0.7519783993032574
2016-03-30,model1,sse50,2015-12-14,50,0.880152,-2.1064824
2016-03-31,model1,csi500,2015-12-14,454,1.5425606387665198,-0.22758134350296388
2016-03-31,model1,sse50,2015-12-14,46,0.4073513043478261,-1.427352231884058
2016-04-01,model1,csi500,2015-12-14,453,-0.17020958057395133,1.0419918967424
2016-04-01,model1,sse50,2015-12-14,47,0.26604255319148945,0.5178486191797719
2016-04-05,model1,csi500,2015-12-14,459,4.89401899782135,2.088790018671306
2016-04-05,model1,sse50,2015-12-14,50,5.8556066,2.1763334858464387
2016-04-06,model1,csi500,2015-12-14,446,6.796635784753363,3.8401484006669206
2016-04-06,model1,sse50,2015-12-14,45,3.645454666666667,3.255701273286052
2016-04-07,model1,csi500,2015-12-14,457,-0.359396192560175,3.777086196671513
2016-04-07,model1,sse50,2015-12-14,50,-2.8895999999999997,2.2038204222222224
2016-04-08,model1,csi500,2015-12-14,451,-1.3467824611973391,1.6968190436652828
2016-04-08,model1,sse50,2015-12-14,50,-4.802086,-1.3487437777777778
2016-04-11,model1,csi500,2015-12-14,455,2.348815120879121,0.21421215570720223
2016-04-11,model1,sse50,2015-12-14,50,-1.5773511999999998,-3.0896790666666667
2016-04-12,model1,csi500,2015-12-14,452,-0.3727896681415928,0.20974766384672963
2016-04-12,model1,sse50,2015-12-14,46,-4.612176086956522,-3.663871095652174
2016-04-13,model1,csi500,2015-12-14,458,1.6889047816593887,1.221643411465639
2016-04-13,model1,sse50,2015-12-14,49,2.7748938775510203,-1.1382111364685004
2016-04-14,model1,csi500,2015-12-14,449,2.7608218262806234,1.3589789799328065
2016-04-14,model1,sse50,2015-12-14,45,2.2125782222222226,0.12509867093890703
2016-04-15,model1,csi500,2015-12-14,453,-0.4484223620309049,1.3337680819697024
2016-04-15,model1,sse50,2015-12-14,47,-2.3026553191489363,0.8949389268747687
2016-04-18,model1,csi500,2015-12-14,459,-3.8493615468409583,-0.5123206941970798
2016-04-18,model1,sse50,2015-12-14,48,-5.491030416666667,-1.8603691711977934
2016-04-19,model1,csi500,2015-12-14,442,-4.912561990950226,-3.070115299940696
2016-04-19,model1,sse50,2015-12-14,45,-11.89027111111111,-6.561318948975572
2016-04-20,model1,csi500,2015-12-14,457,-12.071812407002188,-6.944578648264457
2016-04-20,model1,sse50,2015-12-14,49,-20.587543673469387,-12.656281733749054
2016-04-21,model1,csi500,2015-12-14,448,-16.715517098214285,-11.2332971653889
2016-04-21,model1,sse50,2015-12-14,46,-19.282419130434782,-17.25341130500509
2016-04-22,model1,csi500,2015-12-14,451,0.5217275166297117,-9.42186732952892
2016-04-22,model1,sse50,2015-12-14,48,3.02802,-12.280647601301391
2016-04-25,model1,csi500,2015-12-14,451,0.4767078048780488,-5.239027258902175
2016-04-25,model1,sse50,2015-12-14,43,3.561215348837209,-4.231061260532525
2016-04-26,model1,csi500,2015-12-14,452,3.3274996238938055,1.4419783151338554
2016-04-26,model1,sse50,2015-12-14,45,6.974480444444445,4.52123859776055
2016-04-27,model1,csi500,2015-12-14,450,1.7337689777777778,1.8459921355165438
2016-04-27,model1,sse50,2015-12-14,46,0.8580680434782609,3.7979212789199703
2016-04-28,model1,csi500,2015-12-14,450,-1.9521297333333332,1.0363796227794166
2016-04-28,model1,sse50,2015-12-14,45,-1.483752222222222,2.11626542190016
2016-04-29,model1,csi500,2015-12-14,439,-0.4571875626423689,-0.22518277273264142
2016-04-29,model1,sse50,2015-12-14,46,-2.1198397826086954,-0.91517465378422
2016-05-03,model1,csi500,2015-12-14,465,4.575014258064516,0.7218989873629379
2016-05-03,model1,sse50,2015-12-14,48,3.5789908333333336,-0.008200390499195779
2016-05-04,model1,csi500,2015-12-14,450,5.322403933333334,3.1467435429184936
2016-05-04,model1,sse50,2015-12-14,43,1.0822744186046511,0.8471418231097619
2016-05-05,model1,csi500,2015-12-14,447,8.191974944071589,6.0297977118231465
2016-05-05,model1,sse50,2015-12-14,43,3.3026293023255815,2.654631518087854
2016-05-06,model1,csi500,2015-12-14,466,-1.6724871673819741,3.9472972366743164
2016-05-06,model1,sse50,2015-12-14,49,-3.280739183673469,0.3680548457522533
2016-05-09,model1,csi500,2015-12-14,462,-5.858170216450216,0.22043918674646612
2016-05-09,model1,sse50,2015-12-14,49,-7.579485714285714,-2.5191985318778687
2016-05-10,model1,csi500,2015-12-14,451,-4.9798538802660754,-4.170170421366088
2016-05-10,model1,sse50,2015-12-14,46,-2.993665217391304,-4.617963371783497
2016-05-11,model1,csi500,2015-12-14,462,-7.355942380952381,-6.064655492556224
2016-05-11,model1,sse50,2015-12-14,46,-1.5837260869565217,-4.052292339544515
2016-05-12,model1,csi500,2015-12-14,450,-1.5650482666666665,-4.633614842628375
2016-05-12,model1,sse50,2015-12-14,46,1.7354608695652174,-0.9473101449275374
2016-05-13,model1,csi500,2015-12-14,450,0.06206460000000006,-2.9529753492063495
2016-05-13,model1,sse50,2015-12-14,45,1.8606619999999998,0.6707989275362306
2016-05-16,model1,csi500,2015-12-14,464,5.517724245689656,1.3382468596743298
2016-05-16,model1,sse50,2015-12-14,48,7.029493958333334,3.5418722759661825
2016-05-17,model1,csi500,2015-12-14,451,2.725454079822616,2.76841430850409
2016-05-17,model1,sse50,2015-12-14,45,2.3419924444444447,3.7440494675925913
2016-05-18,model1,csi500,2015-12-14,465,-2.563589268817204,1.8931963522316895
2016-05-18,model1,sse50,2015-12-14,46,-0.41768630434782594,2.984600032809983
2016-05-19,model1,csi500,2015-12-14,452,-1.682194159292035,-0.5067764494288743
2016-05-19,model1,sse50,2015-12-14,42,0.20191595238095253,0.7087406974925226
2016-05-20,model1,csi500,2015-12-14,464,3.5202423922413795,-0.24184701195595318
2016-05-20,model1,sse50,2015-12-14,48,6.600756666666666,2.1283287715665966
2016-05-23,model1,csi500,2015-12-14,451,6.098976629711752,2.645674954220365
2016-05-23,model1,sse50,2015-12-14,46,7.867342391304349,4.890005003450654
2016-05-24,model1,csi500,2015-12-14,462,1.3785262337662338,3.665915085239788
2016-05-24,model1,sse50,2015-12-14,47,0.8926374468085109,5.120245501593174
2016-05-25,model1,csi500,2015-12-14,455,-3.2897745054945053,1.39590945266116
2016-05-25,model1,sse50,2015-12-14,47,-3.567113404255319,1.730955477952512
2016-05-26,model1,csi500,2015-12-14,447,-2.344175055928411,-1.4184744425522275
2016-05-26,model1,sse50,2015-12-14,46,-2.7563723913043474,-1.810282782917053
2016-05-27,model1,csi500,2015-12-14,447,-0.755159351230425,-2.129702970884447
2016-05-27,model1,sse50,2015-12-14,40,-2.7007435,-3.008076431853224
2016-05-30,model1,csi500,2015-12-14,445,-0.892191393258427,-1.3305086001390878
2016-05-30,model1,sse50,2015-12-14,46,2.5103565217391304,-0.982253123188407
2016-05-31,model1,csi500,2015-12-14,465,6.078506387096774,1.4770518808693074
2016-05-31,model1,sse50,2015-12-14,50,7.3981666,2.4025932072463756
2016-06-01,model1,csi500,2015-12-14,438,5.146892831050229,3.444402608296192
2016-06-01,model1,sse50,2015-12-14,44,0.4656181818181819,3.458047101185769
2016-06-02,model1,csi500,2015-12-14,450,6.851032933333333,6.025477383826779
2016-06-02,model1,sse50,2015-12-14,39,1.15981358974359,3.0078661238539226
2016-06-03,model1,csi500,2015-12-14,438,5.610052260273973,5.869326008219178
2016-06-03,model1,sse50,2015-12-14,48,-0.5746460416666664,0.350261909965034
2016-06-06,model1,csi500,2015-12-14,450,1.8075273555555558,4.756204183054287
2016-06-06,model1,sse50,2015-12-14,47,-6.569105106382978,-1.9946458527686861
2016-06-07,model1,csi500,2015-12-14,448,-0.364728482142857,2.350950377895557
2016-06-07,model1,sse50,2015-12-14,47,-9.914969787234043,-5.686240311761231
2016-06-08,model1,csi500,2015-12-14,455,-2.838706065934066,-0.4653023975071224
2016-06-08,model1,sse50,2015-12-14,41,-11.614027317073171,-9.366034070230064
2016-06-13,model1,csi500,2016-06-13,469,-9.098675245202559,-4.100703264426493
2016-06-13,model1,sse50,2016-06-13,47,-12.837508085106384,-11.455501729804533
2016-06-14,model1,csi500,2016-06-13,456,-3.7373869736842105,-5.224922761606945
2016-06-14,model1,sse50,2016-06-13,47,-0.9837306382978723,-8.478422013492477
2016-06-15,model1,csi500,2016-06-13,473,3.958258118393235,-2.9592680334978456
2016-06-15,model1,sse50,2016-06-13,48,4.37735,-3.14796290780142
2016-06-16,model1,csi500,2016-06-13,470,1.9222058723404256,0.71435900568315
2016-06-16,model1,sse50,2016-06-13,46,2.046630434782609,1.813416598828244
2016-06-17,model1,csi500,2016-06-13,462,2.117071341991342,2.6658451109083345
2016-06-17,model1,sse50,2016-06-13,45,6.415321333333333,4.279767256038646
2016-06-20,model1,csi500,2016-06-13,458,2.9661384061135374,2.335138540148435
2016-06-20,model1,sse50,2016-06-13,44,1.3977186363636365,3.2865568014931914
2016-06-21,model1,csi500,2016-06-13,462,-2.7129606277056277,0.790083040133084
2016-06-21,model1,sse50,2016-06-13,44,-4.107419090909091,1.2352069595959583
2016-06-22,model1,csi500,2016-06-13,472,2.095104406779661,0.782760728395857
2016-06-22,model1,sse50,2016-06-13,47,3.4443914893617023,0.24489701160541477
2016-06-23,model1,csi500,2016-06-13,464,1.353584719827586,0.2452428329672065
2016-06-23,model1,sse50,2016-06-13,44,2.5427322727272728,0.6265682237266269
2016-06-24,model1,csi500,2016-06-13,471,-1.6874343312101912,0.5870849317990187
2016-06-24,model1,sse50,2016-06-13,49,-2.9001938775510205,1.0289766281793171
2016-06-27,model1,csi500,2016-06-13,476,2.6408258823529414,0.7689920903234455
2016-06-27,model1,sse50,2016-06-13,49,0.984522448979592,0.20902028138528037
2016-06-28,model1,csi500,2016-06-13,463,5.963716004319655,2.305702518487468
2016-06-28,model1,sse50,2016-06-13,46,4.633830434782609,0.9060530020703923
2016-06-29,model1,csi500,2016-06-13,461,2.7342398047722347,3.779593897148277
2016-06-29,model1,sse50,2016-06-13,48,6.679625000000001,4.099325961254066
2016-06-30,model1,csi500,2016-06-13,452,1.5117136725663716,3.4032231605527543
2016-06-30,model1,sse50,2016-06-13,48,9.1644575,6.8259709782608695
2016-07-01,model1,csi500,2016-06-13,458,-0.6596646069868993,1.1954296234505692
2016-07-01,model1,sse50,2016-06-13,44,9.680508636363637,8.508197045454544
2016-07-04,model1,csi500,2016-06-13,473,3.7285835517970405,1.5268775391255047
2016-07-04,model1,sse50,2016-06-13,50,11.285678,10.043548045454544
2016-07-05,model1,csi500,2016-06-13,453,4.342981456953642,2.4706334672545944
2016-07-05,model1,sse50,2016-06-13,46,5.738619347826087,8.901601994729907
2016-07-06,model1,csi500,2016-06-13,455,4.832279384615385,4.301281464455356
2016-07-06,model1,sse50,2016-06-13,42,4.091022857142858,7.0384400683229815
2016-07-07,model1,csi500,2016-06-13,462,4.162234913419914,4.445831918329647
2016-07-07,model1,sse50,2016-06-13,44,7.195159318181819,5.674933841050255
2016-07-08,model1,csi500,2016-06-13,455,0.4868001978021979,3.1604381652791655
2016-07-08,model1,sse50,2016-06-13,49,-0.5607081632653059,3.5751580040197894
2016-07-11,model1,csi500,2016-06-13,456,-1.5152569078947367,1.0445927344424584
2016-07-11,model1,sse50,2016-06-13,44,-2.1719354545454546,1.487505233457019
2016-07-12,model1,csi500,2016-06-13,471,2.2890770488322723,0.42020677957991115
2016-07-12,model1,sse50,2016-06-13,49,4.268825714285715,0.5120606988249842
2016-07-13,model1,csi500,2016-06-13,460,3.380355739130435,1.3847252933559904
2016-07-13,model1,sse50,2016-06-13,48,2.9888624999999998,1.6952509199134196
2016-07-14,model1,csi500,2016-06-13,454,2.9661956828193836,2.8785428235940302
2016-07-14,model1,sse50,2016-06-13,48,1.7180729166666666,2.9919203769841265
2016-07-15,model1,csi500,2016-06-13,457,0.3516993216630198,2.232750247870946
2016-07-15,model1,sse50,2016-06-13,44,-0.06016,1.5489251388888883
2016-07-18,model1,csi500,2016-06-13,464,-1.3178600431034482,0.6666783204596518
2016-07-18,model1,sse50,2016-06-13,49,-0.3584544897959182,0.4331528089569156
2016-07-19,model1,csi500,2016-06-13,460,-0.00440291304347818,-0.32352121149463553
2016-07-19,model1,sse50,2016-06-13,49,-0.8242289795918367,-0.4142811564625856
2016-07-20,model1,csi500,2016-06-13,450,-1.100066311111111,-0.8074430890860125
2016-07-20,model1,sse50,2016-06-13,46,-2.3528734782608693,-1.178518982549542
2016-07-21,model1,csi500,2016-06-13,449,-0.5166140979955455,-0.5403611073833782
2016-07-21,model1,sse50,2016-06-13,43,0.45329069767441865,-0.9079372533927632
2016-07-22,model1,csi500,2016-06-13,465,-2.320355075268817,-1.3123451614584913
2016-07-22,model1,sse50,2016-06-13,47,-2.006583829787234,-1.302055536791229
2016-07-25,model1,csi500,2016-06-13,452,-0.5466492477876104,-1.1278728070173243
2016-07-25,model1,sse50,2016-06-13,46,-3.6705452173913042,-1.7412794498347075
2016-07-26,model1,csi500,2016-06-13,469,4.337167462686567,0.49005437987671324
2016-07-26,model1,sse50,2016-06-13,48,3.0762750000000003,-0.8669513490595134
2016-07-27,model1,csi500,2016-06-13,478,-1.0185143096234308,0.9240013017585088
2016-07-27,model1,sse50,2016-06-13,46,1.316458695652174,0.24072949275362263
2016-07-28,model1,csi500,2016-06-13,464,-1.2955978017241379,0.6743517837796662
2016-07-28,model1,sse50,2016-06-13,45,0.4902222222222223,1.627651972624798
2016-07-29,model1,csi500,2016-06-13,466,-2.8453736051502143,-1.7198285721659277
2016-07-29,model1,sse50,2016-06-13,43,-1.5633213953488372,0.08111984084185231
2016-08-01,model1,csi500,2016-06-13,471,-6.768504543524416,-3.636491983466256
2016-08-01,model1,sse50,2016-06-13,46,-5.03562,-2.036239724375539
2016-08-02,model1,csi500,2016-06-13,472,1.2679981779661016,-2.7819599902361762
2016-08-02,model1,sse50,2016-06-13,47,-0.2841472340425531,-2.2943628764637976
2016-08-03,model1,csi500,2016-06-13,462,3.613791515151515,-0.6289049501355995
2016-08-03,model1,sse50,2016-06-13,42,1.0647690476190474,-1.4183327288078358
2016-08-04,model1,csi500,2016-06-13,459,4.733113965141612,3.20496788608641
2016-08-04,model1,sse50,2016-06-13,47,0.24846489361702154,0.34302890239783806
2016-08-05,model1,csi500,2016-06-13,472,2.0117900423728816,3.452898507555337
2016-08-05,model1,sse50,2016-06-13,48,2.1840639583333337,1.1657659665231337
2016-08-08,model1,csi500,2016-06-13,479,6.154478016701462,4.299794008071985
2016-08-08,model1,sse50,2016-06-13,47,9.090814468085107,3.84111444001182
2016-08-09,model1,csi500,2016-06-13,467,8.009982312633833,5.392083457236058
2016-08-09,model1,sse50,2016-06-13,49,10.75574530612245,7.3435412441802965
2016-08-10,model1,csi500,2016-06-13,473,2.7953941649048626,5.653284831413385
2016-08-10,model1,sse50,2016-06-13,47,4.416494893617021,8.08768488927486
2016-08-11,model1,csi500,2016-06-13,473,-2.2151985835095136,2.8633926313430607
2016-08-11,model1,sse50,2016-06-13,46,3.235591304347827,6.135943834695765
2016-08-12,model1,csi500,2016-06-13,475,2.0855509894736843,0.8885821902896772
2016-08-12,model1,sse50,2016-06-13,50,7.414929600000001,5.022338599321616
2016-08-15,model1,csi500,2016-06-13,478,5.815293828451883,1.895215411472017
2016-08-15,model1,sse50,2016-06-13,49,13.17498448979592,7.941835131381249
2016-08-16,model1,csi500,2016-06-13,452,5.606567809734513,4.502470875886693
2016-08-16,model1,sse50,2016-06-13,49,1.4853,7.35840469659864
2016-08-17,model1,csi500,2016-06-13,466,6.444934034334764,5.955598557507052
2016-08-17,model1,sse50,2016-06-13,48,-0.7728229166666667,4.62915385770975
2016-08-18,model1,csi500,2016-06-13,461,3.452305553145336,5.167935799071538
2016-08-18,model1,sse50,2016-06-13,45,-3.8581577777777776,-1.048560231481482
2016-08-19,model1,csi500,2016-06-13,455,1.6774089890109893,3.8582161921636966
2016-08-19,model1,sse50,2016-06-13,44,-3.2900063636363637,-2.6403290193602698
2016-08-22,model1,csi500,2016-06-13,476,-2.9386970168067226,0.730339175116534
2016-08-22,model1,sse50,2016-06-13,49,-7.281737551020408,-4.809967230811517
2016-08-23,model1,csi500,2016-06-13,461,-1.4967258351409978,-0.919337954312244
2016-08-23,model1,sse50,2016-06-13,45,-1.4974951111111108,-4.023079675255961
2016-08-24,model1,csi500,2016-06-13,473,-1.4034910993657503,-1.9463046504378239
2016-08-24,model1,sse50,2016-06-13,44,-3.423596818181818,-4.067609826771112
2016-08-25,model1,csi500,2016-06-13,470,-3.322715191489362,-2.07431070866537
2016-08-25,model1,sse50,2016-06-13,47,-5.96861659574468,-3.629902841679204
2016-08-26,model1,csi500,2016-06-13,460,-2.3329685217391303,-2.353058270864748
2016-08-26,model1,sse50,2016-06-13,42,-4.6166857142857145,-4.669633042737405
2016-08-29,model1,csi500,2016-06-13,460,0.9735356521739131,-1.5607160203515267
2016-08-29,model1,sse50,2016-06-13,47,-4.574120425531914,-5.053140911854103
2016-08-30,model1,csi500,2016-06-13,461,-0.16058004338394785,-0.5066709709830554
2016-08-30,model1,sse50,2016-06-13,45,0.20331111111111114,-2.995831676235507
2016-08-31,model1,csi500,2016-06-13,457,0.6743986214442015,0.4957847434113886
2016-08-31,model1,sse50,2016-06-13,44,3.16949,-0.4004397714736019
2016-09-01,model1,csi500,2016-06-13,469,-2.9590519189765456,-0.815077780305431
2016-09-01,model1,sse50,2016-06-13,45,-0.4605539999999999,0.9707490370370362
2016-09-02,model1,csi500,2016-06-13,454,-4.412111233480176,-2.2322548436708405
2016-09-02,model1,sse50,2016-06-13,47,2.943995957446808,1.8843106524822684
2016-09-05,model1,csi500,2016-06-13,447,-3.1457037807606265,-3.50562231107245
2016-09-05,model1,sse50,2016-06-13,42,1.607234761904762,1.3635589064505222
2016-09-06,model1,csi500,2016-06-13,471,3.8306567728237795,-1.2423860804723412
2016-09-06,model1,sse50,2016-06-13,43,3.202257209302326,2.5844959762179642
2016-09-07,model1,csi500,2016-06-13,453,3.1549204856512145,1.2799578259047888
2016-09-07,model1,sse50,2016-06-13,44,4.513384545454546,3.1076255055538766
2016-09-08,model1,csi500,2016-06-13,447,3.983651185682327,3.6564094813857735
2016-09-08,model1,sse50,2016-06-13,40,3.80967975,3.8417738349189565
2016-09-09,model1,csi500,2016-06-13,459,-0.4556059041394334,2.2276552557313694
2016-09-09,model1,sse50,2016-06-13,46,0.45429826086956543,2.925787518774703
2016-09-12,model1,csi500,2016-06-13,472,-4.903824936440677,-0.45859321829926153
2016-09-12,model1,sse50,2016-06-13,48,-1.5833420833333332,0.8935453091787432
2016-09-13,model1,csi500,2016-06-13,445,-5.948708337078651,-3.7693797258862545
2016-09-13,model1,sse50,2016-06-13,41,-8.207561707317074,-3.1122018432602814
2016-09-14,model1,csi500,2016-06-13,452,-5.708858296460177,-5.520463856659835
2016-09-14,model1,sse50,2016-06-13,47,-8.194305957446808,-5.995069916032406
2016-09-19,model1,csi500,2016-06-13,458,2.260590873362445,-3.132325253392127
2016-09-19,model1,sse50,2016-06-13,42,1.8094880952380954,-4.864126523175263
2016-09-20,model1,csi500,2016-06-13,454,1.9388985022026433,-0.5031229736316963
2016-09-20,model1,sse50,2016-06-13,44,-0.15799863636363637,-2.180938832857451
2016-09-21,model1,csi500,2016-06-13,437,1.355813043478261,1.8517674730144495
2016-09-21,model1,sse50,2016-06-13,41,0.8621341463414635,0.8378745350719731
2016-09-22,model1,csi500,2016-06-13,444,0.516728445945946,1.2704799972089498
2016-09-22,model1,sse50,2016-06-13,46,1.7457454347826087,0.8166269815868107
2016-09-23,model1,csi500,2016-06-13,458,-3.0622606331877726,-0.3965730479211889
2016-09-23,model1,sse50,2016-06-13,42,-0.7287145238095236,0.6263883524381817
2016-09-26,model1,csi500,2016-06-13,468,-9.106811495726497,-3.884114560989442
2016-09-26,model1,sse50,2016-06-13,48,-5.962005416666667,-1.648324835231195
2016-09-27,model1,csi500,2016-06-13,460,-0.2697183695652173,-4.146263499493163
2016-09-27,model1,sse50,2016-06-13,47,0.9713999999999999,-1.906439980158731
2016-09-28,model1,csi500,2016-06-13,451,-0.7885647006651885,-3.3883648553189682
2016-09-28,model1,sse50,2016-06-13,47,-0.4789285106382979,-1.8231779757683224
2016-09-29,model1,csi500,2016-06-13,434,-0.3788258755760367,-0.4790363152688148
2016-09-29,model1,sse50,2016-06-13,40,-0.7210749999999999,-0.07620117021276684
2016-09-30,model1,csi500,2016-06-13,445,2.5506514831460674,0.4610869689682801
2016-09-30,model1,sse50,2016-06-13,42,1.417564761904762,0.07252041708882051
2016-10-10,model1,csi500,2016-06-13,465,6.05043623655914,2.740753948043056
2016-10-10,model1,sse50,2016-06-13,48,5.739636666666667,2.1453754761904755
2016-10-11,model1,csi500,2016-06-13,457,7.787850984682714,5.462979568129306
2016-10-11,model1,sse50,2016-06-13,37,8.226206216216218,5.127802548262548
2016-10-12,model1,csi500,2016-06-13,453,7.712721920529801,7.1836697139238845
2016-10-12,model1,sse50,2016-06-13,43,2.6985323255813958,5.554791736154759
2016-10-13,model1,csi500,2016-06-13,453,4.461850640176601,6.654141181796372
2016-10-13,model1,sse50,2016-06-13,43,1.7242706976744187,4.216336413157344
2016-10-14,model1,csi500,2016-06-13,461,1.034771453362256,4.403114671356218
2016-10-14,model1,sse50,2016-06-13,40,2.97432975,2.4657109244186035
2016-10-17,model1,csi500,2016-06-13,471,-4.470974267515923,0.3418826086743107
2016-10-17,model1,sse50,2016-06-13,43,-0.870760930232558,1.2759465058139523
2016-10-18,model1,csi500,2016-06-13,474,2.2170847257383963,-0.40637269613842414
2016-10-18,model1,sse50,2016-06-13,47,4.026355957446809,2.0433082590714156
2016-10-19,model1,csi500,2016-06-13,459,0.8252724836601307,-0.47620568603913266
2016-10-19,model1,sse50,2016-06-13,42,6.887875,3.3478233424047494
2016-10-20,model1,csi500,2016-06-13,459,-0.3488138562091503,0.8978477843964584
2016-10-20,model1,sse50,2016-06-13,42,5.102908333333334,5.339046430260047
2016-10-21,model1,csi500,2016-06-13,461,-1.8649815184381777,-0.46284096366239974
2016-10-21,model1,sse50,2016-06-13,45,7.640714444444445,6.543832592592591
2016-10-24,model1,csi500,2016-06-13,467,1.7132902997858672,-0.16683502495382085
2016-10-24,model1,sse50,2016-06-13,47,9.757271914893618,7.500298230890464
2016-10-25,model1,csi500,2016-06-13,458,2.7575762227074234,0.8686283346850371
2016-10-25,model1,sse50,2016-06-13,44,1.4209961363636365,6.272994165233899
2016-10-26,model1,csi500,2016-06-13,468,-0.12368737179487169,1.4490597168994723
2016-10-26,model1,sse50,2016-06-13,47,-2.4764987234042555,2.900589775950998
2016-10-27,model1,csi500,2016-06-13,462,-0.6662050649350648,0.6558945953258284
2016-10-27,model1,sse50,2016-06-13,42,-2.337195714285714,-1.1308994337754454
2016-10-28,model1,csi500,2016-06-13,468,-4.0687287820512825,-1.619540406260407
2016-10-28,model1,sse50,2016-06-13,47,-1.9234412765957445,-2.245711904761906
2016-10-31,model1,csi500,2016-06-13,461,-3.8133883731019522,-2.849440740029434
2016-10-31,model1,sse50,2016-06-13,43,-0.1859506976744186,-1.4821958961852937
2016-11-01,model1,csi500,2016-06-13,457,2.4577054704595187,-1.8081372282312393
2016-11-01,model1,sse50,2016-06-13,48,5.929290000000001,1.2732993419099448
2016-11-02,model1,csi500,2016-06-13,472,0.1873223305084747,-0.3894535240446535
2016-11-02,model1,sse50,2016-06-13,45,2.705926444444444,2.8164219155900074
2016-11-03,model1,csi500,2016-06-13,470,2.904857,1.8499616003226638
2016-11-03,model1,sse50,2016-06-13,46,5.754583043478261,4.796599829307568
2016-11-04,model1,csi500,2016-06-13,463,1.4543601943844493,1.5155131749643074
2016-11-04,model1,sse50,2016-06-13,45,3.8909746666666667,4.117161384863123
2016-11-07,model1,csi500,2016-06-13,454,-0.3990739647577092,1.3200477432089126
2016-11-07,model1,sse50,2016-06-13,45,4.043094,4.562883903381642
2016-11-08,model1,csi500,2016-06-13,455,0.9306087472527473,0.661964992293162
2016-11-08,model1,sse50,2016-06-13,47,5.07509,4.336386222222221
2016-11-09,model1,csi500,2016-06-13,464,-2.321465668103448,-0.5966436285361372
2016-11-09,model1,sse50,2016-06-13,48,-2.0161543749999997,2.3673432083333323
2016-11-10,model1,csi500,2016-06-13,457,0.3150744420131292,-0.35859415961252433
2016-11-10,model1,sse50,2016-06-13,45,-0.11897822222222212,0.9799858009259249
2016-11-11,model1,csi500,2016-06-13,455,2.0759316483516486,0.02318014075377602
2016-11-11,model1,sse50,2016-06-13,47,3.4116063829787233,0.42549126191883263
2016-11-14,model1,csi500,2016-06-13,455,3.575004285714286,1.9886701253596872
2016-11-14,model1,sse50,2016-06-13,47,6.388836170212766,3.2271547769897544
2016-11-15,model1,csi500,2016-06-13,457,6.144371094091904,3.9317690093859454
2016-11-15,model1,sse50,2016-06-13,43,3.1761611627906974,4.325534571994061
2016-11-16,model1,csi500,2016-06-13,451,2.672680798226164,4.13068539267745
2016-11-16,model1,sse50,2016-06-13,43,-0.4398341860465116,3.0417210489856497
2016-11-17,model1,csi500,2016-06-13,455,0.5821848131868134,3.13307890183496
2016-11-17,model1,sse50,2016-06-13,45,2.4688664444444446,1.7350644737295422
2016-11-18,model1,csi500,2016-06-13,448,-2.5497179687499996,0.23504921422099198
2016-11-18,model1,sse50,2016-06-13,47,0.5105789361702128,0.8465370648560473
2016-11-21,model1,csi500,2016-06-13,450,-1.6830019999999999,-1.2168450518543958
2016-11-21,model1,sse50,2016-06-13,49,3.4127869387755103,2.130744106463388
2016-11-22,model1,csi500,2016-06-13,454,1.763847092511013,-0.8229576254129962
2016-11-22,model1,sse50,2016-06-13,46,5.959992173913044,3.294452682952921
2016-11-23,model1,csi500,2016-06-13,461,-0.7650967895878524,-0.22808389902561368
2016-11-23,model1,sse50,2016-06-13,49,3.5266216326530615,4.299800248447204
2016-11-24,model1,csi500,2016-06-13,455,-1.693064989010989,-0.2314382286959434
2016-11-24,model1,sse50,2016-06-13,45,2.9284931111111114,4.13836897255907
2016-11-25,model1,csi500,2016-06-13,457,0.01411409190372007,-0.8146825622317078
2016-11-25,model1,sse50,2016-06-13,48,7.583078125,4.67939762292139
2016-11-28,model1,csi500,2016-06-13,449,-0.5315299109131403,-0.7368269360068037
2016-11-28,model1,sse50,2016-06-13,47,3.0597985106382977,4.5237899155831345
2016-11-29,model1,csi500,2016-06-13,455,-2.675070769230769,-1.0641621960800638
2016-11-29,model1,sse50,2016-06-13,47,5.231593617021277,5.2914900842198564
2016-11-30,model1,csi500,2016-06-13,451,-2.4564630598669623,-1.8876879133369577
2016-11-30,model1,sse50,2016-06-13,49,1.4771079591836735,3.2561666956144144
2016-12-01,model1,csi500,2016-06-13,449,0.6796400445434299,-1.4839645948514342
2016-12-01,model1,sse50,2016-06-13,46,2.2559926086956525,2.9882313949668657
2016-12-02,model1,csi500,2016-06-13,461,-2.82277863340564,-1.5332005495763914
2016-12-02,model1,sse50,2016-06-13,45,-0.9069564444444443,0.9420480411449591
2016-12-05,model1,csi500,2016-06-13,451,-1.3448554545454545,-1.1626646811358887
2016-12-05,model1,sse50,2016-06-13,49,-1.247198775510204,0.03394579624699986
2016-12-06,model1,csi500,2016-06-13,445,-1.2823968764044944,-1.8166769881185303
2016-12-06,model1,sse50,2016-06-13,47,-3.589822553191489,-1.9146592577153807
2016-12-07,model1,csi500,2016-06-13,455,2.5650177142857147,-0.02074487222141208
2016-12-07,model1,sse50,2016-06-13,45,1.7513064444444444,-1.028571628085751
2016-12-08,model1,csi500,2016-06-13,452,1.0207646017699115,0.7677951465503766
2016-12-08,model1,sse50,2016-06-13,47,-1.1018165957446808,-0.9801109014972432
2016-12-09,model1,csi500,2016-06-13,448,-0.28030330357142846,1.101826337494732
2016-12-09,model1,sse50,2016-06-13,46,1.6105782608695653,0.7533560365231082
2016-12-12,model1,csi500,2016-12-12,466,-5.704768626609442,-1.6547691094703205
2016-12-12,model1,sse50,2016-12-12,49,0.48620163265306127,0.3316544325926471
2016-12-13,model1,csi500,2016-12-12,454,-4.014908700440529,-3.3333268768738002
2016-12-13,model1,sse50,2016-12-12,47,-1.5746808510638295,0.17403301415293093
2016-12-14,model1,csi500,2016-12-12,457,-6.294481422319476,-5.338052916456483
2016-12-14,model1,sse50,2016-12-12,49,-3.0019,-1.3634597394702574
2016-12-15,model1,csi500,2016-12-12,458,1.1617437336244543,-3.049215463045184
2016-12-15,model1,sse50,2016-12-12,49,-3.52186,-2.699480283687945
2016-12-16,model1,csi500,2016-12-12,457,4.577827505470459,-0.18497006107485467
2016-12-16,model1,sse50,2016-12-12,48,-3.4648008333333333,-3.3295202777777795
2016-12-19,model1,csi500,2016-12-12,445,3.529058337078652,3.0895431920578544
2016-12-19,model1,sse50,2016-12-12,48,-2.7921487500000004,-3.259603194444446
2016-12-20,model1,csi500,2016-12-12,450,1.1096374444444446,3.072174428997851
2016-12-20,model1,sse50,2016-12-12,48,-4.42066,-3.559203194444446
2016-12-21,model1,csi500,2016-12-12,459,3.7599724836601314,2.7995560883944086
2016-12-21,model1,sse50,2016-12-12,50,-0.6055267999999999,-2.6061118500000013
2016-12-22,model1,csi500,2016-12-12,449,1.81449574610245,2.2280352247356747
2016-12-22,model1,sse50,2016-12-12,46,-2.017691304347826,-2.347959368115943
2016-12-23,model1,csi500,2016-12-12,451,-1.588639977827051,1.328609417311843
2016-12-23,model1,sse50,2016-12-12,46,-4.296681304347826,-2.306633136231885
2016-12-26,model1,csi500,2016-12-12,452,0.22477070796460188,0.15020882541333302
2016-12-26,model1,sse50,2016-12-12,48,3.05661625,-1.085918786231885
2016-12-27,model1,csi500,2016-12-12,439,0.18739954441913445,-0.3921565751477721
2016-12-27,model1,sse50,2016-12-12,44,0.7222013636363637,-0.17262123023715523
2016-12-28,model1,csi500,2016-12-12,448,-2.725895647321429,-0.7712417983125647
2016-12-28,model1,sse50,2016-12-12,47,-1.207217234042553,0.8572001265312691
2016-12-29,model1,csi500,2016-12-12,445,-2.171188202247191,-1.5698947683831623
2016-12-29,model1,sse50,2016-12-12,45,-2.661906222222222,-1.0489740308761382
2016-12-30,model1,csi500,2016-12-12,441,-0.2991816326530611,-1.732088494073894
2016-12-30,model1,sse50,2016-12-12,44,0.5312777272727274,-1.1126152429973504
2017-01-03,model1,csi500,2016-12-12,462,3.2142561904761906,0.24796211852531247
2017-01-03,model1,sse50,2016-12-12,48,4.806733333333333,0.892034946127945
2017-01-04,model1,csi500,2016-12-12,458,7.452987489082969,3.4560206823020323
2017-01-04,model1,sse50,2016-12-12,47,10.849565106382979,5.395858722329678
2017-01-05,model1,csi500,2016-12-12,442,6.9517038914027145,5.872982523653957
2017-01-05,model1,sse50,2016-12-12,44,6.522208863636364,7.3928357677842245
2017-01-06,model1,csi500,2016-12-12,458,2.315868689956332,5.573520023480671
2017-01-06,model1,sse50,2016-12-12,46,0.15349239130434783,5.841755453774563
2017-01-09,model1,csi500,2016-12-12,457,3.842847877461707,4.370140152940251
2017-01-09,model1,sse50,2016-12-12,46,3.1389271739130438,3.2715428096179173
2017-01-10,model1,csi500,2016-12-12,455,0.8603745274725276,2.339697031630189
2017-01-10,model1,sse50,2016-12-12,47,0.5378010638297872,1.2767402096823919
2017-01-11,model1,csi500,2016-12-12,459,-3.9960103050108935,0.23573736664111347
2017-01-11,model1,sse50,2016-12-12,44,-2.5719772727272727,0.36825032167185157
2017-01-12,model1,csi500,2016-12-12,450,-6.6242569555555555,-3.2532975776979742
2017-01-12,model1,sse50,2016-12-12,45,-3.406433333333333,-1.8135365140769408
2017-01-13,model1,csi500,2016-12-12,459,-11.222486274509803,-7.280917845025418
2017-01-13,model1,sse50,2016-12-12,47,3.30876914893617,-0.8898804857081467
2017-01-16,model1,csi500,2016-12-12,460,-20.78146997826087,-12.876071069442077
2017-01-16,model1,sse50,2016-12-12,47,7.817421063829787,2.573252293144207
2017-01-17,model1,csi500,2016-12-12,456,-1.3583055921052631,-11.120753948291979
2017-01-17,model1,sse50,2016-12-12,45,9.139478222222222,6.755222811662725
2017-01-18,model1,csi500,2017-01-18,446,0.703770538116592,-7.145335010749847
2017-01-18,model1,sse50,2016-12-12,47,13.993312978723404,10.316737421591803
2017-01-19,model1,csi500,2017-01-18,451,0.07339636363636373,-0.1937128967841025
2017-01-19,model1,sse50,2016-12-12,48,9.848221458333333,10.993670886426317
2017-01-20,model1,csi500,2017-01-18,462,5.355674047619048,2.044280316457334
2017-01-20,model1,sse50,2016-12-12,48,11.10825,11.649928145685578
2017-01-23,model1,csi500,2017-01-18,453,9.73304417218543,5.05403819448028
2017-01-23,model1,sse50,2016-12-12,45,4.783548,8.58000648611111
2017-01-24,model1,csi500,2017-01-18,447,5.2640289932885915,6.784249071031023
2017-01-24,model1,sse50,2016-12-12,46,1.5222571739130435,5.804685057971013
2017-01-25,model1,csi500,2017-01-18,442,5.676797895927602,6.8912903538005414
2017-01-25,model1,sse50,2016-12-12,45,4.308486222222223,3.538097132045088
2017-01-26,model1,csi500,2017-01-18,443,7.4899885327313775,6.14360514064919
2017-01-26,model1,sse50,2016-12-12,48,5.727523333333334,3.8527555764895323
2017-02-03,model1,csi500,2017-01-18,443,0.9551339277652371,4.7073067854747395
2017-02-03,model1,sse50,2016-12-12,47,-1.2295334042553192,2.9354920504334117
2017-02-06,model1,csi500,2017-01-18,459,3.757020980392157,4.067381146962924
2017-02-06,model1,sse50,2016-12-12,43,-1.551935581395349,0.9820181158942208
2017-02-07,model1,csi500,2017-01-18,446,3.056661547085202,2.5896054850808654
2017-02-07,model1,sse50,2016-12-12,46,-3.115350217391304,-1.965606401013992
2017-02-08,model1,csi500,2017-01-18,454,4.490313039647577,3.767998522374979
2017-02-08,model1,sse50,2016-12-12,47,-0.8044121276595743,-1.8238993088154105
2017-02-09,model1,csi500,2017-01-18,446,7.990734192825112,5.1792362598526305
2017-02-09,model1,sse50,2016-12-12,47,1.7414006382978724,-0.7261205689176699
2017-02-10,model1,csi500,2017-01-18,460,5.8581493695652185,6.1130655340126365
2017-02-10,model1,sse50,2016-12-12,47,5.308781489361702,2.0819233333333322
2017-02-13,model1,csi500,2017-01-18,453,5.620455540838853,6.489779701076394
2017-02-13,model1,sse50,2016-12-12,47,11.620652340425531,6.223611489361701
2017-02-14,model1,csi500,2017-02-14,448,3.5440921875,5.007565699301357
2017-02-14,model1,sse50,2016-12-12,46,4.352869347826087,7.09410105920444
2017-02-15,model1,csi500,2017-02-14,452,-2.33182685840708,2.277573623310591
2017-02-15,model1,sse50,2016-12-12,47,-1.1535063829787233,4.94000510175763
2017-02-16,model1,csi500,2017-02-14,459,0.6905376252723313,0.6342676514550837
2017-02-16,model1,sse50,2016-12-12,46,-0.6192043478260868,0.8600528723404245
2017-02-17,model1,csi500,2017-02-14,466,-1.713077575107296,-1.118122269414015
2017-02-17,model1,sse50,2016-12-12,48,-2.873837083333333,-1.5488492713793824
2017-02-20,model1,csi500,2017-02-14,461,1.6672246420824297,0.2148948974158217
2017-02-20,model1,sse50,2016-12-12,48,1.3286979166666668,-0.7214478381642522
2017-02-21,model1,csi500,2017-02-14,444,5.501003806306306,1.8183836244271465
2017-02-21,model1,sse50,2016-12-12,42,3.010552380952381,0.48847107142857044
2017-02-22,model1,csi500,2017-02-14,443,6.134407584650114,4.43421201101295
2017-02-22,model1,sse50,2016-12-12,45,2.505120666666667,2.2814569880952367
2017-02-23,model1,csi500,2017-02-14,456,4.261966469298246,5.299125953418222
2017-02-23,model1,sse50,2016-12-12,46,-2.0115173913043476,1.1680518854382325
2017-02-24,model1,csi500,2017-02-14,451,4.4511470509977835,4.949173701648714
2017-02-24,model1,sse50,2016-12-12,43,-1.337518604651163,-0.28130510976294903
2017-02-27,model1,csi500,2017-02-14,460,-1.0147919347826084,2.5661071951711403
2017-02-27,model1,sse50,2016-12-12,45,-4.590337333333333,-2.646457776429616
2017-02-28,model1,csi500,2017-02-14,450,0.01184573333333347,1.149400283182836
2017-02-28,model1,sse50,2016-12-12,44,-1.4792472727272725,-2.469034403570591
2017-03-01,model1,csi500,2017-02-14,445,1.1317334831460675,0.04292909389893085
2017-03-01,model1,sse50,2016-12-12,41,-1.0220853658536584,-2.3638899906380892
2017-03-02,model1,csi500,2017-02-14,466,-2.30884356223176,-0.3884214485841196
2017-03-02,model1,sse50,2016-12-12,47,-5.312696595744681,-2.6046764114418717
2017-03-03,model1,csi500,2017-02-14,453,0.17778578366445924,-0.3331080984737444
2017-03-03,model1,sse50,2016-12-12,47,-3.8896110638297876,-3.4081310084760434
2017-03-06,model1,csi500,2017-02-14,463,4.608648920086393,0.8258637138396976
2017-03-06,model1,sse50,2016-12-12,44,-0.5334763636363635,-3.245261341070279
2017-03-07,model1,csi500,2017-02-14,446,3.0594590134529147,2.615297905734589
2017-03-07,model1,sse50,2016-12-12,45,1.7386406666666667,-0.8948155869331625
2017-03-08,model1,csi500,2017-02-14,451,-0.27286184035476707,2.4650820310615136
2017-03-08,model1,sse50,2016-12-12,46,1.8604815217391306,1.0218819415898102
2017-03-09,model1,csi500,2017-02-14,461,-3.8444930585683292,-0.3526319618233938
2017-03-09,model1,sse50,2016-12-12,45,-0.6955106666666665,0.9678705072463757
2017-03-10,model1,csi500,2017-02-14,438,-4.142296552511415,-2.75321715047817
2017-03-10,model1,sse50,2016-12-12,44,-2.519530227272727,-0.45151979073342213
2017-03-13,model1,csi500,2017-02-14,458,1.6480716812227074,-2.1129059766190124
2017-03-13,model1,sse50,2016-12-12,49,3.3853216326530613,0.056760246237888
2017-03-14,model1,csi500,2017-02-14,449,1.036342071269488,-0.48596093333973994
2017-03-14,model1,sse50,2016-12-12,46,4.291855652173913,1.7192156858514147
2017-03-15,model1,csi500,2017-02-14,450,0.6503537333333335,1.111589161941843
2017-03-15,model1,sse50,2016-12-12,43,4.379468139534884,4.018881808120619
2017-03-16,model1,csi500,2017-02-14,459,4.176503202614379,1.9543996690724004
2017-03-16,model1,sse50,2016-12-12,47,4.257977872340425,4.30976722134974
2017-03-17,model1,csi500,2017-02-14,461,-0.29789321041214745,1.509654575178522
2017-03-17,model1,sse50,2016-12-12,49,-1.8281167346938776,2.2697764257271427
2017-03-20,model1,csi500,2017-02-14,447,0.12739545861297552,1.3353351502717359
2017-03-20,model1,sse50,2016-12-12,47,-2.955431914893617,-0.17519025908235766
2017-03-21,model1,csi500,2017-02-14,446,0.014941053811659307,-0.05185223266250406
2017-03-21,model1,sse50,2016-12-12,48,-2.24733125,-2.3436266331958326
2017-03-22,model1,csi500,2017-02-14,455,-1.2498054945054944,-0.3691563273602864
2017-03-22,model1,sse50,2016-12-12,47,-6.5591531914893615,-3.9206387854609943
2017-03-23,model1,csi500,2017-02-14,449,-0.5989134298440979,-0.6112592901793109
2017-03-23,model1,sse50,2016-12-12,46,-2.2602465217391305,-3.688910321076166
2017-03-24,model1,csi500,2017-02-14,454,4.257595198237886,0.8029587579627647
2017-03-24,model1,sse50,2016-12-12,46,3.421435434782609,-1.7993214261486292
2017-03-27,model1,csi500,2017-02-14,450,0.7052572000000001,1.4546463227979294
2017-03-27,model1,sse50,2016-12-12,47,1.2856357446808513,0.8156082192414417
2017-03-28,model1,csi500,2017-02-14,456,-0.6576524342105262,1.435066654675787
2017-03-28,model1,sse50,2016-12-12,46,-2.7813895652173914,0.6418938714153547
2017-03-29,model1,csi500,2017-02-14,459,-2.650232919389978,-0.8675427178668347
2017-03-29,model1,sse50,2016-12-12,48,-4.165602499999999,-1.8871187735121815
2017-03-30,model1,csi500,2017-02-14,462,-7.898937683982684,-3.735607679194396
2017-03-30,model1,sse50,2016-12-12,47,-5.73989914893617,-4.228963738051188
2017-03-31,model1,csi500,2017-02-14,451,-3.5213937250554324,-4.690188109476032
2017-03-31,model1,sse50,2016-12-12,47,-3.262229787234043,-4.389243812056739
2017-04-05,model1,csi500,2017-02-14,447,2.8888857270693515,-2.843815227322922
2017-04-05,model1,sse50,2016-12-12,45,5.226767333333333,-1.258453867612295
2017-04-06,model1,csi500,2017-02-14,439,2.3376286560364465,0.5683735526834552
2017-04-06,model1,sse50,2016-12-12,45,3.0135206666666665,1.6593527375886508
2017-04-07,model1,csi500,2017-02-14,446,2.003297869955157,2.4099374176869848
2017-04-07,model1,sse50,2016-12-12,44,2.5566884090909094,3.5989921363636355
2017-04-10,model1,csi500,2017-02-14,452,0.6648338938053099,1.6685868065989713
2017-04-10,model1,sse50,2016-12-12,47,-1.396844680851064,1.391121464968836
2017-04-11,model1,csi500,2017-02-14,447,2.0592366442953023,1.575789469351923
2017-04-11,model1,sse50,2016-12-12,45,-0.1651744444444443,0.3315564279317989
2017-04-12,model1,csi500,2017-02-14,451,-1.8763351662971173,0.28257845726783165
2017-04-12,model1,sse50,2016-12-12,45,-0.8014693333333333,-0.7878294862096152
2017-04-13,model1,csi500,2017-02-14,447,0.5697021252796421,0.2508678677592758
2017-04-13,model1,sse50,2016-12-12,44,-1.4514954545454546,-0.8060464107744121
2017-04-14,model1,csi500,2017-02-14,460,-2.3999050652173914,-1.2355127020782888
2017-04-14,model1,sse50,2016-12-12,45,-3.539865333333333,-1.9309433737373751
2017-04-17,model1,csi500,2017-02-14,461,-4.41302737527115,-2.0810767717362997
2017-04-17,model1,sse50,2016-12-12,42,-0.7077011904761902,-1.8996873261183274
2017-04-18,model1,csi500,2017-02-14,461,-7.0556711496746205,-4.622867863387721
2017-04-18,model1,sse50,2016-12-12,46,-4.038171304347826,-2.761912609385785
2017-04-19,model1,csi500,2017-02-14,460,-10.181691391304348,-7.21679663875004
2017-04-19,model1,sse50,2016-12-12,46,-6.338697391304348,-3.694856628709456
2017-04-20,model1,csi500,2017-02-14,453,-8.146622119205299,-8.461328220061423
2017-04-20,model1,sse50,2016-12-12,44,-4.016372727272727,-4.797747140974969
2017-04-21,model1,csi500,2017-02-14,443,-7.097901015801355,-8.475404842103666
2017-04-21,model1,sse50,2016-12-12,44,3.2236984090909093,-2.377123903162057
2017-04-24,model1,csi500,2017-02-14,466,-10.612813240343348,-8.619112125116667
2017-04-24,model1,sse50,2016-12-12,43,6.07964,1.7623218939393928
2017-04-25,model1,csi500,2017-02-14,445,-5.449148112359551,-7.719954122834751
2017-04-25,model1,sse50,2016-12-12,41,4.204110731707318,4.502483046932741
2017-04-26,model1,csi500,2017-02-14,447,-2.1028038255033557,-6.054921726068751
2017-04-26,model1,sse50,2016-12-12,42,2.5547340476190477,4.27949492644212
2017-04-27,model1,csi500,2017-02-14,459,-0.4562915468409585,-2.6694144949012877
2017-04-27,model1,sse50,2016-12-12,44,6.794584090909091,4.517809623411818
2017-04-28,model1,csi500,2017-02-14,454,3.5522408590308374,0.331048495562175
2017-04-28,model1,sse50,2016-12-12,38,8.101567105263157,5.816961747930431
2017-05-02,model1,csi500,2017-02-14,450,4.095413022222222,2.3971207781373676
2017-05-02,model1,sse50,2016-12-12,45,1.5073448888888894,5.467832028353712
2017-05-03,model1,csi500,2017-02-14,452,2.4897754203539826,3.3791431005356807
2017-05-03,model1,sse50,2016-12-12,45,1.462263111111111,3.690391701754385
2017-05-04,model1,csi500,2017-02-14,446,-0.4203555381165917,2.0549443014865383
2017-05-04,model1,sse50,2016-12-12,44,0.5628459090909095,1.1774846363636355
2017-05-05,model1,csi500,2017-02-14,457,-4.533914529540481,-0.8214982157676965
2017-05-05,model1,sse50,2016-12-12,45,1.0356984444444446,1.0202691548821539
2017-05-08,model1,csi500,2017-02-14,453,-8.4228446799117,-4.45903824918959
2017-05-08,model1,sse50,2016-12-12,46,6.339114130434783,2.645886161323378
2017-05-09,model1,csi500,2017-02-14,455,-0.875732967032967,-4.610830725495049
2017-05-09,model1,sse50,2016-12-12,42,6.293496666666667,4.556103080515297
2017-05-10,model1,csi500,2017-02-14,458,-3.584179519650655,-4.2942523888651065
2017-05-10,model1,sse50,2016-12-12,45,1.5491744444444444,4.727261747181964
2017-05-11,model1,csi500,2017-02-14,459,-3.5630112200435726,-2.6743079022423983
2017-05-11,model1,sse50,2016-12-12,46,6.706405434782609,4.849692181964572
2017-05-12,model1,csi500,2017-02-14,454,-2.4682429295154185,-3.2051445564032157
2017-05-12,model1,sse50,2016-12-12,46,9.61173847826087,5.955772785829306
2017-05-15,model1,csi500,2017-02-14,447,-1.7964899552572706,-2.6092480349387537
2017-05-15,model1,sse50,2016-12-12,45,2.5455184444444448,6.287887452495974
2017-05-16,model1,csi500,2017-02-14,466,5.848164484978541,0.5278105334019504
2017-05-16,model1,sse50,2016-12-12,44,5.894689772727273,6.0173155651441945
2017-05-17,model1,csi500,2017-02-14,452,7.242086703539823,3.764587077753698
2017-05-17,model1,sse50,2016-12-12,44,0.07411500000000028,2.838107739057238
2017-05-18,model1,csi500,2017-02-14,448,4.712251205357143,5.934167464625169
2017-05-18,model1,sse50,2016-12-12,45,-2.600512888888889,1.12276396127946
2017-05-19,model1,csi500,2017-02-14,450,3.502414311111111,5.1522507400026925
2017-05-19,model1,sse50,2016-12-12,44,-3.5790900000000003,-2.035162629629631
2017-05-22,model1,csi500,2017-02-14,464,-2.206072995689655,2.0028641735928665
2017-05-22,model1,sse50,2016-12-12,45,-1.345248222222222,-2.5082837037037047
2017-05-23,model1,csi500,2017-02-14,466,-7.775262939914162,-2.1596405414975686
2017-05-23,model1,sse50,2016-12-12,47,6.6713940425531915,0.5823519401103221
2017-05-24,model1,csi500,2017-02-14,463,-1.5748140604751617,-3.852049998692993
2017-05-24,model1,sse50,2016-12-12,44,10.465479090909092,5.263874970413353
2017-05-25,model1,csi500,2017-02-14,463,3.046514816414687,-2.1011873946582122
2017-05-25,model1,sse50,2016-12-12,46,14.588898043478263,10.575257058980181
2017-05-26,model1,csi500,2017-02-14,446,1.9105083856502243,1.1274030471965832
2017-05-26,model1,sse50,2016-12-12,44,19.290994545454545,14.781790559947298
2017-05-31,model1,csi500,2017-02-14,461,-2.0300708676789587,0.9756507781286511
2017-05-31,model1,sse50,2016-12-12,44,21.295495681818185,18.391796090250327
2017-06-01,model1,csi500,2017-02-14,467,-5.747098244111348,-1.9555535753800275
2017-06-01,model1,sse50,2016-12-12,44,19.958880454545454,20.181790227272725
2017-06-02,model1,csi500,2017-02-14,462,0.1927935930735932,-2.5281251729055714
2017-06-02,model1,sse50,2016-12-12,43,0.31145860465116293,13.855278247004932
2017-06-05,model1,csi500,2017-02-14,457,2.7468814004376365,-0.9358077502000395
2017-06-05,model1,sse50,2016-12-12,41,-3.093367804878049,5.725657084772855
2017-06-06,model1,csi500,2017-02-14,463,4.562789870410367,2.500821621307199
2017-06-06,model1,sse50,2016-12-12,43,0.1575376744186047,-0.8747905086027616
2017-06-07,model1,csi500,2017-02-14,474,13.610592468354431,6.973421246400812
2017-06-07,model1,sse50,2016-12-12,45,2.5107666666666666,-0.1416878212642604
2017-06-08,model1,csi500,2017-02-14,459,9.420420043572985,9.197934127445928
2017-06-08,model1,sse50,2016-12-12,40,5.2056375,2.624647280361756
2017-06-09,model1,csi500,2017-02-14,452,5.811655243362832,9.61422258509675
2017-06-09,model1,sse50,2016-12-12,43,7.77631511627907,5.164239760981911
2017-06-12,model1,csi500,2017-06-12,471,0.267811040339703,5.1666287757585065
2017-06-12,model1,sse50,2017-06-12,40,4.606316250000001,5.86275628875969
2017-06-13,model1,csi500,2017-06-12,472,3.024211970338983,3.034559418013839
2017-06-13,model1,sse50,2017-06-12,42,2.006305476190476,4.796312280823181
2017-06-14,model1,csi500,2017-06-12,456,2.2442830482456144,1.8454353529747662
2017-06-14,model1,sse50,2017-06-12,44,-1.921416818181818,1.5637349693362186
2017-06-15,model1,csi500,2017-06-12,464,4.35451525862069,3.2076700924017616
2017-06-15,model1,sse50,2017-06-12,44,-2.1783536363636364,-0.6978216594516606
2017-06-16,model1,csi500,2017-06-12,441,4.590105283446712,3.729634530104338
2017-06-16,model1,sse50,2017-06-12,40,-3.6428264999999995,-2.5808656515151527
2017-06-19,model1,csi500,2017-06-12,460,6.606264347826087,5.183628296631163
2017-06-19,model1,sse50,2017-06-12,44,4.658015,-0.38772171212121326
2017-06-20,model1,csi500,2017-06-12,444,3.0946185585585586,4.7636627299437855
2017-06-20,model1,sse50,2017-06-12,44,3.4746247727272728,1.4966044242424232
2017-06-21,model1,csi500,2017-06-12,450,0.43744540000000015,3.3794427687948816
2017-06-21,model1,sse50,2017-06-12,42,0.47861261904761915,2.8704174639249627
2017-06-22,model1,csi500,2017-06-12,466,-3.8078292918454935,-0.09192177776231218
2017-06-22,model1,sse50,2017-06-12,44,3.871432272727273,2.6082232215007206
2017-06-23,model1,csi500,2017-06-12,456,-3.655319078947368,-2.3419009902642878
2017-06-23,model1,sse50,2017-06-12,45,5.469112222222222,3.2730523713323705
2017-06-26,model1,csi500,2017-06-12,471,3.336281932059448,-1.3756221462444718
2017-06-26,model1,sse50,2017-06-12,43,5.440216976744186,4.92692049056456
2017-06-27,model1,csi500,2017-06-12,453,3.334841501103753,1.0052681180719436
2017-06-27,model1,sse50,2017-06-12,42,5.764497380952381,5.557942193306261
2017-06-28,model1,csi500,2017-06-12,460,1.417811739130435,2.6963117240978782
2017-06-28,model1,sse50,2017-06-12,44,3.368451590909091,4.857721982868552
2017-06-29,model1,csi500,2017-06-12,455,2.11039810989011,2.2876837833747654
2017-06-29,model1,sse50,2017-06-12,42,0.9117097619047622,3.348219577922077
2017-06-30,model1,csi500,2017-06-12,450,3.029088666666667,2.1857661718957364
2017-06-30,model1,sse50,2017-06-12,44,2.2363179545454543,2.172159769119768
2017-07-03,model1,csi500,2017-06-12,469,4.097966545842217,3.0791511074663305
2017-07-03,model1,sse50,2017-06-12,42,1.0760966666666671,1.40804146103896
2017-07-04,model1,csi500,2017-06-12,461,1.9473892190889373,3.024814810532606
2017-07-04,model1,sse50,2017-06-12,39,-4.380258461538462,-0.355947946775448
2017-07-05,model1,csi500,2017-06-12,462,5.324903874458875,3.7900865464633426
2017-07-05,model1,sse50,2017-06-12,41,2.5222217073170734,-0.26064669585157496
2017-07-06,model1,csi500,2017-06-12,464,3.4299096982758623,3.567400930607891
2017-07-06,model1,sse50,2017-06-12,44,1.812158863636364,-0.015292630195009371
2017-07-07,model1,csi500,2017-06-12,457,3.5581077024070025,4.104307091713913
2017-07-07,model1,sse50,2017-06-12,43,1.9686076744186047,2.10099608179068
2017-07-10,model1,csi500,2017-06-12,465,2.013554860215054,3.000524086965972
2017-07-10,model1,sse50,2017-06-12,45,3.628255333333333,2.469673957129433
2017-07-11,model1,csi500,2017-06-12,467,-2.9278367665952887,0.8812752653422553
2017-07-11,model1,sse50,2017-06-12,42,5.035839523809524,3.5442341771871533
2017-07-12,model1,csi500,2017-06-12,465,-3.510039806451613,-1.4747739042772832
2017-07-12,model1,sse50,2017-06-12,43,3.1475462790697675,3.9372137120708737
2017-07-13,model1,csi500,2017-06-12,461,-1.2183591106290672,-2.5520785612253234
2017-07-13,model1,sse50,2017-06-12,45,7.946738888888889,5.376708230589393
2017-07-14,model1,csi500,2017-06-12,461,-2.19640715835141,-2.308268691810697
2017-07-14,model1,sse50,2017-06-12,41,10.797103658536587,7.297129608831746
2017-07-17,model1,csi500,2017-06-12,472,-6.4682066737288135,-3.2943243142364307
2017-07-17,model1,sse50,2017-06-12,44,9.762229545454547,9.502024030960007
2017-07-18,model1,csi500,2017-06-12,468,-0.4996502564102563,-3.0547546961634935
2017-07-18,model1,sse50,2017-06-12,43,5.02608488372093,8.52847269590402
2017-07-19,model1,csi500,2017-06-12,469,4.398028571428571,-0.8566094529035002
2017-07-19,model1,sse50,2017-06-12,43,6.3866904651162795,7.058334964763918
2017-07-20,model1,csi500,2017-06-12,453,5.407278233995585,3.101885516337966
2017-07-20,model1,sse50,2017-06-12,44,5.189755909090909,5.5341770859760375
2017-07-21,model1,csi500,2017-06-12,453,6.909298874172185,5.571535226532113
2017-07-21,model1,sse50,2017-06-12,41,2.8037858536585367,4.793410742621908
2017-07-24,model1,csi500,2017-06-12,466,10.470022982832617,7.595533363666796
2017-07-24,model1,sse50,2017-06-12,44,3.8804413636363644,3.957994375461935
2017-07-25,model1,csi500,2017-06-12,457,3.06791341356674,6.815745090190514
2017-07-25,model1,sse50,2017-06-12,44,-3.6430731818181816,1.013718011825572
2017-07-26,model1,csi500,2017-06-12,457,0.09254380743982511,4.543493401279727
2017-07-26,model1,sse50,2017-06-12,43,-2.511985581395349,-0.7582057998590566
2017-07-27,model1,csi500,2017-06-12,465,2.442518731182796,1.8676586507297863
2017-07-27,model1,sse50,2017-06-12,43,-0.937772558139535,-2.36427710711769
2017-07-28,model1,csi500,2017-06-12,457,2.315946411378556,1.617002983333725
2017-07-28,model1,sse50,2017-06-12,44,1.100625,-0.7830443798449624
2017-07-31,model1,csi500,2017-06-12,462,3.8447066233766236,2.8677239219793247
2017-07-31,model1,sse50,2017-06-12,43,1.2455097674418605,0.4694540697674407
2017-08-01,model1,csi500,2017-06-12,456,2.452203179824562,2.8709520715265797
2017-08-01,model1,sse50,2017-06-12,45,4.497298444444445,2.2811444039621005
2017-08-02,model1,csi500,2017-06-12,469,-1.9802170362473346,1.4388975889846163
2017-08-02,model1,sse50,2017-06-12,44,5.065867272727273,3.6028918282045246
2017-08-03,model1,csi500,2017-06-12,460,-0.6939067826086955,-0.07397354634382336
2017-08-03,model1,sse50,2017-06-12,43,1.50937,3.690845239057238
2017-08-04,model1,csi500,2017-06-12,454,-2.8566284801762114,-1.8435840996774144
2017-08-04,model1,sse50,2017-06-12,42,-2.0207519047619047,1.5181617893217882
2017-08-07,model1,csi500,2017-06-12,466,1.5234369098712446,-0.6756994509712214
2017-08-07,model1,sse50,2017-06-12,43,-0.05824279069767437,-0.1898748984865275
2017-08-08,model1,csi500,2017-06-12,459,2.0277264923747276,0.2315116406899195
2017-08-08,model1,sse50,2017-06-12,43,-0.2478488372093023,-0.7756145108896283
2017-08-09,model1,csi500,2017-06-12,452,1.9253680088495577,1.8255104703651757
2017-08-09,model1,sse50,2017-06-12,44,-0.9740911363636363,-0.4267275880902055
2017-08-10,model1,csi500,2017-06-12,467,-0.6724109421841541,1.0935611863467096
2017-08-10,model1,sse50,2017-06-12,43,1.3589067441860467,0.04565559020436819
2017-08-11,model1,csi500,2017-06-12,465,-3.4080921290322577,-0.7183783541222856
2017-08-11,model1,sse50,2017-06-12,45,-2.1783388888888884,-0.5978410936888272
2017-08-14,model1,csi500,2017-06-12,474,2.6968883966244728,-0.4612048915306472
2017-08-14,model1,sse50,2017-06-12,45,-0.41381711111111097,-0.41108308527131876
2017-08-15,model1,csi500,2017-06-12,451,3.0799933481152992,0.7895965385691706
2017-08-15,model1,sse50,2017-06-12,43,1.847546511627907,-0.24820316279069857
2017-08-16,model1,csi500,2017-06-12,450,3.4642874444444445,3.0803897297280716
2017-08-16,model1,sse50,2017-06-12,44,0.9541240909090909,0.7959511638086276
2017-08-17,model1,csi500,2017-06-12,464,6.534450301724139,4.35957703142796
2017-08-17,model1,sse50,2017-06-12,45,1.6873835555555556,1.49635138603085
2017-08-18,model1,csi500,2017-06-12,457,5.980693522975931,5.326477089714836
2017-08-18,model1,sse50,2017-06-12,42,3.3648688095238093,2.002125485329484
2017-08-21,model1,csi500,2017-06-12,460,6.244555282608696,6.253233035769587
2017-08-21,model1,sse50,2017-06-12,43,2.613274418604651,2.5551755945613372
2017-08-22,model1,csi500,2017-06-12,467,1.1755862312633834,4.466945012282669
2017-08-22,model1,sse50,2017-06-12,42,2.6939321428571428,2.890691790328533
2017-08-23,model1,csi500,2017-06-12,464,-2.01944875,1.800230921290692
2017-08-23,model1,sse50,2017-06-12,44,3.918712045454546,3.075306202305445
2017-08-24,model1,csi500,2017-06-12,466,-4.7977460300429176,-1.8805361829265124
2017-08-24,model1,sse50,2017-06-12,43,-1.7358127906976741,1.625610465871337
2017-08-25,model1,csi500,2017-06-12,471,1.5070392781316349,-1.7700518339704285
2017-08-25,model1,sse50,2017-06-12,46,5.011095434782609,2.3979982298464924
2017-08-28,model1,csi500,2017-06-12,464,4.570183965517241,0.42649240453531867
2017-08-28,model1,sse50,2017-06-12,45,5.322538222222222,2.865940288769051
2017-08-29,model1,csi500,2017-06-12,465,2.08038,2.719201081216291
2017-08-29,model1,sse50,2017-06-12,42,1.5102435714285716,3.947959076144466
2017-08-30,model1,csi500,2017-06-12,454,3.5243934801762116,3.391652481897817
2017-08-30,model1,sse50,2017-06-12,44,-0.3184722727272727,2.1714365069745054
2017-08-31,model1,csi500,2017-06-12,460,2.7738611956521737,2.792878225276128
2017-08-31,model1,sse50,2017-06-12,45,-0.32005955555555543,0.2905705810485797
2017-09-01,model1,csi500,2017-06-12,465,3.223486430107527,3.1739137019786363
2017-09-01,model1,sse50,2017-06-12,45,-3.663663777777778,-1.4340652020202036
2017-09-04,model1,csi500,2017-06-12,468,3.9315407905982904,3.3096294721193296
2017-09-04,model1,sse50,2017-06-12,45,-0.9793915555555556,-1.6543716296296311
2017-09-05,model1,csi500,2017-06-12,460,1.9613925000000003,3.038806573568605
2017-09-05,model1,sse50,2017-06-12,43,0.36852604651162796,-1.4248430956072367
2017-09-06,model1,csi500,2017-06-12,461,3.719083644251627,3.2040056449499716
2017-09-06,model1,sse50,2017-06-12,47,0.3903448936170214,-0.07350687180897021
2017-09-07,model1,csi500,2017-06-12,464,0.5585791379310346,2.079685094060886
2017-09-07,model1,sse50,2017-06-12,47,-4.139733617021276,-1.126954225630877
2017-09-08,model1,csi500,2017-06-12,447,0.23353223713646545,1.503731673106375
2017-09-08,model1,sse50,2017-06-12,44,-3.4371634090909087,-2.3955173774983893
2017-09-11,model1,csi500,2017-06-12,472,2.496650720338983,1.09625403180216
2017-09-11,model1,sse50,2017-06-12,42,-2.5261138095238094,-3.367670278545333
2017-09-12,model1,csi500,2017-06-12,467,0.22920027837259113,0.9864610786160123
2017-09-12,model1,sse50,2017-06-12,43,-0.8369916279069767,-2.2667562821739
2017-09-13,model1,csi500,2017-06-12,452,1.991421017699115,1.5724240054702288
2017-09-13,model1,sse50,2017-06-12,46,-0.3066691304347825,-1.2232581892885241
2017-09-14,model1,csi500,2017-06-12,459,0.9933706100217866,1.0713306353644967
2017-09-14,model1,sse50,2017-06-12,46,-1.1488019565217389,-0.764154238287834
2017-09-15,model1,csi500,2017-06-12,465,-0.6223674623655914,0.7874747217851024
2017-09-15,model1,sse50,2017-06-12,42,-0.43606023809523786,-0.6305104416839211
2017-09-18,model1,csi500,2017-06-12,459,1.891366448801743,0.7541231988193119
2017-09-18,model1,sse50,2017-06-12,46,-0.34693891304347807,-0.6439337025534864
2017-09-19,model1,csi500,2017-06-12,472,0.387246059322034,0.5520816819193943
2017-09-19,model1,sse50,2017-06-12,42,-0.1436430952380952,-0.3088807487922718
2017-09-20,model1,csi500,2017-06-12,469,1.7035595309168443,1.327390679680206
2017-09-20,model1,sse50,2017-06-12,43,-2.778253023255814,-1.0896116771791304
2017-09-21,model1,csi500,2017-06-12,476,-0.6902003781512605,0.466868404029205
2017-09-21,model1,sse50,2017-06-12,46,-0.9984304347826086,-1.3067755177588407
2017-09-22,model1,csi500,2017-06-12,474,-2.701491877637131,-0.5627109082905165
2017-09-22,model1,sse50,2017-06-12,45,0.49272133333333334,-1.0946540415683645
2017-09-25,model1,csi500,2017-06-12,474,-6.324921919831223,-3.238871391873206
2017-09-25,model1,sse50,2017-06-12,48,2.355495625,0.6165955078502403
2017-09-26,model1,csi500,2017-06-12,468,-2.945650641025641,-3.990688146164666
2017-09-26,model1,sse50,2017-06-12,45,7.174966888888889,3.341061282407406
2017-09-27,model1,csi500,2017-06-12,456,1.7061927850877192,-2.5214599252563823
2017-09-27,model1,sse50,2017-06-12,46,-1.3014067391304347,2.74301859158615
2017-09-28,model1,csi500,2017-06-12,468,0.4723477777777779,-0.25570335938671557
2017-09-28,model1,sse50,2017-06-12,46,-4.039452826086957,0.6113691078904981
2017-09-29,model1,csi500,2017-06-12,462,2.9412159307359307,1.7065854978671418
2017-09-29,model1,sse50,2017-06-12,45,-0.20723977777777752,-1.8493664476650575
2017-10-09,model1,csi500,2017-06-12,454,1.5241845374449339,1.6459160819862133
2017-10-09,model1,sse50,2017-06-12,47,-5.860354468085107,-3.3690156906499475
2017-10-10,model1,csi500,2017-06-12,469,2.6807765031982944,2.382058990459719
2017-10-10,model1,sse50,2017-06-12,46,-2.4436247826086954,-2.8370730094905277
2017-10-11,model1,csi500,2017-06-12,466,0.970866738197425,1.7252759262802169
2017-10-11,model1,sse50,2017-06-12,42,-1.6662659523809524,-3.323415067691586
2017-10-12,model1,csi500,2017-06-12,458,-0.7762920524017466,0.9584503963313233
2017-10-12,model1,sse50,2017-06-12,46,-2.926408695652174,-2.3454331435472753
2017-10-13,model1,csi500,2017-06-12,463,1.3715706263498921,0.5220484373818559
2017-10-13,model1,sse50,2017-06-12,44,-3.4811754545454545,-2.6912833675261947
2017-10-16,model1,csi500,2017-06-12,472,-1.7770966737288136,-0.39393936659355694
2017-10-16,model1,sse50,2017-06-12,45,-3.8572697777777774,-3.421617975991803
2017-10-17,model1,csi500,2017-06-12,455,-1.5683262857142857,-0.6579507776977366
2017-10-17,model1,sse50,2017-06-12,43,-2.3162206976744186,-3.2182219766658844
2017-10-18,model1,csi500,2017-06-12,468,-2.996486645299145,-2.1139698682474157
2017-10-18,model1,sse50,2017-06-12,48,0.39450187500000006,-1.9263295334840664
2017-10-19,model1,csi500,2017-06-12,473,-6.771072579281184,-3.7786285034315394
2017-10-19,model1,sse50,2017-06-12,46,-1.0207654347826087,-0.9808280858190104
2017-10-20,model1,csi500,2017-06-12,472,0.9803907415254238,-2.9290561610183024
2017-10-20,model1,sse50,2017-06-12,44,-0.5044113636363637,-0.3768916411396586
2017-10-23,model1,csi500,2017-06-12,449,2.9014273273942095,-0.9630848367871844
2017-10-23,model1,sse50,2017-06-12,46,-0.2199184782608695,-0.5816984255599486
2017-10-24,model1,csi500,2017-06-12,467,1.0445335331905783,1.6421172007034028
2017-10-24,model1,sse50,2017-06-12,47,4.154113191489362,1.1432611165307083
2017-10-25,model1,csi500,2017-06-12,457,3.4980392560175053,2.4813333722007633
2017-10-25,model1,sse50,2017-06-12,47,3.0963836170212766,2.343526110083255
2017-10-26,model1,csi500,2017-06-12,456,4.510600921052632,3.0177245700869038
2017-10-26,model1,sse50,2017-06-12,47,2.4406602127659576,3.230385673758864
2017-10-27,model1,csi500,2017-06-12,462,0.5552363852813854,2.85462552078384
2017-10-27,model1,sse50,2017-06-12,47,2.4940297872340427,2.677024539007091
2017-10-30,model1,csi500,2017-06-12,472,-3.576479809322034,0.4964524990039932
2017-10-30,model1,sse50,2017-06-12,48,1.31427125,2.0829870833333324
2017-10-31,model1,csi500,2017-06-12,464,-0.18859709051724127,-1.0699468381859645
2017-10-31,model1,sse50,2017-06-12,46,-0.0717706521739129,1.2455101283533752
2017-11-01,model1,csi500,2017-06-12,454,-1.1822775550660793,-1.6491181516351194
2017-11-01,model1,sse50,2017-06-12,44,-0.9227236363636361,0.10659232048748235
2017-11-02,model1,csi500,2017-06-12,470,-4.273842170212766,-1.8815722719320298
2017-11-02,model1,sse50,2017-06-12,44,4.298644090909091,1.1013832674571795
2017-11-03,model1,csi500,2017-06-12,469,-5.0916056929637525,-3.515908472747533
2017-11-03,model1,sse50,2017-06-12,44,6.146802045454546,3.1742408333333323
2017-11-06,model1,csi500,2017-06-12,471,0.7842911677282379,-2.860385565149428
2017-11-06,model1,sse50,2017-06-12,48,3.692724166666667,4.712723434343433
2017-11-07,model1,csi500,2017-06-12,461,3.224045292841649,-0.3610897441312894
2017-11-07,model1,sse50,2017-06-12,48,7.5780475,5.805857904040402
2017-11-08,model1,csi500,2017-06-12,460,3.941494891304348,2.6499437839580775
2017-11-08,model1,sse50,2017-06-12,46,8.230216304347826,6.5003293236714965
2017-11-09,model1,csi500,2017-06-12,451,7.133876585365854,4.76647225650395
2017-11-09,model1,sse50,2017-06-12,48,8.415715416666666,8.074659740338163
2017-11-10,model1,csi500,2017-06-12,463,4.46398181425486,5.179784430308353
2017-11-10,model1,sse50,2017-06-12,49,2.6478885714285716,6.431273430814353
2017-11-13,model1,csi500,2017-06-12,460,1.6710656739130436,4.422974691177918
2017-11-13,model1,sse50,2017-06-12,47,-0.13363851063829776,3.6433218258189783
2017-11-14,model1,csi500,2017-06-12,469,-1.4141839232409381,1.573621188308988
2017-11-14,model1,sse50,2017-06-12,48,-2.187737708333333,0.10883745081897844
2017-11-15,model1,csi500,2017-06-12,459,-2.708078801742919,-0.8170656836902722
2017-11-15,model1,sse50,2017-06-12,46,-0.892240652173913,-1.0712056237151832
2017-11-16,model1,csi500,2017-06-12,462,-3.049554696969697,-2.3906058073178524
2017-11-16,model1,sse50,2017-06-12,46,-1.8938821739130431,-1.6579535114734316
2017-11-17,model1,csi500,2017-06-12,475,-7.798586273684211,-4.5187399241322765
2017-11-17,model1,sse50,2017-06-12,49,2.7056391836734695,-0.026827880804497273
2017-11-20,model1,csi500,2017-06-12,465,-3.4209546666666664,-4.756365212440192
2017-11-20,model1,sse50,2017-06-12,47,5.462077872340426,2.0912782940336156
2017-11-21,model1,csi500,2017-06-12,457,-1.094859956236324,-4.1048002988624015
2017-11-21,model1,sse50,2017-06-12,48,8.969012916666667,5.7122433242268515
2017-11-22,model1,csi500,2017-06-12,455,-1.2285683956043956,-1.914794339502463
2017-11-22,model1,sse50,2017-06-12,47,10.01638489361702,8.149158560874703
2017-11-23,model1,csi500,2017-06-12,462,-4.739629783549783,-2.3543527117968353
2017-11-23,model1,sse50,2017-06-12,48,-1.7468958333333333,5.7461673256501165
2017-11-24,model1,csi500,2017-06-12,450,-2.186379644444444,-2.7181926078662086
2017-11-24,model1,sse50,2017-06-12,49,-1.8221424489795917,2.1491155371013635
2017-11-27,model1,csi500,2017-06-12,445,-4.754331280898876,-3.8934469029643686
2017-11-27,model1,sse50,2017-06-12,47,-0.8933017021276596,-1.4874466614801964
2017-11-28,model1,csi500,2017-06-12,460,1.7746345652173914,-1.7220254533753103
2017-11-28,model1,sse50,2017-06-12,46,-0.9980804347826088,-1.2378415286299551
2017-11-29,model1,csi500,2017-06-12,456,3.3100866228070176,0.11012996904184336
2017-11-29,model1,sse50,2017-06-12,48,-0.8105020833333333,-0.9006280734145357
2017-11-30,model1,csi500,2017-06-12,445,0.34886653932584283,1.8111959091167498
2017-11-30,model1,sse50,2017-06-12,45,-0.8368817777777776,-0.8818214319645751
2017-12-01,model1,csi500,2017-06-12,452,2.751244026548673,2.136732396227177
2017-12-01,model1,sse50,2017-06-12,46,-3.6570252173913045,-1.7681363595008068
2017-12-04,model1,csi500,2017-06-12,458,-0.11550451965065492,0.9948686820746194
2017-12-04,model1,sse50,2017-06-12,48,0.8460670833333334,-1.2159466372785845
2017-12-05,model1,csi500,2017-06-12,465,-4.877036150537634,-0.7470988812132062
2017-12-05,model1,sse50,2017-06-12,48,4.712740833333334,0.6339275664251193
2017-12-06,model1,csi500,2017-06-12,458,-1.1445198471615718,-2.045686839116621
2017-12-06,model1,sse50,2017-06-12,46,4.4662241304347825,3.3416773490338145
2017-12-07,model1,csi500,2017-06-12,448,-0.9344058705357142,-2.318653956078308
2017-12-07,model1,sse50,2017-06-12,46,0.2015821739130437,3.1268490458937186
2017-12-08,model1,csi500,2017-06-12,458,3.3422265065502184,0.4211002629509766
2017-12-08,model1,sse50,2017-06-12,47,0.6303027659574469,1.7660363567684225
2017-12-11,model1,csi500,2017-12-11,453,8.902121456953642,3.7699806976560475
2017-12-11,model1,sse50,2017-12-11,48,4.631469166666666,1.8211180355123837
2017-12-12,model1,csi500,2017-12-11,462,1.4518833333333334,4.565410432279064
2017-12-12,model1,sse50,2017-12-11,47,-1.561751489361702,1.233340147754135
2017-12-13,model1,csi500,2017-12-11,443,2.853309616252822,4.402438135513266
2017-12-13,model1,sse50,2017-12-11,47,-1.8024682978723403,0.4224164598108728
2017-12-14,model1,csi500,2017-12-11,448,2.0595337276785712,2.121575559088242
2017-12-14,model1,sse50,2017-12-11,49,-4.968189795918367,-2.7774698610508053
2017-12-15,model1,csi500,2017-12-11,465,-1.0549725591397847,1.285956928263869
2017-12-15,model1,sse50,2017-12-11,48,-8.631590416666667,-5.134082836819126
2017-12-18,model1,csi500,2017-12-11,448,-1.883741830357143,-0.2930602206061194
2017-12-18,model1,sse50,2017-12-11,48,-9.471166666666667,-7.690315626417235
2017-12-19,model1,csi500,2017-12-11,449,2.4769618708240535,-0.15391750622429198
2017-12-19,model1,sse50,2017-12-11,44,1.7596377272727273,-5.447706452020203
2017-12-20,model1,csi500,2017-12-11,456,-0.8018691008771929,-0.06954968680342803
2017-12-20,model1,sse50,2017-12-11,45,2.928174666666667,-1.5944514242424261
2017-12-21,model1,csi500,2017-12-11,451,0.06357467849223958,0.5795558161463662
2017-12-21,model1,sse50,2017-12-11,45,9.166264222222223,4.618025538720537
2017-12-22,model1,csi500,2017-12-11,437,0.857109038901602,0.03960487217221553
2017-12-22,model1,sse50,2017-12-11,48,6.5457695833333345,6.213402824074073
2017-12-25,model1,csi500,2017-12-11,457,-3.6382071991247265,-0.9058411605769624
2017-12-25,model1,sse50,2017-12-11,42,3.3050590476190482,6.3390309510581995
2017-12-26,model1,csi500,2017-12-11,459,0.646483660130719,-0.7115381666974693
2017-12-26,model1,sse50,2017-12-11,48,3.1276004166666667,4.326143015873015
2017-12-27,model1,csi500,2017-12-11,451,-0.1731712638580931,-1.0549649342840344
2017-12-27,model1,sse50,2017-12-11,47,0.024543191489361838,2.152400885258357
2017-12-28,model1,csi500,2017-12-11,448,0.9110775669642859,0.4614633210789698
2017-12-28,model1,sse50,2017-12-11,48,0.6865314583333335,1.2795583554964522
2017-12-29,model1,csi500,2017-12-11,450,4.373263111111111,1.7037231380724338
2017-12-29,model1,sse50,2017-12-11,45,1.9360515555555555,0.8823754017927485
2018-01-02,model1,csi500,2017-12-11,448,6.892901227678571,4.0590806352513225
2018-01-02,model1,sse50,2017-12-11,48,3.57905,2.067211004629628
2018-01-03,model1,csi500,2017-12-11,450,9.390211022222223,6.885458453670634
2018-01-03,model1,sse50,2017-12-11,48,6.44677625,3.98729260185185
2018-01-04,model1,csi500,2017-12-11,448,10.046964821428572,8.776692357109788
2018-01-04,model1,sse50,2017-12-11,48,5.799645416666667,5.27515722222222
2018-01-05,model1,csi500,2017-12-11,442,5.9753566063348424,8.47084414999521
2018-01-05,model1,sse50,2017-12-11,46,7.365237608695652,6.537219758454104
2018-01-08,model1,csi500,2017-12-11,439,4.345878314350798,6.789399914038069
2018-01-08,model1,sse50,2017-12-11,48,5.274224375,6.146369133454105
2018-01-09,model1,csi500,2017-12-11,447,0.7931175838926176,3.704784168192752
2018-01-09,model1,sse50,2017-12-11,48,0.5194943750000001,4.386318786231882
2018-01-10,model1,csi500,2017-12-11,448,-3.06279375,0.6920673827478039
2018-01-10,model1,sse50,2017-12-11,49,2.782871836734694,2.858863528911563
2018-01-11,model1,csi500,2017-12-11,449,-0.3501530957683741,-0.8732764206252535
2018-01-11,model1,sse50,2017-12-11,47,3.7969740425531917,2.3664467514292933
2018-01-12,model1,csi500,2017-12-11,447,-0.7594949440715884,-1.3908139299466553
2018-01-12,model1,sse50,2017-12-11,45,3.527553111111111,3.3691329967996637
2018-01-15,model1,csi500,2017-12-11,461,-4.6093666594360085,-1.9063382330919916
2018-01-15,model1,sse50,2017-12-11,49,4.800062040816327,4.041529731493541
2018-01-16,model1,csi500,2017-12-11,455,-1.0004780879120878,-2.1231132304732294
2018-01-16,model1,sse50,2017-12-11,47,8.828266170212766,5.718627107380065
2018-01-17,model1,csi500,2017-12-11,453,0.0719810154525387,-1.8459545772985202
2018-01-17,model1,sse50,2017-12-11,48,8.659447916666666,7.429258709231918
2018-01-18,model1,csi500,2017-12-11,445,0.37225431460674174,-0.1854142526176036
2018-01-18,model1,sse50,2017-12-11,48,9.042658541666666,8.843457542848698
2018-01-19,model1,csi500,2017-12-11,439,0.8717613895216402,0.438665573193639
2018-01-19,model1,sse50,2017-12-11,48,10.387376041666668,9.363160833333332
2018-01-22,model1,csi500,2017-12-11,454,4.797996894273128,2.0140041994671685
2018-01-22,model1,sse50,2017-12-11,47,6.444409787234043,8.624814790189125
2018-01-23,model1,csi500,2017-12-11,442,3.3795502488687785,3.0164361775545143
2018-01-23,model1,sse50,2017-12-11,49,8.549757346938776,8.460514391946495
2018-01-24,model1,csi500,2017-12-11,451,4.343248713968958,4.173598619036953
2018-01-24,model1,sse50,2017-12-11,49,5.268053469387756,6.754073534520191
2018-01-25,model1,csi500,2017-12-11,438,2.9451193378995435,3.5559727669124253
2018-01-25,model1,sse50,2017-12-11,47,0.5405412765957447,4.786117364307423
2018-01-26,model1,csi500,2017-12-11,446,1.9698202466367714,3.086062766168423
2018-01-26,model1,sse50,2017-12-11,48,2.3327233333333335,2.7137726931056094
2018-01-29,model1,csi500,2017-12-11,451,-2.4727788691796007,0.8140535717855703
2018-01-29,model1,sse50,2017-12-11,47,-0.8645365957446808,0.6695760047281306
2018-01-30,model1,csi500,2017-12-11,436,-1.8734283944954127,-0.7921290056794152
2018-01-30,model1,sse50,2017-12-11,48,-3.6371635416666663,-0.7229922680260064
2018-01-31,model1,csi500,2017-12-11,451,-4.679587516629712,-3.0085982601015764
2018-01-31,model1,sse50,2017-12-11,49,-0.594339795918367,-1.6986799777765735
2018-02-01,model1,csi500,2017-12-11,459,-10.021328278867102,-5.5247813966640775
2018-02-01,model1,sse50,2017-12-11,48,2.9171268749999997,-0.4381254875283463
2018-02-02,model1,csi500,2017-12-11,446,-5.372466816143497,-6.691127537213437
2018-02-02,model1,sse50,2017-12-11,47,6.40165170212766,2.9081462604030954
2018-02-05,model1,csi500,2017-12-11,440,0.3567348636363636,-5.012353410458079
2018-02-05,model1,sse50,2017-12-11,48,12.187451666666668,7.168743414598107
2018-02-06,model1,csi500,2017-12-11,451,-4.309953680709534,-3.1085618777388895
2018-02-06,model1,sse50,2017-12-11,48,12.252793125000002,10.280632164598108
2018-02-07,model1,csi500,2017-12-11,445,-5.991662764044944,-3.314960527039372
2018-02-07,model1,sse50,2017-12-11,49,-1.806968163265306,7.544425542800453
2018-02-08,model1,csi500,2017-12-11,438,0.4244025799086759,-3.2924046216152676
2018-02-08,model1,sse50,2017-12-11,49,-5.196117142857142,1.749902606292516
2018-02-09,model1,csi500,2017-12-11,445,-1.7205925393258428,-2.4292842411540376
2018-02-09,model1,sse50,2017-12-11,48,-11.055752916666668,-6.019612740929706
2018-02-12,model1,csi500,2017-12-11,447,2.607248120805369,0.4370193871294002
2018-02-12,model1,sse50,2017-12-11,48,-12.486505625,-9.57945856150794
2018-02-13,model1,csi500,2017-12-11,436,3.7586844724770643,1.5484466846521965
2018-02-13,model1,sse50,2017-12-11,43,-6.454981627906977,-9.99908005652455
2018-02-14,model1,csi500,2017-12-11,416,2.552157668269231,2.972696753850554
2018-02-14,model1,sse50,2017-12-11,49,-4.540258775510204,-7.827248676139061
2018-02-22,model1,csi500,2017-12-11,445,6.424832359550562,4.245224833432285
2018-02-22,model1,sse50,2017-12-11,47,1.9613027659574471,-3.0113125458199135
2018-02-23,model1,csi500,2017-12-11,433,6.21634182448037,5.06444395076672
2018-02-23,model1,sse50,2017-12-11,47,8.535357872340427,1.985467287595888
2018-02-26,model1,csi500,2017-12-11,456,8.965438662280702,7.202204282103878
2018-02-26,model1,sse50,2017-12-11,48,9.134177291666667,6.543612643321512
2018-02-27,model1,csi500,2017-12-11,447,5.893699351230426,7.0251599459971645
2018-02-27,model1,sse50,2017-12-11,49,-1.4503730612244898,5.406387367594199
2018-02-28,model1,csi500,2017-12-11,441,7.498696825396826,7.452611612969317
2018-02-28,model1,sse50,2017-12-11,49,-4.087121836734694,1.198894131235826
2018-03-01,model1,csi500,2017-12-11,455,11.804206747252747,8.398867641293334
2018-03-01,model1,sse50,2017-12-11,49,3.3707800000000003,-0.7222382993197294
2018-03-02,model1,csi500,2017-12-11,439,7.465218473804101,8.922707348817893
2018-03-02,model1,sse50,2017-12-11,47,1.583240425531915,0.2889661962657389
2018-03-05,model1,csi500,2017-12-11,444,3.837033153153153,7.702152791403333
2018-03-05,model1,sse50,2017-12-11,47,2.740745957446809,2.564922127659573
2018-03-06,model1,csi500,2017-12-11,451,5.683149024390244,5.661800217115832
2018-03-06,model1,sse50,2017-12-11,48,7.548042708333334,3.9573430304373507
2018-03-07,model1,csi500,2017-12-11,451,0.8950235033259425,3.471735226956446
2018-03-07,model1,sse50,2017-12-11,48,-1.2484245833333334,3.0134546941489346
2018-03-08,model1,csi500,2017-12-11,448,2.1652410267857145,2.914471184833966
2018-03-08,model1,sse50,2017-12-11,47,-0.5746889361702127,1.9083097296099274
2018-03-09,model1,csi500,2017-12-11,454,5.8541409911894275,2.971468507100361
2018-03-09,model1,sse50,2017-12-11,47,-1.2384106382978721,-1.0205080526004744
2018-03-12,model1,csi500,2017-12-11,453,7.184712008830022,5.068031342268387
2018-03-12,model1,sse50,2017-12-11,45,-3.2542084444444446,-1.6891026729708447
2018-03-13,model1,csi500,2017-12-11,451,3.8678766740576496,5.6355765580257
2018-03-13,model1,sse50,2017-12-11,47,-4.361944255319149,-2.951521112687157
2018-03-14,model1,csi500,2017-12-11,451,-0.2918637694013302,3.586908304495447
2018-03-14,model1,sse50,2017-12-11,49,-6.629224489795918,-4.748459063186506
2018-03-15,model1,csi500,2017-12-11,451,-1.1920022172949,0.7946702291204725
2018-03-15,model1,sse50,2017-12-11,47,0.1686668085106384,-3.6075006455348118
2018-03-16,model1,csi500,2017-12-11,458,-2.87602596069869,-1.4532973157983076
2018-03-16,model1,sse50,2017-12-11,49,-2.2396959183673473,-2.9000845332175444
2018-03-19,model1,csi500,2017-12-11,450,-3.2866124666666665,-2.4515468815534196
2018-03-19,model1,sse50,2017-12-11,45,-1.6276453333333334,-1.2328914810633493
2018-03-20,model1,csi500,2017-12-11,450,1.2104692888888888,-1.6507230461588234
2018-03-20,model1,sse50,2017-12-11,47,3.764171914893617,-0.03438977893568973
2018-03-21,model1,csi500,2017-12-11,451,-0.5254997560975608,-0.8672143112917801
2018-03-21,model1,sse50,2017-12-11,43,-0.5162023255813953,0.5401080853262942
2018-03-22,model1,csi500,2017-12-11,455,-2.002401824175824,-0.4391440971281659
2018-03-22,model1,sse50,2017-12-11,46,-3.8038404347826087,-0.18529028182346416
2018-03-23,model1,csi500,2017-12-11,465,-6.189409913978494,-2.9057704980839603
2018-03-23,model1,sse50,2017-12-11,49,-2.608581632653061,-2.3095414643390235
2018-03-26,model1,csi500,2017-12-11,468,1.6184367094017096,-2.191125009584203
2018-03-26,model1,sse50,2017-12-11,45,-1.5986253333333331,-2.6703491335896694
2018-03-27,model1,csi500,2017-12-11,451,4.679088736141908,0.036038510521707146
2018-03-27,model1,sse50,2017-12-11,46,-4.244460869565217,-2.8172226118505392
2018-03-28,model1,csi500,2017-12-11,447,3.8581849664429533,3.385236803995523
2018-03-28,model1,sse50,2017-12-11,48,-0.23957979166666643,-2.0275553315217407
2018-03-29,model1,csi500,2017-12-11,455,7.866370901098902,5.467881534561253
2018-03-29,model1,sse50,2017-12-11,49,5.092559591836735,0.20283964353494857
2018-03-30,model1,csi500,2017-12-11,450,11.915111466666668,7.87988911140284
2018-03-30,model1,sse50,2017-12-11,47,2.5881140425531917,2.480364614241085
2018-04-02,model1,csi500,2017-12-11,454,6.006061806167401,8.595848057977657
2018-04-02,model1,sse50,2017-12-11,48,1.7174664583333337,3.1327133642410847
2018-04-03,model1,csi500,2017-12-11,453,3.735271964679912,7.218815079171326
2018-04-03,model1,sse50,2017-12-11,46,1.5170589130434786,1.9408798046433329
2018-04-04,model1,csi500,2017-12-11,454,-2.0032183039647578,2.5793718222941844
2018-04-04,model1,sse50,2017-12-11,47,-6.8723427659574465,-1.2126057981935465
2018-04-09,model1,csi500,2017-12-11,454,-0.1438620044052862,0.5293972187699554
2018-04-09,model1,sse50,2017-12-11,48,-4.901171875,-3.4188185759713243
2018-04-10,model1,csi500,2017-12-11,452,1.8659949778761062,-0.09369511016464653
2018-04-10,model1,sse50,2017-12-11,49,3.911338775510204,-2.6207252884824164
2018-04-11,model1,csi500,2017-12-11,440,1.1557196136363639,0.9592841957023941
2018-04-11,model1,sse50,2017-12-11,49,2.7527122448979595,0.5876263818027193
2018-04-12,model1,csi500,2017-12-11,460,-0.8128376521739129,0.7362923131128518
2018-04-12,model1,sse50,2017-12-11,48,-1.1646862500000001,1.8331215901360525
2018-04-13,model1,csi500,2017-12-11,453,-4.160893090507726,-1.2726703763484257
2018-04-13,model1,sse50,2017-12-11,48,-6.141771250000001,-1.517915085034015
2018-04-16,model1,csi500,2017-12-11,455,-6.238637692307692,-3.7374561449964445
2018-04-16,model1,sse50,2017-12-11,49,-13.77726,-7.027905833333335
2018-04-17,model1,csi500,2017-12-11,462,-12.560352359307359,-7.653294380707592
2018-04-17,model1,sse50,2017-12-11,49,-26.77140530612245,-15.563478852040818
2018-04-18,model1,csi500,2017-12-11,445,-8.818005280898877,-9.205665110837977
2018-04-18,model1,sse50,2017-12-11,47,-27.696671063829786,-22.748445456650746
2018-04-19,model1,csi500,2017-12-11,449,-0.8576976169265033,-7.412018419044247
2018-04-19,model1,sse50,2017-12-11,45,-5.432774222222222,-19.966950197391487
2018-04-20,model1,csi500,2017-12-11,465,-3.8702842580645163,-4.5153290519633
2018-04-20,model1,sse50,2017-12-11,47,-7.193375319148936,-13.440940201733651
2018-04-23,model1,csi500,2017-12-11,452,-4.939187876106195,-3.2223899170324053
2018-04-23,model1,sse50,2017-12-11,49,2.1526020408163267,-3.491182500184946
2018-04-24,model1,csi500,2017-12-11,470,2.0105178510638297,-2.266318094368961
2018-04-24,model1,sse50,2017-12-11,49,7.1578746938775515,0.7057004718483114
2018-04-25,model1,csi500,2017-12-11,446,3.0988494618834084,0.05672647894701388
2018-04-25,model1,sse50,2017-12-11,46,2.313154347826087,3.8745436941733193
2018-04-26,model1,csi500,2017-12-11,461,-1.1198347288503252,1.3298441946989705
2018-04-26,model1,sse50,2017-12-11,49,-1.6028367346938777,2.622730769003251
2018-04-27,model1,csi500,2017-12-11,435,-0.9043981149425286,0.35820553936351773
2018-04-27,model1,sse50,2017-12-11,48,-0.04404604166666653,0.22209052382184524
2018-05-02,model1,csi500,2017-12-11,451,-1.4749168957871395,-1.1663832465266648
2018-05-02,model1,sse50,2017-12-11,47,-1.873904893617021,-1.173595889992524
2018-05-03,model1,csi500,2017-12-11,454,1.4310666740088107,-0.31608277890695297
2018-05-03,model1,sse50,2017-12-11,47,-0.3925148936170212,-0.7701552763002386
2018-05-04,model1,csi500,2017-12-11,432,2.4078468055555557,0.7879988612590753
2018-05-04,model1,sse50,2017-12-11,43,-0.9870023255813953,-1.0844740376051483
2018-05-07,model1,csi500,2017-12-11,457,7.027090153172867,3.6220012109124107
2018-05-07,model1,sse50,2017-12-11,47,2.98597085106383,0.5354845439551356
2018-05-08,model1,csi500,2017-12-11,449,9.044272962138084,6.159736640288835
2018-05-08,model1,sse50,2017-12-11,48,7.668411041666666,3.2224598557163646
2018-05-09,model1,csi500,2017-12-11,438,4.100083036529681,6.723815383946878
2018-05-09,model1,sse50,2017-12-11,44,4.332088409090909,4.995490100607133
2018-05-10,model1,csi500,2017-12-11,441,2.3428710884353743,5.16240902903438
2018-05-10,model1,sse50,2017-12-11,44,0.024095454545454545,4.008198301767675
2018-05-11,model1,csi500,2017-12-11,451,-1.590741175166297,1.6174043165995862
2018-05-11,model1,sse50,2017-12-11,45,-2.5469466666666665,0.6030790656565634
2018-05-14,model1,csi500,2017-12-11,450,-4.566717977777778,-1.2715293548362336
2018-05-14,model1,sse50,2017-12-11,45,-2.3533151111111112,-1.6253887744107767
2018-05-15,model1,csi500,2017-12-11,449,0.3947736080178174,-1.920895181642086
2018-05-15,model1,sse50,2017-12-11,46,-3.910131739130435,-2.9367978389694067
2018-05-16,model1,csi500,2017-12-11,451,-0.003398314855875754,-1.3917808948719455
2018-05-16,model1,sse50,2017-12-11,47,-6.896418723404255,-4.386621857881936
2018-05-17,model1,csi500,2017-12-11,449,-2.3196961247216032,-0.6427736105198871
2018-05-17,model1,sse50,2017-12-11,45,-11.419241777777776,-7.408597413437491
2018-05-18,model1,csi500,2017-12-11,452,0.7005727654867258,-0.540840558030251
2018-05-18,model1,sse50,2017-12-11,48,1.1203645833333333,-5.731765305949569
2018-05-21,model1,csi500,2017-12-11,459,3.321111111111111,0.5673292506254113
2018-05-21,model1,sse50,2017-12-11,44,1.7503931818181817,-2.8494946708754227
2018-05-22,model1,csi500,2017-12-11,444,4.021911396396397,2.6811984243314115
2018-05-22,model1,sse50,2017-12-11,45,-1.2940555555555555,0.5255674031986508
2018-05-23,model1,csi500,2017-12-11,465,-1.030139935483871,2.104294190674546
2018-05-23,model1,sse50,2017-12-11,47,-5.4609748936170215,-1.6682124224514674
2018-05-24,model1,csi500,2017-12-11,446,-2.6791023991031393,0.104223020603129
2018-05-24,model1,sse50,2017-12-11,46,-11.084302173913043,-5.946444207695209
2018-05-25,model1,csi500,2017-12-11,455,-6.945228131868132,-3.551490155485047
2018-05-25,model1,sse50,2017-12-11,44,-11.758473181818182,-9.434583416449419
2018-05-28,model1,csi500,2017-12-11,459,-8.518984901960785,-6.047771810977352
2018-05-28,model1,sse50,2017-12-11,46,-6.021161739130434,-9.621312364953889
2018-05-29,model1,csi500,2017-12-11,446,-9.252160470852017,-8.238791168226976
2018-05-29,model1,sse50,2017-12-11,48,-5.917380416666667,-7.89900511253843
2018-05-30,model1,csi500,2017-12-11,462,-11.342011385281385,-9.704385586031394
2018-05-30,model1,sse50,2017-12-11,48,-8.91473375,-6.951091968599035
2018-05-31,model1,csi500,2017-12-11,441,-4.143963083900227,-8.24604498001121
2018-05-31,model1,sse50,2017-12-11,43,-1.2309058139534883,-5.354339993540054
2018-06-01,model1,csi500,2017-12-11,453,-3.5532475717439294,-6.34640734697518
2018-06-01,model1,sse50,2017-12-11,42,-0.06057333333333333,-3.4020709657622756
2018-06-04,model1,csi500,2017-12-11,442,-3.095385746606335,-3.597532134083497
2018-06-04,model1,sse50,2017-12-11,48,-1.3538716666666666,-0.8817836046511646
2018-06-05,model1,csi500,2017-12-11,449,3.3588287973273943,-1.0966015070076234
2018-06-05,model1,sse50,2017-12-11,45,0.9089946666666666,-0.1684834444444462
2018-06-06,model1,csi500,2017-12-11,443,3.652722753950339,1.3053886015571328
2018-06-06,model1,sse50,2017-12-11,47,-2.3921042553191487,-0.945660418439718
2018-06-07,model1,csi500,2017-12-11,446,-0.7359184080717489,2.091877714401995
2018-06-07,model1,sse50,2017-12-11,43,-2.623346976744186,-1.3688188551322245
2018-06-08,model1,csi500,2017-12-11,456,-4.442937061403509,-0.5087109051749729
2018-06-08,model1,sse50,2017-12-11,48,-8.72722,-4.58089041068778
2018-06-11,model1,csi500,2018-06-11,453,-6.543300353200883,-3.90738527422538
2018-06-11,model1,sse50,2018-06-11,48,-3.228540833333333,-4.8597026033591755
2018-06-12,model1,csi500,2018-06-11,444,-0.22475126126126121,-3.7369962252885514
2018-06-12,model1,sse50,2018-06-11,49,2.830007346938775,-3.0419178287981885
2018-06-13,model1,csi500,2018-06-11,456,-2.7790310307017543,-3.1823608817212996
2018-06-13,model1,sse50,2018-06-11,46,0.655527391304348,0.08566463496992822
2018-06-14,model1,csi500,2018-06-11,446,-2.059564865470852,-1.687782385811289
2018-06-14,model1,sse50,2018-06-11,48,3.960941666666667,2.482158801636595
2018-06-15,model1,csi500,2018-06-11,458,-3.8975871834061135,-2.91206102652624
2018-06-15,model1,sse50,2018-06-11,48,6.148330416666667,3.5882664915458924
2018-06-19,model1,csi500,2018-06-11,458,-10.982776746724891,-5.646642931867285
2018-06-19,model1,sse50,2018-06-11,49,3.685106326530613,4.598126136621314
2018-06-20,model1,csi500,2018-06-11,451,-1.6727938580931263,-5.517719262741377
2018-06-20,model1,sse50,2018-06-11,48,1.1128716666666671,3.6487694699546473
2018-06-21,model1,csi500,2018-06-11,448,-3.7117118080357145,-5.455760804284576
2018-06-21,model1,sse50,2018-06-11,48,-2.7380754166666663,0.6866341921768694
2018-06-22,model1,csi500,2018-06-11,453,1.1609648785871964,-1.4078469291805475
2018-06-22,model1,sse50,2018-06-11,48,2.76340375,0.37939999999999846
2018-06-25,model1,csi500,2018-06-11,456,-0.17622469298245613,-0.9089905408103242
2018-06-25,model1,sse50,2018-06-11,49,-2.3521302040816328,-0.775600623582768
2018-06-26,model1,csi500,2018-06-11,453,1.4384698454746137,0.8077366770264519
2018-06-26,model1,sse50,2018-06-11,49,-4.817758367346938,-1.4688282738095253
2018-06-27,model1,csi500,2018-06-11,440,0.26571459090909094,0.5093199144670834
2018-06-27,model1,sse50,2018-06-11,48,-7.68156375,-4.9504841071428585
2018-06-28,model1,csi500,2018-06-11,455,-2.826232087912088,-0.3740158838427939
2018-06-28,model1,sse50,2018-06-11,46,-7.307825652173913,-6.6023825898402855
2018-06-29,model1,csi500,2018-06-11,466,3.359445450643777,0.26630931788026063
2018-06-29,model1,sse50,2018-06-11,47,3.4234617021276597,-3.8553092333487533
2018-07-02,model1,csi500,2018-06-11,459,0.24245936819172115,0.2585575769744706
2018-07-02,model1,sse50,2018-06-11,49,-0.760608163265306,-1.5483240377705216
2018-07-03,model1,csi500,2018-06-11,462,1.1777493290043293,1.593218049279943
2018-07-03,model1,sse50,2018-06-11,47,-0.7715106382978723,0.630447633521492
2018-07-04,model1,csi500,2018-06-11,464,0.2660139870689656,0.5620742280883392
2018-07-04,model1,sse50,2018-06-11,47,-0.9005365957446807,-0.8108851324359548
2018-07-05,model1,csi500,2018-06-11,465,-4.83643111827957,-1.1308892674020914
2018-07-05,model1,sse50,2018-06-11,47,-1.090911489361702,-0.9209862411347535
2018-07-06,model1,csi500,2018-06-11,449,-3.4434432962138084,-2.6712868091414705
2018-07-06,model1,sse50,2018-06-11,48,2.06091875,0.023156888297870548
2018-07-09,model1,csi500,2018-06-11,461,3.025907396963124,-1.7513223391767514
2018-07-09,model1,sse50,2018-06-11,49,10.447505102040816,3.8058374542263693
2018-07-10,model1,csi500,2018-06-11,438,3.72112095890411,1.1011950198844753
2018-07-10,model1,sse50,2018-06-11,47,4.128553829787235,5.545659227276015
2018-07-11,model1,csi500,2018-06-11,462,2.134394069264069,2.9604741417104345
2018-07-11,model1,sse50,2018-06-11,48,3.459181875,6.011746935609349
2018-07-12,model1,csi500,2018-06-11,470,8.70316114893617,4.852892059034783
2018-07-12,model1,sse50,2018-06-11,49,9.875820000000001,5.821185234929078
2018-07-13,model1,csi500,2018-06-11,452,8.040589026548673,6.2927147482496375
2018-07-13,model1,sse50,2018-06-11,47,5.702209574468085,6.3457371498226935
2018-07-16,model1,csi500,2018-06-11,453,3.607431236203091,6.783727137229312
2018-07-16,model1,sse50,2018-06-11,48,1.0917852083333335,5.556604927600471
2018-07-17,model1,csi500,2018-06-11,442,2.944156606334842,4.864058956362202
2018-07-17,model1,sse50,2018-06-11,48,-3.041604375,1.2507968026004712
2018-07-18,model1,csi500,2018-06-11,443,-0.746210744920993,1.9351256992056465
2018-07-18,model1,sse50,2018-06-11,48,-10.899908125000001,-4.283242430555558
2018-07-19,model1,csi500,2018-06-11,458,-5.8085931659388645,-1.2035491015083386
2018-07-19,model1,sse50,2018-06-11,47,-16.77462425531915,-10.238712251773052
2018-07-20,model1,csi500,2018-06-11,461,0.43977099783080265,-2.0383443043430187
2018-07-20,model1,sse50,2018-06-11,49,2.0828530612244895,-8.530559773031555
2018-07-23,model1,csi500,2018-06-11,463,3.7415976673866087,-0.5424081669071511
2018-07-23,model1,sse50,2018-06-11,49,5.651728367346939,-3.013347608915909
2018-07-24,model1,csi500,2018-06-11,465,8.324289333333335,4.168552666183582
2018-07-24,model1,sse50,2018-06-11,49,9.43976530612245,5.724782244897958
2018-07-25,model1,csi500,2018-06-11,453,8.86727991169978,6.977722304139907
2018-07-25,model1,sse50,2018-06-11,45,1.1631866666666668,5.418226780045351
2018-07-26,model1,csi500,2018-06-11,455,6.443210747252747,7.8782599974286205
2018-07-26,model1,sse50,2018-06-11,48,-1.9234147916666666,2.8931790603741487
2018-07-27,model1,csi500,2018-06-11,456,-0.33729638157894715,4.991064759124527
2018-07-27,model1,sse50,2018-06-11,44,-4.070132272727272,-1.6101201325757586
2018-07-30,model1,csi500,2018-06-11,462,-5.2206410389610385,0.29509110890425383
2018-07-30,model1,sse50,2018-06-11,49,-1.7131804081632653,-2.568909157519069
2018-07-31,model1,csi500,2018-06-11,461,-4.058347527114967,-3.205428315884985
2018-07-31,model1,sse50,2018-06-11,45,0.3768657777777778,-1.8021489677042544
2018-08-01,model1,csi500,2018-06-11,472,-7.4003332627118645,-5.55977394292929
2018-08-01,model1,sse50,2018-06-11,49,-4.196389795918368,-1.8442348087679532
2018-08-02,model1,csi500,2018-06-11,469,-11.116701535181235,-7.525127441669355
2018-08-02,model1,sse50,2018-06-11,49,-7.551268571428571,-3.7902641965230557
2018-08-03,model1,csi500,2018-06-11,447,-12.1731296196868,-10.230054805859966
2018-08-03,model1,sse50,2018-06-11,47,-11.186578723404255,-7.644745696917066
2018-08-06,model1,csi500,2018-06-11,464,-14.538476831896553,-12.609435995588195
2018-08-06,model1,sse50,2018-06-11,46,-16.364411739130436,-11.700753011321089
2018-08-07,model1,csi500,2018-06-11,475,1.0387758105263158,-8.55761021368568
2018-08-07,model1,sse50,2018-06-11,49,2.240389795918367,-8.436866888872109
2018-08-08,model1,csi500,2018-06-11,464,-0.008856573275862072,-4.502852531548699
2018-08-08,model1,sse50,2018-06-11,49,0.5541551020408163,-4.523288947057086
2018-08-09,model1,csi500,2018-06-11,474,3.478366181434599,1.5027618062283519
2018-08-09,model1,sse50,2018-06-11,49,2.991678163265306,1.9287410204081616
2018-08-10,model1,csi500,2018-06-11,445,6.109762988764045,3.193090865640928
2018-08-10,model1,sse50,2018-06-11,47,3.309417659574468,2.2850836416268616
2018-08-13,model1,csi500,2018-06-11,456,8.429690789473685,6.005939986557443
2018-08-13,model1,sse50,2018-06-11,45,3.439954666666667,3.2470168298354785
2018-08-14,model1,csi500,2018-06-11,444,7.046633288288288,7.195362355508673
2018-08-14,model1,sse50,2018-06-11,43,2.7159727906976747,3.1551150389796017
2018-08-15,model1,csi500,2018-06-11,475,-1.954298547368421,4.507341843464518
2018-08-15,model1,sse50,2018-06-11,47,-4.512361702127659,0.5478552517455588
2018-08-16,model1,csi500,2018-06-11,460,-2.4937703913043476,0.8661881165385071
2018-08-16,model1,sse50,2018-06-11,48,-0.6024833333333333,-0.7996240815877745
2018-08-17,model1,csi500,2018-06-11,473,-7.241602198731501,-3.8965570458014227
2018-08-17,model1,sse50,2018-06-11,49,-3.5574404081632656,-2.890761814541422
2018-08-20,model1,csi500,2018-06-11,461,-3.974776594360087,-4.570049728131978
2018-08-20,model1,sse50,2018-06-11,49,-1.0385938775510204,-1.7328392063492082
2018-08-21,model1,csi500,2018-06-11,459,2.4786753159041397,-2.9125678257291487
2018-08-21,model1,sse50,2018-06-11,48,3.730059583333333,-0.2886582341269861
2018-08-22,model1,csi500,2018-06-11,461,0.4140853796095446,-0.36067196628213355
2018-08-22,model1,sse50,2018-06-11,49,0.03015102040816335,0.9072055753968233
2018-08-23,model1,csi500,2018-06-11,448,1.9963893080357145,1.6297166678498003
2018-08-23,model1,sse50,2018-06-11,43,-0.3282930232558139,1.143972526828559
2018-08-24,model1,csi500,2018-06-11,447,1.5020935346756152,1.304189407440292
2018-08-24,model1,sse50,2018-06-11,50,2.4224202000000004,0.7080927323841147
2018-08-27,model1,csi500,2018-06-11,472,4.625900508474577,2.7081277837286364
2018-08-27,model1,sse50,2018-06-11,49,6.701682857142858,2.931936677962346
2018-08-28,model1,csi500,2018-06-11,451,5.066403481152994,3.731465841434396
2018-08-28,model1,sse50,2018-06-11,46,4.913755652173913,4.679286236438922
2018-08-29,model1,csi500,2018-06-11,461,1.3905496095444687,3.6942845330573473
2018-08-29,model1,sse50,2018-06-11,47,3.075397021276596,4.896945176864453
2018-08-30,model1,csi500,2018-06-11,471,-3.580028237791932,0.9589749509685106
2018-08-30,model1,sse50,2018-06-11,50,-1.6893989999999999,2.099917891150168
2018-08-31,model1,csi500,2018-06-11,461,-8.092502711496746,-3.427327113248069
2018-08-31,model1,sse50,2018-06-11,48,-0.5459885416666667,0.2800031598699745
2018-09-03,model1,csi500,2018-06-11,460,-6.102161652173914,-5.924897533820864
2018-09-03,model1,sse50,2018-06-11,48,-1.2455008333333335,-1.1602961250000021
2018-09-04,model1,csi500,2018-06-11,462,1.965239632034632,-4.076474910545342
2018-09-04,model1,sse50,2018-06-11,50,4.3798472,0.8627859416666647
2018-09-05,model1,csi500,2018-06-11,464,-0.8048542887931034,-1.6472587696441279
2018-09-05,model1,sse50,2018-06-11,50,-1.6671056000000002,0.4890802555555534
2018-09-06,model1,csi500,2018-06-11,452,-1.333844314159292,-0.05781965697258721
2018-09-06,model1,sse50,2018-06-11,46,-3.905868260869565,-0.3977088869565237
2018-09-07,model1,csi500,2018-06-11,445,-0.5044217528089886,-0.8810401185871274
2018-09-07,model1,sse50,2018-06-11,47,-0.86357914893617,-2.145517669935247
2018-09-10,model1,csi500,2018-06-11,468,-4.306360192307692,-2.0482087530919904
2018-09-10,model1,sse50,2018-06-11,48,-2.4747208333333335,-2.414722747713025
2018-09-11,model1,csi500,2018-06-11,451,-3.720540110864745,-2.8437740186604743
2018-09-11,model1,sse50,2018-06-11,47,-2.7202387234042553,-2.019512901891255
2018-09-12,model1,csi500,2018-06-11,433,-1.5490849884526559,-3.191995097208364
2018-09-12,model1,sse50,2018-06-11,50,-0.22191399999999994,-1.8056245189125317
2018-09-13,model1,csi500,2018-06-11,442,-1.3255797058823529,-2.198401601733251
2018-09-13,model1,sse50,2018-06-11,48,-0.8674862499999998,-1.2698796578014204
2018-09-14,model1,csi500,2018-06-11,459,-3.8388735294117646,-2.2378460745822575
2018-09-14,model1,sse50,2018-06-11,44,-3.0499449999999997,-1.3797817500000018
2018-09-17,model1,csi500,2018-06-11,463,-6.562387861771058,-3.908947032355058
2018-09-17,model1,sse50,2018-06-11,47,-2.9337029787234044,-2.28371140957447
2018-09-18,model1,csi500,2018-06-11,477,1.2312561006289309,-3.05666843018463
2018-09-18,model1,sse50,2018-06-11,49,2.8290959183673468,-1.0515173534520212
2018-09-19,model1,csi500,2018-06-11,467,5.118469250535331,-0.07088750353559774
2018-09-19,model1,sse50,2018-06-11,48,7.347236666666666,2.4142098687702007
2018-09-20,model1,csi500,2018-06-11,444,3.7234089639639643,3.3577114383760764
2018-09-20,model1,sse50,2018-06-11,47,2.598987872340426,4.258440152458145
2018-09-21,model1,csi500,2018-06-11,473,8.667947484143763,5.8366085662143545
2018-09-21,model1,sse50,2018-06-11,50,7.8376806,5.927968379669029
2018-09-25,model1,csi500,2018-06-11,448,8.968419084821429,7.119925177643053
2018-09-25,model1,sse50,2018-06-11,44,7.527319318181819,5.98799593017408
2018-09-26,model1,csi500,2018-06-11,434,5.590495898617512,7.7422874891942355
2018-09-26,model1,sse50,2018-06-11,45,6.294219777777778,7.219739898653198
2018-09-27,model1,csi500,2018-06-11,471,-1.0654377494692142,4.497825744656576
2018-09-27,model1,sse50,2018-06-11,45,3.944389555555556,5.921976217171715
2018-09-28,model1,csi500,2018-06-11,465,0.7808967741935485,1.7686516411139495
2018-09-28,model1,sse50,2018-06-11,49,6.708124693877552,5.648911342403626
2018-10-08,model1,csi500,2018-06-11,471,-2.9164681104033967,-1.067003028559687
2018-10-08,model1,sse50,2018-06-11,50,-1.2424861999999999,3.1366760164777006
2018-10-09,model1,csi500,2018-06-11,459,-3.911707603485839,-2.0157596465652285
2018-10-09,model1,sse50,2018-06-11,49,-1.9105846938775508,1.1850179333333315
2018-10-10,model1,csi500,2018-06-11,447,-3.249644116331096,-3.35927327674011
2018-10-10,model1,sse50,2018-06-11,48,2.4230075,-0.24335446462585253
2018-10-11,model1,csi500,2018-06-11,481,-7.299829958419958,-4.8203938927456305
2018-10-11,model1,sse50,2018-06-11,49,-3.9390877551020407,-1.1422216496598663
2018-10-12,model1,csi500,2018-06-11,474,-7.968401286919831,-6.172625120556961
2018-10-12,model1,sse50,2018-06-11,50,-1.8854476,-1.1338426183673491
2018-10-15,model1,csi500,2018-06-11,476,-11.265978424369749,-8.844736556569845
2018-10-15,model1,sse50,2018-06-11,50,-3.1580092000000004,-2.9941815183673497
2018-10-16,model1,csi500,2018-06-11,475,-16.41009094736842,-11.881490219552665
2018-10-16,model1,sse50,2018-06-11,48,-4.718752083333333,-3.25406962777778
2018-10-17,model1,csi500,2018-06-11,461,-10.469123145336226,-12.715064172358131
2018-10-17,model1,sse50,2018-06-11,49,-2.743651836734694,-3.540137706689345
2018-10-18,model1,csi500,2018-06-11,484,-13.069530867768595,-13.316248320157747
2018-10-18,model1,sse50,2018-06-11,50,-8.405562,-5.289321973356011
2018-10-19,model1,csi500,2018-06-11,486,1.4630090740740742,-7.358548313010249
2018-10-19,model1,sse50,2018-06-11,49,0.8258408163265306,-3.4411243401360565
2018-10-22,model1,csi500,2018-06-11,484,6.367450309917356,-1.7463571612590538
2018-10-22,model1,sse50,2018-06-11,50,4.629762,-0.9833197278911587
2018-10-23,model1,csi500,2018-06-11,480,0.7353390625,2.8552661488304776
2018-10-23,model1,sse50,2018-06-11,50,-0.50608,1.649840938775508
2018-10-24,model1,csi500,2018-06-11,465,1.0773746021505377,2.7267213248559656
2018-10-24,model1,sse50,2018-06-11,47,0.48629787234042554,1.5366599574468063
2018-10-25,model1,csi500,2018-06-11,482,5.510795809128631,2.4411698245930573
2018-10-25,model1,sse50,2018-06-11,50,3.0231084,1.001108757446806
2018-10-26,model1,csi500,2018-06-11,467,3.2798310278372593,3.2893338130388106
2018-10-26,model1,sse50,2018-06-11,48,1.1839729166666668,1.5644597296690284
2018-10-29,model1,csi500,2018-06-11,470,-1.1184661489361702,2.5573868960099078
2018-10-29,model1,sse50,2018-06-11,49,-2.4303632653061227,0.5922393504535123
2018-10-30,model1,csi500,2018-06-11,479,2.230178914405011,1.4638479311020347
2018-10-30,model1,sse50,2018-06-11,49,-0.29532122448979575,-0.5139038577097529
2018-10-31,model1,csi500,2018-06-11,475,5.008398105263159,2.0400369569106673
2018-10-31,model1,sse50,2018-06-11,48,3.0877206249999998,0.12067871173469132
2018-11-01,model1,csi500,2018-06-11,460,3.4367892826086957,3.558455434092289
2018-11-01,model1,sse50,2018-06-11,50,1.2853920000000003,1.3592638001700657
2018-11-02,model1,csi500,2018-06-11,474,8.894567025316455,5.779918137729436
2018-11-02,model1,sse50,2018-06-11,49,3.612578571428571,2.661897065476188
2018-11-05,model1,csi500,2018-06-11,466,8.810946459227468,7.0474342557175405
2018-11-05,model1,sse50,2018-06-11,48,1.4545814583333334,2.1175173432539656
2018-11-06,model1,csi500,2018-06-11,447,4.992218791946309,7.5659107588300785
2018-11-06,model1,sse50,2018-06-11,48,-2.9135002083333332,0.7178866071428548
2018-11-07,model1,csi500,2018-06-11,466,-0.1711601716738196,4.544001693166653
2018-11-07,model1,sse50,2018-06-11,49,-9.095979999999999,-3.5182995833333357
2018-11-08,model1,csi500,2018-06-11,480,-5.4409135625,-0.2066183140758362
2018-11-08,model1,sse50,2018-06-11,45,-15.475959555555555,-9.161813254629632
2018-11-09,model1,csi500,2018-06-11,460,-6.119589391304348,-3.9105543751593888
2018-11-09,model1,sse50,2018-06-11,48,-22.0719525,-15.54796401851852
2018-11-12,model1,csi500,2018-06-11,491,2.6366582484725054,-2.97461490177728
2018-11-12,model1,sse50,2018-06-11,49,-0.8497714285714286,-12.799227828042328
2018-11-13,model1,csi500,2018-06-11,495,7.109978343434344,1.2090157335341676
2018-11-13,model1,sse50,2018-06-11,50,4.905274,-6.005483309523811
2018-11-14,model1,csi500,2018-06-11,466,6.652122682403434,5.466253091436762
2018-11-14,model1,sse50,2018-06-11,50,0.9286800000000001,1.6613941904761882
2018-11-15,model1,csi500,2018-06-11,475,13.521008863157896,9.094369962998558
2018-11-15,model1,sse50,2018-06-11,50,5.0340946,3.622682866666665
2018-11-16,model1,csi500,2018-06-11,464,12.760787715517242,10.977973087026191
2018-11-16,model1,sse50,2018-06-11,44,3.502577727272728,3.1551174424242405
2018-11-19,model1,csi500,2018-06-11,475,5.07288932631579,10.45156196833031
2018-11-19,model1,sse50,2018-06-11,47,3.599015531914894,4.045229286395872
2018-11-20,model1,csi500,2018-06-11,490,-2.5752344897959185,5.0861475173457045
2018-11-20,model1,sse50,2018-06-11,49,-1.5188661224489794,1.860909045579545
2018-11-21,model1,csi500,2018-06-11,490,0.5637564897959185,1.0204704421052642
2018-11-21,model1,sse50,2018-06-11,48,0.4172672916666668,0.832472233710858
2018-11-22,model1,csi500,2018-06-11,479,-0.09210538622129438,-0.7011944620737642
2018-11-22,model1,sse50,2018-06-11,50,-0.7554544,-0.6190177435941066
2018-11-23,model1,csi500,2018-06-11,495,-4.5244201616161615,-1.3509230193471786
2018-11-23,model1,sse50,2018-06-11,50,-5.0552728,-1.7978199694444468
2018-11-26,model1,csi500,2018-06-11,470,-4.854220723404255,-3.156915423747236
2018-11-26,model1,sse50,2018-06-11,48,-8.43358125,-4.748102816666669
2018-11-27,model1,csi500,2018-06-11,468,-4.444321282051282,-4.607654055690566
2018-11-27,model1,sse50,2018-06-11,49,-11.528591020408165,-8.339148356802724
2018-11-28,model1,csi500,2018-06-11,485,0.9402573608247423,-2.7860948815435975
2018-11-28,model1,sse50,2018-06-11,47,0.9384340425531915,-6.341246075951659
2018-11-29,model1,csi500,2018-06-11,494,-2.4634354251012143,-1.9891664487759175
2018-11-29,model1,sse50,2018-06-11,50,-1.062002,-3.884052992618326
2018-11-30,model1,csi500,2018-06-11,473,-0.5728784566596193,-0.6986855069786965
2018-11-30,model1,sse50,2018-06-11,50,2.2747446,0.7170588808510621
2018-12-03,model1,csi500,2018-06-11,472,2.2797893220338983,-0.25217485324231115
2018-12-03,model1,sse50,2018-06-11,48,2.717002708333333,1.3099151027777758
2018-12-04,model1,csi500,2018-06-11,473,3.5161354968287526,1.7410154540676779
2018-12-04,model1,sse50,2018-06-11,48,3.1288533333333337,2.7068668805555536
2018-12-05,model1,csi500,2018-06-11,468,7.939644294871795,4.5785230379114825
2018-12-05,model1,sse50,2018-06-11,48,5.201534791666667,3.682463611111109
2018-12-06,model1,csi500,2018-06-11,489,0.3343792229038856,3.9300530048681446
2018-12-06,model1,sse50,2018-06-11,44,-1.1965829545454545,2.3779350568181803
2018-12-07,model1,csi500,2018-06-11,460,-1.1906785217391302,2.3611149986788504
2018-12-07,model1,sse50,2018-06-11,43,-1.875500465116279,0.7098171240016428
2018-12-10,model1,csi500,2018-06-11,468,-2.981578034188034,-1.2792924443410925
2018-12-10,model1,sse50,2018-06-11,48,-3.18466625,-2.0855832232205795
2018-12-11,model1,csi500,2018-06-11,455,-1.5020703956043955,-1.8914423171771861
2018-12-11,model1,sse50,2018-06-11,46,1.513861739130435,-1.1821016586619497
2018-12-12,model1,csi500,2018-06-11,459,-2.875553638344227,-2.4530673560455516
2018-12-12,model1,sse50,2018-06-11,47,-2.703730638297872,-1.4581783830558142
2018-12-13,model1,csi500,2018-06-11,473,1.4425252431289644,-0.9783662636065521
2018-12-13,model1,sse50,2018-06-11,49,2.6076897959183674,0.4726069655836416
2018-12-14,model1,csi500,2018-06-11,494,-2.4609892510121454,-1.2980058820758023
2018-12-14,model1,sse50,2018-06-11,50,-0.7221335999999999,-0.27272481412650335
2018-12-17,model1,csi500,2018-12-17,473,-2.0483516067653276,-1.0222718715495023
2018-12-17,model1,sse50,2018-12-17,50,0.25150400000000006,0.7123533986394541
2018-12-18,model1,csi500,2018-12-17,465,-1.2094357204301076,-1.9062588594025263
2018-12-18,model1,sse50,2018-12-17,47,-0.5118953191489362,-0.3275083063829804
2018-12-19,model1,csi500,2018-12-17,483,-5.327893188405797,-2.86189350520041
2018-12-19,model1,sse50,2018-12-17,49,-5.184591836734693,-1.814994385294545
2018-12-20,model1,csi500,2018-12-17,458,-2.3171582969432314,-2.9514957352597118
2018-12-20,model1,sse50,2018-12-17,48,-11.074235833333333,-5.590240996405655
2018-12-21,model1,csi500,2018-12-17,469,-1.925514946695096,-3.190188810681374
2018-12-21,model1,sse50,2018-12-17,47,-14.17019914893617,-10.143008939668066
2018-12-24,model1,csi500,2018-12-17,484,1.8707477272727273,-0.7906418387885328
2018-12-24,model1,sse50,2018-12-17,48,-3.6989708333333335,-9.64780193853428
2018-12-25,model1,csi500,2018-12-17,473,2.0219472727272727,0.6557266844349686
2018-12-25,model1,sse50,2018-12-17,49,0.6484228571428572,-5.740249041708885
2018-12-26,model1,csi500,2018-12-17,468,0.4921673504273506,1.461620783475784
2018-12-26,model1,sse50,2018-12-17,47,-0.05802170212765932,-1.0361898927727136
2018-12-27,model1,csi500,2018-12-17,495,-5.5078492929292935,-0.9979115565915562
2018-12-27,model1,sse50,2018-12-17,47,-6.338644042553192,-1.9160809625126662
2018-12-28,model1,csi500,2018-12-17,470,-5.111606340425532,-3.3757627609758245
2018-12-28,model1,sse50,2018-12-17,48,-3.2686658333333334,-3.2217771926713965
2019-01-02,model1,csi500,2018-12-17,468,-7.857859188034188,-6.159104940463004
2019-01-02,model1,sse50,2018-12-17,48,-7.748352916666668,-5.785220930851065
2019-01-03,model1,csi500,2018-12-17,468,-6.7930174999999995,-6.587494342819906
2019-01-03,model1,sse50,2018-12-17,49,-4.756317142857143,-5.257778630952383
2019-01-04,model1,csi500,2018-12-17,493,3.401929452332657,-3.749649078567176
2019-01-04,model1,sse50,2018-12-17,49,4.778202653061225,-2.5754891354875302
2019-01-07,model1,csi500,2018-12-17,472,7.51721809322034,1.3753766818509996
2019-01-07,model1,sse50,2018-12-17,46,3.263668695652174,1.095184735285417
2019-01-08,model1,csi500,2018-12-17,461,6.203591648590022,5.707579731381007
2019-01-08,model1,sse50,2018-12-17,47,0.6191963829787235,2.8870225772307054
2019-01-09,model1,csi500,2018-12-17,446,3.0109203811659193,5.577243374325428
2019-01-09,model1,sse50,2018-12-17,48,1.7994327083333335,1.8940992623214086
2019-01-10,model1,csi500,2018-12-17,468,0.32422715811965824,3.179579729291867
2019-01-10,model1,sse50,2018-12-17,49,-0.42699020408163263,0.6638796290768063
2019-01-11,model1,csi500,2018-12-17,473,2.159657822410148,1.831601787231909
2019-01-11,model1,sse50,2018-12-17,47,1.1850229787234043,0.8524884943250332
2019-01-14,model1,csi500,2018-12-17,480,-0.3601570416666666,0.7079093129543805
2019-01-14,model1,sse50,2018-12-17,50,-1.4576623999999998,-0.23320987511941116
2019-01-15,model1,csi500,2018-12-17,487,3.1306632648870636,1.6433880152101823
2019-01-15,model1,sse50,2018-12-17,49,2.3271102040816327,0.6848235942683439
2019-01-16,model1,csi500,2018-12-17,472,2.013643283898305,1.5947165023729013
2019-01-16,model1,sse50,2018-12-17,47,4.398445319148936,1.7559643744101878
2019-01-17,model1,csi500,2018-12-17,484,-1.521625950413223,1.2075601994573824
2019-01-17,model1,sse50,2018-12-17,44,-0.10668181818181809,2.206291235016248
2019-01-18,model1,csi500,2019-01-18,480,0.7811689375000002,0.42439542366169464
2019-01-18,model1,sse50,2018-12-17,48,4.355210416666667,2.88232463921126
2019-01-21,model1,csi500,2019-01-18,465,1.8167606021505376,0.3587678630791055
2019-01-21,model1,sse50,2018-12-17,46,7.635139347826087,3.9612226487703097
2019-01-22,model1,csi500,2019-01-18,485,-2.7714340824742267,-0.057834847607895735
2019-01-22,model1,sse50,2018-12-17,49,-1.303573469387755,3.562258765034997
2019-01-23,model1,csi500,2019-01-18,462,-2.4035093506493506,-1.1193942769910128
2019-01-23,model1,sse50,2018-12-17,48,-1.9856174999999998,1.448649459479442
2019-01-24,model1,csi500,2019-01-18,469,0.2097155437100214,-1.6550759631378513
2019-01-24,model1,sse50,2018-12-17,44,-1.4535272727272728,-1.5809060807050113
2019-01-25,model1,csi500,2019-01-18,481,-2.171700893970894,-1.455164900303407
2019-01-25,model1,sse50,2018-12-17,49,1.2877216326530614,-0.7171410466914058
2019-01-28,model1,csi500,2019-01-18,483,-4.580796625258799,-2.1809273251732235
2019-01-28,model1,sse50,2018-12-17,50,-1.4211996,-0.5290017466914059
2019-01-29,model1,csi500,2019-01-18,486,-7.328267757201646,-4.693588425477112
2019-01-29,model1,sse50,2018-12-17,48,1.2166002083333336,0.3610407469954629
2019-01-30,model1,csi500,2019-01-18,478,-10.259999058577407,-7.389687813679283
2019-01-30,model1,sse50,2018-12-17,47,0.8294465957446808,0.20828240135933607
2019-01-31,model1,csi500,2019-01-18,471,-13.078833312101912,-10.222366709293654
2019-01-31,model1,sse50,2018-12-17,49,3.2805310204081635,1.7755259414953908
2019-02-01,model1,csi500,2019-01-18,494,2.517771417004049,-6.940353651225091
2019-02-01,model1,sse50,2018-12-17,49,1.9877379591836735,2.032571858445504
2019-02-11,model1,csi500,2019-01-18,497,7.043833199195171,-1.1724095653008968
2019-02-11,model1,sse50,2018-12-17,47,5.528973617021276,3.5990808655377022
2019-02-12,model1,csi500,2019-01-18,480,11.449266875000001,7.003623830399742
2019-02-12,model1,sse50,2018-12-17,48,7.4303325,4.982348025401648
2019-02-13,model1,csi500,2019-01-18,495,22.140639818181818,13.544579964125665
2019-02-13,model1,sse50,2018-12-17,50,13.0907616,8.683355905673757
2019-02-14,model1,csi500,2019-01-18,459,20.502741677559914,18.030882790247247
2019-02-14,model1,sse50,2018-12-17,48,12.855191666666668,11.125428588888887
2019-02-15,model1,csi500,2019-01-18,481,3.484700914760915,15.37602747016755
2019-02-15,model1,sse50,2018-12-17,49,-2.2142755102040814,7.910559252154194
2019-02-18,model1,csi500,2019-01-18,498,6.7018621285140565,10.229768240278297
2019-02-18,model1,sse50,2018-12-17,50,0.979762,3.8735593854875265
2019-02-19,model1,csi500,2019-01-18,486,3.5870708847736625,4.5912113093495455
2019-02-19,model1,sse50,2018-12-17,49,1.1872857142857143,-0.015742598639458077
2019-02-20,model1,csi500,2019-01-18,465,0.7711501290322582,3.686694380773327
2019-02-20,model1,sse50,2018-12-17,48,-0.09590624999999985,0.6903804880952359
2019-02-21,model1,csi500,2019-01-18,475,-0.6904946947368419,1.2225754396896942
2019-02-21,model1,sse50,2018-12-17,50,-2.3751672,-0.42792924523809744
2019-02-22,model1,csi500,2019-01-18,493,4.171153995943205,1.4172698100795416
2019-02-22,model1,sse50,2018-12-17,48,1.191043541666667,-0.4266766361111132
2019-02-25,model1,csi500,2019-01-18,492,8.18289050813008,3.8878499364454817
2019-02-25,model1,sse50,2018-12-17,50,6.5146566,1.776844313888887
2019-02-26,model1,csi500,2019-01-18,482,5.525460041493776,5.9598348485223545
2019-02-26,model1,sse50,2018-12-17,48,1.7722375000000001,3.15931254722222
2019-02-27,model1,csi500,2019-01-18,480,3.0878391041666666,5.598729884596842
2019-02-27,model1,sse50,2018-12-17,49,2.815280204081633,3.7007247680272086
2019-02-28,model1,csi500,2019-01-18,475,3.155913684210527,3.9230709432903232
2019-02-28,model1,sse50,2018-12-17,49,0.46189020408163284,1.6831359693877532
2019-03-01,model1,csi500,2019-01-18,475,0.9400835789473685,2.394612122441521
2019-03-01,model1,sse50,2018-12-17,50,-0.13591079999999997,1.04708653605442
2019-03-04,model1,csi500,2019-01-18,477,2.2308007337526203,2.108932665636839
2019-03-04,model1,sse50,2018-12-17,48,0.9537845833333334,0.4265879958049867
2019-03-05,model1,csi500,2019-01-18,493,6.637160405679514,3.269348239459834
2019-03-05,model1,sse50,2018-12-17,45,1.2529471111111112,0.6902736314814795
2019-03-06,model1,csi500,2019-01-18,483,9.884727101449275,6.250896080293804
2019-03-06,model1,sse50,2018-12-17,46,2.5542478260869568,1.586993173510465
2019-03-07,model1,csi500,2019-01-18,482,11.652666887966804,9.39151813169853
2019-03-07,model1,sse50,2018-12-17,48,-1.84073125,0.6554878957326873
2019-03-08,model1,csi500,2019-01-18,491,1.1616012219959269,7.566331737137336
2019-03-08,model1,sse50,2018-12-17,50,-5.217832,-1.501438474637683
2019-03-11,model1,csi500,2019-01-18,498,4.230414658634539,5.681560922865756
2019-03-11,model1,sse50,2018-12-17,50,0.49815240000000005,-2.1868036166666687
2019-03-12,model1,csi500,2019-01-18,479,3.9735565553235905,3.1218574786513518
2019-03-12,model1,sse50,2018-12-17,49,1.084304081632653,-1.2117918394557843
2019-03-13,model1,csi500,2019-01-18,492,-1.1677742479674798,2.34539898866355
2019-03-13,model1,sse50,2018-12-17,50,-1.5433527999999999,0.013034560544215626
2019-03-14,model1,csi500,2019-01-18,493,-3.9786555983772818,-0.3909577636737236
2019-03-14,model1,sse50,2018-12-17,44,-2.5713740909090905,-1.0101409364254812
2019-03-15,model1,csi500,2019-01-18,485,-2.5191631752577317,-2.5551976738674975
2019-03-15,model1,sse50,2018-12-17,45,0.508289777777778,-1.2021457043771064
2019-03-18,model1,csi500,2019-01-18,491,2.9589422606924645,-1.179625504314183
2019-03-18,model1,sse50,2018-12-17,50,7.390700000000001,1.7758718956228938
2019-03-19,model1,csi500,2019-01-18,483,1.9578907246376813,0.7992232700241381
2019-03-19,model1,sse50,2018-12-17,49,0.7785918367346938,2.8925272048374886
2019-03-20,model1,csi500,2019-01-18,484,1.3107554752066117,2.0758628201789193
2019-03-20,model1,sse50,2018-12-17,47,0.4356006382978724,2.86829749167752
2019-03-21,model1,csi500,2019-01-18,482,3.9907217012448135,2.4197893003630355
2019-03-21,model1,sse50,2018-12-17,48,-1.905733958333333,-0.2305138277669244
2019-03-22,model1,csi500,2019-01-18,478,2.903523891213389,2.735000355888271
2019-03-22,model1,sse50,2018-12-17,47,-5.484526382978723,-2.31821990100473
2019-03-25,model1,csi500,2019-01-18,478,1.2205342677824271,2.70492662008021
2019-03-25,model1,sse50,2018-12-17,50,-13.1623864,-6.850882247104021
2019-03-26,model1,csi500,2019-01-18,493,-4.176029797160243,-0.017323879388142355
2019-03-26,model1,sse50,2018-12-17,50,-17.9885736,-12.211828794326243
2019-03-27,model1,csi500,2019-01-18,484,-4.029148037190082,-2.3282145221892994
2019-03-27,model1,sse50,2018-12-17,48,-15.172980416666668,-15.441313472222225
2019-03-28,model1,csi500,2019-01-18,489,-6.557693353783232,-4.920957062711186
2019-03-28,model1,sse50,2018-12-17,46,-11.217531304347826,-14.793028440338167
2019-03-29,model1,csi500,2019-01-18,497,2.554631911468813,-2.677403159834834
2019-03-29,model1,sse50,2018-12-17,50,2.9888460000000006,-7.800555240338167
2019-04-01,model1,csi500,2019-01-18,492,7.251691727642277,1.082876761775953
2019-04-01,model1,sse50,2018-12-17,50,6.4827319999999995,-0.5819844347826111
2019-04-02,model1,csi500,2019-01-18,485,3.8479579175257737,4.551427185545621
2019-04-02,model1,sse50,2018-12-17,47,1.1297234042553193,3.533767134751771
2019-04-03,model1,csi500,2019-01-18,491,7.673134195519348,6.257594613562467
2019-04-03,model1,sse50,2018-12-17,50,4.7933272,4.135260868085104
2019-04-04,model1,csi500,2019-01-18,482,5.448359751037345,5.656483954694155
2019-04-04,model1,sse50,2018-12-17,50,6.4970064,4.1400190014184375
2019-04-08,model1,csi500,2019-01-18,490,-1.1984940408163265,3.9743333019134557
2019-04-08,model1,sse50,2018-12-17,49,2.310777346938776,4.53370364897959
2019-04-09,model1,csi500,2019-01-18,490,-0.865271693877551,1.1281980054478227
2019-04-09,model1,sse50,2018-12-17,46,0.21691630434782622,3.008233350428865
2019-04-10,model1,csi500,2019-01-18,478,0.18412995815899583,-0.6265452588449606
2019-04-10,model1,sse50,2018-12-17,47,0.1338802127659576,0.8871912880175178
2019-04-11,model1,csi500,2019-01-18,492,-3.7749529268292683,-1.485364887515941
2019-04-11,model1,sse50,2018-12-17,48,-5.08416375,-1.5777890776287409
2019-04-12,model1,csi500,2019-01-18,480,-4.4420645625,-2.6776291770567577
2019-04-12,model1,sse50,2018-12-17,45,-3.497480888888889,-2.8159214753743123
2019-04-15,model1,csi500,2019-01-18,497,-8.87507875251509,-5.69736541394812
2019-04-15,model1,sse50,2018-12-17,49,-6.595311428571428,-5.058985355820108
2019-04-16,model1,csi500,2019-01-18,489,0.5857075869120655,-4.243811909367675
2019-04-16,model1,sse50,2018-12-17,50,1.4329720000000001,-2.886606772486774
2019-04-17,model1,csi500,2019-01-18,479,1.956633089770355,-2.110912691944223
2019-04-17,model1,sse50,2018-12-17,46,2.5262565217391306,-0.8786943022774345
2019-04-18,model1,csi500,2019-01-18,488,-0.5731277049180327,0.6564043239214626
2019-04-18,model1,sse50,2018-12-17,48,0.6471506250000001,1.535459715579708
2019-04-19,model1,csi500,2019-01-18,480,0.8800581458333334,0.7545211768952186
2019-04-19,model1,sse50,2018-12-17,48,3.970289791666667,2.3812323128019304
2019-04-22,model1,csi500,2019-01-18,491,-2.140031283095723,-0.6110336140601408
2019-04-22,model1,sse50,2018-12-17,49,-1.9864567346938773,0.8769945606575945
2019-04-23,model1,csi500,2019-01-18,496,-6.690313568548387,-2.650095568603592
2019-04-23,model1,sse50,2018-12-17,48,-4.5240704166666665,-0.8467457865646276
2019-04-24,model1,csi500,2019-01-18,476,-2.0650330462184874,-3.6317926326208663
2019-04-24,model1,sse50,2018-12-17,43,-3.960788372093023,-3.4904385078178577
2019-04-25,model1,csi500,2019-01-18,496,-6.173753245967742,-4.976366620244872
2019-04-25,model1,sse50,2018-12-17,50,-8.5745936,-5.686484129586565
2019-04-26,model1,csi500,2019-01-18,474,-7.1796068987341775,-5.139464396973469
2019-04-26,model1,sse50,2018-12-17,48,-15.108666249999999,-9.214682740697675
2019-04-29,model1,csi500,2019-01-18,487,-8.784296262833674,-7.379218802511865
2019-04-29,model1,sse50,2018-12-17,48,-6.283612916666667,-9.98895758888889
2019-04-30,model1,csi500,2019-01-18,487,-0.7827659137577002,-5.582223025108518
2019-04-30,model1,sse50,2018-12-17,48,-0.5140833333333334,-7.302120833333334
2019-05-06,model1,csi500,2019-01-18,489,-3.6126254396728017,-4.393229205421392
2019-05-06,model1,sse50,2018-12-17,50,-3.9220952,-3.573263816666669
2019-05-07,model1,csi500,2019-01-18,471,-1.4835058598726114,-1.9596324044343711
2019-05-07,model1,sse50,2018-12-17,49,-4.939796326530612,-3.125324953287983
2019-05-08,model1,csi500,2019-01-18,489,2.7249595501022497,-0.7903905831477211
2019-05-08,model1,sse50,2018-12-17,48,-1.7288283333333332,-3.530239953287983
2019-05-09,model1,csi500,2019-01-18,467,1.6302692077087795,0.9572409659794726
2019-05-09,model1,sse50,2018-12-17,47,-6.895544680851064,-4.521389780238338
2019-05-10,model1,csi500,2019-01-18,491,8.298022301425663,4.217750353078897
2019-05-10,model1,sse50,2018-12-17,49,3.114024489795918,-1.836782841462828
2019-05-13,model1,csi500,2019-01-18,476,7.301871470588236,5.743387659907559
2019-05-13,model1,sse50,2018-12-17,50,1.4360046,-0.7818385303517169
2019-05-14,model1,csi500,2019-01-18,461,5.374464620390456,6.991452797468118
2019-05-14,model1,sse50,2018-12-17,45,0.9668000000000002,1.8389430299319711
2019-05-15,model1,csi500,2019-01-18,482,8.388773858921162,7.021703316633285
2019-05-15,model1,sse50,2018-12-17,48,5.48331875,2.6287077833333314
2019-05-16,model1,csi500,2019-01-18,479,8.79371739039666,7.518985289902761
2019-05-16,model1,sse50,2018-12-17,48,9.949363333333334,5.4664940277777765
2019-05-17,model1,csi500,2019-01-18,495,-1.5321485454545454,5.21678090128776
2019-05-17,model1,sse50,2018-12-17,50,-2.0063728,4.475436427777777
2019-05-20,model1,csi500,2019-01-18,477,-3.1842328301886793,1.3591120049178123
2019-05-20,model1,sse50,2018-12-17,49,-2.1304620408163264,1.9375094975056675
2019-05-21,model1,csi500,2019-01-18,486,1.8660461728395064,-0.9501117342679054
2019-05-21,model1,sse50,2018-12-17,49,2.1835820408163267,-0.6510842666666683
2019-05-22,model1,csi500,2019-01-18,479,0.3162577870563675,-0.33397629009760127
2019-05-22,model1,sse50,2018-12-17,46,0.0009326086956521677,0.01801753623188237
2019-05-23,model1,csi500,2019-01-18,484,-3.025560888429752,-0.2810856428446254
2019-05-23,model1,sse50,2018-12-17,49,-3.2914987755102043,-0.3689947086660769
2019-05-24,model1,csi500,2019-01-18,470,-2.956147957446808,-1.888483686273397
2019-05-24,model1,sse50,2018-12-17,47,-1.7947770212765957,-1.6951143960303845
2019-05-27,model1,csi500,2019-01-18,492,2.984526361788618,-0.9990608280293133
2019-05-27,model1,sse50,2018-12-17,49,3.187604081632653,-0.6328905717180507
2019-05-28,model1,csi500,2019-01-18,463,1.5947960907127432,0.5410581650181849
2019-05-28,model1,sse50,2018-12-17,47,7.7263553191489365,3.039727459834996
2019-05-29,model1,csi500,2019-01-18,463,2.462674989200864,2.347332480567409
2019-05-29,model1,sse50,2018-12-17,49,7.370858979591837,6.094939460124475
2019-05-30,model1,csi500,2019-01-18,476,1.8876754201680674,1.9817155000272255
2019-05-30,model1,sse50,2018-12-17,47,2.949160638297873,6.015458312346214
2019-05-31,model1,csi500,2019-01-18,464,-2.4330618103448276,0.639096199674702
2019-05-31,model1,sse50,2018-12-17,48,-2.0256497916666665,2.764789942074346
2019-06-03,model1,csi500,2019-01-18,478,-7.119129121338911,-2.5548385038385564
2019-06-03,model1,sse50,2018-12-17,45,-0.5722659999999999,0.11708161554373338
2019-06-04,model1,csi500,2019-01-18,484,-9.495885371900828,-6.3493587678615215
2019-06-04,model1,sse50,2018-12-17,47,-2.997132340425532,-1.8650160440307346
2019-06-05,model1,csi500,2019-01-18,486,-14.043323127572016,-10.219445873603918
2019-06-05,model1,sse50,2018-12-17,48,-7.522264583333333,-3.6972209745862905
2019-06-06,model1,csi500,2019-01-18,492,-19.070577764227643,-14.203262087900162
2019-06-06,model1,sse50,2018-12-17,45,-11.871613777777778,-7.4636702338455505
2019-06-10,model1,csi500,2019-01-18,470,-5.909104042553191,-13.00766831145095
2019-06-10,model1,sse50,2018-12-17,47,-2.06864,-7.154172787037038
2019-06-11,model1,csi500,2019-01-18,494,3.610858805668016,-7.12294100037094
2019-06-11,model1,sse50,2018-12-17,49,4.21485306122449,-3.2418002388510985
2019-06-12,model1,csi500,2019-01-18,484,1.5160918595041324,-0.2607177924603476
2019-06-12,model1,sse50,2018-12-17,50,2.4370960000000004,1.5277696870748276
2019-06-13,model1,csi500,2019-01-18,470,2.069732212765958,2.3988942926460353
2019-06-13,model1,sse50,2018-12-17,45,1.1437111111111111,2.5985533907785316
2019-06-14,model1,csi500,2019-01-18,491,-1.7783852545824845,0.6024796058958685
2019-06-14,model1,sse50,2018-12-17,47,-0.06646127659574429,1.17144861150512
2019-06-17,model1,csi500,2019-06-17,467,-2.988877066381156,-0.8991767027325611
2019-06-17,model1,sse50,2019-06-17,47,0.902998936170213,0.6600829235618576
2019-06-18,model1,csi500,2019-06-17,459,-3.392656209150327,-2.719972843371323
2019-06-18,model1,sse50,2019-06-17,45,0.8059195555555555,0.5474857383766724
2019-06-19,model1,csi500,2019-06-17,479,-6.007173862212944,-4.129569045914809
2019-06-19,model1,sse50,2019-06-17,50,-3.8928480000000003,-0.7279765027580796
2019-06-20,model1,csi500,2019-06-17,493,1.8539213793103448,-2.5153028973509755
2019-06-20,model1,sse50,2019-06-17,50,1.611464,-0.4918214814814839
2019-06-21,model1,csi500,2019-06-17,471,5.948495477707007,0.598414331601469
2019-06-21,model1,sse50,2019-06-17,48,2.6490875,0.12256783333333073
2019-06-24,model1,csi500,2019-06-17,477,2.560531530398323,3.454316129138558
2019-06-24,model1,sse50,2019-06-17,49,1.694,1.9848504999999976
2019-06-25,model1,csi500,2019-06-17,488,-1.6472560040983606,2.2872570013356563
2019-06-25,model1,sse50,2019-06-17,50,0.1886356,1.510574366666664
2019-06-26,model1,csi500,2019-06-17,470,-0.5679216595744678,0.11511795557516491
2019-06-26,model1,sse50,2019-06-17,48,0.3135693750000001,0.7320683249999976
2019-06-27,model1,csi500,2019-06-17,457,0.47253529540481404,-0.5808807894226714
2019-06-27,model1,sse50,2019-06-17,46,3.2599258695652176,1.2540436148550702
2019-06-28,model1,csi500,2019-06-17,491,-3.3537356415478614,-1.1497073352391718
2019-06-28,model1,sse50,2019-06-17,48,0.8933645833333334,1.4889532759661812
2019-07-01,model1,csi500,2019-06-17,482,0.8293885892116183,-0.6839372523104763
2019-07-01,model1,sse50,2019-06-17,48,2.0035610416666665,2.0522838315217364
2019-07-02,model1,csi500,2019-06-17,470,-0.02712206382978716,-0.8504897053886767
2019-07-02,model1,sse50,2019-06-17,45,0.9485411111111112,1.2818222453703678
2019-07-03,model1,csi500,2019-06-17,480,-3.5338175208333333,-0.910516998483834
2019-07-03,model1,sse50,2019-06-17,49,-1.6561742857142854,0.43197595568782843
2019-07-04,model1,csi500,2019-06-17,474,-4.057012552742616,-2.539317379135246
2019-07-04,model1,sse50,2019-06-17,45,-3.4553373333333335,-1.3876568359788382
2019-07-05,model1,csi500,2019-06-17,457,-1.4005061269146608,-2.9971120668302036
2019-07-05,model1,sse50,2019-06-17,48,-3.56959625,-2.893702623015875
2019-07-08,model1,csi500,2019-06-17,499,-6.754016032064128,-4.070511570573802
2019-07-08,model1,sse50,2019-06-17,50,-7.2195592,-4.748164261111113
2019-07-09,model1,csi500,2019-06-17,463,-4.26208939524838,-4.1388705180757235
2019-07-09,model1,sse50,2019-06-17,47,-6.2314770212765955,-5.673544157092201
2019-07-10,model1,csi500,2019-06-17,493,-6.281471054766734,-5.7658588273597475
2019-07-10,model1,sse50,2019-06-17,47,-11.711314468085106,-8.387450229787236
2019-07-11,model1,csi500,2019-06-17,472,-8.666385105932203,-6.403315185315773
2019-07-11,model1,sse50,2019-06-17,48,-17.883389583333333,-11.942060357565014
2019-07-12,model1,csi500,2019-06-17,466,-3.522487296137339,-6.156781152278758
2019-07-12,model1,sse50,2019-06-17,47,-2.9716319148936168,-10.85544532210402
2019-07-15,model1,csi500,2019-06-17,485,2.3088111958762885,-3.2933537353977513
2019-07-15,model1,sse50,2019-06-17,48,1.516433125,-6.446196124408986
2019-07-16,model1,csi500,2019-06-17,470,3.390654382978724,0.7256594275725577
2019-07-16,model1,sse50,2019-06-17,47,0.9316246808510639,-0.17452470301418666
2019-07-17,model1,csi500,2019-06-17,462,2.0832714935064938,2.5942456907871687
2019-07-17,model1,sse50,2019-06-17,45,-0.4814262222222222,0.6555438612096115
2019-07-18,model1,csi500,2019-06-17,489,-3.565967832310838,0.6359860147247932
2019-07-18,model1,sse50,2019-06-17,48,-3.2084887499999994,-0.9194300971237217
2019-07-19,model1,csi500,2019-06-17,465,-2.954207440860215,-1.4789679265548532
2019-07-19,model1,sse50,2019-06-17,50,0.13120720000000008,-1.186235924074076
2019-07-22,model1,csi500,2019-06-17,494,-7.456735404858299,-4.658970226009784
2019-07-22,model1,sse50,2019-06-17,47,-0.27883957446808505,-1.1187070414893638
2019-07-23,model1,csi500,2019-06-17,476,-1.3288434243697478,-3.91326209002942
2019-07-23,model1,sse50,2019-06-17,47,-0.27877957446808505,-0.1421373163120589
2019-07-24,model1,csi500,2019-06-17,467,2.3647313490364024,-2.140282493397214
2019-07-24,model1,sse50,2019-06-17,47,1.8983129787234045,0.4468979432624092
2019-07-25,model1,csi500,2019-06-17,458,2.300467991266376,1.1121186386443436
2019-07-25,model1,sse50,2019-06-17,45,2.389848888888889,1.3364607643814006
2019-07-26,model1,csi500,2019-06-17,459,3.90440605664488,2.856535132315886
2019-07-26,model1,sse50,2019-06-17,47,5.6500161702127665,3.3127260126083513
2019-07-29,model1,csi500,2019-06-17,476,2.9636850840336137,3.0561863773149565
2019-07-29,model1,sse50,2019-06-17,46,1.9688113043478264,3.336225454483159
2019-07-30,model1,csi500,2019-06-17,471,2.679034522292994,3.182375220990496
2019-07-30,model1,sse50,2019-06-17,49,2.066924897959184,3.2285841241732562
2019-07-31,model1,csi500,2019-06-17,466,0.6821181545064379,2.108279253611015
2019-07-31,model1,sse50,2019-06-17,48,-0.7380177083333331,1.0992394979912237
2019-08-01,model1,csi500,2019-06-17,472,-0.669560847457627,0.8971972764472683
2019-08-01,model1,sse50,2019-06-17,49,-3.8886616326530614,-0.8532514810090722
2019-08-02,model1,csi500,2019-06-17,467,0.281705631691649,0.09808764624681997
2019-08-02,model1,sse50,2019-06-17,44,-2.8341995454545454,-2.486959628813649
2019-08-05,model1,csi500,2019-06-17,485,-3.765593175257732,-1.3844827970079032
2019-08-05,model1,sse50,2019-06-17,50,-8.6625004,-5.128453859369205
2019-08-06,model1,csi500,2019-06-17,492,-7.3370466869918705,-3.6069780768526507
2019-08-06,model1,sse50,2019-06-17,47,-7.221619574468084,-6.239439839974213
2019-08-07,model1,csi500,2019-06-17,488,-10.209615799180328,-7.104085220476644
2019-08-07,model1,sse50,2019-06-17,50,-8.829708,-8.237942658156031
2019-08-08,model1,csi500,2019-06-17,459,-5.1240556209150325,-7.556906035695744
2019-08-08,model1,sse50,2019-06-17,46,-2.9413565217391304,-6.33089469873574
2019-08-09,model1,csi500,2019-06-17,489,-8.99258871165644,-8.108753377250599
2019-08-09,model1,sse50,2019-06-17,46,-5.725826086956522,-5.832296869565219
2019-08-12,model1,csi500,2019-06-17,492,0.11927329268292693,-4.665790346629515
2019-08-12,model1,sse50,2019-06-17,49,1.2284183673469389,-2.4795880804495734
2019-08-13,model1,csi500,2019-06-17,463,1.5240982289416847,-2.449739063343942
2019-08-13,model1,sse50,2019-06-17,49,1.684058367346939,-0.9377831174208838
2019-08-14,model1,csi500,2019-06-17,473,-1.4997467230443973,0.04787493286007146
2019-08-14,model1,sse50,2019-06-17,49,-1.335338163265306,0.5257128571428545
2019-08-15,model1,csi500,2019-06-17,495,3.390420363636364,1.1382572898445504
2019-08-15,model1,sse50,2019-06-17,50,2.146336,0.8316854013605415
2019-08-16,model1,csi500,2019-06-17,461,4.953901735357918,2.281525125316628
2019-08-16,model1,sse50,2019-06-17,47,3.101934680851064,1.3043108391952498
2019-08-19,model1,csi500,2019-06-17,495,7.3211207878787885,5.221814295624356
2019-08-19,model1,sse50,2019-06-17,49,4.288636734693878,3.1789691385149776
2019-08-20,model1,csi500,2019-06-17,461,7.08497557483731,6.453332699358005
2019-08-20,model1,sse50,2019-06-17,50,7.493123000000001,4.961231471848311
2019-08-21,model1,csi500,2019-06-17,465,4.0363436344086026,6.147479999041567
2019-08-21,model1,sse50,2019-06-17,43,5.020986511627907,5.600915415440592
2019-08-22,model1,csi500,2019-06-17,466,0.47254959227467835,3.864622933840197
2019-08-22,model1,sse50,2019-06-17,48,-1.069550625,3.8148529622092995
2019-08-23,model1,csi500,2019-06-17,467,-2.5753053533190577,0.6445292911214078
2019-08-23,model1,sse50,2019-06-17,47,-2.3200474468085104,0.5437961466064625
2019-08-26,model1,csi500,2019-06-17,476,0.5083526470588237,-0.5314677046618518
2019-08-26,model1,sse50,2019-06-17,49,0.2750934693877551,-1.0381682008069215
2019-08-27,model1,csi500,2019-06-17,490,4.945717632653062,0.9595883087976093
2019-08-27,model1,sse50,2019-06-17,45,3.104577777777778,0.3532079334523379
2019-08-28,model1,csi500,2019-06-17,475,3.2883512,2.9141404932372956
2019-08-28,model1,sse50,2019-06-17,50,-0.7091481999999999,0.8901743490551746
2019-08-29,model1,csi500,2019-06-17,472,0.41508680084745775,2.883051877833507
2019-08-29,model1,sse50,2019-06-17,48,-4.305351666666667,-0.6366406962962993
2019-08-30,model1,csi500,2019-06-17,494,-4.4526003441295545,-0.24972078109403206
2019-08-30,model1,sse50,2019-06-17,48,-9.015828333333333,-4.67677606666667
2019-09-02,model1,csi500,2019-06-17,496,1.6880356048387097,-0.7831593128144622
2019-09-02,model1,sse50,2019-06-17,49,-0.12658979591836733,-4.482589931972792
2019-09-03,model1,csi500,2019-06-17,464,2.4585999353448273,-0.10198826798200573
2019-09-03,model1,sse50,2019-06-17,46,0.8832869565217392,-2.7530437242433234
2019-09-04,model1,csi500,2019-06-17,487,4.412864845995894,2.853166795393143
2019-09-04,model1,sse50,2019-06-17,50,4.4384398,1.7317123202011213
2019-09-05,model1,csi500,2019-06-17,471,5.933258598726115,4.268241126688945
2019-09-05,model1,sse50,2019-06-17,47,6.7211070212765955,4.014277925932776
2019-09-06,model1,csi500,2019-06-17,461,3.6937472668112803,4.67995690384443
2019-09-06,model1,sse50,2019-06-17,48,7.583705833333333,6.247750884869973
2019-09-09,model1,csi500,2019-06-17,467,3.796526188436831,4.4745106846580756
2019-09-09,model1,sse50,2019-06-17,50,-0.5895029999999999,4.57176995153664
2019-09-10,model1,csi500,2019-06-17,466,1.3302777682403435,2.940183741162819
2019-09-10,model1,sse50,2019-06-17,49,-3.4264259183673467,1.1892589716553263
2019-09-11,model1,csi500,2019-06-17,477,-2.5849801677148845,0.8472745963207635
2019-09-11,model1,sse50,2019-06-17,49,-8.701372857142857,-4.2391005918367375
2019-09-12,model1,csi500,2019-06-17,462,-1.6373863636363635,-0.9640295877036346
2019-09-12,model1,sse50,2019-06-17,49,-4.225898775510204,-5.4512325170068054
2019-09-16,model1,csi500,2019-06-17,468,-2.5078053846153847,-2.243390638655544
2019-09-16,model1,sse50,2019-06-17,48,-6.954106666666667,-6.627126099773245
2019-09-17,model1,csi500,2019-06-17,497,-6.83407476861167,-3.659755505621139
2019-09-17,model1,sse50,2019-06-17,50,-11.047715599999998,-7.409240347392292
2019-09-18,model1,csi500,2019-06-17,466,-8.125564635193133,-5.8224815961400616
2019-09-18,model1,sse50,2019-06-17,47,-11.02481404255319,-9.67554543640662
2019-09-19,model1,csi500,2019-06-17,467,-1.7430746895074944,-5.567571364437431
2019-09-19,model1,sse50,2019-06-17,49,-8.507528163265306,-10.193352601939502
2019-09-20,model1,csi500,2019-06-17,475,-1.5300211578947367,-3.799553494198454
2019-09-20,model1,sse50,2019-06-17,45,-4.401951111111112,-7.978097772309872
2019-09-23,model1,csi500,2019-06-17,489,-4.211957484662577,-2.4950177773549354
2019-09-23,model1,sse50,2019-06-17,50,-7.629726799999999,-6.846402024792141
2019-09-24,model1,csi500,2019-06-17,459,-4.3805711546840955,-3.3741832657471362
2019-09-24,model1,sse50,2019-06-17,49,-10.040712653061224,-7.35746352139078
2019-09-25,model1,csi500,2019-06-17,488,-8.325506926229508,-5.639345188525393
2019-09-25,model1,sse50,2019-06-17,47,-7.675531063829787,-8.448656838963672
2019-09-26,model1,csi500,2019-06-17,485,-14.663706845360824,-9.123261642091476
2019-09-26,model1,sse50,2019-06-17,50,-7.094660800000001,-8.27030150563034
2019-09-27,model1,csi500,2019-06-17,464,-4.818738793103448,-9.269317521564593
2019-09-27,model1,sse50,2019-06-17,46,-5.837750869565218,-6.869314244465005
2019-09-30,model1,csi500,2019-06-17,485,-6.031885154639175,-8.504776931034483
2019-09-30,model1,sse50,2019-06-17,45,-6.212041777777777,-6.381484482447668
2019-10-08,model1,csi500,2019-06-17,470,-3.272540723404255,-4.707721557048959
2019-10-08,model1,sse50,2019-06-17,49,-1.1031620408163265,-4.3843182293864436
2019-10-09,model1,csi500,2019-06-17,484,1.975265123966942,-2.4430535846921626
2019-10-09,model1,sse50,2019-06-17,49,2.046496326530612,-1.7562358306878327
2019-10-10,model1,csi500,2019-06-17,472,4.839868516949153,1.1808643058372799
2019-10-10,model1,sse50,2019-06-17,43,2.822055813953489,1.2551300332225892
2019-10-11,model1,csi500,2019-06-17,459,5.074414684095861,3.9631827750039847
2019-10-11,model1,sse50,2019-06-17,49,6.576953061224491,3.815168400569528
2019-10-14,model1,csi500,2019-06-17,473,7.932351099365751,5.948878100136921
2019-10-14,model1,sse50,2019-06-17,48,6.498079375,5.299029416725991
2019-10-15,model1,csi500,2019-06-17,476,1.608200693277311,4.871655492246307
2019-10-15,model1,sse50,2019-06-17,48,0.7109766666666668,4.595336367630384
2019-10-16,model1,csi500,2019-06-17,486,-3.425428127572016,2.038374555023682
2019-10-16,model1,sse50,2019-06-17,47,-5.194731489361702,0.6714415174349858
2019-10-17,model1,csi500,2019-06-17,467,-5.4709348179871515,-2.4293874174272854
2019-10-17,model1,sse50,2019-06-17,46,-4.717334782608695,-3.067029868434579
2019-10-18,model1,csi500,2019-06-17,487,-10.563877864476385,-6.486746936678517
2019-10-18,model1,sse50,2019-06-17,50,-10.8413216,-6.9177959573234675
2019-10-21,model1,csi500,2019-06-17,471,-9.192579447983015,-8.409130710148851
2019-10-21,model1,sse50,2019-06-17,47,-8.608947234042553,-8.055867872217085
2019-10-22,model1,csi500,2019-06-17,477,0.40132742138364785,-6.451709963691918
2019-10-22,model1,sse50,2019-06-17,45,-4.189056444444445,-7.879775092829003
2019-10-23,model1,csi500,2019-06-17,481,-1.9832928066528066,-3.591514944417391
2019-10-23,model1,sse50,2019-06-17,48,-7.600347916666667,-6.79945053171789
2019-10-24,model1,csi500,2019-06-17,472,-0.9395913983050846,-0.840518927858081
2019-10-24,model1,sse50,2019-06-17,47,-6.235184680851064,-6.008196347320728
2019-10-25,model1,csi500,2019-06-17,467,2.106715717344754,-0.27205616253771225
2019-10-25,model1,sse50,2019-06-17,46,-1.6848149999999997,-5.1734491991725795
2019-10-28,model1,csi500,2019-06-17,477,4.154703941299791,1.7739427534464867
2019-10-28,model1,sse50,2019-06-17,49,1.2678591836734694,-2.217380165725867
2019-10-29,model1,csi500,2019-06-17,486,0.10214915637860088,2.1211896050077153
2019-10-29,model1,sse50,2019-06-17,49,-1.542813469387755,-0.6532564285714308
2019-10-30,model1,csi500,2019-06-17,481,-1.8517383160083158,0.8017049272233585
2019-10-30,model1,sse50,2019-06-17,47,-4.091923829787234,-1.4556260385005089
2019-10-31,model1,csi500,2019-06-17,474,-4.0573875527426155,-1.9356589041241101
2019-10-31,model1,sse50,2019-06-17,50,-7.102710200000001,-4.245815833058332
2019-11-01,model1,csi500,2019-06-17,492,0.7952497967479676,-1.7046253573343213
2019-11-01,model1,sse50,2019-06-17,48,3.1851922916666666,-2.6698139127068585
2019-11-04,model1,csi500,2019-06-17,478,0.1105406066945607,-1.050532383100029
2019-11-04,model1,sse50,2019-06-17,45,4.607102888888889,0.22986166018518261
2019-11-05,model1,csi500,2019-06-17,468,1.785382948717949,0.8970577840534925
2019-11-05,model1,sse50,2019-06-17,47,4.648111276595745,4.146802152383764
2019-11-06,model1,csi500,2019-06-17,485,-1.6213752577319587,0.09151609922685029
2019-11-06,model1,sse50,2019-06-17,49,0.9362273469387755,3.3971471708078007
2019-11-07,model1,csi500,2019-06-17,460,0.9863761086956523,0.3834612665605475
2019-11-07,model1,sse50,2019-06-17,48,-0.40598583333333327,1.7261175967337266
2019-11-08,model1,csi500,2019-06-17,479,-1.7877312526096032,-0.8075768005486365
2019-11-08,model1,sse50,2019-06-17,49,-6.94622163265306,-2.138660039682542
2019-11-11,model1,csi500,2019-06-17,496,-5.720185040322581,-2.173846728078844
2019-11-11,model1,sse50,2019-06-17,50,-13.5659992,-6.9727355553288
2019-11-12,model1,csi500,2019-06-17,468,-5.173528846153846,-4.227148379695343
2019-11-12,model1,sse50,2019-06-17,46,-12.269780434782609,-10.927333755811892
2019-11-13,model1,csi500,2019-06-17,478,-6.80024460251046,-5.897986162995629
2019-11-13,model1,sse50,2019-06-17,46,-11.153715217391305,-12.329831617391307
2019-11-14,model1,csi500,2019-06-17,456,-2.7300014035087723,-4.901258284057693
2019-11-14,model1,sse50,2019-06-17,47,-10.7783,-11.40059855072464
2019-11-15,model1,csi500,2019-06-17,489,-4.167456973415133,-4.565900993144789
2019-11-15,model1,sse50,2019-06-17,49,-10.851250204081634,-10.927755140490982
2019-11-18,model1,csi500,2019-06-17,471,-0.42266957537154975,-2.4400426507651516
2019-11-18,model1,sse50,2019-06-17,50,-0.28708999999999985,-7.3055467346938805
2019-11-19,model1,csi500,2019-06-17,494,4.833276153846154,0.08104986835315693
2019-11-19,model1,sse50,2019-06-17,49,4.461044897959184,-2.225765102040819
2019-11-20,model1,csi500,2019-06-17,488,1.4247159016393445,1.9451074933713162
2019-11-20,model1,sse50,2019-06-17,47,-0.26767234042553184,1.3020941858445483
2019-11-21,model1,csi500,2019-06-17,477,2.295316540880503,2.8511028654553336
2019-11-21,model1,sse50,2019-06-17,49,0.371670612244898,1.5216810565928476
2019-11-22,model1,csi500,2019-06-17,473,0.2851707399577169,1.3350677274925211
2019-11-22,model1,sse50,2019-06-17,45,-1.1277799999999998,-0.3412605760602137
2019-11-25,model1,csi500,2019-06-17,488,-0.5281433401639343,0.6841146468914282
2019-11-25,model1,sse50,2019-06-17,50,2.1726638000000005,0.4721848040816304
2019-11-26,model1,csi500,2019-06-17,480,-4.238532833333333,-1.4938351445131837
2019-11-26,model1,sse50,2019-06-17,44,1.445480909090909,0.8301215696969674
2019-11-27,model1,csi500,2019-06-17,467,-2.6896892505353316,-2.4854551413442003
2019-11-27,model1,sse50,2019-06-17,48,-1.8025041666666668,0.6052135141414117
2019-11-28,model1,csi500,2019-06-17,461,-3.092175119305857,-3.3401324010581743
2019-11-28,model1,sse50,2019-06-17,49,-4.367514285714286,-1.5748458477633502
2019-11-29,model1,csi500,2019-06-17,457,-0.58166590809628,-2.12117675931249
2019-11-29,model1,sse50,2019-06-17,49,-8.42673551020408,-4.865584654195014
2019-12-02,model1,csi500,2019-06-17,464,0.2848213146551725,-1.129673237582322
2019-12-02,model1,sse50,2019-06-17,49,-8.828844693877551,-7.2076981632653085
2019-12-03,model1,csi500,2019-06-17,466,2.863947725321889,0.8557010439602598
2019-12-03,model1,sse50,2019-06-17,47,0.4997253191489362,-5.585284961644234
2019-12-04,model1,csi500,2019-06-17,459,3.7696692810457515,2.3061461070076037
2019-12-04,model1,sse50,2019-06-17,47,1.4220061702127662,-2.302371068171952
2019-12-05,model1,csi500,2019-06-17,451,8.1041322172949,4.91258307455418
2019-12-05,model1,sse50,2019-06-17,46,1.9010041304347827,1.274245206598826
2019-12-06,model1,csi500,2019-06-17,455,9.131490241758241,7.001763913366297
2019-12-06,model1,sse50,2019-06-17,46,3.991461086956522,2.4381571292013544
2019-12-09,model1,csi500,2019-06-17,466,6.013064849785408,7.749562436279516
2019-12-09,model1,sse50,2019-06-17,46,1.434066086956522,2.442177101449273
2019-12-10,model1,csi500,2019-06-17,454,6.351062555066079,7.165205882203243
2019-12-10,model1,sse50,2019-06-17,46,1.5744330434782612,2.333320072463766
2019-12-11,model1,csi500,2019-06-17,467,1.5007191862955036,4.62161553038233
2019-12-11,model1,sse50,2019-06-17,47,-0.4243644680851062,0.8613782207832233
2019-12-12,model1,csi500,2019-06-17,471,-1.576659299363057,2.0917074806661753
2019-12-12,model1,sse50,2019-06-17,48,-3.8458574999999997,-0.898596308202284
2019-12-13,model1,csi500,2019-06-17,471,0.3126799787685776,0.07891328856700806
2019-12-13,model1,sse50,2019-06-17,50,1.219902,-1.0167733226950375
2019-12-16,model1,csi500,2019-12-16,478,3.7570939121338913,0.831038197179804
2019-12-16,model1,sse50,2019-12-16,47,3.9036325531914895,0.4258923510638275
2019-12-17,model1,csi500,2019-12-16,488,6.661014590163934,3.576929493688801
2019-12-17,model1,sse50,2019-12-16,50,6.6721266,3.931887051063827
2019-12-18,model1,csi500,2019-12-16,474,5.840633670886076,5.419580724394635
2019-12-18,model1,sse50,2019-12-16,49,4.986587551020408,5.187448901403964
2019-12-19,model1,csi500,2019-12-16,480,7.026770625,6.50947296201667
2019-12-19,model1,sse50,2019-12-16,47,2.752688510638299,4.803800887219567
2019-12-20,model1,csi500,2019-12-16,483,-0.31709018633540353,4.183438036516891
2019-12-20,model1,sse50,2019-12-16,46,-0.026461304347825648,2.570938252436958
2019-12-23,model1,csi500,2019-12-16,495,-5.138731858585858,0.5236495266929128
2019-12-23,model1,sse50,2019-12-16,49,-6.270156326530612,-1.1813097067467153
2019-12-24,model1,csi500,2019-12-16,484,-0.5608379338842974,-2.0055533262685197
2019-12-24,model1,sse50,2019-12-16,45,-2.660502222222222,-2.9857066177002225
2019-12-25,model1,csi500,2019-12-16,464,-0.3292088146551724,-2.009592869041776
2019-12-25,model1,sse50,2019-12-16,46,-2.0373434782608695,-3.656000675671237
2019-12-26,model1,csi500,2019-12-16,477,1.8720008805031447,0.3273180439878917
2019-12-26,model1,sse50,2019-12-16,50,3.1066559999999996,-0.5303965668276996
2019-12-27,model1,csi500,2019-12-16,477,0.3917021593291405,0.644831408392371
2019-12-27,model1,sse50,2019-12-16,49,4.03446387755102,1.701258799763381
2019-12-30,model1,csi500,2019-12-16,487,3.299128131416838,1.8542770570830411
2019-12-30,model1,sse50,2019-12-16,50,6.8515004,4.664206759183671
2019-12-31,model1,csi500,2019-12-16,469,4.620693070362473,2.7705077870361507
2019-12-31,model1,sse50,2019-12-16,45,10.173358222222223,7.019774166591078
2020-01-02,model1,csi500,2019-12-16,482,5.7394594190871375,4.553093540288816
2020-01-02,model1,sse50,2019-12-16,46,9.04116543478261,8.688674685668275
2020-01-03,model1,csi500,2019-12-16,469,4.828027718550107,5.062726735999906
2020-01-03,model1,sse50,2019-12-16,49,5.077471836734694,8.097331831246507
2020-01-06,model1,csi500,2019-12-16,476,7.774987899159664,6.11415834559897
2020-01-06,model1,sse50,2019-12-16,49,4.063877755102041,6.060838342206446
2020-01-07,model1,csi500,2019-12-16,478,9.872781025104603,7.491932214271458
2020-01-07,model1,sse50,2019-12-16,50,2.3172288000000005,3.8195261306122426
2020-01-08,model1,csi500,2019-12-16,493,2.1187048478701827,6.588824590711483
2020-01-08,model1,sse50,2019-12-16,48,-2.6912275,1.2299596850340115
2020-01-09,model1,csi500,2019-12-16,461,1.3037927765726682,4.431759549849151
2020-01-09,model1,sse50,2019-12-16,47,-2.835457872340425,-1.0698188574468106
2020-01-10,model1,csi500,2019-12-16,482,-1.4682860373443982,0.6514038623661509
2020-01-10,model1,sse50,2019-12-16,48,-2.38545,-2.637378457446811
2020-01-13,model1,csi500,2019-12-16,473,1.3630293023255815,0.3995120138512838
2020-01-13,model1,sse50,2019-12-16,45,2.321463555555556,-0.9664814389282923
2020-01-14,model1,csi500,2019-12-16,470,0.38339404255319154,0.09271243584479161
2020-01-14,model1,sse50,2019-12-16,47,-0.15927531914893614,-0.0744205878644625
2020-01-15,model1,csi500,2019-12-16,489,-1.8270036196319017,-0.02686009158437619
2020-01-15,model1,sse50,2019-12-16,48,-2.396184583333333,-0.07799878230890685
2020-01-16,model1,csi500,2019-12-16,487,-3.8123821765913752,-1.7519972512233617
2020-01-16,model1,sse50,2019-12-16,48,-5.570388749999999,-2.7086162174940918
2020-01-17,model1,csi500,2019-12-16,476,-7.675733991596639,-4.438373262606638
2020-01-17,model1,sse50,2019-12-16,47,-7.951388085106383,-5.305987139479908
2020-01-20,model1,csi500,2019-12-16,473,-1.709497441860465,-4.399204536682826
2020-01-20,model1,sse50,2019-12-16,47,-1.5789187234042554,-5.033565186170215
2020-01-21,model1,csi500,2019-12-16,492,-4.159953780487805,-4.515061737981636
2020-01-21,model1,sse50,2019-12-16,50,-4.2877616,-4.606022802836882
2020-01-22,model1,csi500,2019-12-16,471,-0.7699625477707005,-2.2131379233729898
2020-01-22,model1,sse50,2019-12-16,46,-0.11111521739130435,-1.992598513598522
2020-01-23,model1,csi500,2019-12-16,495,-3.6021977575757576,-2.8440380286114206
2020-01-23,model1,sse50,2019-12-16,49,-3.2030844897959185,-2.533987102395743
2020-02-03,model1,csi500,2019-12-16,106,-3.1722562264150946,-2.514805510587184
2020-02-03,model1,sse50,2019-12-16,31,-0.08403225806451613,-1.1327439884172488
2020-02-04,model1,csi500,2019-12-16,493,1.3128526369168356,-1.8205337823580052
2020-02-04,model1,sse50,2019-12-16,50,2.968976,-0.10604691595348055
2020-02-05,model1,csi500,2019-12-16,491,4.107597617107943,0.7493980092032282
2020-02-05,model1,sse50,2019-12-16,47,3.8078106382978727,2.23091812674445
2020-02-06,model1,csi500,2019-12-16,481,7.260302266112267,4.226917506712348
2020-02-06,model1,sse50,2019-12-16,47,7.3424191489361705,4.706401929078012
2020-02-07,model1,csi500,2019-12-16,474,11.529446561181434,7.632448814800547
2020-02-07,model1,sse50,2019-12-16,46,11.120117826086956,7.423449204440331
2020-02-10,model1,csi500,2019-12-16,492,16.889264288617888,11.893004371970529
2020-02-10,model1,sse50,2019-12-16,49,14.061090204081633,10.841209059701583
2020-02-11,model1,csi500,2019-12-16,484,5.989183243801653,11.469298031200324
2020-02-11,model1,sse50,2019-12-16,48,8.692203750000001,11.291137260056194
2020-02-12,model1,csi500,2019-12-16,481,7.342662661122661,10.073703397847401
2020-02-12,model1,sse50,2019-12-16,49,13.228891224489796,11.994061726190473
2020-02-13,model1,csi500,2019-12-16,492,0.5929487398373985,4.641598214920571
2020-02-13,model1,sse50,2019-12-16,48,4.410554583333334,8.777216519274374
2020-02-14,model1,csi500,2019-12-16,465,0.2179999139784948,2.717870438312852
2020-02-14,model1,sse50,2019-12-16,50,5.799808800000001,7.813084869274374
2020-02-17,model1,csi500,2019-12-16,495,5.139634484848485,1.9835277128881261
2020-02-17,model1,sse50,2019-12-16,50,7.1528476,5.787736994444441
2020-02-18,model1,csi500,2019-12-16,464,4.763152349137932,3.373595582654971
2020-02-18,model1,sse50,2019-12-16,48,-0.68551875,4.089045883333331
2020-02-19,model1,csi500,2019-12-16,473,1.2673070190274842,3.7233646176713004
2020-02-19,model1,sse50,2019-12-16,48,-1.0258645833333333,1.8138214222222195
2020-02-20,model1,csi500,2019-12-16,493,4.791904239350913,3.6074545358387766
2020-02-20,model1,sse50,2019-12-16,50,2.9486118,0.41240948888888607
2020-02-21,model1,csi500,2019-12-16,472,6.295296101694916,4.1181691200244375
2020-02-21,model1,sse50,2019-12-16,47,1.8063829787234045,1.2430433984633542
2020-02-24,model1,csi500,2019-12-16,478,4.324880020920503,5.137360120655444
2020-02-24,model1,sse50,2019-12-16,50,-1.225102,1.1766309262411319
2020-02-25,model1,csi500,2019-12-16,476,7.017335126050421,5.879170416221946
2020-02-25,model1,sse50,2019-12-16,46,2.77462847826087,1.118636485661422
2020-02-26,model1,csi500,2019-12-16,493,2.699811054766734,4.6806754005792195
2020-02-26,model1,sse50,2019-12-16,50,3.8887124,1.8127462927536204
2020-02-27,model1,csi500,2019-12-16,486,0.910982242798354,3.542709474538503
2020-02-27,model1,sse50,2019-12-16,48,2.075158958333333,2.9128332788647313
2020-02-28,model1,csi500,2019-12-16,495,-3.329521474747475,0.09375727427253781
2020-02-28,model1,sse50,2019-12-16,49,-0.9216365306122447,1.6807449425736933
2020-03-02,model1,csi500,2019-12-16,498,1.044594919678715,-0.4579814374234686
2020-03-02,model1,sse50,2019-12-16,50,2.2526326,1.13538500924036
2020-03-03,model1,csi500,2019-12-16,489,-0.0504272392638037,-0.7784512647775212
2020-03-03,model1,sse50,2019-12-16,50,-0.588166,0.24761002312924885
2020-03-04,model1,csi500,2019-12-16,482,0.893666348547718,0.6292780096542098
2020-03-04,model1,sse50,2019-12-16,47,0.7619191489361703,0.8087952496453873
2020-03-05,model1,csi500,2019-12-16,484,3.044920929752066,1.2960533463453268
2020-03-05,model1,sse50,2019-12-16,50,4.8266539999999996,1.6668023829787204
2020-03-06,model1,csi500,2019-12-16,472,2.3081280932203394,2.0822384571733745
2020-03-06,model1,sse50,2019-12-16,48,-1.4979875,1.3635285496453873
2020-03-09,model1,csi500,2019-12-16,495,-2.7646284848484846,0.8628068460413069
2020-03-09,model1,sse50,2019-12-16,49,-4.362135510204082,-0.3444896700680304
2020-03-10,model1,csi500,2019-12-16,497,2.804518792756539,0.7826728003761313
2020-03-10,model1,sse50,2019-12-16,50,1.048634,-1.6038296700680303
2020-03-11,model1,csi500,2019-12-16,488,0.907219036885246,0.3157031149311001
2020-03-11,model1,sse50,2019-12-16,50,-0.34340879999999996,-1.2189701034013636
2020-03-12,model1,csi500,2019-12-16,487,-1.6307102258726898,0.6936758679230316
2020-03-12,model1,sse50,2019-12-16,48,-3.1669225,-0.8205657666666696
2020-03-13,model1,csi500,2019-12-16,498,2.9733182530120486,0.7499423546748681
2020-03-13,model1,sse50,2019-12-16,50,1.679548,-0.6102611000000029
2020-03-16,model1,csi500,2019-12-16,496,-1.0173548588709678,0.10841772275613026
2020-03-16,model1,sse50,2019-12-16,50,-0.6527120000000001,-0.7133621666666697
2020-03-17,model1,csi500,2019-12-16,470,-3.0444502978723404,-0.36282896791041996
2020-03-17,model1,sse50,2019-12-16,47,-2.6074255319148936,-0.5268631773049676
2020-03-18,model1,csi500,2019-12-16,497,-6.472271428571428,-3.5113588617715785
2020-03-18,model1,sse50,2019-12-16,50,-6.5965168,-3.2855514439716345
2020-03-19,model1,csi500,2019-12-16,470,-5.942782255319149,-5.153167993920973
2020-03-19,model1,sse50,2019-12-16,49,-13.093995510204081,-7.432645947372994
2020-03-20,model1,csi500,2019-12-16,457,-2.9292889715536106,-5.114780885148063
2020-03-20,model1,sse50,2019-12-16,50,-7.4136516,-9.034721303401364
2020-03-23,model1,csi500,2019-12-16,486,-4.347600679012346,-4.406557301961702
2020-03-23,model1,sse50,2019-12-16,50,-6.595858,-9.034501703401363
2020-03-24,model1,csi500,2019-12-16,479,-1.6885539248434238,-2.988481191803127
2020-03-24,model1,sse50,2019-12-16,49,0.5325134693877551,-4.492332043537417
2020-03-25,model1,csi500,2019-12-16,468,-0.5844012179487178,-2.206851940601496
2020-03-25,model1,sse50,2019-12-16,48,1.1700691666666667,-1.6310917879818623
2020-03-26,model1,csi500,2019-12-16,488,-3.223103319672131,-1.8320194874880913
2020-03-26,model1,sse50,2019-12-16,47,1.5758595744680857,1.0928140701741662
2020-03-27,model1,csi500,2019-12-16,483,-6.451292608695653,-3.419599048772168
2020-03-27,model1,sse50,2019-12-16,47,-4.581975744680851,-0.6120156678487025
2020-03-30,model1,csi500,2019-12-16,482,-9.201110933609959,-6.2918356206592465
2020-03-30,model1,sse50,2019-12-16,50,-2.2394768,-1.7485309900709247
2020-03-31,model1,csi500,2019-12-16,485,-13.089470288659793,-9.5806246103218
2020-03-31,model1,sse50,2019-12-16,50,-6.033246800000001,-4.284899781560287
2020-04-01,model1,csi500,2019-12-16,468,-9.713957200854702,-10.668179474374819
2020-04-01,model1,sse50,2019-12-16,46,-2.7368478260869566,-3.6698571420289894
2020-04-02,model1,csi500,2019-12-16,496,2.6739507258064514,-6.709825587902681
2020-04-02,model1,sse50,2019-12-16,50,2.9992252,-1.9236231420289889
2020-04-03,model1,csi500,2019-12-16,484,0.7919017148760331,-2.0827015867240726
2020-04-03,model1,sse50,2019-12-16,48,2.17911875,0.8138320413043446
2020-04-07,model1,csi500,2019-12-16,477,2.468675639412998,1.9781760266984942
2020-04-07,model1,sse50,2019-12-16,47,0.39705106382978717,1.8584650046099258
2020-04-08,model1,csi500,2019-12-16,463,4.073675226781858,2.444750860356963
2020-04-08,model1,sse50,2019-12-16,46,0.8396710869565218,1.138613633595433
2020-04-09,model1,csi500,2019-12-16,461,2.0269442516268983,2.856431705940585
2020-04-09,model1,sse50,2019-12-16,49,-0.46659999999999985,0.25670738359543316
2020-04-10,model1,csi500,2019-12-16,492,-3.1414735975609758,0.9863819602825935
2020-04-10,model1,sse50,2019-12-16,48,-1.2419714583333332,-0.289633457125607
2020-04-13,model1,csi500,2019-12-16,477,-4.755986708595387,-1.9568386848431547
2020-04-13,model1,sse50,2019-12-16,45,-2.8437135555555555,-1.517428337962966
2020-04-14,model1,csi500,2019-12-16,487,1.6180971868583163,-2.0931210397660154
2020-04-14,model1,sse50,2019-12-16,48,3.318063125,-0.2558739629629662
2020-04-15,model1,csi500,2019-12-16,486,0.15872458847736626,-0.9930549777532347
2020-04-15,model1,sse50,2019-12-16,47,0.5498595744680852,0.34140304797084003
2020-04-16,model1,csi500,2019-12-16,467,2.3062555032119914,1.3610257595158914
2020-04-16,model1,sse50,2019-12-16,45,2.177049555555556,2.014990751674544
2020-04-17,model1,csi500,2019-12-16,465,0.22178073118279581,0.8955869409573847
2020-04-17,model1,sse50,2019-12-16,48,1.9768739583333332,1.5679276961189883
2020-04-20,model1,csi500,2019-12-16,463,0.38229840172786195,0.9701115453742163
2020-04-20,model1,sse50,2019-12-16,47,1.2284531914893617,1.7941255684594137
2020-04-21,model1,csi500,2019-12-16,478,-1.6358234518828452,-0.3439147729907292
2020-04-21,model1,sse50,2019-12-16,48,-1.625862083333333,0.5264883554964507
2020-04-22,model1,csi500,2019-12-16,479,2.926561524008351,0.5576788246177892
2020-04-22,model1,sse50,2019-12-16,46,2.403381086956522,0.668657398370847
2020-04-23,model1,csi500,2019-12-16,482,0.909710041493776,0.7334827045397606
2020-04-23,model1,sse50,2019-12-16,50,0.596488,0.4580023345410596
2020-04-24,model1,csi500,2019-12-16,492,-2.312409593495935,0.5079539906687307
2020-04-24,model1,sse50,2019-12-16,46,-1.4998458695652173,0.5000077391304315
2020-04-27,model1,csi500,2019-12-16,479,-3.770421711899791,-1.724373754633983
2020-04-27,model1,sse50,2019-12-16,50,0.2300130000000001,-0.22444828985507567
2020-04-28,model1,csi500,2019-12-16,489,-8.391786175869122,-4.824872493754949
2020-04-28,model1,sse50,2019-12-16,50,-1.7669068,-1.0122465565217424
2020-04-29,model1,csi500,2019-12-16,463,-5.390218833693305,-5.850808907154072
2020-04-29,model1,sse50,2019-12-16,50,1.5274020000000001,-0.0031639333333365696
2020-04-30,model1,csi500,2019-12-16,491,2.9629356619144605,-3.6063564492159887
2020-04-30,model1,sse50,2019-12-16,48,5.82614625,1.8622138166666635
2020-05-06,model1,csi500,2019-12-16,486,7.210588847736625,1.5944352253192602
2020-05-06,model1,sse50,2019-12-16,46,10.01739391304348,5.7903140543478235
2020-05-07,model1,csi500,2019-12-16,482,3.8801636099585064,4.68456270653653
2020-05-07,model1,sse50,2019-12-16,45,3.717618888888889,6.520386350644119
2020-05-08,model1,csi500,2019-12-16,460,4.804397347826088,5.298383268507073
2020-05-08,model1,sse50,2019-12-16,42,3.579665714285715,5.7715595054060245
2020-05-11,model1,csi500,2019-12-16,474,1.0362948312236289,3.240285263002741
2020-05-11,model1,sse50,2019-12-16,44,3.2545011363636367,3.5172619131794107
2020-05-12,model1,csi500,2019-12-16,478,-1.2851246443514643,1.5185225115660839
2020-05-12,model1,sse50,2019-12-16,47,0.7695970212765958,2.5345879573086463
2020-05-13,model1,csi500,2019-12-16,451,0.051871263858093236,-0.06565284975658074
2020-05-13,model1,sse50,2019-12-16,46,1.2788841304347829,1.767660762691669
2020-05-14,model1,csi500,2019-12-16,486,-2.022701090534979,-1.0853181570094501
2020-05-14,model1,sse50,2019-12-16,50,-1.860581,0.06263338390378996
2020-05-15,model1,csi500,2019-12-16,466,-3.4343519527896995,-1.8017272598221954
2020-05-15,model1,sse50,2019-12-16,48,-6.238679583333333,-2.273458817632853
2020-05-18,model1,csi500,2019-12-16,477,-3.456364716981132,-2.97113925343527
2020-05-18,model1,sse50,2019-12-16,44,-6.014539545454545,-4.704600042929296
2020-05-19,model1,csi500,2019-12-16,471,-4.223354267515924,-3.704690312428919
2020-05-19,model1,sse50,2019-12-16,47,-6.23738085106383,-6.163533326617238
2020-05-20,model1,csi500,2019-12-16,482,-6.91528315352697,-4.865000712674676
2020-05-20,model1,sse50,2019-12-16,48,-9.374180833333334,-7.2087004099505725
2020-05-21,model1,csi500,2019-12-16,474,-9.126391856540085,-6.755009759194326
2020-05-21,model1,sse50,2019-12-16,49,-11.403519591836735,-9.005027092077968
2020-05-22,model1,csi500,2019-12-16,486,-12.08051779835391,-9.374064269473655
2020-05-22,model1,sse50,2019-12-16,50,-16.9818292,-12.586509875056691
2020-05-25,model1,csi500,2019-12-16,478,-10.052222050209204,-10.419710568367734
2020-05-25,model1,sse50,2019-12-16,47,-15.576396595744681,-14.653915129193807
2020-05-26,model1,csi500,2019-12-16,480,1.0581601250000001,-7.024859907854371
2020-05-26,model1,sse50,2019-12-16,47,-4.443257446808511,-12.333827747517736
2020-05-27,model1,csi500,2019-12-16,477,0.1976915094339623,-2.9321234719250806
2020-05-27,model1,sse50,2019-12-16,50,-3.1338,-7.7178180141844015
2020-05-28,model1,csi500,2019-12-16,477,-0.5690208385744233,0.22894359861984637
2020-05-28,model1,sse50,2019-12-16,48,-0.50644875,-2.6945020656028404
2020-05-29,model1,csi500,2019-12-16,465,2.1345393548387097,0.5877366752327496
2020-05-29,model1,sse50,2019-12-16,47,-1.0365140425531916,-1.5589209308510672
2020-06-01,model1,csi500,2019-12-16,490,5.855689551020409,2.473736022428232
2020-06-01,model1,sse50,2019-12-16,49,3.9166836734693877,0.7912402936387285
2020-06-02,model1,csi500,2019-12-16,467,4.985605674518201,4.3252781934591065
2020-06-02,model1,sse50,2019-12-16,48,7.415151875,3.431773835305395
2020-06-03,model1,csi500,2019-12-16,477,0.718152641509434,3.853149289016015
2020-06-03,model1,sse50,2019-12-16,45,2.0976102222222224,4.476481923563867
2020-06-04,model1,csi500,2019-12-16,476,-0.8019564915966385,1.6339339414769987
2020-06-04,model1,sse50,2019-12-16,49,-3.175155918367347,2.1125353929516217
2020-06-05,model1,csi500,2019-12-16,462,-2.1177987229437227,-0.7338675243436423
2020-06-05,model1,sse50,2019-12-16,46,-2.9216443478260867,-1.3330633479904073
2020-06-08,model1,csi500,2019-12-16,475,-4.2313878526315785,-2.38371435572398
2020-06-08,model1,sse50,2019-12-16,48,-3.3900783333333333,-3.162292866508926
2020-06-09,model1,csi500,2019-12-16,472,-3.1275446822033897,-3.158910419259563
2020-06-09,model1,sse50,2019-12-16,45,1.5376933333333334,-1.5913431159420324
2020-06-10,model1,csi500,2019-12-16,479,-3.2929243841336118,-3.550618972989527
2020-06-10,model1,sse50,2019-12-16,49,-0.4033355102040817,-0.7519068367346975
2020-06-11,model1,csi500,2019-12-16,478,-4.8588602719665275,-3.7597764461011765
2020-06-11,model1,sse50,2019-12-16,47,-3.1303670212765957,-0.6653363993824516
2020-06-12,model1,csi500,2019-12-16,484,1.7367860950413223,-2.1383328536862725
2020-06-12,model1,sse50,2019-12-16,49,2.4095071428571426,-0.3747317962078485
2020-06-15,model1,csi500,2020-06-15,486,1.0996806172839506,-0.6741311865470848
2020-06-15,model1,sse50,2020-06-15,48,-0.5153474999999998,-0.4120691261398213
2020-06-16,model1,csi500,2020-06-15,486,2.5286415637860085,1.7883694253704272
2020-06-16,model1,sse50,2020-06-15,43,-0.04897837209302319,0.6150604235880363
2020-06-17,model1,csi500,2020-06-15,470,3.0962118085106383,2.241511329860199
2020-06-17,model1,sse50,2020-06-15,43,-0.36401302325581397,-0.30944629844961596
2020-06-18,model1,csi500,2020-06-15,480,2.122835041666667,2.582562804654438
2020-06-18,model1,sse50,2020-06-15,45,0.9219177777777777,0.16964212747630988
2020-06-19,model1,csi500,2020-06-15,469,3.0341831343283583,2.751076661501888
2020-06-19,model1,sse50,2020-06-15,47,4.277310638297872,1.611738464273275
2020-06-22,model1,csi500,2020-06-15,483,0.6476365424430645,1.9348849061460298
2020-06-22,model1,sse50,2020-06-15,44,3.563743863636364,2.920990759904001
2020-06-23,model1,csi500,2020-06-15,481,0.07144041580041594,1.2510866975239463
2020-06-23,model1,sse50,2020-06-15,49,2.9424285714285716,3.594494357787599
2020-06-24,model1,csi500,2020-06-15,473,-2.5489930232558136,-0.6099720216707776
2020-06-24,model1,sse50,2020-06-15,47,4.186212340425532,3.564128258496819
2020-06-29,model1,csi500,2020-06-15,486,-4.6797091769547325,-2.38575392813671
2020-06-29,model1,sse50,2020-06-15,48,-1.43462125,1.8980065539513642
2020-06-30,model1,csi500,2020-06-15,460,0.3229615652173914,-2.301913544997718
2020-06-30,model1,sse50,2020-06-15,47,-3.399737021276596,-0.21604864361702494
2020-07-01,model1,csi500,2020-06-15,483,1.720236977225673,-0.8788368781705559
2020-07-01,model1,sse50,2020-06-15,50,2.232106,-0.8674174237588689
2020-07-02,model1,csi500,2020-06-15,493,4.64087860040568,2.2280257142829147
2020-07-02,model1,sse50,2020-06-15,50,6.640451800000001,1.8242735929077982
2020-07-03,model1,csi500,2020-06-15,485,8.305611670103094,4.888909082578149
2020-07-03,model1,sse50,2020-06-15,50,12.5325512,7.135036333333329
2020-07-06,model1,csi500,2020-06-15,494,17.299853562753036,10.08211461108727
2020-07-06,model1,sse50,2020-06-15,50,26.9132362,15.362079733333331
2020-07-07,model1,csi500,2020-06-15,491,6.30851382892057,10.637993020592235
2020-07-07,model1,sse50,2020-06-15,50,0.708202,13.384663133333328
2020-07-08,model1,csi500,2020-06-15,492,8.760197642276424,10.789521677983345
2020-07-08,model1,sse50,2020-06-15,47,2.0002006382978723,9.873879612765954
2020-07-09,model1,csi500,2020-06-15,485,11.76923931958763,8.94598359692821
2020-07-09,model1,sse50,2020-06-15,49,5.068755102040816,2.592385913446226
2020-07-10,model1,csi500,2020-06-15,492,4.747720548780488,8.42571917021485
2020-07-10,model1,sse50,2020-06-15,50,-1.0225913999999998,2.015454780112893
2020-07-13,model1,csi500,2020-06-15,494,6.835401983805668,7.784120617391263
2020-07-13,model1,sse50,2020-06-15,48,4.022975416666667,2.6897130395691575
2020-07-14,model1,csi500,2020-06-15,492,2.0652771138211383,4.549466548802433
2020-07-14,model1,sse50,2020-06-15,50,1.7963456,1.5989098722222188
2020-07-15,model1,csi500,2020-06-15,491,-1.975668981670061,2.3083367053189163
2020-07-15,model1,sse50,2020-06-15,50,-4.114552,0.5682563388888854
2020-07-16,model1,csi500,2020-06-15,495,-7.3639463030303025,-2.424779390293074
2020-07-16,model1,sse50,2020-06-15,50,-9.208525199999999,-3.8422438666666694
2020-07-17,model1,csi500,2020-06-15,488,-10.436135860655737,-6.591917048452032
2020-07-17,model1,sse50,2020-06-15,46,-11.985079130434782,-8.43605211014493
2020-07-20,model1,csi500,2020-06-15,490,0.3951762448979592,-5.801635306262693
2020-07-20,model1,sse50,2020-06-15,50,0.047965999999999995,-7.0485461101449305
2020-07-21,model1,csi500,2020-06-15,485,1.1631241855670102,-2.9592784767302547
2020-07-21,model1,sse50,2020-06-15,49,-0.4595530612244898,-4.132222063886428
2020-07-22,model1,csi500,2020-06-15,478,1.452414748953975,1.0035717264729827
2020-07-22,model1,sse50,2020-06-15,48,-0.10464166666666665,-0.17207624263038965
2020-07-23,model1,csi500,2020-06-15,485,2.07007387628866,1.5618709369365495
2020-07-23,model1,sse50,2020-06-15,49,0.23260122448979617,-0.11053116780045756
2020-07-24,model1,csi500,2020-06-15,497,-5.061256981891348,-0.5129227855495698
2020-07-24,model1,sse50,2020-06-15,50,-8.5162816,-2.796107347392294
2020-07-27,model1,csi500,2020-06-15,478,-7.827118723849372,-3.6061006098173523
2020-07-27,model1,sse50,2020-06-15,48,-17.210001875,-8.497894083503406
2020-07-28,model1,csi500,2020-06-15,466,-4.252626416309012,-5.713667374016576
2020-07-28,model1,sse50,2020-06-15,47,-15.467570638297872,-13.731284704432626
2020-07-29,model1,csi500,2020-06-15,496,3.3853774798387097,-2.8981225534398907
2020-07-29,model1,sse50,2020-06-15,50,1.69418,-10.327797504432628
2020-07-30,model1,csi500,2020-06-15,487,2.2547018069815197,0.4624842901704069
2020-07-30,model1,sse50,2020-06-15,49,-0.31233755102040817,-4.6952427297727635
2020-07-31,model1,csi500,2020-06-15,470,4.740023489361702,3.460034258727312
2020-07-31,model1,sse50,2020-06-15,46,0.9591521739130435,0.7803315409642083
2020-08-03,model1,csi500,2020-06-15,492,8.053241788617887,5.01598902832037
2020-08-03,model1,sse50,2020-06-15,44,3.482133181818182,1.3763159349036023
2020-08-04,model1,csi500,2020-06-15,485,2.8238898144329903,5.205718364137527
2020-08-04,model1,sse50,2020-06-15,49,1.6141542857142859,2.018479880481834
2020-08-05,model1,csi500,2020-06-15,480,2.1859845208333337,4.354372041294738
2020-08-05,model1,sse50,2020-06-15,50,-0.7249687999999999,1.4571062225108191
2020-08-06,model1,csi500,2020-06-15,480,0.2111261875000002,1.740333507588776
2020-08-06,model1,sse50,2020-06-15,45,-1.0566535555555554,-0.05582268994709335
2020-08-07,model1,csi500,2020-06-15,490,-3.5406718571428573,-0.3811870496031733
2020-08-07,model1,sse50,2020-06-15,48,-4.596409166666667,-2.1260105074074107
2020-08-10,model1,csi500,2020-06-15,491,0.3376650101832995,-0.9972935531531847
2020-08-10,model1,sse50,2020-06-15,48,-0.22904749999999982,-1.9607034074074108
2020-08-11,model1,csi500,2020-06-15,497,-2.773804587525151,-1.9922704781615685
2020-08-11,model1,sse50,2020-06-15,48,-1.724458125,-2.183304930555559
2020-08-12,model1,csi500,2020-06-15,487,-5.191743285420944,-2.5426276209209306
2020-08-12,model1,sse50,2020-06-15,47,-2.561593191489362,-1.5050329388297907
2020-08-13,model1,csi500,2020-06-15,478,-4.3963011506276155,-4.120616341191236
2020-08-13,model1,sse50,2020-06-15,47,-3.155294893617021,-2.480448736702131
2020-08-14,model1,csi500,2020-06-15,471,1.8372977494692144,-2.5835822288597803
2020-08-14,model1,sse50,2020-06-15,48,1.6374741666666666,-1.3598046394799088
2020-08-17,model1,csi500,2020-08-17,493,5.665040507099391,1.0353457019803312
2020-08-17,model1,sse50,2020-06-15,50,5.688646,1.3902750910165451
2020-08-18,model1,csi500,2020-08-17,476,5.9009076260504205,4.4677486275396765
2020-08-18,model1,sse50,2020-06-15,50,2.2248786000000003,3.183666255555552
2020-08-19,model1,csi500,2020-08-17,488,-0.11911995901639333,3.815609391377807
2020-08-19,model1,sse50,2020-06-15,48,-2.6539125,1.7532040333333299
2020-08-20,model1,csi500,2020-08-17,478,-2.9357226359832636,0.948688343683589
2020-08-20,model1,sse50,2020-06-15,49,-4.946382448979592,-1.7918054496598674
2020-08-21,model1,csi500,2020-08-17,468,-2.7231373290598286,-1.9259933080198273
2020-08-21,model1,sse50,2020-06-15,45,-7.622868888888888,-5.074387945956164
2020-08-24,model1,csi500,2020-08-17,479,-1.853765490605428,-2.5042084852161723
2020-08-24,model1,sse50,2020-06-15,50,-13.1671828,-8.578811379289498
2020-08-25,model1,csi500,2020-08-17,492,-3.6458604471544716,-2.7409210889399085
2020-08-25,model1,sse50,2020-06-15,46,-9.810189565217392,-10.200080418035432
2020-08-26,model1,csi500,2020-08-17,495,-7.334903717171717,-4.278176551643871
2020-08-26,model1,sse50,2020-06-15,50,-12.708835999999998,-11.895402788405802
2020-08-27,model1,csi500,2020-08-17,481,-1.6255064241164239,-4.2020901961475365
2020-08-27,model1,sse50,2020-06-15,47,-6.794391914893617,-9.771139160037007
2020-08-28,model1,csi500,2020-08-17,494,2.57273524291498,-2.1292249661243856
2020-08-28,model1,sse50,2020-06-15,50,3.308202,-5.398341971631209
2020-08-31,model1,csi500,2020-08-17,486,0.26242993827160505,0.4032195856900549
2020-08-31,model1,sse50,2020-06-15,49,0.6702957142857144,-0.9386314002026377
2020-09-01,model1,csi500,2020-08-17,479,1.2963344885177455,1.3771665565681113
2020-09-01,model1,sse50,2020-06-15,48,-0.235225,1.247757571428568
2020-09-02,model1,csi500,2020-08-17,476,-0.004192163865546034,0.5181907543079362
2020-09-02,model1,sse50,2020-06-15,50,-3.078694,-0.8812077619047654
2020-09-03,model1,csi500,2020-08-17,487,-3.6055631211498973,-0.7711402654992314
2020-09-03,model1,sse50,2020-06-15,49,-7.378643265306122,-3.564187421768711
2020-09-04,model1,csi500,2020-08-17,478,0.3428502719665273,-1.0889683376829706
2020-09-04,model1,sse50,2020-06-15,42,-0.17128809523809516,-3.5428751201814097
2020-09-07,model1,csi500,2020-08-17,483,-2.838872712215321,-2.0338618537995625
2020-09-07,model1,sse50,2020-06-15,50,-2.9753778,-3.5084363868480763
2020-09-08,model1,csi500,2020-08-17,493,-1.1062175050709937,-1.2007466484399278
2020-09-08,model1,sse50,2020-06-15,49,-1.951212244897959,-1.6992927133786884
2020-09-09,model1,csi500,2020-08-17,486,-3.2962802880658435,-2.4137901684507184
2020-09-09,model1,sse50,2020-06-15,46,-2.219093043478261,-2.381894362792077
2020-09-10,model1,csi500,2020-08-17,495,-8.476847979797979,-4.293115257644938
2020-09-10,model1,sse50,2020-06-15,50,-5.969362,-3.37988909612541
2020-09-11,model1,csi500,2020-08-17,485,-0.7401739175257731,-4.171100728463197
2020-09-11,model1,sse50,2020-06-15,46,-4.834822173913043,-4.341092405797105
2020-09-14,model1,csi500,2020-08-17,480,-0.13651416666666663,-3.1178453546634723
2020-09-14,model1,sse50,2020-06-15,43,-4.357171395348837,-5.053785189753964
2020-09-15,model1,csi500,2020-08-17,478,0.22181857740585786,-0.2182898355955261
2020-09-15,model1,sse50,2020-06-15,44,2.7399234090909093,-2.1506900533903273
2020-09-16,model1,csi500,2020-08-17,471,0.1533733757961784,0.07955926217845773
2020-09-16,model1,sse50,2020-06-15,46,2.7454569565217395,0.37606965675460025
2020-09-17,model1,csi500,2020-08-17,468,0.5664819444444447,0.3138912992154948
2020-09-17,model1,sse50,2020-06-15,46,-1.3558584782608694,1.3765072957839228
2020-09-18,model1,csi500,2020-08-17,493,4.534519208924949,1.7514581763885253
2020-09-18,model1,sse50,2020-06-15,50,3.7053126000000005,1.6983036927536201
2020-09-21,model1,csi500,2020-08-17,485,0.8102170927835053,1.9704060820509675
2020-09-21,model1,sse50,2020-06-15,49,0.8525761224489795,1.0673434147293668
2020-09-22,model1,csi500,2020-08-17,488,-2.248835963114754,1.0319667795312346
2020-09-22,model1,sse50,2020-06-15,48,-2.630034166666667,0.6426181852607674
2020-09-23,model1,csi500,2020-08-17,473,-3.15695976744186,-1.5318595459243685
2020-09-23,model1,sse50,2020-06-15,49,-4.533632857142856,-2.1036969671201846
2020-09-24,model1,csi500,2020-08-17,494,-10.32090060728745,-5.242232112614687
2020-09-24,model1,sse50,2020-06-15,49,-12.500553265306122,-6.5547400963718845
2020-09-25,model1,csi500,2020-08-17,475,-13.51463172631579,-8.997497367015031
2020-09-25,model1,sse50,2020-06-15,47,-16.423144042553194,-11.152443388334058
2020-09-28,model1,csi500,2020-08-17,477,-13.787158134171909,-12.540896822591714
2020-09-28,model1,sse50,2020-06-15,47,-7.507125106382978,-12.1436074714141
2020-09-29,model1,csi500,2020-08-17,462,-6.107263614718614,-11.136351158402102
2020-09-29,model1,sse50,2020-06-15,49,-5.513187755102042,-9.814485634679407
2020-09-30,model1,csi500,2020-08-17,484,-6.968489772727272,-8.954303840539263
2020-09-30,model1,sse50,2020-06-15,48,-7.792666666666666,-6.937659842717232
2020-10-09,model1,csi500,2020-08-17,480,-0.44488295833333324,-4.506878781926406
2020-10-09,model1,sse50,2020-06-15,45,-3.1744746666666668,-5.493443029478461
2020-10-12,model1,csi500,2020-08-17,493,4.710528904665314,-0.9009479421317627
2020-10-12,model1,sse50,2020-06-15,50,3.408342,-2.5195997777777808
2020-10-13,model1,csi500,2020-08-17,484,2.8673800000000003,2.377675315443995
2020-10-13,model1,sse50,2020-06-15,50,3.1554926,1.1297866444444409
2020-10-14,model1,csi500,2020-08-17,482,0.2622545020746888,2.613387802246669
2020-10-14,model1,sse50,2020-06-15,42,-0.6180428571428571,1.9819305809523773
2020-10-15,model1,csi500,2020-08-17,477,-3.2942887631027253,-0.05488475367601087
2020-10-15,model1,sse50,2020-06-15,45,0.43044133333333345,0.989297025396822
2020-10-16,model1,csi500,2020-08-17,476,-5.665299117647058,-2.8991111262250304
2020-10-16,model1,sse50,2020-06-15,45,3.2230651111111115,1.0118211957671923
2020-10-19,model1,csi500,2020-08-17,483,-11.944696356107661,-6.968094745619147
2020-10-19,model1,sse50,2020-06-15,48,-3.192860208333333,0.15354874537036714
2020-10-20,model1,csi500,2020-08-17,471,-1.9573791082802547,-6.522458194011656
2020-10-20,model1,sse50,2020-06-15,47,-3.1001782978723407,-1.0233244650315243
2020-10-21,model1,csi500,2020-08-17,489,-3.483085010224949,-5.79505349153762
2020-10-21,model1,sse50,2020-06-15,49,-2.5235722448979594,-2.938870250367881
2020-10-22,model1,csi500,2020-08-17,471,-3.431924033970276,-2.957462717491824
2020-10-22,model1,sse50,2020-06-15,42,0.25687047619047626,-1.788960022193278
2020-10-23,model1,csi500,2020-08-17,483,-4.688169233954451,-3.867726092716557
2020-10-23,model1,sse50,2020-06-15,49,-0.7533130612244897,-1.0066716099773279
2020-10-26,model1,csi500,2020-08-17,476,-4.939484453781512,-4.353192573902078
2020-10-26,model1,sse50,2020-06-15,46,-1.9280530434782608,-0.8081652095040951
2020-10-27,model1,csi500,2020-08-17,471,-2.980406008492569,-4.2026865654095085
2020-10-27,model1,sse50,2020-06-15,47,-1.2014170212765958,-1.2942610419931189
2020-10-28,model1,csi500,2020-08-17,475,-0.9986160210526316,-2.972835494442236
2020-10-28,model1,sse50,2020-06-15,46,-0.7357173913043475,-1.2883958186864048
2020-10-29,model1,csi500,2020-08-17,469,3.598460063965885,-0.12685398852643695
2020-10-29,model1,sse50,2020-06-15,46,3.6536004347826085,0.5721553407338849
2020-10-30,model1,csi500,2020-08-17,492,-1.663131544715447,0.3122374993992704
2020-10-30,model1,sse50,2020-06-15,49,0.04872857142857162,0.9888705383022739
2020-11-02,model1,csi500,2020-08-17,489,-1.542756871165644,0.13085721602826625
2020-11-02,model1,sse50,2020-06-15,49,-0.5206302040816324,1.0605662673765124
2020-11-03,model1,csi500,2020-08-17,493,1.7087244421906693,-0.49905465789680553
2020-11-03,model1,sse50,2020-06-15,49,3.036770408163265,0.854956258503398
2020-11-04,model1,csi500,2020-08-17,483,0.03030020703933753,0.06542259268812255
2020-11-04,model1,sse50,2020-06-15,48,2.55192,1.6893534013605407
2020-11-05,model1,csi500,2020-08-17,484,1.0815045247933885,0.9401763913411334
2020-11-05,model1,sse50,2020-06-15,45,2.0885151111111115,2.5590685064247887
2020-11-06,model1,csi500,2020-08-17,476,-0.3534091386554621,0.2527985310590896
2020-11-06,model1,sse50,2020-06-15,46,4.756085,3.132173370370367
2020-11-09,model1,csi500,2020-08-17,488,1.9146462909836068,0.880913892373846
2020-11-09,model1,sse50,2020-06-15,49,7.007909795918367,4.617503302343156
2020-11-10,model1,csi500,2020-08-17,494,-0.8828631376518218,0.22612467155877589
2020-11-10,model1,sse50,2020-06-15,48,2.347115833333333,4.703703543083897
2020-11-11,model1,csi500,2020-08-17,481,-2.5687319334719336,-0.5123162600467146
2020-11-11,model1,sse50,2020-06-15,48,-0.18771041666666666,3.055771737528341
2020-11-12,model1,csi500,2020-08-17,469,-3.403087974413646,-2.2848943485124655
2020-11-12,model1,sse50,2020-06-15,50,-1.6633607999999998,0.16534820555555196
2020-11-13,model1,csi500,2020-08-17,475,-2.3542992842105264,-2.7753730640320335
2020-11-13,model1,sse50,2020-06-15,49,-4.610429387755103,-2.15383353480726
2020-11-16,model1,csi500,2020-08-17,494,0.9435317813765184,-1.6046184924158828
2020-11-16,model1,sse50,2020-06-15,46,-2.4710139130434783,-2.914934700266197
2020-11-17,model1,csi500,2020-08-17,481,-0.11788985446985441,-0.5095524524346192
2020-11-17,model1,sse50,2020-06-15,46,-2.9160504347826084,-3.3324979118604
2020-11-18,model1,csi500,2020-08-17,475,1.171201073684211,0.6656143335302932
2020-11-18,model1,sse50,2020-06-15,47,1.1568225531914895,-1.410080598211536
2020-11-19,model1,csi500,2020-08-17,482,1.5448938796680498,0.866068366294137
2020-11-19,model1,sse50,2020-06-15,45,5.8965702222222225,1.3791141135436977
2020-11-20,model1,csi500,2020-08-17,476,3.5767258403361346,2.0976069312294663
2020-11-20,model1,sse50,2020-06-15,48,3.0097045833333333,3.3543657862490117
2020-11-23,model1,csi500,2020-08-17,484,4.6061454752066116,3.2425883984036
2020-11-23,model1,sse50,2020-06-15,50,5.924825000000001,4.943699935185182
2020-11-24,model1,csi500,2020-08-17,476,2.2050000630252105,3.4626237928559864
2020-11-24,model1,sse50,2020-06-15,48,2.919043333333333,3.951190972222219
2020-11-25,model1,csi500,2020-08-17,491,-4.433192423625254,0.7926510382021906
2020-11-25,model1,sse50,2020-06-15,49,-4.279310612244898,1.521519240362809
2020-11-26,model1,csi500,2020-08-17,476,-5.552576617647058,-2.593589659415699
2020-11-26,model1,sse50,2020-06-15,50,-2.5372972,-1.2991881596371917
2020-11-27,model1,csi500,2020-08-17,476,-2.931204978991597,-4.305658006754634
2020-11-27,model1,sse50,2020-06-15,49,2.1270895918367345,-1.5631727401360578
2020-11-30,model1,csi500,2020-08-17,470,-4.3063308297872345,-4.263370808808628
2020-11-30,model1,sse50,2020-06-15,47,-0.6991978723404255,-0.369801826834567
2020-12-01,model1,csi500,2020-08-17,488,2.512183094262295,-1.5751175715055108
2020-12-01,model1,sse50,2020-06-15,50,3.157932,1.528607906498766
2020-12-02,model1,csi500,2020-08-17,469,3.133640234541578,0.4464974996722142
2020-12-02,model1,sse50,2020-06-15,47,2.8472048936170213,1.7686463404255288
2020-12-03,model1,csi500,2020-08-17,483,1.032014948240166,2.225946092348014
2020-12-03,model1,sse50,2020-06-15,49,-0.20606673469387743,1.9330233863077113
2020-12-04,model1,csi500,2020-08-17,469,1.3941039658848615,1.8532530495555364
2020-12-04,model1,sse50,2020-06-15,48,-2.67140125,-0.010087697025622214
2020-12-07,model1,csi500,2020-08-17,489,-2.869619979550102,-0.1478336884750234
2020-12-07,model1,sse50,2020-06-15,50,-8.105938,-3.661135328231296
2020-12-08,model1,csi500,2020-08-17,474,-5.479709324894515,-2.3184084461865835
2020-12-08,model1,sse50,2020-06-15,50,-14.836084000000001,-8.537807750000004
2020-12-09,model1,csi500,2020-08-17,490,-10.981786306122448,-6.443705203522353
2020-12-09,model1,sse50,2020-06-15,50,-21.059950399999998,-14.667324133333336
2020-12-10,model1,csi500,2020-08-17,469,-6.813690767590618,-7.758395466202526
2020-12-10,model1,sse50,2020-06-15,47,-15.022493191489362,-16.972842530496454
2020-12-11,model1,csi500,2020-08-17,492,-9.365318617886178,-9.053598563866414
2020-12-11,model1,sse50,2020-06-15,49,-13.925482040816327,-16.6693085441019
2020-12-14,model1,csi500,2020-12-14,476,-2.406312016806723,-6.195107134094505
2020-12-14,model1,sse50,2020-12-14,49,-5.332977142857143,-11.42698412505428
2020-12-15,model1,csi500,2020-12-14,466,-0.5359336909871244,-4.102521441893341
2020-12-15,model1,sse50,2020-12-14,48,-3.586199583333333,-7.614886255668938
2020-12-16,model1,csi500,2020-12-14,481,-2.689137713097713,-1.8771278069638522
2020-12-16,model1,sse50,2020-12-14,46,-3.0945260869565216,-4.004567604382335
2020-12-17,model1,csi500,2020-12-14,492,1.7041318699186994,-0.5069798447220448
2020-12-17,model1,sse50,2020-12-14,50,1.8413380000000001,-1.6131292234299537
2020-12-18,model1,csi500,2020-12-14,483,0.9155971014492754,-0.023136247243244885
2020-12-18,model1,sse50,2020-12-14,49,0.8467571428571428,-0.13547698136646194
2020-12-21,model1,csi500,2020-12-14,480,2.7560515208333336,1.7919268307337706
2020-12-21,model1,sse50,2020-12-14,48,1.4317985416666668,1.3732978948412675
2020-12-22,model1,csi500,2020-12-14,497,-1.4127691750503018,0.7529598157441036
2020-12-22,model1,sse50,2020-12-14,50,-2.2773592,0.00039882817460101805
2020-12-23,model1,csi500,2020-12-14,481,-1.9247103742203742,-0.19380934281244624
2020-12-23,model1,sse50,2020-12-14,47,-0.19555489361702116,-0.347038517316787
2020-12-24,model1,csi500,2020-12-14,490,-5.611019081632653,-2.9828328769677754
2020-12-24,model1,sse50,2020-12-14,47,-1.1528489361702128,-1.2085876765957468
2020-12-25,model1,csi500,2020-12-14,480,-1.6684051666666666,-3.0680448741732302
2020-12-25,model1,sse50,2020-12-14,49,1.9537455102040817,0.20178056013894693
2020-12-28,model1,csi500,2020-12-14,494,-2.9494647570850203,-3.4096296684614456
2020-12-28,model1,sse50,2020-12-14,48,0.9842329166666667,0.5950431635668428
2020-12-29,model1,csi500,2020-12-14,482,-0.6493009543568464,-1.7557236260361766
2020-12-29,model1,sse50,2020-12-14,47,-0.6141978723404254,0.774593518176772
2020-12-30,model1,csi500,2020-12-14,470,1.240473510638298,-0.7860974002678551
2020-12-30,model1,sse50,2020-12-14,49,2.844319591836735,1.0714515453876565
2020-12-31,model1,csi500,2020-12-14,472,3.997149809322034,1.5294407885344965
2020-12-31,model1,sse50,2020-12-14,50,6.782391199999999,3.0041709731654342
2021-01-04,model1,csi500,2020-12-14,482,4.3607915975103735,3.199471639156903
2021-01-04,model1,sse50,2020-12-14,48,5.3183485416666665,4.981686444501132
2021-01-05,model1,csi500,2020-12-14,484,6.5508199793388435,4.969587128723751
2021-01-05,model1,sse50,2020-12-14,47,9.263088085106382,7.12127594225768
2021-01-06,model1,csi500,2020-12-14,487,1.7858646406570844,4.232492072502102
2021-01-06,model1,sse50,2020-12-14,49,5.818583265306123,6.800006630693055
2021-01-07,model1,csi500,2020-12-14,493,-1.199189107505071,2.379165170830287
2021-01-07,model1,sse50,2020-12-14,49,4.615320204081633,6.565663851498044
2021-01-08,model1,csi500,2020-12-14,485,0.14362597938144342,0.24343383751115347
2021-01-08,model1,sse50,2020-12-14,47,2.6661529787234044,4.366685482703718
2021-01-11,model1,csi500,2020-12-14,496,-2.2794777217741937,-1.1116802832992725
2021-01-11,model1,sse50,2020-12-14,50,-0.04883359999999994,2.410879860935011
2021-01-12,model1,csi500,2020-12-14,475,0.5871546947368422,-0.5162323492186349
2021-01-12,model1,sse50,2020-12-14,49,4.4893440816326535,2.3688878201186845
2021-01-13,model1,csi500,2020-12-14,492,0.44216058943089437,-0.4167208125354845
2021-01-13,model1,sse50,2020-12-14,47,3.916390638297872,2.7856337066435066
2021-01-14,model1,csi500,2020-12-14,486,0.6950589506172841,0.574791411595008
2021-01-14,model1,sse50,2020-12-14,48,3.1035997916666673,3.8364448371990627
2021-01-15,model1,csi500,2020-12-14,475,0.38805583157894746,0.5084251238757098
2021-01-15,model1,sse50,2020-12-14,50,0.8537888000000001,2.6245930766548446
2021-01-18,model1,csi500,2020-12-14,465,2.70612247311828,1.2630790851048384
2021-01-18,model1,sse50,2020-12-14,47,3.4036763829787233,2.4536883248817953
2021-01-19,model1,csi500,2020-12-14,480,3.319872166666667,2.1380168237879658
2021-01-19,model1,sse50,2020-12-14,50,1.7028596000000003,1.9867749276595728
2021-01-20,model1,csi500,2020-12-14,482,1.277258858921162,2.4344178329020374
2021-01-20,model1,sse50,2020-12-14,47,-0.144235744680851,1.6541000794326226
2021-01-21,model1,csi500,2020-12-14,466,2.3275371244635195,2.308222716683784
2021-01-21,model1,sse50,2020-12-14,49,-0.9001383673469386,0.21949516265740177
2021-01-22,model1,csi500,2020-12-14,489,-0.018400449897750273,1.1954651778289782
2021-01-22,model1,sse50,2020-12-14,50,-4.1483878,-1.7309206373425983
2021-01-25,model1,csi500,2020-12-14,488,-2.973593401639344,-0.2214855756911905
2021-01-25,model1,sse50,2020-12-14,49,-4.583707959183673,-3.2107447088435386
2021-01-26,model1,csi500,2020-12-14,472,-4.013993029661017,-2.3353289603993694
2021-01-26,model1,sse50,2020-12-14,47,-4.832576170212766,-4.521557309798815
2021-01-27,model1,csi500,2020-12-14,470,-3.598229744680851,-3.528605391993736
2021-01-27,model1,sse50,2020-12-14,49,-3.4098765306122445,-4.275386886669563
2021-01-28,model1,csi500,2020-12-14,480,-5.556880875,-4.389701216447288
2021-01-28,model1,sse50,2020-12-14,47,-3.350821063829787,-3.864424588218267
2021-01-29,model1,csi500,2020-12-14,490,-7.998808836734694,-5.717973152138515
2021-01-29,model1,sse50,2020-12-14,48,-8.309923125,-5.023540239814012
2021-02-01,model1,csi500,2020-12-14,477,-3.6252064150943393,-5.726965375609677
2021-02-01,model1,sse50,2020-12-14,47,-4.599275319148936,-5.420006502659575
2021-02-02,model1,csi500,2020-12-14,479,-1.8847410229645094,-4.502918758264513
2021-02-02,model1,sse50,2020-12-14,47,-2.38874,-5.0993128147163125
2021-02-03,model1,csi500,2020-12-14,491,-4.025684847250509,-3.1785440951031183
2021-02-03,model1,sse50,2020-12-14,49,-3.737272244897959,-3.5750958546822993
2021-02-04,model1,csi500,2020-12-14,488,-5.796507848360656,-3.9023112395252233
2021-02-04,model1,sse50,2020-12-14,49,-4.017636734693877,-3.381216326530613
2021-02-05,model1,csi500,2020-12-14,480,-8.332177354166667,-6.051456683259276
2021-02-05,model1,sse50,2020-12-14,49,-2.637792040816326,-3.4642336734693884
2021-02-08,model1,csi500,2020-12-14,461,-4.427782819956616,-6.185489340827978
2021-02-08,model1,sse50,2020-12-14,50,0.775344,-1.9600282585034021
2021-02-09,model1,csi500,2020-12-14,480,2.689462875,-3.3568324330410935
2021-02-09,model1,sse50,2020-12-14,50,2.1385378,0.09202991972789014
2021-02-10,model1,csi500,2020-12-14,476,3.9158171638655466,0.725832406302978
2021-02-10,model1,sse50,2020-12-14,48,4.718898958333334,2.544260252777777
2021-02-18,model1,csi500,2020-12-14,480,5.233606062500001,3.94629536712185
2021-02-18,model1,sse50,2020-12-14,50,4.3100952,3.722510652777777
2021-02-19,model1,csi500,2020-12-14,496,11.461315866935484,6.870246364433679
2021-02-19,model1,sse50,2020-12-14,50,7.445523000000001,5.491505719444444
2021-02-22,model1,csi500,2020-12-14,485,7.927019010309278,8.20731364658159
2021-02-22,model1,sse50,2020-12-14,47,1.8047410638297874,4.5201197546099285
2021-02-23,model1,csi500,2020-12-14,483,1.1383607660455488,6.8422318810967715
2021-02-23,model1,sse50,2020-12-14,49,0.15580530612244906,3.135356456650745
2021-02-24,model1,csi500,2020-12-14,484,-1.527679152892562,2.5125668744874234
2021-02-24,model1,sse50,2020-12-14,48,-3.971080208333333,-0.6701779461270334
2021-02-25,model1,csi500,2020-12-14,482,-4.516486784232365,-1.6352683903597909
2021-02-25,model1,sse50,2020-12-14,49,-3.02574387755102,-2.2803395932539696
2021-02-26,model1,csi500,2020-12-14,472,-4.724578177966102,-3.5895813716970078
2021-02-26,model1,sse50,2020-12-14,48,-2.3867016666666667,-3.127841917517008
2021-03-01,model1,csi500,2020-12-14,476,0.5565403571428571,-2.8948415350185344
2021-03-01,model1,sse50,2020-12-14,49,0.2080283673469389,-1.7348057256235838
2021-03-02,model1,csi500,2020-12-14,488,-1.0890244262295081,-1.7523540823509158
2021-03-02,model1,sse50,2020-12-14,50,-2.9989844,-1.7258858997732436
2021-03-03,model1,csi500,2020-12-14,487,2.7342793429158117,0.7339317579430554
2021-03-03,model1,sse50,2020-12-14,50,2.0716106,-0.23978181088435488
2021-03-04,model1,csi500,2020-12-14,479,2.0451212317327765,1.2301253828063619
2021-03-04,model1,sse50,2020-12-14,49,1.7796620408163266,0.2840960802721077
2021-03-05,model1,csi500,2020-12-14,488,3.226467172131148,2.668622582259914
2021-03-05,model1,sse50,2020-12-14,50,3.5996992,2.4836572802721073
2021-03-08,model1,csi500,2020-12-14,480,-0.9407700625,1.4436061137879765
2021-03-08,model1,sse50,2020-12-14,49,-2.2759926530612247,1.0344561959183662
2021-03-09,model1,csi500,2020-12-14,489,-4.78362554192229,-0.8326428107637119
2021-03-09,model1,sse50,2020-12-14,49,-5.891649795918367,-1.5226477496598652
2021-03-10,model1,csi500,2020-12-14,496,-8.73603181451613,-4.820142472979471
2021-03-10,model1,sse50,2020-12-14,49,-10.482491836734695,-6.21671142857143
2021-03-11,model1,csi500,2020-12-14,491,-0.04770955193482685,-4.5224556361244135
2021-03-11,model1,sse50,2020-12-14,49,0.97405306122449,-5.133362857142859
2021-03-12,model1,csi500,2020-12-14,487,0.33720659137576997,-2.815511591691727
2021-03-12,model1,sse50,2020-12-14,50,2.1412672,-2.455723858503403
2021-03-15,model1,csi500,2021-03-15,490,0.9312756530612247,0.4069242308340583
2021-03-15,model1,sse50,2020-12-14,50,-0.10320739999999978,1.0040376204081622
2021-03-16,model1,csi500,2021-03-15,486,3.4253451646090536,1.5646091363486851
2021-03-16,model1,sse50,2020-12-14,48,1.8002785416666667,1.2794461138888877
2021-03-17,model1,csi500,2021-03-15,482,2.61917398340249,2.3252649336909252
2021-03-17,model1,sse50,2020-12-14,49,1.041482244897959,0.9128511288548742
2021-03-18,model1,csi500,2021-03-15,476,1.271563949579832,2.4386943658637943
2021-03-18,model1,sse50,2020-12-14,47,-0.12447063829787214,0.9057633827555832
2021-03-19,model1,csi500,2021-03-15,483,1.8007789648033128,1.8971722992618807
2021-03-19,model1,sse50,2020-12-14,48,-3.353257083333333,-0.8120818255777499
2021-03-22,model1,csi500,2021-03-15,495,4.998988121212121,2.6904436785317576
2021-03-22,model1,sse50,2020-12-14,50,1.2595106,-0.7394057072104028
2021-03-23,model1,csi500,2021-03-15,483,1.2417516563147,2.6805062474433803
2021-03-23,model1,sse50,2020-12-14,47,1.4520363829787235,-0.21390336678487096
2021-03-24,model1,csi500,2021-03-15,481,-0.43803879417879393,1.9342336611160114
2021-03-24,model1,sse50,2020-12-14,50,-0.6409837999999999,0.6901877276595734
2021-03-25,model1,csi500,2021-03-15,475,0.06095726315789485,0.288223375097936
2021-03-25,model1,sse50,2020-12-14,49,0.32557795918367344,0.37887684738746447
2021-03-26,model1,csi500,2021-03-15,477,3.235187966457023,0.952702145145377
2021-03-26,model1,sse50,2020-12-14,48,2.4230239583333337,0.7025393725056679
2021-03-29,model1,csi500,2021-03-15,481,1.289860810810811,1.5286686801419123
2021-03-29,model1,sse50,2020-12-14,48,1.1929012500000002,1.3138343891723345
2021-03-30,model1,csi500,2021-03-15,478,0.6252379707112972,1.7167622493263794
2021-03-30,model1,sse50,2020-12-14,47,3.3369651063829786,2.317630104905436
2021-03-31,model1,csi500,2021-03-15,484,-0.11420002066115692,0.6002995869536529
2021-03-31,model1,sse50,2020-12-14,49,1.0656167346938776,1.8651610303589508
2021-04-01,model1,csi500,2021-03-15,471,1.3173238428874736,0.6094539309792072
2021-04-01,model1,sse50,2020-12-14,47,2.362107021276596,2.2548962874511496
2021-04-02,model1,csi500,2021-03-15,476,-0.0563457142857142,0.3822593693135367
2021-04-02,model1,sse50,2020-12-14,48,1.045154375,1.4909593769901566
2021-04-06,model1,csi500,2021-03-15,466,0.12285527896995721,0.4612778025239081
2021-04-06,model1,sse50,2020-12-14,46,-2.8910078260869563,0.17208452339654542
2021-04-07,model1,csi500,2021-03-15,482,-0.16721230290456424,-0.03356757940677122
2021-04-07,model1,sse50,2020-12-14,50,-2.3289152,-1.39158955036232
2021-04-08,model1,csi500,2021-03-15,482,-0.8704699377593361,-0.3049423205646452
2021-04-08,model1,sse50,2020-12-14,47,2.240458510638298,-0.9931548384828872
2021-04-09,model1,csi500,2021-03-15,478,-1.2129744142259413,-0.750218884963278
2021-04-09,model1,sse50,2020-12-14,49,-1.8953693877551019,-0.6612753590389358
2021-04-12,model1,csi500,2021-03-15,477,-3.7671223060796644,-1.950188886021645
2021-04-12,model1,sse50,2020-12-14,49,-4.512235918367347,-1.3890489318280512
2021-04-13,model1,csi500,2021-03-15,490,-4.929813795918368,-3.303303505407989
2021-04-13,model1,sse50,2020-12-14,49,-4.052089795918367,-3.4865650340136063
2021-04-14,model1,csi500,2021-03-15,470,0.7375988936170214,-2.6531124027936674
2021-04-14,model1,sse50,2020-12-14,48,-1.0103958333333334,-3.19157384920635
2021-04-15,model1,csi500,2021-03-15,468,1.704476260683761,-0.8292462138725258
2021-04-15,model1,sse50,2020-12-14,48,-4.95393625,-3.3388072930839012
2021-04-16,model1,csi500,2021-03-15,494,3.9822929554655873,2.1414560365887927
2021-04-16,model1,sse50,2020-12-14,48,-3.7644308333333334,-3.242920972222223
2021-04-19,model1,csi500,2021-03-15,473,7.123854186046512,4.270207800731956
2021-04-19,model1,sse50,2020-12-14,47,3.3442595744680848,-1.7913691696217502
2021-04-20,model1,csi500,2021-03-15,482,3.906052593360996,5.0040665782910345
2021-04-20,model1,sse50,2020-12-14,50,1.5583406,0.37938978037824955
2021-04-21,model1,csi500,2021-03-15,476,2.904394705882353,4.64476716176329
2021-04-21,model1,sse50,2020-12-14,47,0.973036595744681,1.958545590070921
2021-04-22,model1,csi500,2021-03-15,475,0.7747054947368424,2.5283842646600667
2021-04-22,model1,sse50,2020-12-14,50,-3.7167291999999996,-0.3951173347517738
2021-04-23,model1,csi500,2021-03-15,487,-2.8956545174537984,0.261148561055135
2021-04-23,model1,sse50,2020-12-14,48,-6.704285416666667,-3.1493260069739963
2021-04-26,model1,csi500,2021-03-15,480,-5.544325354166667,-2.555091458961205
2021-04-26,model1,sse50,2020-12-14,48,-14.253356250000001,-8.22479028888889
2021-04-27,model1,csi500,2021-03-15,483,-6.37130248447205,-4.937094118697503
2021-04-27,model1,sse50,2020-12-14,49,-11.946422857142858,-10.96802150793651
2021-04-28,model1,csi500,2021-03-15,481,-2.072354968814969,-4.662660935817892
2021-04-28,model1,sse50,2020-12-14,47,-6.07398914893617,-10.757922752026344
2021-04-29,model1,csi500,2021-03-15,479,0.39058478079331943,-2.684357557497897
2021-04-29,model1,sse50,2020-12-14,50,3.3290966,-4.897105135359677
2021-04-30,model1,csi500,2021-03-15,487,0.10069694045174551,-0.5270244158566321
2021-04-30,model1,sse50,2020-12-14,48,0.6831166666666668,-0.6872586274231689
2021-05-06,model1,csi500,2021-03-15,479,0.2636597703549061,0.2516471638666597
2021-05-06,model1,sse50,2020-12-14,48,-1.1745983333333332,0.9458716444444434
2021-05-07,model1,csi500,2021-03-15,477,-0.2900521593291403,0.024768183825839767
2021-05-07,model1,sse50,2020-12-14,47,-3.263700212765957,-1.2517272931442087
2021-05-10,model1,csi500,2021-03-15,474,-1.6950699789029533,-0.5738207892923931
2021-05-10,model1,sse50,2020-12-14,48,-5.346461458333334,-3.261586668144209
2021-05-11,model1,csi500,2021-03-15,481,0.5051004365904366,-0.49334056721388303
2021-05-11,model1,sse50,2020-12-14,50,0.09111720000000006,-2.839681490366431
2021-05-12,model1,csi500,2021-03-15,474,3.664402953586498,0.8248111370913298
2021-05-12,model1,sse50,2020-12-14,49,4.3948338775510205,-0.2868367935941052
2021-05-13,model1,csi500,2021-03-15,474,2.271161265822785,2.1468882186665756
2021-05-13,model1,sse50,2020-12-14,46,2.780255652173913,2.4220689099083104
2021-05-14,model1,csi500,2021-03-15,480,5.353898708333333,3.7631543092475415
2021-05-14,model1,sse50,2020-12-14,49,10.55349836734694,5.909529299023958
2021-05-17,model1,csi500,2021-03-15,482,2.879873962655602,3.501644645603909
2021-05-17,model1,sse50,2020-12-14,47,10.059656170212767,7.797803396577873
2021-05-18,model1,csi500,2021-03-15,468,2.037242264957265,3.423671645315403
2021-05-18,model1,sse50,2020-12-14,50,3.1128772000000002,7.908677245853235
2021-05-19,model1,csi500,2021-03-15,487,-0.3138580082135523,1.534419406466441
2021-05-19,model1,sse50,2020-12-14,49,0.44116,4.537897790070922
2021-05-20,model1,csi500,2021-03-15,480,-1.6999931666666666,0.0077970300256850296
2021-05-20,model1,sse50,2020-12-14,49,2.8111148979591842,2.121717365986394
2021-05-21,model1,csi500,2021-03-15,478,-3.00033690376569,-1.6713960262152998
2021-05-21,model1,sse50,2020-12-14,48,-3.4326775,-0.06013420068027253
2021-05-24,model1,csi500,2021-03-15,479,-0.8241713987473903,-1.8415004897265792
2021-05-24,model1,sse50,2020-12-14,46,-2.3938765217391302,-1.005146374593316
2021-05-25,model1,csi500,2021-03-15,477,2.5369123899371067,-0.42919863752532167
2021-05-25,model1,sse50,2020-12-14,50,2.633068,-1.0644953405797106
2021-05-26,model1,csi500,2021-03-15,473,2.7335605285412266,1.482100506576984
2021-05-26,model1,sse50,2020-12-14,47,3.0347212765957448,1.091304251618871
2021-05-27,model1,csi500,2021-03-15,469,3.8375282942430706,3.0360004042404714
2021-05-27,model1,sse50,2020-12-14,48,4.453040833333334,3.3736100366430257
2021-05-28,model1,csi500,2021-03-15,482,0.6375575311203322,2.402882117968213
2021-05-28,model1,sse50,2020-12-14,47,0.7653789361702128,2.7510470153664297
2021-05-31,model1,csi500,2021-03-15,477,-0.32165473794549254,1.3844770291393065
2021-05-31,model1,sse50,2020-12-14,48,-0.3424702083333331,1.6253165203900704
2021-06-01,model1,csi500,2021-03-15,479,-0.13410350730688927,0.06059976195598657
2021-06-01,model1,sse50,2020-12-14,49,-1.1507853061224491,-0.2426255260951904
2021-06-02,model1,csi500,2021-03-15,479,-1.9165583924843423,-0.7907722125789048
2021-06-02,model1,sse50,2020-12-14,49,-3.831622857142857,-1.7749594571995468
2021-06-03,model1,csi500,2021-03-15,476,-2.6391322899159664,-1.5632647299023965
2021-06-03,model1,sse50,2020-12-14,47,-6.899892340425532,-3.960766834563613
2021-06-04,model1,csi500,2021-03-15,481,-0.759511476091476,-1.7717340528305918
2021-06-04,model1,sse50,2020-12-14,50,1.3504942000000002,-3.1270069991894633
2021-06-07,model1,csi500,2021-03-15,479,-0.558573444676409,-1.3190724035612809
2021-06-07,model1,sse50,2020-12-14,49,-0.044631428571428496,-1.8646765229989875
2021-06-08,model1,csi500,2021-03-15,475,-0.48112545263157885,-0.5997367911331515
2021-06-08,model1,sse50,2020-12-14,48,1.6556054166666667,0.9871560626984119
2021-06-09,model1,csi500,2021-03-15,481,-0.1317262370062369,-0.39047504477140516
2021-06-09,model1,sse50,2020-12-14,47,1.6469714893617027,1.0859818258189795
2021-06-10,model1,csi500,2021-03-15,472,0.6579032838983052,0.01501719808683292
2021-06-10,model1,sse50,2020-12-14,48,-0.6195014583333333,0.8943584825650112
2021-06-11,model1,csi500,2021-03-15,481,-1.2537939916839915,-0.2425389815973046
2021-06-11,model1,sse50,2020-12-14,47,-2.4664380851063825,-0.4796560180260052
2021-06-15,model1,csi500,2021-06-15,487,-4.721271786447638,-1.7723874980777719
2021-06-15,model1,sse50,2021-06-15,48,-7.277731666666667,-3.4545570700354618
2021-06-16,model1,csi500,2021-06-15,485,-5.282778721649485,-3.752614833260368
2021-06-16,model1,sse50,2021-06-15,49,-6.783292653061225,-5.509154134944758
2021-06-17,model1,csi500,2021-06-15,472,-2.955777097457627,-4.3199425351849134
2021-06-17,model1,sse50,2021-06-15,47,-5.784772765957447,-6.615265695228447
2021-06-18,model1,csi500,2021-06-15,472,-0.618485,-2.952346939702368
2021-06-18,model1,sse50,2021-06-15,47,-2.9029829787234043,-5.157016132580693
2021-06-21,model1,csi500,2021-06-15,474,0.9518016877637133,-0.8741534698979683
2021-06-21,model1,sse50,2021-06-15,48,-3.9757041666666666,-4.221153303782507
2021-06-22,model1,csi500,2021-06-15,481,2.14189893970894,0.8250718758242207
2021-06-22,model1,sse50,2021-06-15,46,-0.3763221739130434,-2.4183364397677054
2021-06-23,model1,csi500,2021-06-15,484,2.8430958264462807,1.9789321513063143
2021-06-23,model1,sse50,2021-06-15,47,3.1353895744680855,-0.40554558870387575
2021-06-24,model1,csi500,2021-06-15,474,0.5223085232067513,1.8357677631206604
2021-06-24,model1,sse50,2021-06-15,45,1.710208666666667,1.489758689073902
2021-06-25,model1,csi500,2021-06-15,471,2.4116467940552018,1.9256837145694143
2021-06-25,model1,sse50,2021-06-15,49,4.678995918367347,3.1748647198340323
2021-06-28,model1,csi500,2021-06-15,471,0.6320939065817411,1.1886830746145678
2021-06-28,model1,sse50,2021-06-15,49,-0.3458395918367347,2.0144549977324253
2021-06-29,model1,csi500,2021-06-15,492,-2.6401623780487804,0.13452610752939043
2021-06-29,model1,sse50,2021-06-15,50,-3.1966316,0.3788415755102033
2021-06-30,model1,csi500,2021-06-15,467,-1.9358483940042828,-1.3146389551571043
2021-06-30,model1,sse50,2021-06-15,45,-1.7967799999999998,-1.7797503972789122
2021-07-01,model1,csi500,2021-06-15,484,-3.9496046280991735,-2.841871800050743
2021-07-01,model1,sse50,2021-06-15,47,-2.5924689361702127,-2.5286268453900713
2021-07-02,model1,csi500,2021-06-15,484,-6.273537603305785,-4.052996875136411
2021-07-02,model1,sse50,2021-06-15,50,-7.657346,-4.015531645390072
2021-07-05,model1,csi500,2021-06-15,478,-2.6565117364016735,-4.293217989268874
2021-07-05,model1,sse50,2021-06-15,49,-5.82334,-5.357718312056739
2021-07-06,model1,csi500,2021-06-15,466,-1.8044337553648069,-3.5781610316907515
2021-07-06,model1,sse50,2021-06-15,48,-0.8817879166666667,-4.787491305555556
2021-07-07,model1,csi500,2021-06-15,468,1.4021102777777779,-1.0196117379962313
2021-07-07,model1,sse50,2021-06-15,49,0.9803338775510204,-1.9082646797052163
2021-07-08,model1,csi500,2021-06-15,489,-0.82971245398773,-0.41067864385825
2021-07-08,model1,sse50,2021-06-15,50,-1.1231988000000002,-0.34155094637188305
2021-07-09,model1,csi500,2021-06-15,483,0.7961077639751555,0.4561685292550708
2021-07-09,model1,sse50,2021-06-15,44,-1.0343304545454544,-0.39239845899814557
2021-07-12,model1,csi500,2021-06-15,475,1.2261061052631579,0.3975004717501975
2021-07-12,model1,sse50,2021-06-15,49,-2.9640879591836735,-1.7072057379097103
2021-07-13,model1,csi500,2021-06-15,472,2.1680060805084747,1.3967399832489324
2021-07-13,model1,sse50,2021-06-15,48,-2.8136737499999995,-2.27069738790971
2021-07-14,model1,csi500,2021-06-15,486,0.48399777777777786,1.2927033211831398
2021-07-14,model1,sse50,2021-06-15,50,-5.2367796,-3.6715137697278917
2021-07-15,model1,csi500,2021-06-15,481,0.3365540124740127,0.9961859569200914
2021-07-15,model1,sse50,2021-06-15,50,-0.005968999999999955,-2.685474116666667
2021-07-16,model1,csi500,2021-06-15,478,-1.0614753347280335,-0.0803078481587447
2021-07-16,model1,sse50,2021-06-15,47,-1.4780378723404253,-2.240262157446809
2021-07-19,model1,csi500,2021-06-15,484,-2.564816074380165,-1.0965791322113925
2021-07-19,model1,sse50,2021-06-15,48,1.476779791666667,-0.0024090268912533297
2021-07-20,model1,csi500,2021-06-15,479,-0.1735427557411273,-1.2666113882831056
2021-07-20,model1,sse50,2021-06-15,45,1.5938320000000001,0.5308579731087467
2021-07-21,model1,csi500,2021-06-15,468,0.31809277777777784,-0.8067553507811686
2021-07-21,model1,sse50,2021-06-15,48,1.490376666666667,1.5203294861111107
2021-07-22,model1,csi500,2021-06-15,484,1.7396020041322315,0.6280506753896301
2021-07-22,model1,sse50,2021-06-15,50,3.4076332000000003,2.1639472888888887
2021-07-23,model1,csi500,2021-06-15,486,0.1898106172839507,0.7491684663979895
2021-07-23,model1,sse50,2021-06-15,49,3.367185510204082,2.7550651256235827
2021-07-26,model1,csi500,2021-06-15,491,-5.440817515274948,-1.170468297952919
2021-07-26,model1,sse50,2021-06-15,50,-5.768501,0.3354392367346935
2021-07-27,model1,csi500,2021-06-15,485,-9.404557072164948,-4.885187990051979
2021-07-27,model1,sse50,2021-06-15,50,-9.1890238,-3.863446429931973
2021-07-28,model1,csi500,2021-06-15,490,-9.188044612244898,-8.011139733228262
2021-07-28,model1,sse50,2021-06-15,48,-4.824486041666667,-6.59400361388889
2021-07-29,model1,csi500,2021-06-15,482,-7.5426925933609965,-8.711764759256946
2021-07-29,model1,sse50,2021-06-15,50,-6.7522034,-6.921904413888889
2021-07-30,model1,csi500,2021-06-15,486,-3.4461940946502057,-6.7256437667520315
2021-07-30,model1,sse50,2021-06-15,50,-3.9117493999999997,-5.162812947222222
2021-08-02,model1,csi500,2021-06-15,487,3.0390793429158114,-2.6499357816984612
2021-08-02,model1,sse50,2021-06-15,50,3.697766,-2.322062266666667
2021-08-03,model1,csi500,2021-06-15,490,2.9671296734693877,0.8533383072450001
2021-08-03,model1,sse50,2021-06-15,48,4.587512916666667,1.4578431722222218
2021-08-04,model1,csi500,2021-06-15,479,2.4722986847599167,2.826169233715041
2021-08-04,model1,sse50,2021-06-15,50,2.317878,3.534385638888889
2021-08-05,model1,csi500,2021-06-15,489,0.7389954805725972,2.0594746129339696
2021-08-05,model1,sse50,2021-06-15,49,2.963632040816327,3.2896743191609974
2021-08-06,model1,csi500,2021-06-15,480,-0.8634378958333332,0.7826187564997292
2021-08-06,model1,sse50,2021-06-15,47,-0.313357234042553,1.6560509355912574
2021-08-09,model1,csi500,2021-06-15,489,2.3022377505112477,0.7259317784168395
2021-08-09,model1,sse50,2021-06-15,50,2.9789022,1.876392335591257
2021-08-10,model1,csi500,2021-06-15,477,3.6087642976939205,1.6825213841239473
2021-08-10,model1,sse50,2021-06-15,47,6.902188297872341,3.189244421276595
2021-08-11,model1,csi500,2021-06-15,482,3.3365947095435686,3.0825322525829146
2021-08-11,model1,sse50,2021-06-15,49,7.703475102040817,5.861521866637719
2021-08-12,model1,csi500,2021-06-15,471,3.1499038216560513,3.3650876096311824
2021-08-12,model1,sse50,2021-06-15,46,0.7405730434782609,5.115412147797138
2021-08-13,model1,csi500,2021-06-15,478,0.9706594560669458,2.4857193290888575
2021-08-13,model1,sse50,2021-06-15,47,0.10738021276595758,2.8504761194283446
2021-08-16,model1,csi500,2021-06-15,480,0.6616330000000001,1.594065425907668
2021-08-16,model1,sse50,2021-06-15,49,-0.11217020408163264,0.24526101738752773
2021-08-17,model1,csi500,2021-06-15,491,-3.1329616700610994,-0.5002230713313822
2021-08-17,model1,sse50,2021-06-15,48,-3.9288525,-1.3112141637718926
2021-08-18,model1,csi500,2021-06-15,481,-1.4564682536382534,-1.3092656412331154
2021-08-18,model1,sse50,2021-06-15,50,-2.3878024,-2.142941701360545
2021-08-19,model1,csi500,2021-06-15,486,-0.5963390534979423,-1.7285896590657626
2021-08-19,model1,sse50,2021-06-15,50,-2.6332782,-2.9833110333333344
2021-08-20,model1,csi500,2021-06-15,484,-1.7298007438016527,-1.2608693503126138
2021-08-20,model1,sse50,2021-06-15,47,-7.528787234042554,-4.183289278014185
2021-08-23,model1,csi500,2021-06-15,478,1.9278398744769876,-0.132766640940867
2021-08-23,model1,sse50,2021-06-15,50,-2.9491468,-4.370404078014185
2021-08-24,model1,csi500,2021-06-15,481,3.596521288981289,1.264853473218877
2021-08-24,model1,sse50,2021-06-15,47,0.8788787234042553,-3.1996851035461007
2021-08-25,model1,csi500,2021-06-15,481,3.5968514968814973,3.04040422011326
2021-08-25,model1,sse50,2021-06-15,50,-0.6155471999999999,-0.8952717588652493
2021-08-26,model1,csi500,2021-06-15,484,1.734291363636364,2.975888049833052
2021-08-26,model1,sse50,2021-06-15,48,-3.7198579166666668,-1.1521754644208049
2021-08-27,model1,csi500,2021-06-15,483,1.3800339958592136,2.2370589521256936
2021-08-27,model1,sse50,2021-06-15,48,-0.5696891666666665,-1.6350314277777789
2021-08-30,model1,csi500,2021-06-15,489,-0.4991213292433537,0.8717346767507435
2021-08-30,model1,sse50,2021-06-15,49,-2.334678775510204,-2.2080752862811805
2021-08-31,model1,csi500,2021-06-15,493,0.728381440162272,0.5364313689260461
2021-08-31,model1,sse50,2021-06-15,48,3.5881858333333336,0.2279392970521532
2021-09-01,model1,csi500,2021-06-15,493,1.803091602434077,0.6774505711176673
2021-09-01,model1,sse50,2021-06-15,49,2.594821632653061,1.282776230158729
2021-09-02,model1,csi500,2021-06-15,484,3.3946768181818183,1.9753832869260581
2021-09-02,model1,sse50,2021-06-15,48,3.533226041666667,3.2387445025510195
2021-09-03,model1,csi500,2021-06-15,486,2.853690781893004,2.6838197341696355
2021-09-03,model1,sse50,2021-06-15,49,2.2921326530612247,2.8067267757936496
2021-09-06,model1,csi500,2021-06-15,478,4.93455179916318,3.727639799746003
2021-09-06,model1,sse50,2021-06-15,46,6.263093913043479,4.029484202590456
2021-09-07,model1,csi500,2021-06-15,481,6.445848711018711,4.7446970973583005
2021-09-07,model1,sse50,2021-06-15,50,7.9186262,5.491284255368233
2021-09-08,model1,csi500,2021-06-15,481,6.350351496881498,5.910250669021131
2021-09-08,model1,sse50,2021-06-15,49,4.086061020408163,6.0892603778172125
2021-09-09,model1,csi500,2021-06-15,484,6.794566177685951,6.530255461862055
2021-09-09,model1,sse50,2021-06-15,48,3.7321062500000006,5.245597823469386
2021-09-10,model1,csi500,2021-06-15,485,2.388256144329897,5.177724606299117
2021-09-10,model1,sse50,2021-06-15,49,2.4921638775510204,3.4367770493197267
2021-09-13,model1,csi500,2021-09-13,481,1.9692026195426198,3.7173416471861582
2021-09-13,model1,sse50,2021-06-15,49,2.38301,2.869093375850339
2021-09-14,model1,csi500,2021-09-13,494,-2.21655995951417,0.7136329347861178
2021-09-14,model1,sse50,2021-06-15,50,-2.5295072,0.7818888925170056
2021-09-15,model1,csi500,2021-09-13,488,-1.560875881147541,-0.6027444070396949
2021-09-15,model1,sse50,2021-06-15,50,-6.315775599999999,-2.1540909333333342
2021-09-16,model1,csi500,2021-09-13,490,-4.853270836734694,-2.8769022257987995
2021-09-16,model1,sse50,2021-06-15,49,-10.561336734693878,-6.468873178231294
2021-09-17,model1,csi500,2021-09-13,492,-5.478829918699187,-3.9643255455271387
2021-09-17,model1,sse50,2021-06-15,48,-5.99263125,-7.623247861564626
2021-09-22,model1,csi500,2021-09-13,489,0.29993773006134977,-3.3440543417908413
2021-09-22,model1,sse50,2021-06-15,47,0.7310146808510638,-5.274317767947606
2021-09-23,model1,csi500,2021-09-13,485,2.035996639175258,-1.0476318498208577
2021-09-23,model1,sse50,2021-06-15,48,1.80280625,-1.1529367730496465
2021-09-24,model1,csi500,2021-09-13,488,-0.3728156352459016,0.6543729113302376
2021-09-24,model1,sse50,2021-06-15,49,0.6982875510204081,1.077369493957156
2021-09-27,model1,csi500,2021-09-13,495,-3.4403951111111106,-0.592404702393916
2021-09-27,model1,sse50,2021-06-15,48,0.028278750000000224,0.8431241836734683
2021-09-28,model1,csi500,2021-09-28,487,-3.401161026694045,-2.404790591017017
2021-09-28,model1,sse50,2021-06-15,49,3.2004975510204083,1.3090212840136044
2021-09-29,model1,csi500,2021-09-28,489,-7.425120122699386,-4.755558753501512
2021-09-29,model1,sse50,2021-06-15,48,4.993025208333333,2.740600503117913
2021-09-30,model1,csi500,2021-09-28,478,-3.726806757322176,-4.851029302238533
2021-09-30,model1,sse50,2021-06-15,49,1.9159732653061228,3.3698320082199533
2021-10-08,model1,csi500,2021-09-28,492,-0.9988655691056911,-4.050264149709082
2021-10-08,model1,sse50,2021-06-15,49,3.912855306122449,3.607284593253967
2021-10-11,model1,csi500,2021-09-28,480,-0.6287330833333333,-1.7848018032537312
2021-10-11,model1,sse50,2021-06-15,49,1.9978826530612244,2.6089037414965977
2021-10-12,model1,csi500,2021-09-28,490,-3.6742779999999997,-1.7672922174796721
2021-10-12,model1,sse50,2021-06-15,47,0.5121625531914897,2.1409668374583863
2021-10-13,model1,csi500,2021-09-28,484,-3.075955123966942,-2.4596554024334227
2021-10-13,model1,sse50,2021-06-15,49,0.07958122448979599,0.8632088102475022
2021-10-14,model1,csi500,2021-09-28,477,-1.3790707547169812,-2.709767959561305
2021-10-14,model1,sse50,2021-06-15,50,-2.8921398,-0.7667986741062393
2021-10-15,model1,csi500,2021-09-28,483,-3.4188765217391306,-2.624634133474349
2021-10-15,model1,sse50,2021-06-15,50,-0.11628719999999981,-0.9762819251700692
2021-10-18,model1,csi500,2021-09-28,481,-0.3829986902286901,-1.7269819888949316
2021-10-18,model1,sse50,2021-06-15,49,-0.07628612244897953,-1.0282377074829943
2021-10-19,model1,csi500,2021-09-28,479,3.087733235908142,-0.23804732535322368
2021-10-19,model1,sse50,2021-06-15,46,3.4392208695652173,1.0822158490387448
2021-10-20,model1,csi500,2021-09-28,477,2.2324779454926627,1.6457374970573742
2021-10-20,model1,sse50,2021-06-15,47,-1.0451559574468083,0.7725929298898087
2021-10-21,model1,csi500,2021-09-28,483,-0.2153999378881986,1.7016037478375379
2021-10-21,model1,sse50,2021-06-15,49,-1.6103165306122447,0.2612494605020536
2021-10-22,model1,csi500,2021-09-28,484,-2.6310488429752064,-0.20465694512357846
2021-10-22,model1,sse50,2021-06-15,48,0.4361083333333334,-0.7397880515752412
2021-10-25,model1,csi500,2021-09-28,478,-1.4041225941422593,-1.4168571250018858
2021-10-25,model1,sse50,2021-06-15,48,1.8331895833333336,0.21966046201813963
2021-10-26,model1,csi500,2021-09-28,491,-2.5379380651731163,-2.191036500763525
2021-10-26,model1,sse50,2021-06-15,49,-0.12103142857142858,0.7160888293650783
2021-10-27,model1,csi500,2021-09-28,493,-5.97902154158215,-3.307027400299173
2021-10-27,model1,sse50,2021-06-15,47,-4.101585106382979,-0.7964756505403591
2021-10-28,model1,csi500,2021-09-28,488,-6.8167485655737705,-5.111236057443009
2021-10-28,model1,sse50,2021-06-15,48,-4.668694583333333,-2.9637703727625815
2021-10-29,model1,csi500,2021-09-28,489,-1.8758473210633948,-4.89053914273977
2021-10-29,model1,sse50,2021-06-15,48,-1.4371197916666665,-3.402466493794327
2021-11-01,model1,csi500,2021-09-28,490,1.5884077755102042,-2.3680627037089845
2021-11-01,model1,sse50,2021-06-15,50,0.6330740000000002,-1.8242467916666676
2021-11-02,model1,csi500,2021-09-28,495,-0.20230210101010096,-0.1632472155210948
2021-11-02,model1,sse50,2021-06-15,49,-1.0591769387755103,-0.6210742434807267
2021-11-03,model1,csi500,2021-09-28,481,2.6227048856548856,1.336270186718332
2021-11-03,model1,sse50,2021-06-15,47,-3.244405106382979,-1.2235026817194974
2021-11-04,model1,csi500,2021-09-28,478,3.8418907112970713,2.0874311653139546
2021-11-04,model1,sse50,2021-06-15,49,-2.123618775510204,-2.142400273556232
2021-11-05,model1,csi500,2021-09-28,490,0.12476187755102053,2.196452491500995
2021-11-05,model1,sse50,2021-06-15,48,-2.9254608333333336,-2.764494905075507
2021-11-08,model1,csi500,2021-09-28,469,0.2529247334754799,1.4065257741078598
2021-11-08,model1,sse50,2021-06-15,48,-3.3977424999999997,-2.8156073696145136
2021-11-09,model1,csi500,2021-09-28,473,0.5913570613107824,0.32301455744576346
2021-11-09,model1,sse50,2021-06-15,48,-3.2226379166666668,-3.1819470833333345
2021-11-10,model1,csi500,2021-09-28,476,0.31324789915966406,0.3858432313153113
2021-11-10,model1,sse50,2021-06-15,48,-4.197465833333333,-3.605948750000001
2021-11-11,model1,csi500,2021-09-28,487,3.0998049897330597,1.3348033167345046
2021-11-11,model1,sse50,2021-06-15,50,2.99745,-1.4742179166666673
2021-11-12,model1,csi500,2021-09-28,480,3.2005330208333334,2.204528636575355
2021-11-12,model1,sse50,2021-06-15,49,1.1264304081632655,-0.02452847505669024
2021-11-15,model1,csi500,2021-09-28,480,1.849245,2.7165276701888
2021-11-15,model1,sse50,2021-06-15,46,-1.0298139130434782,1.0313554983732616
2021-11-16,model1,csi500,2021-09-28,478,-0.8030280753138074,1.415583315173178
2021-11-16,model1,sse50,2021-06-15,47,-3.1606255319148935,-1.02133634559837
2021-11-17,model1,csi500,2021-09-28,467,0.7722489935760173,0.606155306087406
2021-11-17,model1,sse50,2021-06-15,47,-3.554722127659574,-2.581720524205983
2021-11-18,model1,csi500,2021-09-28,479,-1.7590143215031315,-0.5965978010803046
2021-11-18,model1,sse50,2021-06-15,48,-8.516420416666667,-5.077256025413713
2021-11-19,model1,csi500,2021-09-28,485,1.3413951340206187,0.11820993536450412
2021-11-19,model1,sse50,2021-06-15,50,1.1046398000000002,-3.655500914775415
2021-11-22,model1,csi500,2021-09-28,480,3.1637158125,0.9153655416724984
2021-11-22,model1,sse50,2021-06-15,49,0.6529236734693876,-2.2529523143990944
2021-11-23,model1,csi500,2021-09-28,477,3.268376918238994,2.59116262158654
2021-11-23,model1,sse50,2021-06-15,43,2.700923953488372,1.4861624756525853
2021-11-24,model1,csi500,2021-09-28,484,2.755138285123967,3.06241033862099
2021-11-24,model1,sse50,2021-06-15,48,3.3970847916666664,2.250310806208141
2021-11-25,model1,csi500,2021-09-28,478,0.07168056485355667,2.031731922738842
2021-11-25,model1,sse50,2021-06-15,49,0.4794508163265308,2.1924865204938553
2021-11-26,model1,csi500,2021-09-28,491,-2.3140890224032584,0.17090994252475777
2021-11-26,model1,sse50,2021-06-15,46,-5.137524782608695,-0.42032972487183384
2021-11-29,model1,csi500,2021-09-28,477,-1.4534375890985325,-1.2319486822160755
2021-11-29,model1,sse50,2021-06-15,50,-3.8502343999999997,-2.836102788760723
2021-11-30,model1,csi500,2021-09-28,473,0.16107395348837217,-1.2021508860044703
2021-11-30,model1,sse50,2021-06-15,47,-1.5109293617021278,-3.499562848103609
2021-12-01,model1,csi500,2021-09-28,491,2.217571568228106,0.30840264420598446
2021-12-01,model1,sse50,2021-06-15,50,1.9489520000000002,-1.137403920567377
2021-12-02,model1,csi500,2021-09-28,475,0.4441992631578949,0.9409482616247935
2021-12-02,model1,sse50,2021-06-15,48,3.4629147916666665,1.300312476654845
2021-12-03,model1,csi500,2021-09-28,476,2.312681806722689,1.6581508793695658
2021-12-03,model1,sse50,2021-06-15,48,6.122867083333333,3.8449112916666657
2021-12-06,model1,csi500,2021-09-28,488,-1.4370159836065572,0.43995502875801157
2021-12-06,model1,sse50,2021-06-15,49,7.233288367346939,5.606356747448978
2021-12-07,model1,csi500,2021-09-28,480,-3.6677445,-0.93069289229462
2021-12-07,model1,sse50,2021-06-15,47,6.154203829787234,6.503453093489168
2021-12-08,model1,csi500,2021-09-28,474,-0.33279124472573834,-1.8125172427774292
2021-12-08,model1,sse50,2021-06-15,50,2.2640872,5.217193132378057
2021-12-09,model1,csi500,2021-09-28,482,1.914367634854772,-0.6953893699569863
2021-12-09,model1,sse50,2021-06-15,49,7.006453469387756,5.141581499724995
2021-12-10,model1,csi500,2021-09-28,474,1.7874080168776372,1.1229948023355596
2021-12-10,model1,sse50,2021-06-15,48,6.079545625000001,5.116695431462585
2021-12-13,model1,csi500,2021-12-13,481,1.7758174844074845,1.8258643787133007
2021-12-13,model1,sse50,2021-12-13,48,2.607613125,5.231204073129251
2021-12-14,model1,csi500,2021-12-13,477,1.200359454926625,1.587861652070585
2021-12-14,model1,sse50,2021-12-13,48,0.9797439583333335,3.2223009027777767
2021-12-15,model1,csi500,2021-12-13,473,-0.7496353065539111,0.7421805442600689
2021-12-15,model1,sse50,2021-12-13,44,-3.7319,-0.04818097222222336
2021-12-16,model1,csi500,2021-12-13,482,1.4065294813278009,0.6190845432335076
2021-12-16,model1,sse50,2021-12-13,49,0.38527346938775514,-0.788960857426305
2021-12-17,model1,csi500,2021-12-13,482,-1.0822641078838173,-0.14178997770330656
2021-12-17,model1,sse50,2021-12-13,48,-2.19407375,-1.846900093537416
2021-12-20,model1,csi500,2021-12-13,486,-2.337525329218107,-0.6710866519247052
2021-12-20,model1,sse50,2021-12-13,49,-3.413019183673469,-1.7406064880952392
2021-12-21,model1,csi500,2021-12-13,489,2.4330528425357874,-0.3289121981887096
2021-12-21,model1,sse50,2021-12-13,49,1.0872363265306122,-1.50661886904762
2021-12-22,model1,csi500,2021-12-13,485,1.0039736082474227,0.366500373855037
2021-12-22,model1,sse50,2021-12-13,50,-1.4604479999999997,-1.2620769523809534
2021-12-23,model1,csi500,2021-12-13,482,0.1266699377593362,1.1878987961808514
2021-12-23,model1,sse50,2021-12-13,48,1.0901783333333335,0.23898888662131412
2021-12-24,model1,csi500,2021-12-13,486,-1.1872618518518516,-0.018872768615028363
2021-12-24,model1,sse50,2021-12-13,47,1.8113219148936175,0.48035074940898254
2021-12-27,model1,csi500,2021-12-13,476,-0.5377642857142856,-0.5327853999355977
2021-12-27,model1,sse50,2021-12-13,48,-2.2197541666666667,0.22724869385342691
2021-12-28,model1,csi500,2021-12-13,480,-0.2545855833333332,-0.6598705736331542
2021-12-28,model1,sse50,2021-12-13,48,2.095042916666667,0.562203554964538
2021-12-29,model1,csi500,2021-12-13,472,-1.5794964830508473,-0.7906154506994861
2021-12-29,model1,sse50,2021-12-13,46,-1.5879691304347827,-0.5708934601449287
2021-12-30,model1,csi500,2021-12-13,475,1.8458104842105263,0.003909472608784566
2021-12-30,model1,sse50,2021-12-13,46,-1.3814565217391304,-0.2914609118357499
2021-12-31,model1,csi500,2021-12-13,485,3.5489928865979383,1.271768962585875
2021-12-31,model1,sse50,2021-12-13,45,0.9545475555555557,-0.6716260322061204
2022-01-04,model1,csi500,2021-12-13,490,4.081210857142858,3.15867140931711
2022-01-04,model1,sse50,2021-12-13,49,0.7265102040816327,0.09986707929935157
2022-01-05,model1,csi500,2021-12-13,482,0.06270387966804995,2.5643025411362848
2022-01-05,model1,sse50,2021-12-13,50,1.0255792000000001,0.9022123198790618
2022-01-06,model1,csi500,2021-12-13,479,1.0362523173277662,1.7267223513795606
2022-01-06,model1,sse50,2021-12-13,47,-2.098208510638298,-0.11537303551888956
2022-01-07,model1,csi500,2021-12-13,489,0.03250838445807786,0.377154860484634
2022-01-07,model1,sse50,2021-12-13,46,-2.319001956521739,-1.1305437557200133
2022-01-10,model1,csi500,2021-12-13,475,0.42285048421052657,0.49720372866545953
2022-01-10,model1,sse50,2021-12-13,48,2.05134125,-0.7886230723866801
2022-01-11,model1,csi500,2021-12-13,483,-0.4674682401656313,-0.004036457165672969
2022-01-11,model1,sse50,2021-12-13,48,-0.33876020833333315,-0.2021403049516918
2022-01-12,model1,csi500,2021-12-13,481,-0.10715020790020774,-0.0505893212851015
2022-01-12,model1,sse50,2021-12-13,49,1.2224430612244899,0.9783413676303844
2022-01-13,model1,csi500,2021-12-13,482,-3.643786887966805,-1.4061351120108787
2022-01-13,model1,sse50,2021-12-13,50,-2.6547296,-0.590348915702949
2022-01-14,model1,csi500,2021-12-13,495,-4.648688707070708,-2.799875267645904
2022-01-14,model1,sse50,2021-12-13,50,-8.8466492,-3.4263119129251716
2022-01-17,model1,csi500,2021-12-13,478,-0.9638630753138074,-3.0854462234504374
2022-01-17,model1,sse50,2021-12-13,49,-6.1082395918367345,-5.869872797278913
2022-01-18,model1,csi500,2021-12-13,487,0.4272007186858317,-1.7284503545662255
2022-01-18,model1,sse50,2021-12-13,49,1.8869079591836735,-4.355993610884355
2022-01-19,model1,csi500,2021-12-13,483,0.4258242650103521,-0.03694603053920551
2022-01-19,model1,sse50,2021-12-13,47,1.5360648936170214,-0.8950889130120144
2022-01-20,model1,csi500,2021-12-13,480,-1.040536,-0.06250367210126966
2022-01-20,model1,sse50,2021-12-13,47,5.076230425531915,2.833067759444202
2022-01-21,model1,csi500,2021-12-13,480,-4.5256610625,-1.7134575991632135
2022-01-21,model1,sse50,2021-12-13,46,2.845282608695652,3.1525259759481954
2022-01-24,model1,csi500,2021-12-13,469,-2.6991021535181234,-2.755099738672705
2022-01-24,model1,sse50,2021-12-13,47,0.9700478723404256,2.963853635522663
2022-01-25,model1,csi500,2021-12-13,498,-7.586147489959839,-4.936970235325986
2022-01-25,model1,sse50,2021-12-13,48,-3.7772391666666665,0.012697104789802497
2022-01-26,model1,csi500,2021-12-13,475,-5.045646547368421,-5.110298730282126
2022-01-26,model1,sse50,2021-12-13,47,-2.2971578723404256,-1.7014497222222236
2022-01-27,model1,csi500,2021-12-13,496,-8.324094919354838,-6.985296318894363
2022-01-27,model1,sse50,2021-12-13,47,-6.414689361702128,-4.1630288002364075
2022-01-28,model1,csi500,2021-12-13,481,-10.941001101871102,-8.10358085619812
2022-01-28,model1,sse50,2021-12-13,49,-10.181883673469388,-6.297910302503982
2022-02-07,model1,csi500,2021-12-13,485,-6.263643072164948,-8.50957969779696
2022-02-07,model1,sse50,2021-12-13,50,-6.583880000000001,-7.726817678390507
2022-02-08,model1,csi500,2021-12-13,499,-0.5610594589178356,-5.921901210984625
2022-02-08,model1,sse50,2021-12-13,50,-2.1221188,-6.295960824489797
2022-02-09,model1,csi500,2021-12-13,486,3.735418024691358,-1.0297615021304727
2022-02-09,model1,sse50,2021-12-13,49,0.4415644897959185,-2.754811436734695
2022-02-10,model1,csi500,2021-12-13,481,6.473083305613305,3.2158139571289452
2022-02-10,model1,sse50,2021-12-13,49,1.8246440816326528,0.04802992380952261
2022-02-11,model1,csi500,2021-12-13,483,0.3776090062111802,3.528703445505283
2022-02-11,model1,sse50,2021-12-13,48,1.8422350000000003,1.3694811904761892
2022-02-14,model1,csi500,2021-12-13,488,-1.8507223770491803,1.6666566449251041
2022-02-14,model1,sse50,2021-12-13,49,-1.4468242857142855,0.7400182653061215
2022-02-15,model1,csi500,2021-12-13,488,-1.9089011680327865,-1.1273381796235935
2022-02-15,model1,sse50,2021-12-13,50,-0.06541299999999994,0.10999923809523711
2022-02-16,model1,csi500,2021-12-13,468,-0.6891413675213675,-1.4829216375344425
2022-02-16,model1,sse50,2021-12-13,48,-0.8892316666666665,-0.8004896507936518
2022-02-17,model1,csi500,2021-12-13,483,-1.7515915113871634,-1.4498780156471038
2022-02-17,model1,sse50,2021-12-13,47,-1.1998668085106383,-0.7181704917257695
2022-02-18,model1,csi500,2021-12-13,494,3.0858678947368423,0.21504500527610584
2022-02-18,model1,sse50,2021-12-13,50,2.061411,-0.009229158392436135
2022-02-21,model1,csi500,2021-12-13,485,4.030796865979382,1.7883577497763554
2022-02-21,model1,sse50,2021-12-13,48,0.5017979166666666,0.45444736938534164
2022-02-22,model1,csi500,2021-12-13,489,0.20272271983640092,2.4397958268508773
2022-02-22,model1,sse50,2021-12-13,47,-1.7847508510638295,0.25948602186761116
2022-02-23,model1,csi500,2021-12-13,479,0.8813799582463466,1.704966514687379
2022-02-23,model1,sse50,2021-12-13,49,-1.3436551020408163,-0.8755360121459942
2022-02-24,model1,csi500,2021-12-13,496,-2.427590141129032,-0.4478291543487594
2022-02-24,model1,sse50,2021-12-13,50,-4.607002,-2.5784693177015496
2022-02-25,model1,csi500,2021-12-13,478,-4.135296255230125,-1.8938354793709349
2022-02-25,model1,sse50,2021-12-13,48,-8.12468,-4.6917790340136065
2022-02-28,model1,csi500,2021-12-13,479,-4.114432505219207,-3.559106300526119
2022-02-28,model1,sse50,2021-12-13,49,-6.348230204081633,-6.359970734693878
2022-03-01,model1,csi500,2021-12-13,475,-0.3864530105263157,-2.878727256991881
2022-03-01,model1,sse50,2021-12-13,49,2.28010612244898,-4.064268027210885
2022-03-02,model1,csi500,2021-12-13,485,1.3099601855670102,-1.0636417767261686
2022-03-02,model1,sse50,2021-12-13,47,1.915524255319149,-0.7175332754378355
2022-03-03,model1,csi500,2021-12-13,485,1.2941558144329899,0.7392209964912301
2022-03-03,model1,sse50,2021-12-13,50,1.6254826000000002,1.9403709925893757
2022-03-04,model1,csi500,2021-12-13,490,-1.437941775510204,0.3887247414966008
2022-03-04,model1,sse50,2021-12-13,50,-0.07582439999999992,1.1550608184397155
2022-03-07,model1,csi500,2021-12-13,488,-6.688701803278688,-2.2774959214519654
2022-03-07,model1,sse50,2021-12-13,50,-6.9263286,-1.7922234666666672
2022-03-08,model1,csi500,2021-12-13,497,-13.51126569416499,-7.212636424317959
2022-03-08,model1,sse50,2021-12-13,49,-15.216488979591837,-7.406213993197279
2022-03-09,model1,csi500,2021-12-13,494,-21.322587530364373,-13.840851675936015
2022-03-09,model1,sse50,2021-12-13,50,-20.068176,-14.070331193197282
2022-03-10,model1,csi500,2021-12-13,479,-21.375142839248433,-18.736332021259262
2022-03-10,model1,sse50,2021-12-13,50,-26.4456124,-20.576759126530614
2022-03-11,model1,csi500,2021-12-13,492,0.2085782317073171,-14.163050712635162
2022-03-11,model1,sse50,2021-12-13,49,-1.280134693877551,-15.931307697959184
2022-03-14,model1,csi500,2021-12-13,489,-1.4857146216768917,-7.550759743072667
2022-03-14,model1,sse50,2021-12-13,49,-1.252061224489796,-9.659269439455782
2022-03-15,model1,csi500,2021-12-13,498,-5.467724497991968,-2.2482869626538453
2022-03-15,model1,sse50,2021-12-13,50,-5.0020776,-2.511424506122449
2022-03-16,model1,csi500,2021-12-13,489,-1.0363438036809813,-2.6632609744499445
2022-03-16,model1,sse50,2021-12-13,50,0.8721480000000001,-1.7939969414965986
2022-03-17,model1,csi500,2021-12-13,480,0.5620515833333334,-1.9806722394465364
2022-03-17,model1,sse50,2021-12-13,46,1.3968891304347826,-0.9110134898550722
2022-03-18,model1,csi500,2021-12-13,498,2.902774899598394,0.8094942264169177
2022-03-18,model1,sse50,2021-12-13,50,1.6511000000000002,1.3067123768115942
2022-03-21,model1,csi500,2021-12-13,493,3.5527393711967545,2.33918861804283
2022-03-21,model1,sse50,2021-12-13,49,-0.7597269387755101,0.7627540638864243
2022-03-22,model1,csi500,2021-12-13,496,3.6559574193548388,3.3704905633833313
2022-03-22,model1,sse50,2021-12-13,50,-1.3011244,-0.13658377959183662
2022-03-23,model1,csi500,2021-12-13,472,2.478448241525424,3.2290483440256743
2022-03-23,model1,sse50,2021-12-13,48,-1.05404125,-1.0382975295918369
2022-03-24,model1,csi500,2021-12-13,490,-1.839395857142857,1.4316699345791377
2022-03-24,model1,sse50,2021-12-13,48,-1.0566579166666665,-1.1372745222222223
2022-03-25,model1,csi500,2021-12-13,475,-5.884600378947368,-1.7485159981882648
2022-03-25,model1,sse50,2021-12-13,49,-4.724585510204081,-2.2784282256235824
2022-03-28,model1,csi500,2021-12-13,488,-1.7264612704918032,-3.150152502194007
2022-03-28,model1,sse50,2021-12-13,49,1.258078367346939,-1.5077216865079361
2022-03-29,model1,csi500,2021-12-13,491,-4.086575885947047,-3.8992125117954033
2022-03-29,model1,sse50,2021-12-13,49,0.37622061224489806,-1.0300955102040814
2022-03-30,model1,csi500,2021-12-13,482,1.8848428838174274,-1.3093980908738052
2022-03-30,model1,sse50,2021-12-13,50,1.7587400000000002,1.131012993197279
2022-03-31,model1,csi500,2021-12-13,476,2.3097646428571426,0.036010546909176856
2022-03-31,model1,sse50,2021-12-13,47,3.1815365957446815,1.7721657359965264
2022-04-01,model1,csi500,2021-12-13,493,4.092545030425963,2.76238418570018
2022-04-01,model1,sse50,2021-12-13,50,7.549980400000001,4.163418998581561
2022-04-06,model1,csi500,2021-12-13,494,7.46117483805668,4.621161503779931
2022-04-06,model1,sse50,2021-12-13,49,11.945310204081633,7.558942399942104
2022-04-07,model1,csi500,2021-12-13,492,-2.3298443699186993,3.0746251661879835
2022-04-07,model1,sse50,2021-12-13,48,0.6005568750000001,6.698615826360545
2022-04-08,model1,csi500,2021-12-13,485,-4.726924804123711,0.134801888004759
2022-04-08,model1,sse50,2021-12-13,49,2.2563400000000002,4.934069026360544
2022-04-11,model1,csi500,2021-12-13,494,-10.122086902834008,-5.726285358958804
2022-04-11,model1,sse50,2021-12-13,50,-4.092787,-0.411963375
2022-04-12,model1,csi500,2021-12-13,493,-0.22874511156186605,-5.025918939506526
2022-04-12,model1,sse50,2021-12-13,49,-0.33045469387755094,-0.7223005646258503
2022-04-13,model1,csi500,2021-12-13,492,-0.5929718902439024,-3.6479346348799226
2022-04-13,model1,sse50,2021-12-13,47,-0.009945531914893703,-1.4777290752641485
2022-04-14,model1,csi500,2021-12-13,480,-0.0185861041666665,-0.2801010353241426
2022-04-14,model1,sse50,2021-12-13,46,0.07554347826086982,-0.0882855825105248
2022-04-15,model1,csi500,2021-12-13,487,-0.38144293634496906,-0.3310003102518436
2022-04-15,model1,sse50,2021-12-13,43,3.7249283720930233,1.263508772813
2022-04-18,model1,csi500,2021-12-13,479,0.8583253862212946,0.15276544856988872
2022-04-18,model1,sse50,2021-12-13,50,1.8131230000000003,1.871198283451298
2022-04-19,model1,csi500,2021-12-13,484,2.3935405165289256,0.9568076554684195
2022-04-19,model1,sse50,2021-12-13,50,-2.8424091999999996,0.8985473906976749
2022-04-20,model1,csi500,2021-12-13,492,-1.553270975609756,0.5661983090468237
2022-04-20,model1,sse50,2021-12-13,49,-6.427361836734693,-2.4855493455782307
2022-04-21,model1,csi500,2021-12-13,499,-6.582956092184369,-1.9142288504217309
2022-04-21,model1,sse50,2021-12-13,49,-11.587622040816328,-6.952464359183673
2022-04-22,model1,csi500,2021-12-13,491,-6.373174582484725,-4.8364672167596146
2022-04-22,model1,sse50,2021-12-13,50,-2.9331468000000003,-6.98271022585034
2022-04-25,model1,csi500,2021-12-13,498,-13.949502369477912,-8.968544348048999
2022-04-25,model1,sse50,2021-12-13,50,-7.5310635999999995,-7.350610813605442
2022-04-26,model1,csi500,2021-12-13,493,-19.05050056795132,-13.124392506637983
2022-04-26,model1,sse50,2021-12-13,50,-5.7011368000000004,-5.3884490666666665
2022-04-27,model1,csi500,2021-12-13,499,0.9782667134268538,-10.673912074667458
2022-04-27,model1,sse50,2021-12-13,50,2.015642,-3.7388528
2022-04-28,model1,csi500,2021-12-13,482,1.7756399792531121,-5.4321979584237825
2022-04-28,model1,sse50,2021-12-13,50,4.2683426,0.1942826000000002
2022-04-29,model1,csi500,2021-12-13,496,4.535513286290323,2.4298066596567653
2022-04-29,model1,sse50,2021-12-13,49,6.730689795918368,4.338224798639456
2022-05-05,model1,csi500,2021-12-13,484,9.375287458677684,5.228813574740375
2022-05-05,model1,sse50,2021-12-13,49,10.29910918367347,7.099380526530613
2022-05-06,model1,csi500,2021-12-13,491,7.27288150712831,7.0612274173654415
2022-05-06,model1,sse50,2021-12-13,49,2.0125816326530614,6.347460204081632
2022-05-09,model1,csi500,2021-12-13,489,9.069718650306749,8.572629205370916
2022-05-09,model1,sse50,2021-12-13,49,-0.264552244897959,4.015712857142858
2022-05-10,model1,csi500,2021-12-13,494,14.566910161943321,10.303170106459461
2022-05-10,model1,sse50,2021-12-13,50,3.3959104,1.7146465959183674
2022-05-11,model1,csi500,2021-12-13,474,8.40852835443038,10.681719055560151
2022-05-11,model1,sse50,2021-12-13,48,4.284229166666667,2.4718624405895695
2022-05-12,model1,csi500,2021-12-13,472,8.991583877118645,10.655674131164117
2022-05-12,model1,sse50,2021-12-13,49,5.985422244897959,4.555187270521542
2022-05-13,model1,csi500,2021-12-13,479,6.027805198329854,7.809305809959628
2022-05-13,model1,sse50,2021-12-13,49,6.89624387755102,5.721965096371882
2022-05-16,model1,csi500,2021-12-13,481,-0.43922896049896043,4.860053371649848
2022-05-16,model1,sse50,2021-12-13,49,-2.783915918367347,3.3659167346938776
2022-05-17,model1,csi500,2021-12-13,469,-1.3838837313432832,1.401564168829206
2022-05-17,model1,sse50,2021-12-13,49,-0.4561951020408162,1.2187109523809523
2022-05-18,model1,csi500,2021-12-13,480,-2.418347104166666,-1.4138199320029674
2022-05-18,model1,sse50,2021-12-13,48,-1.672525,-1.6375453401360545
2022-05-19,model1,csi500,2021-12-13,493,3.358078620689655,-0.14805073827342907
2022-05-19,model1,sse50,2021-12-13,49,0.6374122448979592,-0.49710261904761904
2022-05-20,model1,csi500,2021-12-13,487,7.635145297741273,2.8582922714214227
2022-05-20,model1,sse50,2021-12-13,49,5.27310612244898,1.412664455782313
2022-05-23,model1,csi500,2021-12-13,466,8.715446738197425,6.569556885542787
2022-05-23,model1,sse50,2021-12-13,49,4.802508571428572,3.5710089795918365
2022-05-24,model1,csi500,2021-12-13,499,-1.8793678156312625,4.823741406769147
2022-05-24,model1,sse50,2021-12-13,50,-3.1689184,2.302232097959184
2022-05-25,model1,csi500,2021-12-13,494,0.7723723279352227,2.5361504168337974
2022-05-25,model1,sse50,2021-12-13,50,-2.3732176,-0.24654247619047606
2022-05-26,model1,csi500,2021-12-13,487,3.095485441478439,0.6628299845941351
2022-05-26,model1,sse50,2021-12-13,49,-3.175797551020408,-2.905977850340136
2022-05-27,model1,csi500,2021-12-13,471,0.22140084925690035,1.3630862062235227
2022-05-27,model1,sse50,2021-12-13,47,-5.330639148936171,-3.626551433318859
2022-05-30,model1,csi500,2021-12-13,474,0.9612359915611816,1.426040760765509
2022-05-30,model1,sse50,2021-12-13,49,-1.4815024489795918,-3.3293130496453895
2022-05-31,model1,csi500,2021-12-13,475,4.447817642105264,1.8768181609744505
2022-05-31,model1,sse50,2021-12-13,49,2.0476120408163268,-1.5881765190331452
2022-06-01,model1,csi500,2021-12-13,473,3.329615496828753,2.912889710165068
2022-06-01,model1,sse50,2021-12-13,48,-0.5202520833333334,0.015285836167800881
2022-06-02,model1,csi500,2021-12-13,475,5.566142463157895,4.447858534030639
2022-06-02,model1,sse50,2021-12-13,47,1.856971276595745,1.1281104113595797
2022-06-06,model1,csi500,2021-12-13,481,10.517978087318088,6.47124534910158
2022-06-06,model1,sse50,2021-12-13,47,4.6549719148936175,1.9972303693853435
2022-06-07,model1,csi500,2021-12-13,481,4.022112016632017,6.702077522369334
2022-06-07,model1,sse50,2021-12-13,47,4.904111914893617,3.8053517021276604
2022-06-08,model1,csi500,2021-12-13,474,2.643864936708861,5.727985013552991
2022-06-08,model1,sse50,2021-12-13,49,5.98152775510204,5.180203861629759
2022-06-09,model1,csi500,2021-12-13,485,-1.3560615463917522,1.7699718023163769
2022-06-09,model1,sse50,2021-12-13,50,3.2820646000000004,4.722568089998553
2022-06-10,model1,csi500,2021-12-13,496,3.8230670161290323,1.7036234688153822
2022-06-10,model1,sse50,2021-12-13,48,8.275469791666668,5.846354048922904
2022-06-13,model1,csi500,2022-06-13,483,3.730994596273292,2.0660000220035255
2022-06-13,model1,sse50,2022-06-13,50,3.4613506000000003,5.0062949972222235
2022-06-14,model1,csi500,2022-06-13,492,5.613122337398374,4.389061316600235
2022-06-14,model1,sse50,2022-06-13,50,6.3914124,6.042744263888889
2022-06-15,model1,csi500,2022-06-13,479,6.298410835073069,5.214175922914913
2022-06-15,model1,sse50,2022-06-13,50,6.7838978,5.545553600000001
2022-06-16,model1,csi500,2022-06-13,490,5.454195877551021,5.78857635000749
2022-06-16,model1,sse50,2022-06-13,49,0.211261836734694,4.462190678911566
2022-06-17,model1,csi500,2022-06-13,477,6.544861656184486,6.0991561229361935
2022-06-17,model1,sse50,2022-06-13,50,2.279075,3.0914115455782323
2022-06-20,model1,csi500,2022-06-13,477,5.212305534591195,5.737121022775569
2022-06-20,model1,sse50,2022-06-13,49,1.8229761224489796,1.4377709863945585
2022-06-21,model1,csi500,2022-06-13,474,0.22611624472573855,3.9944278118338086
2022-06-21,model1,sse50,2022-06-13,48,-0.8568008333333332,1.0817500963718827
2022-06-22,model1,csi500,2022-06-13,492,-4.998987418699186,0.14647812020591763
2022-06-22,model1,sse50,2022-06-13,49,-3.570554693877551,-0.8681264682539677
2022-06-23,model1,csi500,2022-06-13,481,0.42077465696465705,-1.4506988390029285
2022-06-23,model1,sse50,2022-06-13,49,0.9630189795918369,-1.1547788492063484
2022-06-24,model1,csi500,2022-06-13,461,2.098532906724512,-0.8265599516700038
2022-06-24,model1,sse50,2022-06-13,49,1.9641679591836736,-0.21445591836734623
2022-06-27,model1,csi500,2022-06-13,478,0.7171487029288705,1.0788187555393483
2022-06-27,model1,sse50,2022-06-13,49,2.181687755102041,1.7029582312925176
2022-06-28,model1,csi500,2022-06-13,494,4.095259392712551,2.3036470007886463
2022-06-28,model1,sse50,2022-06-13,47,5.630200425531915,3.2586853799392106
2022-06-29,model1,csi500,2022-06-13,486,-0.3130645267489711,1.4997811896308184
2022-06-29,model1,sse50,2022-06-13,48,-0.4082341666666666,2.4678846713224307
2022-06-30,model1,csi500,2022-06-13,463,-0.04187360691144697,1.2467737530173795
2022-06-30,model1,sse50,2022-06-13,47,1.848595744680851,2.356854001182034
2022-07-01,model1,csi500,2022-06-13,478,-1.5587025732217572,-0.6378802356273899
2022-07-01,model1,sse50,2022-06-13,47,2.0698540425531915,1.1700718735224591
2022-07-04,model1,csi500,2022-06-13,482,-0.07134721991701236,-0.5573078000167371
2022-07-04,model1,sse50,2022-06-13,48,2.044003333333334,1.9874843735224594
2022-07-05,model1,csi500,2022-06-13,485,-1.619595773195876,-1.0832151887782135
2022-07-05,model1,sse50,2022-06-13,49,1.9483806122448981,2.0207459960438086
2022-07-06,model1,csi500,2022-06-13,492,-5.25949331300813,-2.3168121020403376
2022-07-06,model1,sse50,2022-06-13,50,-2.7663371999999997,0.408682248526078
2022-07-07,model1,csi500,2022-06-13,470,-4.89107829787234,-3.923389128025447
2022-07-07,model1,sse50,2022-06-13,48,-4.2853875,-1.7011146959183663
2022-07-08,model1,csi500,2022-06-13,478,-5.557874225941423,-5.236148612273962
2022-07-08,model1,sse50,2022-06-13,46,-6.3004234782608695,-4.45071605942029
2022-07-11,model1,csi500,2022-06-13,481,-8.289688877338877,-6.246213800384211
2022-07-11,model1,sse50,2022-06-13,49,-10.721033061224489,-7.102281346495118
2022-07-12,model1,csi500,2022-06-13,484,-9.347151508264462,-7.731571537181586
2022-07-12,model1,sse50,2022-06-13,49,-12.190963673469387,-9.73747340431825
2022-07-13,model1,csi500,2022-06-13,482,-4.294079709543569,-7.310306698382301
2022-07-13,model1,sse50,2022-06-13,47,-8.064153191489362,-10.325383308727746
2022-07-14,model1,csi500,2022-06-13,485,-2.145426391752577,-5.262219203186867
2022-07-14,model1,sse50,2022-06-13,50,-8.066897599999999,-9.440671488319582
2022-07-15,model1,csi500,2022-06-13,498,-4.490529979919679,-3.6433453604052732
2022-07-15,model1,sse50,2022-06-13,50,-10.873876000000001,-9.001642263829787
2022-07-18,model1,csi500,2022-06-13,498,1.1738693775100402,-1.8206956647207369
2022-07-18,model1,sse50,2022-06-13,49,-0.28224081632653064,-6.407671472108844
2022-07-19,model1,csi500,2022-06-13,481,2.8661283991683995,-0.15017740108041133
2022-07-19,model1,sse50,2022-06-13,48,-0.7630545833333332,-3.973057133219955
2022-07-20,model1,csi500,2022-06-13,466,3.2830978111587985,2.4410318626124146
2022-07-20,model1,sse50,2022-06-13,47,-2.4740289361702126,-1.1731081119433588
2022-07-21,model1,csi500,2022-06-13,488,0.7613597950819673,2.3035286684697236
2022-07-21,model1,sse50,2022-06-13,49,-4.70826693877551,-2.648450152759685
2022-07-22,model1,csi500,2022-06-13,480,-3.436971791666666,0.20249527152470156
2022-07-22,model1,sse50,2022-06-13,49,-2.881309795918367,-3.3545352236213635
2022-07-25,model1,csi500,2022-06-13,480,-7.161940291666666,-3.2791840960837866
2022-07-25,model1,sse50,2022-06-13,49,-4.859957142857143,-4.14984462585034
2022-07-26,model1,csi500,2022-06-13,479,-0.7068770354906053,-3.768596372941311
2022-07-26,model1,sse50,2022-06-13,48,-0.8436520833333332,-2.8616396740362813
2022-07-27,model1,csi500,2022-06-13,478,0.7483767154811717,-2.3734802038920315
2022-07-27,model1,sse50,2022-06-13,50,-2.4833496,-2.7289862753968257
2022-07-28,model1,csi500,2022-06-13,459,0.8807039215686276,0.30740120051973313
2022-07-28,model1,sse50,2022-06-13,47,-4.189454893617022,-2.5054855256501183
2022-07-29,model1,csi500,2022-06-13,491,-2.2711015071283094,-0.21400695669283495
2022-07-29,model1,sse50,2022-06-13,50,-6.167692,-4.28016549787234
2022-08-01,model1,csi500,2022-06-13,476,-1.969726176470588,-1.1200412540100881
2022-08-01,model1,sse50,2022-06-13,46,-8.809784782608695,-6.3889772254085715
2022-08-02,model1,csi500,2022-06-13,498,-7.152638875502007,-3.797822186366967
2022-08-02,model1,sse50,2022-06-13,49,-16.71176,-10.563078927536232
2022-08-03,model1,csi500,2022-06-13,495,-10.421634848484848,-6.514666633485812
2022-08-03,model1,sse50,2022-06-13,48,-18.155076666666666,-14.55887381642512
2022-08-04,model1,csi500,2022-06-13,461,-5.994394880694143,-7.856222868226998
2022-08-04,model1,sse50,2022-06-13,47,-7.663870212765957,-14.17690229314421
2022-08-05,model1,csi500,2022-06-13,491,1.784389551934827,-4.87721339241472
2022-08-05,model1,sse50,2022-06-13,48,2.9095652083333334,-7.636460557033097
2022-08-08,model1,csi500,2022-06-13,473,3.909503911205074,-0.10016713918474511
2022-08-08,model1,sse50,2022-06-13,49,1.8757755102040818,-0.959509831409514
2022-08-09,model1,csi500,2022-06-13,476,3.100443361344538,2.931445608161482
2022-08-09,model1,sse50,2022-06-13,48,-0.2529654166666666,1.5107917672902496
2022-08-10,model1,csi500,2022-06-13,483,1.5560807246376813,2.8553426657291
2022-08-10,model1,sse50,2022-06-13,46,-3.703613043478261,-0.6936009833136151
2022-08-11,model1,csi500,2022-06-13,494,4.801199858299595,3.1525746480939407
2022-08-11,model1,sse50,2022-06-13,50,1.6175540000000002,-0.7796748200483089
2022-08-12,model1,csi500,2022-06-13,478,4.092734686192468,3.4833384230432505
2022-08-12,model1,sse50,2022-06-13,49,4.555743469387755,0.8232281419698314
2022-08-15,model1,csi500,2022-06-13,479,1.8375390187891443,3.5771578544270715
2022-08-15,model1,sse50,2022-06-13,49,1.9694822448979596,2.7142599047619047
2022-08-16,model1,csi500,2022-06-13,469,1.6812339019189768,2.537169202300199
2022-08-16,model1,sse50,2022-06-13,50,-1.6206359999999997,1.6348632380952381
2022-08-17,model1,csi500,2022-06-13,473,2.07150245243129,1.8634251243798061
2022-08-17,model1,sse50,2022-06-13,48,1.6830702083333335,0.677305484410431
2022-08-18,model1,csi500,2022-06-13,488,-1.0933640983606556,0.886457418663206
2022-08-18,model1,sse50,2022-06-13,50,-2.4451284,-0.7942313972222221
2022-08-19,model1,csi500,2022-06-13,472,-4.701248559322035,-1.2410367350837979
2022-08-19,model1,sse50,2022-06-13,48,-1.6520489583333333,-0.8047023833333333
2022-08-22,model1,csi500,2022-06-13,477,0.7580271488469602,-1.6788618362785745
2022-08-22,model1,sse50,2022-06-13,48,1.9753195833333335,-0.7072859249999999
2022-08-23,model1,csi500,2022-06-13,470,0.44649723404255326,-1.1655747254775046
2022-08-23,model1,sse50,2022-06-13,48,0.20282000000000008,0.17536354166666676
2022-08-24,model1,csi500,2022-06-13,497,-4.26472907444668,-1.0200682305190532
2022-08-24,model1,sse50,2022-06-13,49,-3.3601983673469387,-0.39401959467120173
2022-08-25,model1,csi500,2022-06-13,483,-3.209326873706004,-2.342519571370041
2022-08-25,model1,sse50,2022-06-13,49,0.3718232653061226,-0.9285183673469387
2022-08-26,model1,csi500,2022-06-13,483,-3.9330212422360247,-3.8023590634629003
2022-08-26,model1,sse50,2022-06-13,47,-1.5611812765957445,-1.5165187928788535
2022-08-29,model1,csi500,2022-06-13,492,1.587983211382114,-1.851454968186636
2022-08-29,model1,sse50,2022-06-13,47,1.8216574468085107,0.2107664785062963
2022-08-30,model1,csi500,2022-06-13,490,3.1347940000000003,0.26325198971536556
2022-08-30,model1,sse50,2022-06-13,49,0.8136751020408164,0.35805042408452753
2022-08-31,model1,csi500,2022-06-13,487,0.06816408624229991,1.5969804325414738
2022-08-31,model1,sse50,2022-06-13,49,3.2487146938775515,1.9613490809089595
2022-09-01,model1,csi500,2022-06-13,464,-2.098432693965517,0.3681751307589301
2022-09-01,model1,sse50,2022-06-13,47,3.5682757446808515,2.5435551801997396
2022-09-02,model1,csi500,2022-06-13,469,-1.8406515991471215,-1.290306735623444
2022-09-02,model1,sse50,2022-06-13,47,-4.752284680851064,0.6882352525691129
2022-09-05,model1,csi500,2022-06-13,487,-0.5023195071868582,-1.4804679334331634
2022-09-05,model1,sse50,2022-06-13,50,-3.5404591999999995,-1.5748227120567375
2022-09-06,model1,csi500,2022-06-13,480,3.3855080416666667,0.3475123117775647
2022-09-06,model1,sse50,2022-06-13,46,-0.16947304347826075,-2.8207389747764418
2022-09-07,model1,csi500,2022-06-13,476,3.5423195588235297,2.141836031101115
2022-09-07,model1,sse50,2022-06-13,48,2.5548089583333335,-0.38504109504830925
2022-09-08,model1,csi500,2022-06-13,476,1.2473175420168068,2.7250483808356702
2022-09-08,model1,sse50,2022-06-13,47,1.9055693617021274,1.4303017588523996
2022-09-09,model1,csi500,2022-06-13,485,3.0237963298969075,2.60447781024575
2022-09-09,model1,sse50,2022-06-13,48,8.340635625,4.267004648345154
2022-09-13,model1,csi500,2022-06-13,488,0.21645752049180336,1.4958571308018416
2022-09-13,model1,sse50,2022-06-13,49,3.3713665306122453,4.539190505771457
2022-09-14,model1,csi500,2022-06-13,459,0.5799734640522878,1.2734091048136686
2022-09-14,model1,sse50,2022-06-13,47,5.44363170212766,5.718544619246635
2022-09-15,model1,csi500,2022-06-13,491,-4.223669837067209,-1.142412950841037
2022-09-15,model1,sse50,2022-06-13,48,2.3044541666666665,3.706484133135523
2022-09-16,model1,csi500,2022-06-13,498,-9.517156365461846,-4.386950912825587
2022-09-16,model1,sse50,2022-06-13,50,-5.7233344,0.6749171562647748
2022-09-19,model1,csi500,2022-06-13,485,-12.19550237113402,-8.645442857887689
2022-09-19,model1,sse50,2022-06-13,47,-6.489660851063829,-3.3028470281323883
2022-09-20,model1,csi500,2022-06-13,475,-8.918688694736842,-10.210449143777566
2022-09-20,model1,sse50,2022-06-13,49,-5.819978367346939,-6.010991206136922
2022-09-21,model1,csi500,2022-06-13,495,-1.6733171313131312,-7.595836065727997
2022-09-21,model1,sse50,2022-06-13,48,-7.3058145833333334,-6.538484600581367
2022-09-22,model1,csi500,2022-06-13,476,-0.3277350840336134,-3.6399136366945264
2022-09-22,model1,sse50,2022-06-13,49,-3.7528502040816325,-5.626214384920636
2022-09-23,model1,csi500,2022-06-13,479,-3.4827859707724427,-1.8279460620397268
2022-09-23,model1,sse50,2022-06-13,49,-4.12652,-5.0617282624716555
2022-09-26,model1,csi500,2022-06-13,495,-5.025852484848485,-2.9454578465515113
2022-09-26,model1,sse50,2022-06-13,50,-4.8999952,-4.259788468027211
2022-09-27,model1,csi500,2022-06-13,494,0.9353489473684211,-2.5244298360841664
2022-09-27,model1,sse50,2022-06-13,49,1.169114693877551,-2.619133502040817
2022-09-28,model1,csi500,2022-06-13,492,-1.85933831300813,-1.983280616829396
2022-09-28,model1,sse50,2022-06-13,50,0.011862600000000185,-1.23967263537415
2022-09-29,model1,csi500,2022-06-13,492,-3.8508393292682928,-1.5916095649693316
2022-09-29,model1,sse50,2022-06-13,50,-4.1518802,-0.9903009687074832
2022-09-30,model1,csi500,2022-06-13,471,-4.544840488322718,-3.4183393768663777
2022-09-30,model1,sse50,2022-06-13,48,-2.7163679166666665,-2.2854618388888888
2022-10-10,model1,csi500,2022-06-13,483,-10.689974182194616,-6.3618846665952065
2022-10-10,model1,sse50,2022-06-13,49,-8.483292653061223,-5.117180256575963
2022-10-11,model1,csi500,2022-06-13,478,-5.584055627615062,-6.939623432710796
2022-10-11,model1,sse50,2022-06-13,49,-12.245222857142858,-7.814961142290248
2022-10-12,model1,csi500,2022-06-13,500,3.06906012,-4.401656563269891
2022-10-12,model1,sse50,2022-06-13,50,-1.0726884,-7.267067970068027
2022-10-13,model1,csi500,2022-06-13,475,5.296963578947369,0.9273226904441044
2022-10-13,model1,sse50,2022-06-13,47,-0.7535319148936169,-4.690481057345491
2022-10-14,model1,csi500,2022-06-13,481,11.29632051975052,6.554114739565965
2022-10-14,model1,sse50,2022-06-13,48,4.427341666666667,0.8670404505910166
2022-10-17,model1,csi500,2022-06-13,490,19.720089448979593,12.10445784922583
2022-10-17,model1,sse50,2022-06-13,49,10.594266326530613,4.756025359434554
2022-10-18,model1,csi500,2022-06-13,480,6.992849166666668,12.669753045132262
2022-10-18,model1,sse50,2022-06-13,48,-0.4867168749999999,4.84496370606576
2022-10-19,model1,csi500,2022-06-13,492,-0.684846544715447,8.676030690310274
2022-10-19,model1,sse50,2022-06-13,47,-4.807946382978724,1.7665343561839626
2022-10-20,model1,csi500,2022-06-13,468,-1.8330931623931621,1.4916364865193552
2022-10-20,model1,sse50,2022-06-13,47,-1.7273008510638297,-2.3406547030141844
2022-10-21,model1,csi500,2022-06-13,472,-5.036362796610169,-2.5181008345729237
2022-10-21,model1,sse50,2022-06-13,47,-2.9605340425531916,-3.165260425531915
2022-10-24,model1,csi500,2022-06-13,496,-10.230254092741935,-5.699903350581753
2022-10-24,model1,sse50,2022-06-13,50,-8.292336,-4.326723631205674
2022-10-25,model1,csi500,2022-06-13,474,-7.676973333333333,-7.64786340756181
2022-10-25,model1,sse50,2022-06-13,48,-5.60523625,-5.619368764184397
2022-10-26,model1,csi500,2022-06-13,484,1.0718353512396694,-5.6117973582785305
2022-10-26,model1,sse50,2022-06-13,47,-2.9790489361702126,-5.625540395390071
2022-10-27,model1,csi500,2022-06-13,473,1.8291002114164905,-1.5920125902257223
2022-10-27,model1,sse50,2022-06-13,49,-0.6336538775510204,-3.072646354573744
2022-10-28,model1,csi500,2022-06-13,496,-2.4699589516129032,0.14365887034775401
2022-10-28,model1,sse50,2022-06-13,49,-4.805407346938775,-2.806036720220003
2022-10-31,model1,csi500,2022-06-13,490,-1.242747489795918,-0.6278687433307751
2022-10-31,model1,sse50,2022-06-13,49,-5.305220816326531,-3.5814273469387756
2022-11-01,model1,csi500,2022-06-13,497,2.96941814889336,-0.24776276417181867
2022-11-01,model1,sse50,2022-06-13,50,2.0627878,-2.682613454421769
2022-11-02,model1,csi500,2022-06-13,477,4.919927651991615,2.2155327703630205
2022-11-02,model1,sse50,2022-06-13,49,6.135236734693877,0.964267906122449
2022-11-03,model1,csi500,2022-06-13,461,8.821942754880695,5.570429518588559
2022-11-03,model1,sse50,2022-06-13,48,6.268050625000001,4.822025053231293
2022-11-04,model1,csi500,2022-06-13,494,16.977243643724695,10.239704683532336
2022-11-04,model1,sse50,2022-06-13,49,13.60968857142857,8.670991977040815
2022-11-07,model1,csi500,2022-06-13,473,14.45455289640592,13.417913098337104
2022-11-07,model1,sse50,2022-06-13,49,13.539710816326531,11.139150004251702
2022-11-08,model1,csi500,2022-06-13,471,3.9735960721868366,11.801797537439151
2022-11-08,model1,sse50,2022-06-13,49,4.456171836734694,10.535190408163265
2022-11-09,model1,csi500,2022-06-13,469,0.5936879744136462,6.340612314335469
2022-11-09,model1,sse50,2022-06-13,47,-0.4902461702127659,5.835212160949486
2022-11-10,model1,csi500,2022-06-13,485,0.8249105567010311,1.7973982011005056
2022-11-10,model1,sse50,2022-06-13,50,-0.6078559999999997,1.1193565555073095
2022-11-11,model1,csi500,2022-06-13,485,-2.7079118969072167,-0.42977112193084527
2022-11-11,model1,sse50,2022-06-13,48,-2.8942191666666663,-1.3307737789598106
2022-11-14,model1,csi500,2022-06-13,477,-4.827702368972746,-2.236901236392976
2022-11-14,model1,sse50,2022-06-13,50,-3.3925327999999997,-2.298202655555555
2022-11-15,model1,csi500,2022-06-13,489,2.722575337423313,-1.6043463094855486
2022-11-15,model1,sse50,2022-06-13,50,5.6074316,-0.22644012222222187
2022-11-16,model1,csi500,2022-06-13,472,0.8304413771186442,-0.424895218143595
2022-11-16,model1,sse50,2022-06-13,48,2.184735208333333,1.4665446694444444
2022-11-17,model1,csi500,2022-06-13,477,1.8171779035639413,1.7900648727019675
2022-11-17,model1,sse50,2022-06-13,47,1.7094702127659576,3.16721234036643
2022-11-18,model1,csi500,2022-06-13,480,0.44362225000000016,1.0304138435608632
2022-11-18,model1,sse50,2022-06-13,48,-0.9693502083333332,0.9749517375886526
2022-11-21,model1,csi500,2022-06-13,479,-0.04430004175365333,0.7388333706034307
2022-11-21,model1,sse50,2022-06-13,47,-2.7699555319148934,-0.6766118424940898
2022-11-22,model1,csi500,2022-06-13,479,-1.9709173068893526,-0.5238650328810006
2022-11-22,model1,sse50,2022-06-13,50,-1.5173864000000001,-1.7522307134160757
2022-11-23,model1,csi500,2022-06-13,475,-2.362930442105263,-1.4593825969160885
2022-11-23,model1,sse50,2022-06-13,50,0.027928400000000058,-1.419804510638298
2022-11-24,model1,csi500,2022-06-13,478,-3.9879020920502093,-2.773916613681607
2022-11-24,model1,sse50,2022-06-13,48,-5.464030416666667,-2.3178294722222224
2022-11-25,model1,csi500,2022-06-13,479,-2.5867346137787055,-2.9791890493113917
2022-11-25,model1,sse50,2022-06-13,50,-2.677034,-2.7043786722222216
2022-11-28,model1,csi500,2022-06-13,475,0.7059958736842106,-1.9562136107149
2022-11-28,model1,sse50,2022-06-13,46,0.8245641304347827,-2.4388334287439615
2022-11-29,model1,csi500,2022-06-13,496,5.878556350806452,1.3326058702373205
2022-11-29,model1,sse50,2022-06-13,50,3.181026,0.44285204347826096
2022-11-30,model1,csi500,2022-06-13,479,3.6442224425887266,3.409591555693131
2022-11-30,model1,sse50,2022-06-13,47,6.022290638297872,3.3426269229108847
2022-12-01,model1,csi500,2022-06-13,487,0.8824339425051336,3.468404245300105
2022-12-01,model1,sse50,2022-06-13,50,2.1822826,3.7951997460992906
2022-12-02,model1,csi500,2022-06-13,476,-0.7452324789915965,1.2604746353674228
2022-12-02,model1,sse50,2022-06-13,46,-1.237700217391304,2.322291006968856
2022-12-05,model1,csi500,2022-06-13,492,0.5116818902439026,0.2162944512524814
2022-12-05,model1,sse50,2022-06-13,50,0.6515722,0.5320515275362321
2022-12-06,model1,csi500,2022-06-13,475,0.1402252631578948,-0.031108441863264873
2022-12-06,model1,sse50,2022-06-13,48,2.348194791666667,0.587355591425121
2022-12-07,model1,csi500,2022-06-13,482,-0.26458734439834014,0.12910660300115392
2022-12-07,model1,sse50,2022-06-13,50,0.04314600000000006,1.0143043305555557
2022-12-08,model1,csi500,2022-06-13,473,-1.4439745877378434,-0.5227788896594281
2022-12-08,model1,sse50,2022-06-13,49,-0.8368187755102039,0.5181740053854876
2022-12-09,model1,csi500,2022-06-13,473,-2.392890570824524,-1.3671508343202345
2022-12-09,model1,sse50,2022-06-13,47,3.255781914893617,0.8207030464611377
2022-12-12,model1,csi500,2022-12-12,493,-3.130032555780933,-2.3222992381144323
2022-12-12,model1,sse50,2022-12-12,50,-0.13755499999999996,0.760469379794471
2022-12-13,model1,csi500,2022-12-12,478,-2.0605689748953973,-2.5278307005002834
2022-12-13,model1,sse50,2022-12-12,49,-2.6415410204081633,0.158895298161818
2022-12-14,model1,csi500,2022-12-12,481,-2.598909189189189,-2.5965035732885053
2022-12-14,model1,sse50,2022-12-12,49,-1.105450408163265,-1.2948488095238095
2022-12-15,model1,csi500,2022-12-12,477,-1.796641970649895,-2.1520400449114923
2022-12-15,model1,sse50,2022-12-12,50,-3.1886476,-2.311879676190476
2022-12-16,model1,csi500,2022-12-12,486,-0.4561487654320987,-1.6172333084237263
2022-12-16,model1,sse50,2022-12-12,50,1.0120992000000002,-1.093999602721088
2022-12-19,model1,csi500,2022-12-12,495,-3.410819313131313,-1.887870016404434
2022-12-19,model1,sse50,2022-12-12,50,-1.6322288,-1.2695923999999998
2022-12-20,model1,csi500,2022-12-12,483,-4.452966501035196,-2.7733115265328685
2022-12-20,model1,sse50,2022-12-12,49,-3.19626693877551,-1.2721321795918363
2022-12-21,model1,csi500,2022-12-12,476,-6.401646554621848,-4.755144122929451
2022-12-21,model1,sse50,2022-12-12,50,-4.8369192,-3.221804979591836
2022-12-22,model1,csi500,2022-12-12,494,-12.264061174089068,-7.706224743248703
2022-12-22,model1,sse50,2022-12-12,48,-9.580355833333334,-5.871180657369614
2022-12-23,model1,csi500,2022-12-12,473,-7.184027441860465,-8.61657839019046
2022-12-23,model1,sse50,2022-12-12,48,-2.098275416666666,-5.505183483333333
2022-12-26,model1,csi500,2022-12-12,474,-0.6518267510548523,-6.69997178900146
2022-12-26,model1,sse50,2022-12-12,49,-0.16603836734693878,-3.948223205782313
2022-12-27,model1,csi500,2022-12-12,470,0.9990721914893618,-2.278927333808651
2022-12-27,model1,sse50,2022-12-12,50,1.75627,-0.169347928004535
2022-12-28,model1,csi500,2022-12-12,475,0.6707113473684211,0.3393189292676447
2022-12-28,model1,sse50,2022-12-12,45,3.5480855555555553,1.712772396069539
2022-12-29,model1,csi500,2022-12-12,476,0.33882899159663876,0.669537510151475
2022-12-29,model1,sse50,2022-12-12,50,2.4713290000000003,2.5918948518518516
2022-12-30,model1,csi500,2022-12-12,470,-1.1511964042553189,-0.04721868843008514
2022-12-30,model1,sse50,2022-12-12,50,-0.16301999999999997,1.9521315185185184
2023-01-03,model1,csi500,2022-12-12,482,2.371629937759336,0.5197541750335531
2023-01-03,model1,sse50,2022-12-12,49,2.227675918367347,1.5119949727891158
2023-01-04,model1,csi500,2022-12-12,472,2.957355021186441,1.3925961848968205
2023-01-04,model1,sse50,2022-12-12,47,1.913987446808511,1.3262144550586195
2023-01-05,model1,csi500,2022-12-12,455,4.496386989010989,3.275123982652256
2023-01-05,model1,sse50,2022-12-12,48,3.745197708333334,2.628953691169731
2023-01-06,model1,csi500,2022-12-12,479,2.210907244258873,3.221549751485435
2023-01-06,model1,sse50,2022-12-12,49,5.350749387755101,3.6699781809656487
2023-01-09,model1,csi500,2022-12-12,467,1.002939528907923,2.570077920725929
2023-01-09,model1,sse50,2022-12-12,48,6.620386875,5.238777990362812
2023-01-10,model1,csi500,2022-12-12,484,-0.8229215082644628,0.7969750883007789
2023-01-10,model1,sse50,2022-12-12,49,1.3453108163265306,4.438815693027211
2023-01-11,model1,csi500,2022-12-12,476,-4.552768361344538,-1.4575834469003581
2023-01-11,model1,sse50,2022-12-12,46,-2.9343139130434785,1.6771279260943508
2023-01-12,model1,csi500,2022-12-12,469,-5.508525031982942,-3.62807163386398
2023-01-12,model1,sse50,2022-12-12,49,-3.1015657142857145,-1.5635229370008876
2023-01-13,model1,csi500,2022-12-12,479,-1.289915407098121,-3.7837362668085324
2023-01-13,model1,sse50,2022-12-12,49,1.3666734693877551,-1.5564020526471458
2023-01-16,model1,csi500,2022-12-12,488,2.300946598360656,-1.4991646135734678
2023-01-16,model1,sse50,2022-12-12,48,2.866175,0.37709425170068034
2023-01-17,model1,csi500,2022-12-12,471,2.6033108280254775,1.2047806730960056
2023-01-17,model1,sse50,2022-12-12,48,2.5252458333333334,2.2526981009070295
2023-01-18,model1,csi500,2022-12-12,462,3.797514978354979,2.9005908015803725
2023-01-18,model1,sse50,2022-12-12,46,0.6449391304347827,2.012119987922705
2023-01-19,model1,csi500,2022-12-12,480,6.9977967916666675,4.466207532682376
2023-01-19,model1,sse50,2022-12-12,48,2.9435606250000004,2.037915196256039
2023-01-20,model1,csi500,2022-12-12,486,5.910642242798354,5.568651337606668
2023-01-20,model1,sse50,2022-12-12,47,3.20976914893617,2.2660896347903177
2023-01-30,model1,csi500,2022-12-12,484,0.3695814669421489,4.426006833802391
2023-01-30,model1,sse50,2022-12-12,50,-5.2813328,0.2906656579787234
2023-01-31,model1,csi500,2022-12-12,477,1.2934899790356398,2.524571229592049
2023-01-31,model1,sse50,2022-12-12,49,-5.318691836734694,-2.4634184959328413
2023-02-01,model1,csi500,2022-12-12,483,4.681705590062112,2.114925678679968
2023-02-01,model1,sse50,2022-12-12,50,-2.7817394,-4.460588012244898
2023-02-02,model1,csi500,2022-12-12,477,1.9763308385744236,2.650508802557393
2023-02-02,model1,sse50,2022-12-12,47,-4.094209361702128,-4.0648801994789405
2023-02-03,model1,csi500,2022-12-12,490,-0.2762282653061224,2.127269387776806
2023-02-03,model1,sse50,2022-12-12,48,-7.4909975,-4.788982087234042
2023-02-06,model1,csi500,2022-12-12,467,-1.1559743040685224,0.1813760897332608
2023-02-06,model1,sse50,2022-12-12,49,-8.240158775510203,-6.60845521240411
2023-02-07,model1,csi500,2022-12-12,469,-0.2698303198294242,-0.5673442964013552
2023-02-07,model1,sse50,2022-12-12,45,-7.5869977777777775,-7.77271801776266
2023-02-08,model1,csi500,2022-12-12,490,-4.401866714285714,-1.9425571127278858
2023-02-08,model1,sse50,2022-12-12,48,-11.024332708333333,-8.950496420540437
2023-02-09,model1,csi500,2022-12-12,492,1.215087174796748,-1.1522032864394625
2023-02-09,model1,sse50,2022-12-12,48,1.8567458333333333,-5.584861550925925
2023-02-10,model1,csi500,2022-12-12,456,1.3984210745614036,-0.5961194883091865
2023-02-10,model1,sse50,2022-12-12,43,0.8032046511627906,-2.7881274079457365
2023-02-13,model1,csi500,2022-12-12,476,2.010155105042017,1.5412211181333906
2023-02-13,model1,sse50,2022-12-12,47,0.5015395744680853,1.0538300196547363
2023-02-14,model1,csi500,2022-12-12,470,2.1180545744680854,1.8422102513571696
2023-02-14,model1,sse50,2022-12-12,48,2.036809583333333,1.1138512696547362
2023-02-15,model1,csi500,2022-12-12,488,-0.6641484426229506,1.154687078962385
2023-02-15,model1,sse50,2022-12-12,49,-1.3073599999999999,0.4103297192671396
2023-02-16,model1,csi500,2022-12-12,489,-5.814704417177914,-1.4535994284442586
2023-02-16,model1,sse50,2022-12-12,47,-4.029636595744681,-1.1000623374704492
2023-02-17,model1,csi500,2022-12-12,472,-7.795854639830509,-4.758235833210457
2023-02-17,model1,sse50,2022-12-12,47,-7.082859999999999,-4.13995219858156
2023-02-20,model1,csi500,2022-12-12,494,0.32566570850202436,-4.4282977828354655
2023-02-20,model1,sse50,2022-12-12,50,1.320126,-3.2641235319148936
2023-02-21,model1,csi500,2022-12-12,475,2.534339368421053,-1.6452831876358094
2023-02-21,model1,sse50,2022-12-12,47,4.1596957446808505,-0.5343460851063829
2023-02-22,model1,csi500,2022-12-12,470,3.5012942765957447,2.1204331178396085
2023-02-22,model1,sse50,2022-12-12,49,2.297340816326531,2.592387520335794
2023-02-23,model1,csi500,2022-12-12,473,0.806322156448203,2.280651933821668
2023-02-23,model1,sse50,2022-12-12,48,-0.5148466666666666,1.9807299647802383
2023-02-24,model1,csi500,2022-12-12,468,-2.3146395299145297,0.664325634376474
2023-02-24,model1,sse50,2022-12-12,49,-6.52061469387755,-1.5793735147392285
2023-02-27,model1,csi500,2022-12-12,480,-4.714699749999999,-2.0743390411554405
2023-02-27,model1,sse50,2022-12-12,47,-6.389827234042553,-4.4750961981955895
2023-02-28,model1,csi500,2022-12-12,479,-0.4400471816283924,-2.4897954871809724
2023-02-28,model1,sse50,2022-12-12,46,0.5895291304347827,-4.1069709324951065
2023-03-01,model1,csi500,2022-12-12,465,1.7837243010752688,-1.123674210184373
2023-03-01,model1,sse50,2022-12-12,47,2.8695702127659573,-0.9769092969472709
2023-03-02,model1,csi500,2022-12-12,472,1.1563454025423732,0.8333408406630843
2023-03-02,model1,sse50,2022-12-12,48,4.51091375,2.6566710310669133
2023-03-03,model1,csi500,2022-12-12,477,1.531068427672956,1.4903793770968672
2023-03-03,model1,sse50,2022-12-12,50,6.136085800000001,4.505523254255319
2023-03-06,model1,csi500,2022-12-12,483,-0.6143120703933745,0.6910339199406527
2023-03-06,model1,sse50,2022-12-12,50,-2.855561,2.597146183333334
2023-03-07,model1,csi500,2022-12-12,492,-7.284979390243902,-2.1227410109881055
2023-03-07,model1,sse50,2022-12-12,50,-7.0702298,-1.2632349999999997
2023-03-08,model1,csi500,2022-12-12,481,-2.1949381496881495,-3.3647432034418077
2023-03-08,model1,sse50,2022-12-12,50,-7.7119286,-5.879239800000001
2023-03-09,model1,csi500,2022-12-12,481,-3.4777430353430354,-4.319220191758361
2023-03-09,model1,sse50,2022-12-12,48,-14.150472916666667,-9.644210438888889
2023-03-10,model1,csi500,2022-12-12,494,-6.310767287449393,-3.9944828241601917
2023-03-10,model1,sse50,2022-12-12,50,-15.5394308,-12.46727743888889
2023-03-13,model1,csi500,2022-12-12,477,-1.120502389937107,-3.6363375709098444
2023-03-13,model1,sse50,2022-12-12,50,-1.594622,-10.428175238888889
2023-03-14,model1,csi500,2022-12-12,492,-2.9387415650406505,-3.456670414142382
2023-03-14,model1,sse50,2022-12-12,50,-1.3690994,-6.1677174
2023-03-15,model1,csi500,2022-12-12,476,-1.849726113445378,-1.9696566894743774
2023-03-15,model1,sse50,2022-12-12,48,-2.9164041666666662,-1.9600418555555554
2023-03-16,model1,csi500,2022-12-12,489,-3.5668822085889573,-2.7851166290249942
2023-03-16,model1,sse50,2022-12-12,50,-1.08751,-1.791004522222222
2023-03-17,model1,csi500,2022-12-12,468,-3.891670363247863,-3.1027595617607315
2023-03-17,model1,sse50,2022-12-12,46,-3.5137086956521735,-2.5058742874396134
2023-03-20,model1,csi500,2022-12-12,482,-4.7409645020746884,-4.066505691303835
2023-03-20,model1,sse50,2022-12-12,50,-5.573994,-3.3917375652173916
2023-03-21,model1,csi500,2022-12-12,484,-0.23616411157024786,-2.956266325630932
2023-03-21,model1,sse50,2022-12-12,48,-1.5269991666666665,-3.53823395410628
2023-03-22,model1,csi500,2022-12-12,468,1.4749287393162394,-1.1673999581095642
2023-03-22,model1,sse50,2022-12-12,46,-2.019771304347826,-3.0402548236714977
2023-03-23,model1,csi500,2022-12-12,474,2.7833939873417726,1.3407195383625892
2023-03-23,model1,sse50,2022-12-12,50,1.3051232000000001,-0.7472157570048309
2023-03-24,model1,csi500,2022-12-12,475,1.6298541263157897,1.962725617657935
2023-03-24,model1,sse50,2022-12-12,49,-0.0864842857142857,-0.26704413002070393
2023-03-27,model1,csi500,2022-12-12,483,-0.21935784679089007,1.397963422288892
2023-03-27,model1,sse50,2022-12-12,48,-3.118430833333333,-0.633263973015873
2023-03-28,model1,csi500,2022-12-12,489,-4.133767525562372,-0.9077570820124897
2023-03-28,model1,sse50,2022-12-12,47,-6.48651914893617,-3.2304780893279297
2023-03-29,model1,csi500,2022-12-12,494,-7.575018704453441,-3.9760480256022332
2023-03-29,model1,sse50,2022-12-12,49,-8.32384775510204,-5.976265912457181
2023-03-30,model1,csi500,2022-12-12,477,-3.7091705241090147,-5.139318918041608
2023-03-30,model1,sse50,2022-12-12,49,-2.5919473469387753,-5.800771416992329
2023-03-31,model1,csi500,2022-12-12,475,0.7458960000000001,-3.512764409520818
2023-03-31,model1,sse50,2022-12-12,48,0.8949366666666667,-3.340286145124716
2023-04-03,model1,csi500,2022-12-12,484,1.9015533677685952,-0.35390705211347195
2023-04-03,model1,sse50,2022-12-12,50,1.061994,-0.2116722267573695
2023-04-04,model1,csi500,2022-12-12,470,1.410881680851064,1.3527770162065542
2023-04-04,model1,sse50,2022-12-12,49,4.6943608163265305,2.2170971609977324
2023-04-06,model1,csi500,2022-12-12,487,0.44355831622176606,1.2519977882804765
2023-04-06,model1,sse50,2022-12-12,49,1.5679467346938776,2.4414338503401356
2023-04-07,model1,csi500,2022-12-12,469,1.3365639445629,1.0636679805452447
2023-04-07,model1,sse50,2022-12-12,49,3.556991428571429,3.2730996598639455
2023-04-10,model1,csi500,2022-12-12,484,-0.6020606198347106,0.39268721364998643
2023-04-10,model1,sse50,2022-12-12,49,-0.14325551020408156,1.6605608843537416
2023-04-11,model1,csi500,2022-12-12,472,-0.8958233050847456,-0.05377332678551746
2023-04-11,model1,sse50,2022-12-12,48,-0.37494791666666666,1.012929333900227
2023-04-12,model1,csi500,2022-12-12,475,-0.9072274526315789,-0.8017037925170104
2023-04-12,model1,sse50,2022-12-12,48,-1.365242708333333,-0.6278153784013604
2023-04-13,model1,csi500,2022-12-12,482,-1.0282933195020745,-0.9437813590727985
2023-04-13,model1,sse50,2022-12-12,50,0.07028300000000007,-0.5566358749999999
2023-04-14,model1,csi500,2022-12-12,473,-1.3300223255813952,-1.088514365905015
2023-04-14,model1,sse50,2022-12-12,47,1.3753406382978726,0.02679364332151324
2023-04-17,model1,csi500,2022-12-12,482,1.0386605394190873,-0.43988503522145944
2023-04-17,model1,sse50,2022-12-12,49,5.176233877551021,2.207285838616298
2023-04-18,model1,csi500,2022-12-12,479,-0.932215636743215,-0.4078591409685064
2023-04-18,model1,sse50,2022-12-12,48,5.619072083333333,4.056882199727409
2023-04-19,model1,csi500,2022-12-12,487,-3.049552546201232,-0.9810358811751186
2023-04-19,model1,sse50,2022-12-12,48,-1.9900341666666668,2.935090598072563
2023-04-20,model1,csi500,2022-12-12,485,-4.856633917525773,-2.946134033490072
2023-04-20,model1,sse50,2022-12-12,50,-3.170868,0.15272330555555547
2023-04-21,model1,csi500,2022-12-12,494,-10.965138157894737,-6.29044154054058
2023-04-21,model1,sse50,2022-12-12,50,-8.229819599999999,-4.4635739222222215
2023-04-24,model1,csi500,2022-12-12,484,-15.240066280991735,-10.35394611880408
2023-04-24,model1,sse50,2022-12-12,50,-16.0404636,-9.1470504
2023-04-25,model1,csi500,2022-12-12,486,-16.860163415637857,-14.355122618174775
2023-04-25,model1,sse50,2022-12-12,48,-14.236449166666667,-12.835577455555557
2023-04-26,model1,csi500,2022-12-12,481,-3.378687214137214,-11.82630563692227
2023-04-26,model1,sse50,2022-12-12,47,-2.8786546808510636,-11.051855815839241
2023-04-27,model1,csi500,2022-12-12,478,0.21937669456066938,-6.673157978404799
2023-04-27,model1,sse50,2022-12-12,50,0.16554860000000016,-5.6498517491725755
2023-04-28,model1,csi500,2022-12-12,489,3.7447731492842538,0.19515420990257093
2023-04-28,model1,sse50,2022-12-12,50,5.5751432,0.9540123730496468
2023-05-04,model1,csi500,2022-12-12,490,6.702505326530612,3.5555517234585126
2023-05-04,model1,sse50,2022-12-12,50,8.1834494,4.641380400000002
2023-05-05,model1,csi500,2022-12-12,486,2.8687855349794242,4.438688003598098
2023-05-05,model1,sse50,2022-12-12,49,2.301442653061225,5.353345084353744
2023-05-08,model1,csi500,2022-12-12,487,3.0415372895277213,4.2042760503459204
2023-05-08,model1,sse50,2022-12-12,49,5.000348367346939,5.161746806802722
2023-05-09,model1,csi500,2022-12-12,482,-1.6110564937759333,1.4330887769104057
2023-05-09,model1,sse50,2022-12-12,49,0.5797306122448981,2.6271738775510216
2023-05-10,model1,csi500,2022-12-12,480,-2.1686290625,-0.24604942224940243
2023-05-10,model1,sse50,2022-12-12,49,-3.444002857142857,0.7120253741496613
2023-05-11,model1,csi500,2022-12-12,482,-3.040068734439834,-2.2732514302385876
2023-05-11,model1,sse50,2022-12-12,50,-4.9608428,-2.608371681632652
2023-05-12,model1,csi500,2022-12-12,484,-5.765015061983471,-3.6579042863077667
2023-05-12,model1,sse50,2022-12-12,50,-12.054681,-6.819842219047618
2023-05-15,model1,csi500,2022-12-12,483,-0.8651128778467908,-3.2233988914233636
2023-05-15,model1,sse50,2022-12-12,49,0.1673271428571431,-5.616065552380952
2023-05-16,model1,csi500,2022-12-12,483,-2.472122111801242,-3.034083350543833
2023-05-16,model1,sse50,2022-12-12,49,-0.03140551020408172,-3.972919789115645
2023-05-17,model1,csi500,2022-12-12,468,-1.1263104914529913,-1.4878484937003396
2023-05-17,model1,sse50,2022-12-12,49,-0.8522859183673469,-0.238788095238094
2023-05-18,model1,csi500,2022-12-12,476,-1.9719785714285714,-1.8568037248942666
2023-05-18,model1,sse50,2022-12-12,49,-3.5120499999999995,-1.4652471428571416
2023-05-19,model1,csi500,2022-12-12,485,-1.7726043917525773,-1.6236311515447115
2023-05-19,model1,sse50,2022-12-12,49,-5.420842040816327,-3.261725986394557
2023-05-22,model1,csi500,2022-12-12,479,-1.9424603966597078,-1.8956811199469505
2023-05-22,model1,sse50,2022-12-12,47,-0.09958808510638291,-3.0108267086409017
2023-05-23,model1,csi500,2022-12-12,490,-5.906277367346939,-3.20711405191974
2023-05-23,model1,sse50,2022-12-12,50,-3.4266636,-2.9823645753075687
2023-05-24,model1,csi500,2022-12-12,485,-9.05149624742268,-5.633411337143108
2023-05-24,model1,sse50,2022-12-12,49,-6.219022448979592,-3.24842471136199
2023-05-25,model1,csi500,2022-12-12,484,-6.044689111570248,-7.000820908779954
2023-05-25,model1,sse50,2022-12-12,50,-4.0531584,-4.566281482993197
2023-05-26,model1,csi500,2022-12-12,480,-2.0156343333333333,-5.703939897442086
2023-05-26,model1,sse50,2022-12-12,49,-5.217702857142857,-5.163294568707482
2023-05-29,model1,csi500,2022-12-12,474,-2.980929599156118,-3.680417681353232
2023-05-29,model1,sse50,2022-12-12,49,-8.000183265306122,-5.757014840816325
2023-05-30,model1,csi500,2022-12-12,478,-0.15840202928870276,-1.7183219872593838
2023-05-30,model1,sse50,2022-12-12,48,-6.401883333333333,-6.539923151927436
2023-05-31,model1,csi500,2022-12-12,476,0.09230153361344551,-1.015676698277124
2023-05-31,model1,sse50,2022-12-12,48,-9.430596875,-7.944221157879817
2023-06-01,model1,csi500,2022-12-12,476,1.5559425840336139,0.4966140294527867
2023-06-01,model1,sse50,2022-12-12,50,-6.7748906,-7.535790269444444
2023-06-02,model1,csi500,2022-12-12,479,1.8454775365344467,1.1645738847271698
2023-06-02,model1,sse50,2022-12-12,49,2.3483275510204082,-4.619053307993197
2023-06-05,model1,csi500,2022-12-12,480,0.8556824166666669,1.4190341790782437
2023-06-05,model1,sse50,2022-12-12,49,-1.1878387755102042,-1.8714672748299321
2023-06-06,model1,csi500,2022-12-12,493,-4.319329736308316,-0.5393899277023997
2023-06-06,model1,sse50,2022-12-12,47,-3.761028085106383,-0.8668464365320596
2023-06-07,model1,csi500,2022-12-12,470,-4.644096765957447,-2.7025813618663643
2023-06-07,model1,sse50,2022-12-12,47,-4.946832340425532,-3.2985664003473727
2023-06-08,model1,csi500,2022-12-12,480,-4.587498666666666,-4.516975056310809
2023-06-08,model1,sse50,2022-12-12,49,-3.037500204081633,-3.915120209871183
2023-06-09,model1,csi500,2022-12-12,472,-1.5699699152542372,-3.600521782626116
2023-06-09,model1,sse50,2022-12-12,49,-0.8701491836734694,-2.9514939093935446
2023-06-12,model1,csi500,2023-06-12,493,0.7886743407707911,-1.7895980803833693
2023-06-12,model1,sse50,2023-06-12,48,1.4431645833333333,-0.8214949348072563
2023-06-13,model1,csi500,2023-06-12,477,0.6046363312368974,-0.058886414415515044
2023-06-13,model1,sse50,2023-06-12,49,2.518926530612245,1.0306473100907028
2023-06-14,model1,csi500,2023-06-12,480,-0.5281494791666665,0.2883870642803419
2023-06-14,model1,sse50,2023-06-12,49,-0.08891142857142839,1.2910598951247165
2023-06-15,model1,csi500,2023-06-12,481,1.863881704781705,0.6467895189506465
2023-06-15,model1,sse50,2023-06-12,50,1.9649118,1.4649756340136053
2023-06-16,model1,csi500,2023-06-12,462,2.2393992424242426,1.191710489346428
2023-06-16,model1,sse50,2023-06-12,49,0.8807134693877553,0.9189046136054424
2023-06-19,model1,csi500,2023-06-12,494,-0.2429287044534412,1.286784080917503
2023-06-19,model1,sse50,2023-06-12,50,-1.0462521999999999,0.5997910231292519
2023-06-20,model1,csi500,2023-06-12,488,-2.273445102459016,-0.09232485482940378
2023-06-20,model1,sse50,2023-06-12,48,-3.4947868749999995,-1.2201085352040815
2023-06-21,model1,csi500,2023-06-12,484,-8.86687873966942,-3.7944175155272917
2023-06-21,model1,sse50,2023-06-12,49,-6.575371020408163,-3.705470031802721
2023-06-26,model1,csi500,2023-06-12,486,-12.45114388888889,-7.863822577005775
2023-06-26,model1,sse50,2023-06-12,50,-8.959029600000001,-6.343062498469389
2023-06-27,model1,csi500,2023-06-12,494,-1.8307882186234816,-7.716270282393929
2023-06-27,model1,sse50,2023-06-12,50,-3.0206268,-6.185009140136056
2023-06-28,model1,csi500,2023-06-12,472,-1.3583130720338983,-5.213415059848756
2023-06-28,model1,sse50,2023-06-12,49,-0.8935285714285716,-4.291061657142858
2023-06-29,model1,csi500,2023-06-12,472,-0.1881123305084745,-1.1257378737219503
2023-06-29,model1,sse50,2023-06-12,49,-4.661443265306122,-2.8585328789115656
2023-06-30,model1,csi500,2023-06-12,493,3.7290120081135902,0.7275288685237403
2023-06-30,model1,sse50,2023-06-12,48,-1.8596560416666665,-2.4715426261337874
2023-07-03,model1,csi500,2023-06-12,491,5.449622443991853,2.99684070719899
2023-07-03,model1,sse50,2023-06-12,49,3.8566126530612244,-0.888162217970522
2023-07-04,model1,csi500,2023-06-12,474,3.6389478902953587,4.272527447466935
2023-07-04,model1,sse50,2023-06-12,47,2.068343191489362,1.3550999342946397
2023-07-05,model1,csi500,2023-06-12,477,0.23191767295597496,3.10682933574773
2023-07-05,model1,sse50,2023-06-12,49,-1.5838689795918368,1.4470289549862496
2023-07-06,model1,csi500,2023-06-12,479,-2.81629509394572,0.35152348976853914
2023-07-06,model1,sse50,2023-06-12,50,-5.016557,-1.5106942627008255
2023-07-07,model1,csi500,2023-06-12,478,-3.5293101046025104,-2.0378958418640836
2023-07-07,model1,sse50,2023-06-12,49,-6.651798775510204,-4.417408251700681
2023-07-10,model1,csi500,2023-06-12,466,-1.1016434549356222,-2.4824162178279496
2023-07-10,model1,sse50,2023-06-12,47,-3.1908382978723404,-4.953064691127516
2023-07-11,model1,csi500,2023-06-12,474,1.108505907172996,-1.1741492174550445
2023-07-11,model1,sse50,2023-06-12,47,-2.622703829787234,-4.155113634389926
2023-07-12,model1,csi500,2023-06-12,488,-1.9644115983606556,-0.6525163820410927
2023-07-12,model1,sse50,2023-06-12,50,-2.1542594,-2.655933842553192
2023-07-13,model1,csi500,2023-06-12,486,1.063433436213992,0.06917591500877858
2023-07-13,model1,sse50,2023-06-12,49,1.8769189795918368,-0.9666814167317996
2023-07-14,model1,csi500,2023-06-12,479,-0.16627008350730685,-0.355749415217989
2023-07-14,model1,sse50,2023-06-12,48,-0.20560333333333325,-0.16098125124716603
2023-07-17,model1,csi500,2023-06-12,476,-1.51054256302521,-0.20445973677284046
2023-07-17,model1,sse50,2023-06-12,49,-2.5760730612244895,-0.3015858049886626
2023-07-18,model1,csi500,2023-06-12,465,-1.173963075268817,-0.9502585739337768
2023-07-18,model1,sse50,2023-06-12,48,-2.7163741666666663,-1.8326835204081637
2023-07-19,model1,csi500,2023-06-12,478,-0.5087397071129706,-1.0644151151356647
2023-07-19,model1,sse50,2023-06-12,49,-0.4040171428571429,-1.8988214569161002
2023-07-20,model1,csi500,2023-06-12,488,-4.190059487704918,-1.9575874233622341
2023-07-20,model1,sse50,2023-06-12,50,-4.557047600000001,-2.559146303174604
2023-07-21,model1,csi500,2023-06-12,473,-2.8960450528541224,-2.5316147492240026
2023-07-21,model1,sse50,2023-06-12,44,-5.252436136363636,-3.404500293073594
2023-07-24,model1,csi500,2023-06-12,471,-1.6018498513800423,-2.8959847973130266
2023-07-24,model1,sse50,2023-06-12,48,-3.6789675,-4.496150412121213
2023-07-25,model1,csi500,2023-06-12,485,1.2159252783505157,-1.0939898752945485
2023-07-25,model1,sse50,2023-06-12,50,2.027768,-2.3012118787878797
2023-07-26,model1,csi500,2023-06-12,485,1.8546452989690723,0.4895735753131831
2023-07-26,model1,sse50,2023-06-12,47,4.270095744680851,0.8729654148936165
2023-07-27,model1,csi500,2023-06-12,479,-0.4295396659707723,0.880343637116273
2023-07-27,model1,sse50,2023-06-12,49,0.8639491836734696,2.3872709761181063
2023-07-28,model1,csi500,2023-06-12,494,4.076060870445344,1.833722167814549
2023-07-28,model1,sse50,2023-06-12,50,6.9170672,4.017037376118107
2023-07-31,model1,csi500,2023-06-12,480,5.858818229166667,3.1684464778804142
2023-07-31,model1,sse50,2023-06-12,46,5.423362826086957,4.4014597365868084
2023-08-01,model1,csi500,2023-06-12,474,3.891762510548524,4.6088805367201795
2023-08-01,model1,sse50,2023-06-12,50,3.9828738000000006,5.4411012753623185
2023-08-02,model1,csi500,2023-06-12,477,1.68059641509434,3.8103923849365113
2023-08-02,model1,sse50,2023-06-12,48,0.8259677083333336,3.4107347781400965
2023-08-03,model1,csi500,2023-06-12,478,3.64026449790795,3.070874474516939
2023-08-03,model1,sse50,2023-06-12,49,4.72406693877551,3.1776361490362803
2023-08-04,model1,csi500,2023-06-12,483,0.2736518633540374,1.8648375921187765
2023-08-04,model1,sse50,2023-06-12,48,1.5435037500000002,2.3645127990362806
2023-08-07,model1,csi500,2023-06-12,483,-2.051712525879917,0.6207346117940241
2023-08-07,model1,sse50,2023-06-12,49,-0.14509612244897951,2.0408248554421764
2023-08-08,model1,csi500,2023-06-12,474,-3.2849578481012656,-1.6876728368757143
2023-08-08,model1,sse50,2023-06-12,48,-0.19504062499999983,0.401122334183673
2023-08-09,model1,csi500,2023-06-12,485,-5.3022043505154635,-3.5462915748322144
2023-08-09,model1,sse50,2023-06-12,48,-0.49206770833333313,-0.2774014852607714
2023-08-10,model1,csi500,2023-06-12,468,-1.9307086538461538,-3.5059569508209596
2023-08-10,model1,sse50,2023-06-12,49,0.8942318367346939,0.06904116780045304
2023-08-11,model1,csi500,2023-06-12,496,-6.255246552419354,-4.496053185593656
2023-08-11,model1,sse50,2023-06-12,50,-3.9749331999999997,-1.1909230238662136
2023-08-14,model1,csi500,2023-06-12,484,-1.9176797314049585,-3.367878312556821
2023-08-14,model1,sse50,2023-06-12,48,-2.971107083333333,-2.017269482199547
2023-08-15,model1,csi500,2023-06-12,476,-2.9965045588235295,-3.7231436142159464
2023-08-15,model1,sse50,2023-06-12,46,-3.721331739130435,-3.55579067415459
2023-08-16,model1,csi500,2023-06-12,475,-4.734261831578948,-3.2161487072691446
2023-08-16,model1,sse50,2023-06-12,48,-4.306029166666667,-3.666155996376812
2023-08-17,model1,csi500,2023-06-12,483,1.6874655693581782,-2.0144336070147655
2023-08-17,model1,sse50,2023-06-12,48,2.204035,-1.9411086352657012
2023-08-18,model1,csi500,2023-06-12,494,-2.347416052631579,-1.7980707716174489
2023-08-18,model1,sse50,2023-06-12,49,-2.5668955102040814,-1.5562965589569167
2023-08-21,model1,csi500,2023-06-12,485,-6.173794969072165,-2.2779151507818542
2023-08-21,model1,sse50,2023-06-12,50,-5.3741276000000004,-1.9123293700680282
2023-08-22,model1,csi500,2023-06-12,479,-5.8272374947807934,-4.782816172161511
2023-08-22,model1,sse50,2023-06-12,48,-3.6632345833333333,-3.868085897845806
2023-08-23,model1,csi500,2023-06-12,493,-10.928335111561866,-7.643122525138274
2023-08-23,model1,sse50,2023-06-12,48,-9.629908333333333,-6.222423505555557
2023-08-24,model1,csi500,2023-06-12,492,-8.579374349593495,-8.444982318645385
2023-08-24,model1,sse50,2023-06-12,50,-3.772918,-5.688686972222222
2023-08-25,model1,csi500,2023-06-12,487,-6.433291642710472,-8.647000367955277
2023-08-25,model1,sse50,2023-06-12,46,0.007161304347826006,-4.465221676328503
2023-08-28,model1,csi500,2023-06-12,500,-11.30603996,-8.772901984101322
2023-08-28,model1,sse50,2023-06-12,50,-3.6447860000000003,-2.470180898550726
2023-08-29,model1,csi500,2023-06-12,492,-0.5098367479674796,-6.08305611689265
2023-08-29,model1,sse50,2023-06-12,50,-0.9737956,-1.537140098550726
2023-08-30,model1,csi500,2023-06-12,489,-0.25768564417177914,-4.024520784046419
2023-08-30,model1,sse50,2023-06-12,49,-1.89840693877551,-2.1723295129251716
2023-08-31,model1,csi500,2023-06-12,487,-2.6028668377823405,-1.1234630766405325
2023-08-31,model1,sse50,2023-06-12,49,-5.093608163265307,-2.655270234013607
2023-09-01,model1,csi500,2023-06-12,486,-1.6862956995884772,-1.5156160605141984
2023-09-01,model1,sse50,2023-06-12,49,-1.5347918367346938,-2.842268979591838
2023-09-04,model1,csi500,2023-06-12,497,2.5360673843058352,-0.5843650510216603
2023-09-04,model1,sse50,2023-06-12,50,1.7420859999999998,-1.628771333333335
2023-09-05,model1,csi500,2023-06-12,484,-0.13805783057851226,0.2372379513796158
2023-09-05,model1,sse50,2023-06-12,48,0.4554450000000001,0.22091305442176723
2023-09-06,model1,csi500,2023-06-12,467,0.83441591006424,1.0774751545971881
2023-09-06,model1,sse50,2023-06-12,49,3.1286577551020414,1.7753962517006787
2023-09-07,model1,csi500,2023-06-12,494,-4.797670526315789,-1.3671041489433533
2023-09-07,model1,sse50,2023-06-12,47,-0.7154053191489358,0.9562324786510338
2023-09-08,model1,csi500,2023-06-12,468,-4.497989358974359,-2.8204146584086356
2023-09-08,model1,sse50,2023-06-12,47,-6.421688936170212,-1.3361455000723703
2023-09-11,model1,csi500,2023-06-12,483,1.16963966873706,-2.7086734055176955
2023-09-11,model1,sse50,2023-06-12,46,1.0550665217391304,-2.0273425778600074
2023-09-12,model1,csi500,2023-06-12,467,0.794278972162741,-0.8446902393581857
2023-09-12,model1,sse50,2023-06-12,48,0.6638345833333333,-1.567595943699251
2023-09-13,model1,csi500,2023-06-12,483,-2.2843890890269147,-0.10682348270903752
2023-09-13,model1,sse50,2023-06-12,50,-1.4413864,0.09250490169081971
2023-09-14,model1,csi500,2023-06-12,474,-3.1515416666666662,-1.5472172611769464
2023-09-14,model1,sse50,2023-06-12,48,-0.5509477083333332,-0.44283317500000147
2023-09-15,model1,csi500,2023-06-12,469,-5.108101812366737,-3.5146775226867724
2023-09-15,model1,sse50,2023-06-12,50,-5.9157512,-2.6360284361111126
2023-09-18,model1,csi500,2023-06-12,479,-0.516309770354906,-2.9253177497961027
2023-09-18,model1,sse50,2023-06-12,47,0.5479268085106385,-1.972924033274233
2023-09-19,model1,csi500,2023-06-12,471,-1.172045753715499,-2.26548577881238
2023-09-19,model1,sse50,2023-06-12,44,0.33478,-1.6776814638297886
2023-09-20,model1,csi500,2023-06-12,473,-2.8030834038054966,-1.4971463092919663
2023-09-20,model1,sse50,2023-06-12,49,-1.2419897959183672,-0.11976099580257804
2023-09-21,model1,csi500,2023-06-12,475,-4.992809957894737,-2.9893130384719107
2023-09-21,model1,sse50,2023-06-12,48,-4.36211125,-1.7564403486394575
2023-09-22,model1,csi500,2023-06-12,489,1.0225538854805727,-2.2577798254065526
2023-09-22,model1,sse50,2023-06-12,50,1.9686906000000002,-1.211803481972791
2023-09-25,model1,csi500,2023-06-12,488,-0.035369467213114736,-1.3352085132090925
2023-09-25,model1,sse50,2023-06-12,50,1.232055,-0.3871218833333352
2023-09-26,model1,csi500,2023-06-12,475,-2.486323978947368,-0.49971318689330263
2023-09-26,model1,sse50,2023-06-12,49,-3.4412273469387755,-0.08016058231292715
2023-09-27,model1,csi500,2023-06-12,477,-0.4374857651991613,-0.986393070453214
2023-09-27,model1,sse50,2023-06-12,49,-3.5008371428571428,-1.9033364965986415
2023-09-28,model1,csi500,2023-06-12,466,0.18657517167381982,-0.9124115241575691
2023-09-28,model1,sse50,2023-06-12,49,-6.598518163265306,-4.51352755102041
2023-10-09,model1,csi500,2023-06-12,485,-2.1384741649484535,-0.796461586157931
2023-10-09,model1,sse50,2023-06-12,48,-4.884090416666667,-4.9944819075963744
2023-10-10,model1,csi500,2023-06-12,479,-4.024762505219207,-1.992220499497946
2023-10-10,model1,sse50,2023-06-12,50,-7.9301004,-6.470902993310659
2023-10-11,model1,csi500,2023-06-12,486,-4.36047804526749,-3.507904905145049
2023-10-11,model1,sse50,2023-06-12,50,-9.042083,-7.285424605555558
2023-10-12,model1,csi500,2023-06-12,478,-1.3606117991631799,-3.2486174498832914
2023-10-12,model1,sse50,2023-06-12,48,-3.172743333333333,-6.714975577777781
2023-10-13,model1,csi500,2023-06-12,479,-2.184876388308977,-2.635322077579881
2023-10-13,model1,sse50,2023-06-12,46,-1.3370030434782607,-4.5172764589372
2023-10-16,model1,csi500,2023-06-12,480,-4.645076,-2.7301880624907184
2023-10-16,model1,sse50,2023-06-12,47,-4.794745957446809,-3.101497444752803
2023-10-17,model1,csi500,2023-06-12,468,-2.4597579273504273,-3.0965701052198007
2023-10-17,model1,sse50,2023-06-12,49,0.7880800000000002,-1.7812230003083587
2023-10-18,model1,csi500,2023-06-12,486,-7.088099218106996,-4.7309777151524735
2023-10-18,model1,sse50,2023-06-12,49,1.3708700000000005,-0.8785986524822714
2023-10-19,model1,csi500,2023-06-12,485,-10.719762804123711,-6.755873316527044
2023-10-19,model1,sse50,2023-06-12,49,-10.17586,-2.6723033333333355
2023-10-20,model1,csi500,2023-06-12,475,-8.759170568421053,-8.855677530217251
2023-10-20,model1,sse50,2023-06-12,47,-9.889593191489361,-6.231527730496456
2023-10-23,model1,csi500,2023-06-12,498,-12.829820602409638,-10.769584658318132
2023-10-23,model1,sse50,2023-06-12,50,-9.9504996,-10.005317597163122
2023-10-24,model1,csi500,2023-06-12,490,-4.979626448979592,-8.856205873270094
2023-10-24,model1,sse50,2023-06-12,47,-4.333127659574468,-8.057740150354613
2023-10-25,model1,csi500,2023-06-12,483,-2.3446432712215324,-6.7180301075369195
2023-10-25,model1,sse50,2023-06-12,50,-4.1921204,-6.158582553191493
2023-10-26,model1,csi500,2023-06-12,476,2.0002440966386557,-1.7746752078541548
2023-10-26,model1,sse50,2023-06-12,49,2.5627985714285715,-1.9874831627153011
2023-10-27,model1,csi500,2023-06-12,491,8.240265763747454,2.631955529721527
2023-10-27,model1,sse50,2023-06-12,48,6.833271458333333,1.7346498765872989
2023-10-30,model1,csi500,2023-06-12,484,11.99494840909091,7.411819423159007
2023-10-30,model1,sse50,2023-06-12,48,8.439469791666667,5.945179940476188
2023-10-31,model1,csi500,2023-06-12,480,6.701144604166667,8.978786259001678
2023-10-31,model1,sse50,2023-06-12,48,6.25112875,7.17462333333333
2023-11-01,model1,csi500,2023-06-12,478,1.1937419874476989,6.629945000235094
2023-11-01,model1,sse50,2023-06-12,49,-0.3216467346938774,4.789650602324261
2023-11-02,model1,csi500,2023-06-12,484,-4.842763719008264,1.0173742908687018
2023-11-02,model1,sse50,2023-06-12,48,-4.179589166666666,0.5832976162131498
2023-11-03,model1,csi500,2023-06-12,471,-2.031847261146497,-1.8936229975690193
2023-11-03,model1,sse50,2023-06-12,49,-0.1414424489795918,-1.547559450113381
2023-11-06,model1,csi500,2023-06-12,488,0.936036475409836,-1.9795248349149739
2023-11-06,model1,sse50,2023-06-12,49,1.1532587755102042,-1.0559242800453537
2023-11-07,model1,csi500,2023-06-12,475,0.006243389473684393,-0.36318913208765763
2023-11-07,model1,sse50,2023-06-12,49,1.328040816326531,0.7799523809523787
2023-11-08,model1,csi500,2023-06-12,486,-0.8252468312757201,0.03901101120260131
2023-11-08,model1,sse50,2023-06-12,47,2.7980627659574466,1.7597874525980581
2023-11-09,model1,csi500,2023-06-12,477,-0.6043488050314463,-0.47445074894449285
2023-11-09,model1,sse50,2023-06-12,49,2.6352446938775516,2.2537827587205075
2023-11-10,model1,csi500,2023-06-12,464,-2.252288103448276,-1.2272945799184796
2023-11-10,model1,sse50,2023-06-12,45,0.016736444444444804,1.8166813014264787
2023-11-13,model1,csi500,2023-06-12,483,-0.9318084472049689,-1.2628151185615624
2023-11-13,model1,sse50,2023-06-12,49,-3.2193446938775505,-0.18912118518518714
2023-11-14,model1,csi500,2023-06-12,469,1.3209700213219617,-0.6210421764437598
2023-11-14,model1,sse50,2023-06-12,47,-3.4799380851063826,-2.227515444846498
2023-11-15,model1,csi500,2023-06-12,472,-0.8818103601694914,-0.1642162620174984
2023-11-15,model1,sse50,2023-06-12,45,-3.4875826666666665,-3.395621815216869
2023-11-16,model1,csi500,2023-06-12,480,-4.0002233333333335,-1.1870212240602867
2023-11-16,model1,sse50,2023-06-12,49,-7.5684783673469385,-4.845333039706665
2023-11-17,model1,csi500,2023-06-12,477,-0.9837021174004191,-1.95524527030108
2023-11-17,model1,sse50,2023-06-12,48,-4.3766783333333334,-5.144246455782315
2023-11-20,model1,csi500,2023-06-12,464,0.8620471120689656,-1.3739594462215947
2023-11-20,model1,sse50,2023-06-12,46,-0.20198956521739128,-4.049048755299223
2023-11-21,model1,csi500,2023-06-12,469,-0.04871275053304897,-0.056789251954832996
2023-11-21,model1,sse50,2023-06-12,44,-0.22758863636363633,-1.6020855116381227
2023-11-22,model1,csi500,2023-06-12,474,-3.2131537552742615,-0.7999397979127805
2023-11-22,model1,sse50,2023-06-12,47,-3.4407038297872337,-1.2900940104560894
2023-11-23,model1,csi500,2023-06-12,489,1.59404100204499,-0.5559418345874388
2023-11-23,model1,sse50,2023-06-12,48,-0.0941141666666666,-1.2541355442725146
2023-11-24,model1,csi500,2023-06-12,475,0.5272695789473685,-0.36394772476063314
2023-11-24,model1,sse50,2023-06-12,47,-1.9091625531914893,-1.8146601832151321
2023-11-27,model1,csi500,2023-06-12,478,-1.0630762761506276,0.35274476828057816
2023-11-27,model1,sse50,2023-06-12,48,-5.86342375,-2.622233489952721
2023-11-28,model1,csi500,2023-06-12,471,1.46747898089172,0.31055742789615476
2023-11-28,model1,sse50,2023-06-12,48,-3.6586250000000002,-3.8104037677304987
2023-11-29,model1,csi500,2023-06-12,488,-1.5193211065573768,-0.3716394672720937
2023-11-29,model1,sse50,2023-06-12,50,-6.9787888,-5.500279183333336
2023-11-30,model1,csi500,2023-06-12,467,-2.5711611563169163,-0.8743344273275232
2023-11-30,model1,sse50,2023-06-12,49,-5.95686,-5.531424600000002
2023-12-01,model1,csi500,2023-06-12,480,-0.27021974999999987,-1.4535673376247633
2023-12-01,model1,sse50,2023-06-12,49,-3.4003351020408163,-5.445327967346941
2023-12-04,model1,csi500,2023-06-12,476,-2.277888907563025,-1.7064232712933125
2023-12-04,model1,sse50,2023-06-12,49,-6.241144897959184,-5.199446666666669
2023-12-05,model1,csi500,2023-06-12,493,-8.476885943204868,-3.6749982002559634
2023-12-05,model1,sse50,2023-06-12,50,-11.15523,-6.932236666666669
2023-12-06,model1,csi500,2023-06-12,464,-2.250838448275862,-4.335204433014584
2023-12-06,model1,sse50,2023-06-12,48,-4.99498,-7.463784965986396
2023-12-07,model1,csi500,2023-06-12,472,-1.475850995762712,-4.067858462414479
2023-12-07,model1,sse50,2023-06-12,49,-3.1550767346938775,-6.435095578231294
2023-12-08,model1,csi500,2023-06-12,479,-2.0090437995824635,-1.9119110812070115
2023-12-08,model1,sse50,2023-06-12,50,-0.8727179999999999,-3.007591578231295
2023-12-11,model1,csi500,2023-12-11,492,4.032043882113821,0.18238302892288294
2023-12-11,model1,sse50,2023-12-11,49,2.867509387755102,-0.3867617823129275
2023-12-12,model1,csi500,2023-12-11,481,5.339323284823285,2.4541077891182153
2023-12-12,model1,sse50,2023-12-11,50,6.1830146,2.725935329251698
2023-12-13,model1,csi500,2023-12-11,488,-0.3355273975409835,3.011946589798708
2023-12-13,model1,sse50,2023-12-11,46,2.321112173913044,3.790545387222713
2023-12-14,model1,csi500,2023-12-11,473,-3.9490485623678646,0.35158244163814684
2023-12-14,model1,sse50,2023-12-11,50,-0.6888001999999996,2.6051088579710124
2023-12-15,model1,csi500,2023-12-11,484,-9.385175144628098,-4.556583701512314
2023-12-15,model1,sse50,2023-12-11,50,-8.5752684,-2.3143188086956545
2023-12-18,model1,csi500,2023-12-11,491,-17.50495283095723,-10.279725512651062
2023-12-18,model1,sse50,2023-12-11,49,-8.855341632653062,-6.039803410884356
2023-12-19,model1,csi500,2023-12-11,470,-13.798229234042553,-13.562785736542624
2023-12-19,model1,sse50,2023-12-11,48,-5.3174874999999995,-7.5826991775510235
2023-12-20,model1,csi500,2023-12-11,483,-15.004362443064183,-15.435848169354651
2023-12-20,model1,sse50,2023-12-11,48,-7.2569875,-7.143272210884356
2023-12-21,model1,csi500,2023-12-11,484,-2.559540020661157,-10.454043899255963
2023-12-21,model1,sse50,2023-12-11,49,3.0950761224489796,-3.1597996258503422
2023-12-22,model1,csi500,2023-12-11,474,-2.4992481856540083,-6.6877168831264475
2023-12-22,model1,sse50,2023-12-11,48,5.601746875,0.47994516581632407
2023-12-25,model1,csi500,2023-12-11,471,-1.0450764543524413,-2.0346215535558665
2023-12-25,model1,sse50,2023-12-11,49,5.144903265306123,4.613908754251699
2023-12-26,model1,csi500,2023-12-11,492,-3.551157723577236,-2.365160787861226
2023-12-26,model1,sse50,2023-12-11,48,0.7152791666666668,3.820643102324261
2023-12-27,model1,csi500,2023-12-11,482,-1.788826037344398,-2.128353405091356
2023-12-27,model1,sse50,2023-12-11,49,0.40820571428571456,2.0894627154194994
2023-12-28,model1,csi500,2023-12-11,493,2.9851696957403653,-0.784938021727087
2023-12-28,model1,sse50,2023-12-11,49,2.1674291836734696,1.0969713548752813
2023-12-29,model1,csi500,2023-12-11,468,5.388988333333334,2.1951106639097695
2023-12-29,model1,sse50,2023-12-11,44,3.5873756818181817,2.0543368599257863
2024-01-02,model1,csi500,2023-12-11,476,3.220946155462185,3.8650347281786304
2024-01-02,model1,sse50,2023-12-11,49,-0.7188755102040817,1.6786431184291875
2024-01-03,model1,csi500,2023-12-11,486,3.927792530864198,4.179242339886574
2024-01-03,model1,sse50,2023-12-11,49,0.5497497959183675,1.1394166558441534
2024-01-04,model1,csi500,2023-12-11,482,-0.858276141078838,2.0968208484158506
2024-01-04,model1,sse50,2023-12-11,49,-0.8217289795918367,-0.330284897959186
2024-01-05,model1,csi500,2023-12-11,483,-7.526239937888199,-1.485574516034277
2024-01-05,model1,sse50,2023-12-11,49,-2.7434995918367346,-1.005159591836737
2024-01-08,model1,csi500,2023-12-11,497,-16.585021710261568,-8.323179263076199
2024-01-08,model1,sse50,2023-12-11,50,-10.626172799999999,-4.730467123809526
2024-01-09,model1,csi500,2023-12-11,473,-12.38970801268499,-12.166989886944917
2024-01-09,model1,sse50,2023-12-11,47,-8.015322553191488,-7.128331648342743
2024-01-10,model1,csi500,2023-12-11,478,-9.428927824267783,-12.801219182404779
2024-01-10,model1,sse50,2023-12-11,49,-9.025855510204082,-9.222450287798525
2024-01-11,model1,csi500,2023-12-11,489,1.0714101226993866,-6.915741904751126
2024-01-11,model1,sse50,2023-12-11,50,-0.7437547999999999,-5.928310954465193
2024-01-12,model1,csi500,2023-12-11,480,2.8094731041666665,-1.8493481991339076
2024-01-12,model1,sse50,2023-12-11,48,3.562918541666667,-2.0688972561791403
2024-01-15,model1,csi500,2023-12-11,480,2.146319916666667,2.009067714510909
2024-01-15,model1,sse50,2023-12-11,49,6.736890000000001,3.1853512472222203
2024-01-16,model1,csi500,2023-12-11,474,0.6634748101265825,1.873089276986641
2024-01-16,model1,sse50,2023-12-11,49,9.86166,6.720489513888887
2024-01-17,model1,csi500,2023-12-11,498,-7.063870702811244,-1.4180253253393291
2024-01-17,model1,sse50,2023-12-11,50,-0.8936809999999998,5.234956333333332
2024-01-18,model1,csi500,2023-12-11,483,-6.018587204968944,-4.139661032551199
2024-01-18,model1,sse50,2023-12-11,49,1.0469536734693878,3.3383108911564605
2024-01-19,model1,csi500,2023-12-11,478,-7.393198849372386,-6.825218919050855
2024-01-19,model1,sse50,2023-12-11,49,3.1240471428571426,1.092439938775508
2024-01-22,model1,csi500,2023-12-11,500,-12.49312044,-8.634968831447107
2024-01-22,model1,sse50,2023-12-11,50,0.18881860000000017,1.4532731387755078
2024-01-23,model1,csi500,2023-12-11,493,-1.5009900202839757,-7.129103103218784
2024-01-23,model1,sse50,2023-12-11,46,1.2189113043478261,1.5105923490683206
2024-01-24,model1,csi500,2023-12-11,495,2.131338121212121,-3.954257446357282
2024-01-24,model1,sse50,2023-12-11,50,3.3997534000000003,1.6024944347826064
2024-01-25,model1,csi500,2023-12-11,497,5.67475217303823,2.1017000913221273
2024-01-25,model1,sse50,2023-12-11,50,7.146779800000001,3.9218148347826065
2024-01-26,model1,csi500,2023-12-11,487,8.402604250513347,5.402898181587902
2024-01-26,model1,sse50,2023-12-11,49,11.442409183673469,7.329647461224487
2024-01-29,model1,csi500,2023-12-11,490,0.4725360816326532,4.849964168394746
2024-01-29,model1,sse50,2023-12-11,50,8.373177,8.987455327891153
2024-01-30,model1,csi500,2023-12-11,497,-5.9901884104627765,0.9616506405610771
2024-01-30,model1,sse50,2023-12-11,46,-0.15050978260869524,6.555025467021589
2024-01-31,model1,csi500,2023-12-11,496,-13.316422963709677,-6.2780250975132645
2024-01-31,model1,sse50,2023-12-11,48,-4.683249791666666,1.1798058085748764
2024-02-01,model1,csi500,2023-12-11,485,-14.331725731958763,-11.21277903537707
2024-02-01,model1,sse50,2023-12-11,49,-4.371924897959183,-3.0685614907448517
2024-02-02,model1,csi500,2023-12-11,499,-19.878636172344688,-15.84226162267104
2024-02-02,model1,sse50,2023-12-11,47,-6.869695744680851,-5.308290144768903
2024-02-05,model1,csi500,2023-12-11,495,-18.569109696969697,-17.593157200424383
2024-02-05,model1,sse50,2023-12-11,50,-0.40756599999999993,-3.8830622142133477
2024-02-06,model1,csi500,2023-12-11,500,3.1593252,-11.76280688977146
2024-02-06,model1,sse50,2023-12-11,50,5.8363806,-0.4802937148936201
2024-02-07,model1,csi500,2023-12-11,500,7.55131494,-2.61948985232323
2024-02-07,model1,sse50,2023-12-11,49,9.486404489795918,4.971739696598636
2024-02-08,model1,csi500,2023-12-11,480,6.598980770833334,5.769873636944447
2024-02-08,model1,sse50,2023-12-11,47,9.75478574468085,8.35919027815892
2024-02-19,model1,csi500,2023-12-11,498,-0.2242784939759036,4.64200573895248
2024-02-19,model1,sse50,2023-12-11,49,6.893630816326531,8.711607016934432
2024-02-20,model1,csi500,2023-12-11,477,0.5306108385744237,2.301771038477287
2024-02-20,model1,sse50,2023-12-11,49,5.12386306122449,7.257426540743954
2024-02-21,model1,csi500,2023-12-11,479,3.0354553235908144,1.1139292227297806
2024-02-21,model1,sse50,2023-12-11,48,7.826880208333333,6.614791361961449
2024-02-22,model1,csi500,2023-12-11,483,5.134901946169773,2.9003227027783396
2024-02-22,model1,sse50,2023-12-11,48,11.734720416666667,8.22848789540816
2024-02-23,model1,csi500,2023-12-11,475,7.078671642105264,5.08300963728862
2024-02-23,model1,sse50,2023-12-11,49,10.191346530612245,9.917649051870745
2024-02-26,model1,csi500,2023-12-11,490,6.662413346938776,6.291995645071274
2024-02-26,model1,sse50,2023-12-11,50,0.20523460000000004,7.377100515759634
2024-02-27,model1,csi500,2023-12-11,495,11.416089272727273,8.385724753923773
2024-02-27,model1,sse50,2023-12-11,46,4.078112826086956,4.824897985566397
2024-02-28,model1,csi500,2023-12-11,487,-0.36540112936344965,5.904367163434203
2024-02-28,model1,sse50,2023-12-11,48,-0.2678870833333333,1.3384867809178713
2024-02-29,model1,csi500,2023-12-11,500,1.8292310600000001,4.293306401121277
2024-02-29,model1,sse50,2023-12-11,49,1.950661224489796,1.9202956557478033
2024-03-01,model1,csi500,2023-12-11,470,2.855024021276596,1.4396179839710512
2024-03-01,model1,sse50,2023-12-11,49,3.7693475510204086,1.8173738973922875
2024-03-04,model1,csi500,2023-12-11,490,0.6277819387755104,1.7706790066840379
2024-03-04,model1,sse50,2023-12-11,46,2.6669426086956527,2.7956504614019493
2024-03-05,model1,csi500,2023-12-11,481,-0.7487339501039499,0.9113573366493878
2024-03-05,model1,sse50,2023-12-11,49,4.757339183673469,3.73120978112984
2024-03-06,model1,csi500,2023-12-11,478,0.4708124267782429,0.11662013848327014
2024-03-06,model1,sse50,2023-12-11,50,0.6945046,2.7062621307897046
2024-03-07,model1,csi500,2023-12-11,485,-4.3299764948453605,-1.5359660060570202
2024-03-07,model1,sse50,2023-12-11,47,-1.585367659574468,1.288825374699664
2024-03-08,model1,csi500,2023-12-11,472,-0.23197069915254226,-1.3637115890732179
2024-03-08,model1,sse50,2023-12-11,47,-1.3219089361702125,-0.7375906652482298
2024-03-11,model1,csi500,2023-12-11,491,4.472122443991854,-0.029941583335347428
2024-03-11,model1,sse50,2023-12-11,49,0.9380551020408163,-0.6564071645679578
2024-03-12,model1,csi500,2023-12-11,484,2.1507453719008267,2.130299038913382
2024-03-12,model1,sse50,2023-12-11,50,1.0085424,0.20822952195686498
2024-03-13,model1,csi500,2023-12-11,483,1.1157586749482404,2.5795421636136426
2024-03-13,model1,sse50,2023-12-11,50,-4.5377124,-0.8637049659863975
2024-03-14,model1,csi500,2023-12-11,476,-1.7919115966386552,0.4915308167368064
2024-03-14,model1,sse50,2023-12-11,49,-3.5955432653061226,-2.37490442176871
2024-03-15,model1,csi500,2023-12-11,492,1.3400119715447154,0.22128634995143592
2024-03-15,model1,sse50,2023-12-11,47,-0.6055736170212764,-2.9129430941091354
2024-03-18,model1,csi500,2023-12-11,487,4.43796523613963,1.3286885370152324
2024-03-18,model1,sse50,2023-12-11,49,1.82184693877551,-0.7930899811839659
2024-03-19,model1,csi500,2023-12-11,493,0.5506828194726168,2.1095533423856563
2024-03-19,model1,sse50,2023-12-11,50,0.41135700000000014,0.5425434405847417
2024-03-20,model1,csi500,2023-12-11,477,1.3530090146750524,2.1138856900957688
2024-03-20,model1,sse50,2023-12-11,49,2.679002448979592,1.6374021292516978
2024-03-21,model1,csi500,2023-12-11,481,-1.7202716424116424,0.06114006391201129
2024-03-21,model1,sse50,2023-12-11,49,-0.5241585714285711,0.855400292517004
2024-03-22,model1,csi500,2023-12-11,498,-7.445765522088354,-2.604342716608312
2024-03-22,model1,sse50,2023-12-11,49,-4.901739183673469,-0.9156317687074859
2024-03-25,model1,csi500,2023-12-11,485,-10.808902762886598,-6.658313309128862
2024-03-25,model1,sse50,2023-12-11,49,-5.907675510204081,-3.7778577551020436
2024-03-26,model1,csi500,2023-12-11,473,-8.848543953488372,-9.034404079487773
2024-03-26,model1,sse50,2023-12-11,48,-0.9081974999999999,-3.9058707312925196
2024-03-27,model1,csi500,2023-12-11,496,-14.401034999999998,-11.352827238791654
2024-03-27,model1,sse50,2023-12-11,49,-1.9397791836734692,-2.9185507312925196
2024-03-28,model1,csi500,2023-12-11,487,-1.3274686652977412,-8.192349206262035
2024-03-28,model1,sse50,2023-12-11,49,1.2095004081632654,-0.5461587585034041
2024-03-29,model1,csi500,2023-12-11,484,2.9690893181818185,-4.253138115705305
2024-03-29,model1,sse50,2023-12-11,50,3.2575830000000003,0.8424347414965959
2024-04-01,model1,csi500,2023-12-11,491,5.272625539714868,2.3047487308663173
2024-04-01,model1,sse50,2023-12-11,48,5.300040208333333,3.25570787216553
2024-04-02,model1,csi500,2023-12-11,478,5.506858891213389,4.582857916370028
2024-04-02,model1,sse50,2023-12-11,49,3.574604693877551,4.044075967403625
2024-04-03,model1,csi500,2023-12-11,476,6.5982996218487395,5.792594684259001
2024-04-03,model1,sse50,2023-12-11,49,2.3337051020408164,3.736116668083897
2024-04-08,model1,csi500,2023-12-11,488,-2.5565516598360656,3.1828689510753563
2024-04-08,model1,sse50,2023-12-11,49,-0.5365759183673465,1.7905779591836708
2024-04-09,model1,csi500,2023-12-11,479,0.3088524008350732,1.4502001209492514
2024-04-09,model1,sse50,2023-12-11,50,-3.0646028000000003,-0.42249120544217983
2024-04-10,model1,csi500,2023-12-11,491,-1.3739810997963338,-1.207226786265773
2024-04-10,model1,sse50,2023-12-11,49,-7.5682963265306125,-3.723158348299323
2024-04-11,model1,csi500,2023-12-11,479,1.4662133611691024,0.13369488740261634
2024-04-11,model1,sse50,2023-12-11,46,-1.2589152173913043,-3.9639381146406425
2024-04-12,model1,csi500,2023-12-11,488,-0.548935676229508,-0.15223447161891074
2024-04-12,model1,sse50,2023-12-11,48,-3.877379166666666,-4.234863570196198
2024-04-15,model1,csi500,2023-12-11,486,0.9326882510288067,0.6166553119894694
2024-04-15,model1,sse50,2023-12-11,50,2.319006,-0.9390961280193265
2024-04-16,model1,csi500,2023-12-11,489,-4.5134031697341515,-1.3765501983116153
2024-04-16,model1,sse50,2023-12-11,50,3.781879,0.7411686111111081
2024-04-17,model1,csi500,2023-12-11,498,2.339062670682731,-0.41388408267420207
2024-04-17,model1,sse50,2023-12-11,49,7.4448712244897965,4.515252074829929
2024-04-18,model1,csi500,2023-12-11,482,3.26795622406639,0.36453857500499237
2024-04-18,model1,sse50,2023-12-11,50,10.125773800000001,7.117508008163263
2024-04-19,model1,csi500,2023-12-11,482,1.623632053941909,2.4102169828970124
2024-04-19,model1,sse50,2023-12-11,50,10.155336,9.24199367482993
2024-04-22,model1,csi500,2023-12-11,483,0.8497194824016564,1.9137692534699877
2024-04-22,model1,sse50,2023-12-11,48,1.8628737500000003,7.381327849999998
2024-04-23,model1,csi500,2023-12-11,489,-2.1737557055214722,0.09986527694070031
2024-04-23,model1,sse50,2023-12-11,48,-1.2369997916666664,3.5937366527777748
2024-04-24,model1,csi500,2023-12-11,480,-0.38549949999999983,-0.569845241039936
2024-04-24,model1,sse50,2023-12-11,49,-1.557452244897959,-0.3105260955215447
2024-04-25,model1,csi500,2023-12-11,477,2.6061799790356397,0.015641591171391855
2024-04-25,model1,sse50,2023-12-11,46,0.6276408695652175,-0.7222703889998057
2024-04-26,model1,csi500,2023-12-11,496,6.122826895161291,2.781169124732313
2024-04-26,model1,sse50,2023-12-11,49,3.3605169387755103,0.8102351878142532
2024-04-29,model1,csi500,2023-12-11,488,10.730194733606558,6.486400535934499
2024-04-29,model1,sse50,2023-12-11,48,5.949825416666667,3.312661075002462
2024-04-30,model1,csi500,2023-12-11,482,6.207000601659751,7.686674076809202
2024-04-30,model1,sse50,2023-12-11,48,0.3381958333333335,3.2161793962585006
2024-05-06,model1,csi500,2023-12-11,482,5.219875352697096,7.3856902293211375
2024-05-06,model1,sse50,2023-12-11,50,0.8136791999999999,2.367233483333331
2024-05-07,model1,csi500,2023-12-11,482,2.138924522821577,4.521933492392811
2024-05-07,model1,sse50,2023-12-11,47,3.2480959574468087,1.4666569969267111
2024-05-08,model1,csi500,2023-12-11,492,-3.6101472967479675,1.249550859590238
2024-05-08,model1,sse50,2023-12-11,49,-1.926951836734694,0.7116077735707019
2024-05-09,model1,csi500,2023-12-11,492,2.3195973170731707,0.282791514382263
2024-05-09,model1,sse50,2023-12-11,49,1.6034426530612245,0.9748622579244435
2024-05-10,model1,csi500,2023-12-11,477,1.1256766666666667,-0.05495777100270708
2024-05-10,model1,sse50,2023-12-11,47,0.3214485106382979,-0.0006868910117268645
2024-05-13,model1,csi500,2023-12-11,483,0.17793944099378897,1.2077378082445451
2024-05-13,model1,sse50,2023-12-11,50,2.857562,1.5941510545665045
2024-05-14,model1,csi500,2023-12-11,482,0.012980788381742957,0.43886563201406914
2024-05-14,model1,sse50,2023-12-11,48,0.603540625,1.2608503785460963
2024-05-15,model1,csi500,2023-12-11,485,-6.0157045567010305,-1.9415947757751633
2024-05-15,model1,sse50,2023-12-11,48,-3.7209477083333335,-0.08661502777778092
2024-05-16,model1,csi500,2023-12-11,483,-11.251618695652173,-5.751447487990483
2024-05-16,model1,sse50,2023-12-11,49,-5.876998979591837,-2.9981353543083933
2024-05-17,model1,csi500,2023-12-11,495,0.5464898787878788,-5.573611124521772
2024-05-17,model1,sse50,2023-12-11,50,0.892159,-2.9019292293083936
2024-05-20,model1,csi500,2023-12-11,476,1.3117006722689075,-3.1311427148651254
2024-05-20,model1,sse50,2023-12-11,47,-0.12723702127659578,-1.7040256669561478
2024-05-21,model1,csi500,2023-12-11,487,-0.7242041067761806,0.37799548142687217
2024-05-21,model1,sse50,2023-12-11,49,1.8885040816326533,0.8844753534520159
2024-05-22,model1,csi500,2023-12-11,477,-0.8318729769392034,-0.08145880381548858
2024-05-22,model1,sse50,2023-12-11,50,4.6814234,2.1475634867853493
2024-05-23,model1,csi500,2023-12-11,497,-5.216428108651911,-2.257501730789095
2024-05-23,model1,sse50,2023-12-11,49,-1.1517502040816323,1.8060590925170035
2024-05-24,model1,csi500,2023-12-11,482,-8.540503174273859,-4.862934753288321
2024-05-24,model1,sse50,2023-12-11,50,-5.647795599999999,-0.7060408013605474
2024-05-27,model1,csi500,2023-12-11,476,-2.9959522689075633,-5.584294517277773
2024-05-27,model1,sse50,2023-12-11,50,-2.5977656,-3.1324371346938804
2024-05-28,model1,csi500,2023-12-11,492,-5.97737,-5.837941814393804
2024-05-28,model1,sse50,2023-12-11,49,-4.794679591836735,-4.346746930612248
2024-05-29,model1,csi500,2023-12-11,467,-3.3938123126338327,-4.122378193847128
2024-05-29,model1,sse50,2023-12-11,49,-0.9182708163265304,-2.7702386693877585
2024-05-30,model1,csi500,2023-12-11,488,-1.9931965983606557,-3.7881263036648254
2024-05-30,model1,sse50,2023-12-11,47,-2.4409789361702128,-2.7179764481111626
2024-05-31,model1,csi500,2023-12-11,473,-2.749318456659619,-2.712109122551366
2024-05-31,model1,sse50,2023-12-11,49,-6.512096326530612,-3.2904486930091217
2024-06-03,model1,csi500,2023-12-11,493,-4.52360630831643,-3.0887071211122312
2024-06-03,model1,sse50,2023-12-11,47,-3.770214893617021,-4.241096718772619
2024-06-04,model1,csi500,2023-12-11,484,1.9975567148760331,-1.7584560167000018
2024-06-04,model1,sse50,2023-12-11,46,1.8079434782608697,-2.8247892472955916
2024-06-05,model1,csi500,2023-12-11,495,-0.6311685656565655,-1.0524060530323174
2024-06-05,model1,sse50,2023-12-11,49,1.0345679591836736,-0.3092344853908295
2024-06-06,model1,csi500,2023-12-11,498,-3.8017908032128513,-0.8118008846644577
2024-06-06,model1,sse50,2023-12-11,48,-2.1484004166666666,0.23137034025928868
2024-06-07,model1,csi500,2023-12-11,485,-5.231897030927835,-3.2216187999324135
2024-06-07,model1,sse50,2023-12-11,48,-4.358153125,-1.8239951941610013
2024-06-11,model1,csi500,2023-12-11,494,-1.6999081983805668,-3.577865344173748
2024-06-11,model1,sse50,2023-12-11,48,-5.425951666666666,-3.977501736111115
2024-06-12,model1,csi500,2023-12-11,470,-1.0577406808510639,-2.663181970053152
2024-06-12,model1,sse50,2023-12-11,48,-4.245347916666667,-4.676484236111115
2024-06-13,model1,csi500,2023-12-11,495,-2.7434190303030306,-1.833689303178217
2024-06-13,model1,sse50,2023-12-11,50,-3.3217588,-4.331019461111114
2024-06-14,model1,csi500,2023-12-11,491,0.01119790224032595,-1.2633206029712525
2024-06-14,model1,sse50,2023-12-11,48,1.2989108333333335,-2.0893986277777814
2024-06-17,model1,csi500,2024-06-17,485,2.1509201855670104,-0.19376698083189448
2024-06-17,model1,sse50,2024-06-17,49,0.6631838775510205,-0.4532213630385522
2024-06-18,model1,csi500,2024-06-17,483,2.3669916149068326,1.50970323423806
2024-06-18,model1,sse50,2024-06-17,50,3.9060226,1.9560391036281146
2024-06-19,model1,csi500,2024-06-17,487,-3.488486324435318,0.3431418253461785
2024-06-19,model1,sse50,2024-06-17,49,3.168371836734694,2.579192771428568
2024-06-20,model1,csi500,2024-06-17,496,-7.090798548387096,-2.7374310859718567
2024-06-20,model1,sse50,2024-06-17,48,-0.8700181249999996,2.0681254372448947
2024-06-21,model1,csi500,2024-06-17,470,-4.879426617021276,-5.152903829947893
2024-06-21,model1,sse50,2024-06-17,49,-1.7763920408163263,0.1739872236394525
2024-06-24,model1,csi500,2024-06-17,492,-9.823219857723577,-7.264481674377312
2024-06-24,model1,sse50,2024-06-17,50,0.6806712000000001,-0.6552463219387789
2024-06-25,model1,csi500,2024-06-17,479,-10.507611377870564,-8.403419284205135
2024-06-25,model1,sse50,2024-06-17,49,-0.7826102040816325,-0.6261103482993231
2024-06-26,model1,csi500,2024-06-17,493,0.6220425557809331,-6.569596226604399
2024-06-26,model1,sse50,2024-06-17,49,2.5969110204081636,0.8316573387755067
2024-06-27,model1,csi500,2024-06-17,497,-2.3358991549295776,-4.0738226590063995
2024-06-27,model1,sse50,2024-06-17,48,0.8824797916666668,0.8989268693310623
2024-06-28,model1,csi500,2024-06-17,478,-2.016889539748954,-1.2435820462991964
2024-06-28,model1,sse50,2024-06-17,50,5.423224800000001,2.967538537358273
2024-07-01,model1,csi500,2024-06-17,493,1.6826333062880325,-0.8900517961301633
2024-07-01,model1,sse50,2024-06-17,50,8.0592182,4.788307597222219
2024-07-02,model1,csi500,2024-06-17,481,-0.6603303326403326,-0.3315288553670817
2024-07-02,model1,sse50,2024-06-17,49,8.132976326530613,7.205139775510202
2024-07-03,model1,csi500,2024-06-17,464,-3.053622844827586,-0.6771066237266257
2024-07-03,model1,sse50,2024-06-17,49,0.6240648979591837,5.605419808163263
2024-07-04,model1,csi500,2024-06-17,497,-7.217238651911468,-3.643730609793126
2024-07-04,model1,sse50,2024-06-17,50,-3.2159847999999998,1.8470188081632628
2024-07-05,model1,csi500,2024-06-17,477,-3.7808185534591194,-4.683893350066055
2024-07-05,model1,sse50,2024-06-17,49,-3.6970036734693874,-2.0963078585034043
2024-07-08,model1,csi500,2024-06-17,496,-6.78318252016129,-5.927079908510623
2024-07-08,model1,sse50,2024-06-17,50,-3.0877188,-3.3335690911564657
2024-07-09,model1,csi500,2024-06-17,491,-0.0020102240325864922,-3.5220037658843286
2024-07-09,model1,sse50,2024-06-17,49,1.6717475510204083,-1.7043249741496627
2024-07-10,model1,csi500,2024-06-17,473,0.5764061310782241,-2.0695955377052146
2024-07-10,model1,sse50,2024-06-17,50,1.8232210000000004,0.13574991700679986
2024-07-11,model1,csi500,2024-06-17,488,1.9320943442622953,0.8354967504359806
2024-07-11,model1,sse50,2024-06-17,49,1.7354155102040818,1.743461353741494
2024-07-12,model1,csi500,2024-06-17,478,2.3498852928870297,1.6194619227425193
2024-07-12,model1,sse50,2024-06-17,50,3.6341334,2.3975899700680245
2024-07-15,model1,csi500,2024-06-17,476,-0.8389627521008403,1.1476722950161646
2024-07-15,model1,sse50,2024-06-17,49,4.741652857142857,3.3704005891156434
2024-07-16,model1,csi500,2024-06-17,473,-1.2538428541226214,0.08569322888785898
2024-07-16,model1,sse50,2024-06-17,49,7.411496938775511,5.262427731972786
2024-07-17,model1,csi500,2024-06-17,480,-2.603161958333333,-1.5653225215189288
2024-07-17,model1,sse50,2024-06-17,49,5.493928367346939,5.882359387755099
2024-07-18,model1,csi500,2024-06-17,488,2.169834836065574,-0.562389992130124
2024-07-18,model1,sse50,2024-06-17,49,6.451518775510205,6.4523146938775495
2024-07-19,model1,csi500,2024-06-17,478,4.119616129707113,1.2287630024797875
2024-07-19,model1,sse50,2024-06-17,48,9.669006041666668,7.204817728174601
2024-07-22,model1,csi500,2024-06-17,487,2.2011967761806983,2.8302159139844645
2024-07-22,model1,sse50,2024-06-17,47,5.196032127659575,7.105518981612146
2024-07-23,model1,csi500,2024-06-17,493,-4.984449168356997,0.44545457917694087
2024-07-23,model1,sse50,2024-06-17,49,-2.584113469387755,4.09364156664616
2024-07-24,model1,csi500,2024-06-17,485,-9.167820597938144,-3.9836909967048117
2024-07-24,model1,sse50,2024-06-17,50,-3.3568496,-0.24831031390939629
2024-07-25,model1,csi500,2024-06-17,488,-4.9357129508196715,-6.362660905704935
2024-07-25,model1,sse50,2024-06-17,49,-4.415467346938776,-3.452143472108846
2024-07-26,model1,csi500,2024-06-17,485,2.1530671340206187,-3.983488804912396
2024-07-26,model1,sse50,2024-06-17,49,-3.561142448979592,-3.777819798639459
2024-07-29,model1,csi500,2024-06-17,476,0.4212896008403362,-0.7871187386529025
2024-07-29,model1,sse50,2024-06-17,50,-2.13139,-3.369333265306126
2024-07-30,model1,csi500,2024-06-17,480,1.9226741458333334,1.4990102935647656
2024-07-30,model1,sse50,2024-06-17,49,-1.1562269387755102,-2.2829197959183705
2024-07-31,model1,csi500,2024-06-17,498,8.277890080321285,3.540617942331654
2024-07-31,model1,sse50,2024-06-17,50,1.01007,-0.759182312925173
2024-08-01,model1,csi500,2024-06-17,478,3.1835995606694563,4.461387928941361
2024-08-01,model1,sse50,2024-06-17,50,0.8837984,0.245880487074827
2024-08-02,model1,csi500,2024-06-17,473,-0.7156801691331923,3.5819364906191855
2024-08-02,model1,sse50,2024-06-17,49,-0.5323775510204082,0.45383028299319433
2024-08-05,model1,csi500,2024-06-17,488,-3.769069057377049,-0.43371655528025865
2024-08-05,model1,sse50,2024-06-17,47,-3.6599051063829786,-1.102828085801132
2024-08-06,model1,csi500,2024-06-17,472,-3.619057309322034,-2.701268845277422
2024-08-06,model1,sse50,2024-06-17,50,-6.152678,-3.4483202191344655
2024-08-07,model1,csi500,2024-06-17,480,-4.795671208333333,-4.061265858344136
2024-08-07,model1,sse50,2024-06-17,48,-7.309135416666667,-5.7072395076832185
2024-08-08,model1,csi500,2024-06-17,480,-0.16956029166666658,-2.8614296031073416
2024-08-08,model1,sse50,2024-06-17,48,-2.5095433333333332,-5.323785583333336
2024-08-09,model1,csi500,2024-06-17,481,-3.164940602910603,-2.7100573676368644
2024-08-09,model1,sse50,2024-06-17,49,-5.2620779591836735,-5.026918903061227
2024-08-12,model1,csi500,2024-06-17,481,-4.184528274428274,-2.506343056335178
2024-08-12,model1,sse50,2024-06-17,49,-5.598974285714285,-4.456865192743767
2024-08-13,model1,csi500,2024-06-17,485,-0.6260830721649484,-2.658517316501272
2024-08-13,model1,sse50,2024-06-17,49,-1.7154461224489792,-4.192166122448982
2024-08-14,model1,csi500,2024-06-17,490,-4.009556408163265,-2.9400559182521597
2024-08-14,model1,sse50,2024-06-17,49,-3.1975338775510203,-3.503984761904764
2024-08-15,model1,csi500,2024-06-17,489,0.1304161145194275,-1.501741121936259
2024-08-15,model1,sse50,2024-06-17,50,5.561619,0.2162129999999974
2024-08-16,model1,csi500,2024-06-17,491,-1.5719509572301424,-1.81703041695799
2024-08-16,model1,sse50,2024-06-17,47,6.9280080851063826,3.0973644025184512
2024-08-19,model1,csi500,2024-06-17,485,-1.2578755876288656,-0.8998034767798572
2024-08-19,model1,sse50,2024-06-17,49,7.526987346938776,6.672204810681716
2024-08-20,model1,csi500,2024-06-17,496,-5.457811754032258,-2.7625460996304194
2024-08-20,model1,sse50,2024-06-17,49,2.8504559183673472,5.768483783470832
2024-08-21,model1,csi500,2024-06-17,480,-6.727911270833333,-4.481199537498149
2024-08-21,model1,sse50,2024-06-17,48,-1.6389237499999998,2.9128398384353713
2024-08-22,model1,csi500,2024-06-17,489,-11.51236282208589,-7.899361948983824
2024-08-22,model1,sse50,2024-06-17,48,-4.05567125,-0.9480463605442203
2024-08-23,model1,csi500,2024-06-17,474,-7.386941561181435,-8.542405218033549
2024-08-23,model1,sse50,2024-06-17,47,-1.448336170212766,-2.3809770567375916
2024-08-26,model1,csi500,2024-06-17,479,-2.3664821920668055,-7.088595525111374
2024-08-26,model1,sse50,2024-06-17,48,0.04286999999999994,-1.8203791400709248
2024-08-27,model1,csi500,2024-06-17,484,-2.728216756198347,-4.160546836482193
2024-08-27,model1,sse50,2024-06-17,49,2.5467255102040816,0.38041977999710214
2024-08-28,model1,csi500,2024-06-17,480,-0.35156818749999985,-1.8154223785883812
2024-08-28,model1,sse50,2024-06-17,50,-2.2796673999999997,0.10330937006802425
2024-08-29,model1,csi500,2024-06-17,488,3.692497172131148,0.20423740947760338
2024-08-29,model1,sse50,2024-06-17,50,-2.6337338,-0.7888918965986423
2024-08-30,model1,csi500,2024-06-17,488,7.14708524590164,3.4960047435109325
2024-08-30,model1,sse50,2024-06-17,50,1.7351488000000002,-1.0594174666666694
2024-09-02,model1,csi500,2024-06-17,489,0.22303965235173828,3.6875406901281784
2024-09-02,model1,sse50,2024-06-17,50,-2.4244268,-1.107670600000003
2024-09-03,model1,csi500,2024-06-17,487,1.4734754004106778,2.9478667662213547
2024-09-03,model1,sse50,2024-06-17,49,-1.6083510204081632,-0.7658763401360572
2024-09-04,model1,csi500,2024-06-17,474,2.228891729957806,1.3084689275734103
2024-09-04,model1,sse50,2024-06-17,46,-1.8376523913043479,-1.95681007057084
2024-09-05,model1,csi500,2024-06-17,466,2.538902768240344,2.0804232995362786
2024-09-05,model1,sse50,2024-06-17,49,-1.2979926530612242,-1.5813320215912483
2024-09-06,model1,csi500,2024-06-17,486,-3.053821028806584,0.5713244897971917
2024-09-06,model1,sse50,2024-06-17,45,-3.335322222222222,-2.156989088862601
2024-09-09,model1,csi500,2024-06-17,474,-5.720886054852321,-2.0786014384728504
2024-09-09,model1,sse50,2024-06-17,49,-6.246205306122449,-3.6265067271353018
2024-09-10,model1,csi500,2024-06-17,476,-6.289653844537815,-5.021453642732237
2024-09-10,model1,sse50,2024-06-17,48,-3.7318945833333337,-4.437807370559338
2024-09-11,model1,csi500,2024-06-17,475,-3.743948547368421,-5.251496148919516
2024-09-11,model1,sse50,2024-06-17,49,-0.15503224489795903,-3.3777107114512503
2024-09-12,model1,csi500,2024-06-17,476,-2.1939380882352943,-4.075846826713841
2024-09-12,model1,sse50,2024-06-17,47,-2.691483829787234,-2.1928035526728453
2024-09-13,model1,csi500,2024-06-17,485,-4.77655562886598,-3.571480754823229
2024-09-13,model1,sse50,2024-06-17,48,-2.756559166666667,-1.8676917471172896
2024-09-18,model1,csi500,2024-06-17,475,-4.873637347368421,-3.9480436881565626
2024-09-18,model1,sse50,2024-06-17,48,2.2312739583333334,-1.0722563460401922
2024-09-19,model1,csi500,2024-06-17,497,0.6902753118712275,-2.986639221454389
2024-09-19,model1,sse50,2024-06-17,49,2.2617985714285713,0.5788377876984097
2024-09-20,model1,csi500,2024-06-17,480,-1.4731726875,-1.8855115743323951
2024-09-20,model1,sse50,2024-06-17,50,3.9214426000000002,2.804838376587299
2024-09-23,model1,csi500,2024-06-17,478,-1.1932202301255228,-0.6587058685847624
2024-09-23,model1,sse50,2024-06-17,49,5.981647346938776,4.054962839455779
2024-09-24,model1,csi500,2024-06-17,498,6.30790483935743,1.2138373072439719
2024-09-24,model1,sse50,2024-06-17,50,9.021981,6.308356982312922
2024-09-25,model1,csi500,2024-06-17,473,5.2276650317124735,3.447449880314796
2024-09-25,model1,sse50,2024-06-17,48,6.641019166666667,7.214882504535145
2024-09-26,model1,csi500,2024-06-17,496,9.623048104838709,7.052872658636207
2024-09-26,model1,sse50,2024-06-17,50,10.6065788,8.75652632222222
2024-09-27,model1,csi500,2024-06-17,487,15.155354907597536,10.00202268138291
2024-09-27,model1,sse50,2024-06-17,47,8.349168510638298,8.532255492434984
2024-09-30,model1,csi500,2024-06-17,484,21.43976537190083,15.40605612811236
2024-09-30,model1,sse50,2024-06-17,47,12.595485957446808,10.517077756028366
2024-10-08,model1,csi500,2024-06-17,398,0.009053919597989965,12.201391399698787
2024-10-08,model1,sse50,2024-06-17,42,-0.8729999999999999,6.690551489361699
2024-10-09,model1,csi500,2024-06-17,496,-2.997426875,6.150464138832942
2024-10-09,model1,sse50,2024-06-17,50,-3.5990699999999998,2.707805319148933
2024-10-10,model1,csi500,2024-06-17,492,-3.672158678861788,-2.2201772114212646
2024-10-10,model1,sse50,2024-06-17,50,-0.5998411999999999,-1.6906370666666701
2024-10-11,model1,csi500,2024-06-17,497,-10.143211187122736,-5.604265580328174
2024-10-11,model1,sse50,2024-06-17,50,-2.6321564,-2.2770225333333367
2024-10-14,model1,csi500,2024-06-17,489,-2.1788031901840488,-5.331391018722856
2024-10-14,model1,sse50,2024-06-17,50,-2.1816647999999996,-1.8045541333333368
2024-10-15,model1,csi500,2024-06-17,498,-4.1392682730923696,-5.487094216799716
2024-10-15,model1,sse50,2024-06-17,50,-6.1276184,-3.6471465333333364
2024-10-16,model1,csi500,2024-06-17,489,-1.2565776482617586,-2.524883037179391
2024-10-16,model1,sse50,2024-06-17,50,-4.1128334,-4.140705533333336
2024-10-17,model1,csi500,2024-06-17,493,-3.44407168356998,-2.946639201641368
2024-10-17,model1,sse50,2024-06-17,49,-9.328030612244898,-6.522827470748303
2024-10-18,model1,csi500,2024-06-17,496,2.2493645766129036,-0.8170949184062771
2024-10-18,model1,sse50,2024-06-17,50,1.3073846,-4.044493137414969
2024-10-21,model1,csi500,2024-06-17,486,2.9123108230452672,0.5725345720293982
2024-10-21,model1,sse50,2024-06-17,50,0.2110568,-2.6031964040816358
2024-10-22,model1,csi500,2024-06-17,485,2.53044387628866,2.5640397586489443
2024-10-22,model1,sse50,2024-06-17,49,1.0069387755102044,0.8417933918367319
2024-10-23,model1,csi500,2024-06-17,479,4.243348079331942,3.2287009262219577
2024-10-23,model1,sse50,2024-06-17,46,3.904988695652174,1.7076614237207899
2024-10-24,model1,csi500,2024-06-17,478,0.9514837866108788,2.5750919140771615
2024-10-24,model1,sse50,2024-06-17,50,-0.8299469999999998,1.360660157054123
2024-10-25,model1,csi500,2024-06-17,488,2.4937588729508198,2.5628635796312147
2024-10-25,model1,sse50,2024-06-17,50,-2.3767845999999997,0.23275236521738854
2024-10-28,model1,csi500,2024-06-17,495,4.9676324646464645,2.804291708069389
2024-10-28,model1,sse50,2024-06-17,48,-0.2568920833333333,-1.1545412277777807
2024-10-29,model1,csi500,2024-06-17,496,-1.4964321370967741,1.9883197335001712
2024-10-29,model1,sse50,2024-06-17,49,-2.642374285714286,-1.7586836563492092
2024-10-30,model1,csi500,2024-06-17,480,-1.6048554375,0.6221149633498981
2024-10-30,model1,sse50,2024-06-17,49,-6.0480657142857135,-2.982444027777781
2024-10-31,model1,csi500,2024-06-17,484,0.34423785123966955,-0.919016574452367
2024-10-31,model1,sse50,2024-06-17,48,-7.705084583333334,-5.465174861111113
2024-11-01,model1,csi500,2024-06-17,476,-2.29511468487395,-1.1852440903780923
2024-11-01,model1,sse50,2024-06-17,49,-0.20596204081632646,-4.653037446145127
2024-11-04,model1,csi500,2024-06-17,489,2.401085173824131,0.15006944672995148
2024-11-04,model1,sse50,2024-06-17,48,2.7090541666666668,-1.7339974858276677
2024-11-05,model1,csi500,2024-06-17,497,7.694512193158953,2.6001608940363794
2024-11-05,model1,sse50,2024-06-17,49,6.661359795918368,3.054817307256233
2024-11-06,model1,csi500,2024-06-17,486,4.342263353909465,4.812620240297517
2024-11-06,model1,sse50,2024-06-17,49,3.4404216326530617,4.270278531746029
2024-11-07,model1,csi500,2024-06-17,500,8.476858700000001,6.837878082356141
2024-11-07,model1,sse50,2024-06-17,50,7.0749884000000005,5.72558994285714
2024-11-08,model1,csi500,2024-06-17,496,2.098983427419355,4.972701827109608
2024-11-08,model1,sse50,2024-06-17,50,-0.43242400000000003,3.360995344217684
2024-11-11,model1,csi500,2024-06-17,484,2.243697210743802,4.27317977938772
2024-11-11,model1,sse50,2024-06-17,50,-0.74103,1.96717813333333
2024-11-12,model1,csi500,2024-06-17,490,-0.9420927142857142,1.1335293079591489
2024-11-12,model1,sse50,2024-06-17,50,-3.3858911999999997,-1.5197817333333365
2024-11-13,model1,csi500,2024-06-17,485,-0.7647072577319586,0.17896574624204428
2024-11-13,model1,sse50,2024-06-17,49,1.36202306122449,-0.9216327129251735
2024-11-14,model1,csi500,2024-06-17,500,-4.11167908,-1.939493017339223
2024-11-14,model1,sse50,2024-06-17,48,-0.7508004166666667,-0.924889518480729
2024-11-15,model1,csi500,2024-06-17,487,-8.751731396303901,-4.542705911345286
2024-11-15,model1,sse50,2024-06-17,46,-3.639607391304348,-1.009461582248845
2024-11-18,model1,csi500,2024-06-17,488,-13.281757602459015,-8.715056026254304
2024-11-18,model1,sse50,2024-06-17,49,-4.590975102040817,-2.9937943033372805
2024-11-19,model1,csi500,2024-06-17,489,-0.34940425357873206,-7.460964417447215
2024-11-19,model1,sse50,2024-06-17,49,-3.011766530612245,-3.7474496746524735
2024-11-20,model1,csi500,2024-06-17,486,3.360317098765432,-3.42361491909077
2024-11-20,model1,sse50,2024-06-17,47,-2.2840740425531916,-3.295605225068755
2024-11-21,model1,csi500,2024-06-17,472,1.861454088983051,1.6241223113899188
2024-11-21,model1,sse50,2024-06-17,44,0.06523999999999994,-1.7435335243884824
2024-11-22,model1,csi500,2024-06-17,499,-3.501820521042084,0.5733168889021348
2024-11-22,model1,sse50,2024-06-17,50,-3.93171,-2.050181347517734
2024-11-25,model1,csi500,2024-06-17,475,-4.454643010526316,-2.0316698141951144
2024-11-25,model1,sse50,2024-06-17,50,-6.810330400000001,-3.5589334666666708
2024-11-26,model1,csi500,2024-06-17,472,-6.271710868644068,-4.742724800070821
2024-11-26,model1,sse50,2024-06-17,50,-2.9808268,-4.57428906666667
2024-11-27,model1,csi500,2024-06-17,495,2.0998616161616166,-2.8754974210029203
2024-11-27,model1,sse50,2024-06-17,50,4.439878,-1.7837597333333373
2024-11-28,model1,csi500,2024-06-17,482,1.3218183402489627,-0.9500103040778276
2024-11-28,model1,sse50,2024-06-17,49,3.260918163265306,1.573323121088432
2024-11-29,model1,csi500,2024-06-17,492,4.2412834349593505,2.5543211304566453
2024-11-29,model1,sse50,2024-06-17,49,3.9150038775510208,3.871933346938772
2024-12-02,model1,csi500,2024-06-17,492,8.90000430894309,4.821035361383803
2024-12-02,model1,sse50,2024-06-17,48,5.989977083333334,4.388633041383216
2024-12-03,model1,csi500,2024-06-17,472,5.0699330296610166,6.070406924521155
2024-12-03,model1,sse50,2024-06-17,50,5.3754918,5.093490920294781
2024-12-04,model1,csi500,2024-06-17,491,-1.0811556619144602,4.2962605588965515
2024-12-04,model1,sse50,2024-06-17,50,1.8143120000000001,4.393260294444441
2024-12-05,model1,csi500,2024-06-17,483,0.14203337474120098,1.376936914162588
2024-12-05,model1,sse50,2024-06-17,48,-1.9028124999999998,1.7623304333333298
2024-12-06,model1,csi500,2024-06-17,493,3.465936835699797,0.842271516175515
2024-12-06,model1,sse50,2024-06-17,49,3.429055714285714,1.1135184047619013
2024-12-09,model1,csi500,2024-06-17,487,1.4651492402464066,1.6910398168958036
2024-12-09,model1,sse50,2024-06-17,50,4.466191800000001,1.9974783380952348
2024-12-10,model1,csi500,2024-06-17,495,-3.3958418585858587,0.5117480724534508
2024-12-10,model1,sse50,2024-06-17,50,-0.13046639999999987,2.5882603714285684
2024-12-11,model1,csi500,2024-06-17,491,-0.6221632179226069,-0.8509519454206839
2024-12-11,model1,sse50,2024-06-17,48,-2.664275,0.5571501333333301
2024-12-12,model1,csi500,2024-06-17,482,1.6484828423236513,-0.7898407447282692
2024-12-12,model1,sse50,2024-06-17,50,1.3016404,-0.4977003333333369
2024-12-13,model1,csi500,2024-06-17,495,-2.260976323232323,-0.4115522329437571
2024-12-13,model1,sse50,2024-06-17,50,-1.3838460000000001,-0.915493533333337
2024-12-16,model1,csi500,2024-12-16,486,-4.595534650205761,-1.736009377038142
2024-12-16,model1,sse50,2024-12-16,49,-2.4434738775510203,-0.8418931591836771
2024-12-17,model1,csi500,2024-12-16,489,-8.140911574642127,-4.999140849360068
2024-12-17,model1,sse50,2024-12-16,46,-0.6578726086956521,-1.4950641620822278
2024-12-18,model1,csi500,2024-12-16,479,-8.060702505219206,-6.932382910022362
2024-12-18,model1,sse50,2024-12-16,48,-2.092029166666667,-1.7311252176377832
2024-12-19,model1,csi500,2024-12-16,487,-0.6473169609856263,-5.616310346948983
2024-12-19,model1,sse50,2024-12-16,48,0.24878708333333346,-0.8337048973429986
2024-12-20,model1,csi500,2024-12-16,487,1.4032842505133472,-2.434911738563826
2024-12-20,model1,sse50,2024-12-16,48,-1.7556627083333332,-1.1996349305555591
2024-12-23,model1,csi500,2024-12-16,495,-3.058742505050505,-0.7675917385075923
2024-12-23,model1,sse50,2024-12-16,48,0.5269310416666667,-0.3266481944444478
2024-12-24,model1,csi500,2024-12-16,491,1.1374608757637474,-0.1726657929244678
2024-12-24,model1,sse50,2024-12-16,50,4.8989706,1.2234129777777742
2024-12-25,model1,csi500,2024-12-16,492,-0.5830025406504065,-0.8347613899790524
2024-12-25,model1,sse50,2024-12-16,48,5.468361666666667,3.631421102777774
2024-12-26,model1,csi500,2024-12-16,469,-0.7622379957356076,-0.0692598868740865
2024-12-26,model1,sse50,2024-12-16,49,1.8220557142857143,4.063129326984123
2024-12-27,model1,csi500,2024-12-16,488,0.6031091598360656,-0.24737712551664712
2024-12-27,model1,sse50,2024-12-16,50,0.9769404000000003,2.755785926984123
2024-12-30,model1,csi500,2024-12-16,480,0.1382224375000001,-0.006968799466511587
2024-12-30,model1,sse50,2024-12-16,49,2.018194285714286,1.6057301333333298
2024-12-31,model1,csi500,2024-12-16,497,-4.646723822937625,-1.3017974085338508
2024-12-31,model1,sse50,2024-12-16,50,-2.6583263999999995,0.11226942857142526
2025-01-02,model1,csi500,2024-12-16,498,-8.996536224899597,-4.501679203445739
2025-01-02,model1,sse50,2024-12-16,50,-8.3519548,-2.9973623047619085
2025-01-03,model1,csi500,2024-12-16,497,-17.097268169014086,-10.246842738950434
2025-01-03,model1,sse50,2024-12-16,49,-11.805436734693878,-7.605239311564628
2025-01-06,model1,csi500,2024-12-16,492,-11.48880382113821,-12.527536071683963
2025-01-06,model1,sse50,2024-12-16,49,-15.205940408163267,-11.78777731428572
2025-01-07,model1,csi500,2024-12-16,486,-2.4203154115226337,-10.335462467224975
2025-01-07,model1,sse50,2024-12-16,49,-11.111057142857144,-12.7074780952381
2025-01-08,model1,csi500,2024-12-16,485,-1.378852474226804,-5.095990568962547
2025-01-08,model1,sse50,2024-12-16,49,-5.357052653061225,-10.558016734693883
2025-01-09,model1,csi500,2024-12-16,479,-0.5457345929018788,-1.448300826217103
2025-01-09,model1,sse50,2024-12-16,50,-7.243651600000001,-7.903920465306126
2025-01-10,model1,csi500,2024-12-16,493,-5.206650851926978,-2.3770793063518845
2025-01-10,model1,sse50,2024-12-16,50,-10.645781199999998,-7.748828484353745
2025-01-13,model1,csi500,2024-12-16,489,0.08714595092024553,-1.8884131646362012
2025-01-13,model1,sse50,2024-12-16,50,-5.9060212000000005,-7.931818000000004
2025-01-14,model1,csi500,2024-12-16,500,5.77461158,0.2183688929977586
2025-01-14,model1,sse50,2024-12-16,50,2.712416,-4.613128800000005
2025-01-15,model1,csi500,2024-12-16,482,1.9620215975103736,2.6079263761435425
2025-01-15,model1,sse50,2024-12-16,49,2.067606734693878,-0.3753328217687117
2025-01-16,model1,csi500,2024-12-16,481,1.1875199376299377,2.974717705046773
2025-01-16,model1,sse50,2024-12-16,47,2.4857602127659577,2.4219276491532744
2025-01-17,model1,csi500,2024-12-16,475,3.601814357894737,2.2504519643450185
2025-01-17,model1,sse50,2024-12-16,49,2.8005555102040818,2.4513074858879684
2025-01-20,model1,csi500,2024-12-16,481,0.8907290644490645,1.8933544533245825
2025-01-20,model1,sse50,2024-12-16,50,-0.6275252,1.5529301743233423
2025-01-21,model1,csi500,2024-12-16,489,-1.70692081799591,0.9285408681159665
2025-01-21,model1,sse50,2024-12-16,50,-4.0319112,-0.6196269632653101
2025-01-22,model1,csi500,2024-12-16,485,-2.988570350515464,-1.2682540346874338
2025-01-22,model1,sse50,2024-12-16,50,-9.2592228,-4.639553066666671
2025-01-23,model1,csi500,2024-12-16,483,-7.904503022774327,-4.199998063761897
2025-01-23,model1,sse50,2024-12-16,48,-5.671687083333333,-6.320940361111114
2025-01-24,model1,csi500,2024-12-16,487,-0.08634655030800815,-3.659806641199264
2025-01-24,model1,sse50,2024-12-16,48,1.0972741666666668,-4.611211905555559
2025-01-27,model1,csi500,2024-12-16,485,0.17481204123711339,-2.6053458439484047
2025-01-27,model1,sse50,2024-12-16,50,1.1035732000000003,-1.1569465722222254
2025-02-05,model1,csi500,2024-12-16,494,-2.408542307692308,-0.7733589389210649
2025-02-05,model1,sse50,2024-12-16,50,-3.254986,-0.351379544444448
2025-02-06,model1,csi500,2024-12-16,490,1.9337912857142856,-0.09997966024696692
2025-02-06,model1,sse50,2024-12-16,48,-0.7286879166666665,-0.9600335722222257
2025-02-07,model1,csi500,2024-12-16,493,4.7658730831643,1.4303740203954287
2025-02-07,model1,sse50,2024-12-16,50,3.5037581999999996,-0.1599719055555592
2025-02-10,model1,csi500,2024-12-16,472,6.447863834745763,4.382509401208119
2025-02-10,model1,sse50,2024-12-16,47,4.84783255319149,2.540967612174937
2025-02-11,model1,csi500,2024-12-16,484,1.2154742768595044,4.143070398256525
2025-02-11,model1,sse50,2024-12-16,50,3.387699,3.91309658439716
2025-02-12,model1,csi500,2024-12-16,474,3.527023396624473,3.7301205027432496
2025-02-12,model1,sse50,2024-12-16,49,8.28003612244898,5.5051892252134875
2025-02-13,model1,csi500,2024-12-16,475,-0.19479010526315788,1.5159025227402758
2025-02-13,model1,sse50,2024-12-16,50,4.9139686000000005,5.527234574149657
2025-02-14,model1,csi500,2024-12-16,481,0.2016289812889814,1.1779540908834347
2025-02-14,model1,sse50,2024-12-16,48,5.182506458333333,6.125503726927434
2025-02-17,model1,csi500,2025-02-17,483,-0.7231950103519669,-0.23878537810871178
2025-02-17,model1,sse50,2024-12-16,50,3.2206738,4.43904961944444
2025-02-18,model1,csi500,2025-02-17,492,-4.764765162601626,-1.7621103972215346
2025-02-18,model1,sse50,2024-12-16,47,-0.423477659574468,2.6599008662529515
2025-02-19,model1,csi500,2025-02-17,483,0.09359287784679098,-1.7981224317022646
2025-02-19,model1,sse50,2024-12-16,47,-2.3707182978723407,0.14215928085106025
2025-02-20,model1,csi500,2025-02-17,477,0.3806322431865828,-1.4301800138560814
2025-02-20,model1,sse50,2024-12-16,49,-2.7575167346938776,-1.8505708973802324
2025-02-21,model1,csi500,2025-02-17,479,0.6098920041753655,0.3613723750695825
2025-02-21,model1,sse50,2024-12-16,48,-1.2736670833333332,-2.1339673719665204
2025-02-24,model1,csi500,2025-02-17,476,1.029553193277311,0.6733591468797558
2025-02-24,model1,sse50,2024-12-16,49,-0.8337657142857141,-1.6216498441043121
2025-02-25,model1,csi500,2025-02-17,488,-0.292316557377049,0.4490428800252119
2025-02-25,model1,sse50,2024-12-16,50,-3.635769,-1.9144005992063526
2025-02-26,model1,csi500,2025-02-17,491,2.3824925661914462,1.039909734030572
2025-02-26,model1,sse50,2024-12-16,49,-0.5082591836734692,-1.6592646326530647
2025-02-27,model1,csi500,2025-02-17,482,-0.17519987551867217,0.6383253777652443
2025-02-27,model1,sse50,2024-12-16,49,1.2614895918367346,-0.9608461972789151
2025-02-28,model1,csi500,2025-02-17,496,-4.947247862903226,-0.9133183907434814
2025-02-28,model1,sse50,2024-12-16,49,-3.6998942857142856,-0.9822212925170103
2025-03-03,model1,csi500,2025-02-17,478,-3.4460386401673637,-2.856162126196418
2025-03-03,model1,sse50,2024-12-16,49,-4.150692244897959,-2.196365646258507
2025-03-04,model1,csi500,2025-02-17,483,2.074360103519669,-2.106308799850304
2025-03-04,model1,sse50,2024-12-16,48,-1.0053381249999997,-2.9519748852040855
2025-03-05,model1,csi500,2025-02-17,477,0.43452784067085964,-0.31238356532560907
2025-03-05,model1,sse50,2024-12-16,48,2.3689289583333335,-0.9290338038548787
2025-03-06,model1,csi500,2025-02-17,485,3.6152585773195876,2.0413821738367077
2025-03-06,model1,sse50,2024-12-16,50,4.6978606,2.0204838111111076
2025-03-07,model1,csi500,2025-02-17,489,2.8999783844580778,2.316588267482844
2025-03-07,model1,sse50,2024-12-16,49,6.119798979591837,4.39552951264172
2025-03-10,model1,csi500,2025-02-17,487,0.7620371868583165,2.42575804954533
2025-03-10,model1,sse50,2024-12-16,49,1.9141587755102043,4.243939451700677
2025-03-11,model1,csi500,2025-02-17,493,4.741168073022313,2.8010612147795713
2025-03-11,model1,sse50,2024-12-16,50,6.9837244,5.005894051700676
2025-03-12,model1,csi500,2025-02-17,480,1.3533973125,2.285534190793546
2025-03-12,model1,sse50,2024-12-16,47,0.7342040425531915,3.2106957393544615
2025-03-13,model1,csi500,2025-02-17,489,-1.1733191820040898,1.6404154011727436
2025-03-13,model1,sse50,2024-12-16,49,-0.8052226530612244,2.3042352631639855
2025-03-14,model1,csi500,2025-02-17,489,3.5847140490797544,1.254930726525224
2025-03-14,model1,sse50,2024-12-16,49,4.0641353061224486,1.331038898538135
2025-03-17,model1,csi500,2025-02-17,473,1.690869471458774,1.3674214461781489
2025-03-17,model1,sse50,2024-12-16,49,2.1960557142857144,1.8183227891156426
2025-03-18,model1,csi500,2025-02-17,478,-0.3669853765690375,1.6361993813231663
2025-03-18,model1,sse50,2024-12-16,50,-1.7797,1.4934970068027174
2025-03-19,model1,csi500,2025-02-17,475,-1.6182002105263158,-0.09810537187885708
2025-03-19,model1,sse50,2024-12-16,47,-1.7908234042553188,-0.4581558966565384
2025-03-20,model1,csi500,2025-02-17,485,-5.054298412371134,-2.346494666488826
2025-03-20,model1,sse50,2024-12-16,49,-5.132723673469387,-2.901082359241572
2025-03-21,model1,csi500,2025-02-17,483,-10.39270430641822,-5.688400976438554
2025-03-21,model1,sse50,2024-12-16,47,-9.73212170212766,-5.551889593284126
2025-03-24,model1,csi500,2025-02-17,472,-8.440487754237289,-7.962496824342213
2025-03-24,model1,sse50,2024-12-16,50,-3.552568,-6.139137791865686
2025-03-25,model1,csi500,2025-02-17,490,-4.316262530612245,-7.716484863755915
2025-03-25,model1,sse50,2024-12-16,49,0.4993591836734694,-4.261776839484734
2025-03-26,model1,csi500,2025-02-17,465,-1.8194396344086021,-4.858729973086042
2025-03-26,model1,sse50,2024-12-16,47,-0.05127234042553193,-1.034827052250691
2025-03-27,model1,csi500,2025-02-17,481,0.9427325987525988,-1.7309898554227463
2025-03-27,model1,sse50,2024-12-16,48,3.2580004166666665,1.235362419971531
2025-03-28,model1,csi500,2025-02-17,486,-1.3673411522633745,-0.7480160626397896
2025-03-28,model1,sse50,2024-12-16,48,-2.71199875,0.16490977541370797
2025-03-31,model1,csi500,2025-02-17,486,-4.744041790123457,-1.7228834478780743
2025-03-31,model1,sse50,2024-12-16,50,-4.6340198,-1.3626727111111148
2025-04-01,model1,csi500,2025-02-17,481,-0.7562061954261954,-2.289196379271006
2025-04-01,model1,sse50,2024-12-16,47,-6.816218936170213,-4.720745828723408
2025-04-02,model1,csi500,2025-02-17,477,0.7682327253668764,-1.5773384200609222
2025-04-02,model1,sse50,2024-12-16,50,-4.6345028,-5.361580512056741
2025-04-03,model1,csi500,2025-02-17,489,1.4074824130879346,0.4731696476762079
2025-04-03,model1,sse50,2024-12-16,50,0.5133372,-3.6457948453900744
2025-04-07,model1,csi500,2025-02-17,489,-2.6227058486707566,-0.14899690340531255
2025-04-07,model1,sse50,2024-12-16,48,-1.3102883333333333,-1.810484644444448
2025-04-08,model1,csi500,2025-02-17,490,-1.793987775510204,-1.0030704036976728
2025-04-08,model1,sse50,2024-12-16,50,1.7410612,0.31470335555555207
2025-04-09,model1,csi500,2025-02-17,493,3.8968188438133873,-0.173291593455855
2025-04-09,model1,sse50,2024-12-16,50,7.5439578,2.658243555555552
2025-04-10,model1,csi500,2025-02-17,472,3.4086062923728817,1.8371457868920242
2025-04-10,model1,sse50,2024-12-16,48,0.5936916666666668,3.292903555555552
2025-04-11,model1,csi500,2025-02-17,476,4.176016911764706,3.827147349316995
2025-04-11,model1,sse50,2024-12-16,47,-1.0351965957446807,2.367484290307325
2025-04-14,model1,csi500,2025-02-17,474,3.416409493670886,3.6670108992694943
2025-04-14,model1,sse50,2024-12-16,49,0.11254061224489811,-0.10965477227770877
2025-04-15,model1,csi500,2025-02-17,481,-0.9294050727650727,2.221007110890176
2025-04-15,model1,sse50,2024-12-16,49,0.963565918367347,0.013636644955851263
2025-04-16,model1,csi500,2025-02-17,484,-3.114467892561983,-0.20915449055205348
2025-04-16,model1,sse50,2024-12-16,50,5.212797,2.0963011768707447
2025-04-17,model1,csi500,2025-02-17,483,-0.2874620082815734,-1.4437783245362068
2025-04-17,model1,sse50,2024-12-16,47,10.380032765957449,5.518798561441595
2025-04-18,model1,csi500,2025-02-17,471,0.9209758598726114,-0.8269846803236454
2025-04-18,model1,sse50,2024-12-16,50,10.533462,8.708763921985812
2025-04-21,model1,csi500,2025-02-17,481,4.525947484407484,1.7198204453328436
2025-04-21,model1,sse50,2024-12-16,50,2.5825464,7.832013721985812
2025-04-22,model1,csi500,2025-02-17,470,5.436497978723405,3.6278071076678367
2025-04-22,model1,sse50,2024-12-16,48,1.3461408333333333,4.820716411111108
2025-04-23,model1,csi500,2025-02-17,479,1.969365949895616,3.977270471008838
2025-04-23,model1,sse50,2024-12-16,50,-4.1781114,-0.0831413888888924
2025-04-24,model1,csi500,2025-02-17,483,-0.28009039337474095,2.3752578450814297
2025-04-24,model1,sse50,2024-12-16,50,-1.289171,-1.3737138555555592
2025-04-25,model1,csi500,2025-02-17,487,-0.50439613963039,0.39495980563016464
2025-04-25,model1,sse50,2024-12-16,48,-2.6251197916666666,-2.697467397222226
2025-04-28,model1,csi500,2025-02-17,492,-3.000818211382114,-1.2617682481290786
2025-04-28,model1,sse50,2024-12-16,50,-0.7937282,-1.5693396638888926
2025-04-29,model1,csi500,2025-02-17,476,-1.3433227731092434,-1.616179041373913
2025-04-29,model1,sse50,2024-12-16,50,-3.0095074,-2.142785130555559
2025-04-30,model1,csi500,2025-02-17,483,-0.1513336645962732,-1.4984915496958735
2025-04-30,model1,sse50,2024-12-16,48,-3.5067404166666667,-2.436658672222226
2025-05-06,model1,csi500,2025-02-17,489,3.7599211451942742,0.7550882358295888
2025-05-06,model1,sse50,2024-12-16,49,-2.4808812244897958,-2.999043013718824
2025-05-07,model1,csi500,2025-02-17,475,0.7639680000000001,1.45751849353267
2025-05-07,model1,sse50,2024-12-16,49,-3.321145306122449,-3.1029223157596406
2025-05-08,model1,csi500,2025-02-17,477,1.8223596226415097,2.1154162559452643
2025-05-08,model1,sse50,2024-12-16,45,0.14972577777777785,-1.884100250944826
2025-05-09,model1,csi500,2025-02-17,487,-0.6377699383983573,0.6495192280810538
2025-05-09,model1,sse50,2024-12-16,47,0.01593276595744694,-1.051828920795745
2025-05-12,model1,csi500,2025-02-17,472,-0.11936006355932194,0.3550765402279464
2025-05-12,model1,sse50,2024-12-16,46,3.5012526086956526,1.2223037174769555
2025-05-13,model1,csi500,2025-02-17,480,-1.8702987916666665,-0.875809597874779
2025-05-13,model1,sse50,2024-12-16,49,1.3346334693877553,1.6172729480136148
2025-05-14,model1,csi500,2025-02-17,481,-1.1061370893970892,-1.0319319815410228
2025-05-14,model1,sse50,2024-12-16,49,4.676736530612245,3.1708742028985473
2025-05-15,model1,csi500,2025-02-17,484,-3.6817866115702476,-2.219407497544665
2025-05-15,model1,sse50,2024-12-16,48,2.671134375,2.894168124999996
2025-05-16,model1,csi500,2025-02-17,479,-3.364909624217119,-2.717611108394815
2025-05-16,model1,sse50,2024-12-16,49,-0.846642857142857,2.167076016156459
2025-05-19,model1,csi500,2025-02-17,479,-0.1843779958246346,-2.4103580772039974
2025-05-19,model1,sse50,2024-12-16,48,-1.7039175,0.040191339285710725
2025-05-20,model1,csi500,2025-02-17,479,1.12801127348643,-0.8070921155184382
2025-05-20,model1,sse50,2024-12-16,46,-3.159224347826087,-1.903261568322985
2025-05-21,model1,csi500,2025-02-17,471,1.300781974522293,0.7481384173946992
2025-05-21,model1,sse50,2024-12-16,49,-1.9485640816326528,-2.2705686431529166
2025-05-22,model1,csi500,2025-02-17,489,-1.8899347443762782,0.17961950121081802
2025-05-22,model1,sse50,2024-12-16,48,-1.18631625,-2.098034893152917
2025-05-23,model1,csi500,2025-02-17,487,-5.908285995893223,-2.1658129219157334
2025-05-23,model1,sse50,2024-12-16,49,-4.490337346938776,-2.5417392261904794
2025-05-26,model1,csi500,2025-02-17,477,-2.6314187002096436,-3.476546480159712
2025-05-26,model1,sse50,2024-12-16,46,-3.3419926086956515,-3.0062154018781455
2025-05-27,model1,csi500,2025-02-17,469,-2.067031151385928,-3.535578615829595
2025-05-27,model1,sse50,2024-12-16,48,-5.980440416666666,-4.604256790767034
2025-05-28,model1,csi500,2025-02-17,483,-2.3995295238095236,-2.3659931251350286
2025-05-28,model1,sse50,2024-12-16,47,-7.8906974468085105,-5.737710157390279
2025-05-29,model1,csi500,2025-02-17,481,2.598031954261954,-0.6228429069778293
2025-05-29,model1,sse50,2024-12-16,47,-2.3577540425531915,-5.4096306353427925
2025-05-30,model1,csi500,2025-02-17,483,1.0750841200828156,0.42452885017841835
2025-05-30,model1,sse50,2024-12-16,49,-3.0098506122448976,-4.41943403386887
2025-06-03,model1,csi500,2025-02-17,486,2.129552160493827,1.934222744946202
2025-06-03,model1,sse50,2024-12-16,49,-2.26929387755102,-2.545632844116373
2025-06-04,model1,csi500,2025-02-17,472,4.332990127118644,2.512542135898432
2025-06-04,model1,sse50,2024-12-16,47,0.11376510638297876,-1.7217931278043161
2025-06-05,model1,csi500,2025-02-17,488,2.639653217213115,3.0340651682751982
2025-06-05,model1,sse50,2024-12-16,47,-0.41470765957446787,-0.856745476914173
2025-06-06,model1,csi500,2025-02-17,471,0.7848350530785564,2.585826132470108
2025-06-06,model1,sse50,2024-12-16,47,-0.08867085106382962,-0.12987113475177617
2025-06-09,model1,csi500,2025-02-17,469,2.2684409381663118,1.8976430694859971
2025-06-09,model1,sse50,2024-12-16,44,-0.9469947727272726,-0.48345776112185995
2025-06-10,model1,csi500,2025-02-17,492,-1.7043602439024388,0.4496385824474794
2025-06-10,model1,sse50,2024-12-16,50,-1.5146845999999998,-0.850116741263704
2025-06-11,model1,csi500,2025-02-17,474,0.06534360759493682,0.20980810061960622
2025-06-11,model1,sse50,2024-12-16,47,0.4405576595744682,-0.6737072377176047
2025-06-12,model1,csi500,2025-02-17,475,0.15050261052631586,-0.4961713419270591
2025-06-12,model1,sse50,2024-12-16,48,-1.1842822916666667,-0.7528030773640694
2025-06-13,model1,csi500,2025-02-17,483,-2.806618447204969,-0.8635907430279025
2025-06-13,model1,sse50,2024-12-16,49,-0.9235606122448979,-0.5557617481123688
2025-06-16,model1,csi500,2025-06-16,482,-0.5126142116182572,-1.0562433494323005
2025-06-16,model1,sse50,2025-06-16,50,1.3203292000000002,-0.2625045679705247
2025-06-17,model1,csi500,2025-06-16,471,-0.7411302547770698,-1.3534543045334289
2025-06-17,model1,sse50,2025-06-16,48,1.7093095833333336,0.7020260570294754
2025-06-18,model1,csi500,2025-06-16,482,-2.015690601659751,-1.0898116893516898
2025-06-18,model1,sse50,2025-06-16,49,0.77688,1.2688395944444413
2025-06-19,model1,csi500,2025-06-16,496,-5.344221552419355,-2.700347469618722
2025-06-19,model1,sse50,2025-06-16,47,-0.6854589361702127,0.6002435490543704
2025-06-20,model1,csi500,2025-06-16,470,-6.938857170212766,-4.766256441430621
2025-06-20,model1,sse50,2025-06-16,50,2.8477206000000006,0.9797138879432593
2025-06-23,model1,csi500,2025-06-16,481,-0.44340675675675667,-4.242161826462957
2025-06-23,model1,sse50,2025-06-16,48,3.5515385416666665,1.9046000684988147
2025-06-24,model1,csi500,2025-06-16,487,4.146079548254621,-1.0787281262382977
2025-06-24,model1,sse50,2025-06-16,49,7.479795714285714,4.626351618650791
2025-06-25,model1,csi500,2025-06-16,488,7.903889897540984,3.8688542296796187
2025-06-25,model1,sse50,2025-06-16,50,13.3823884,8.137907551984123
2025-06-26,model1,csi500,2025-06-16,486,3.51652170781893,5.188830384538181
2025-06-26,model1,sse50,2025-06-16,49,9.888145714285715,10.25010994285714
2025-06-27,model1,csi500,2025-06-16,469,2.716679744136461,4.712363783165461
2025-06-27,model1,sse50,2025-06-16,49,1.741641836734694,8.337391983673466
2025-06-30,model1,csi500,2025-06-16,480,2.1333222083333334,2.7888412200962445
2025-06-30,model1,sse50,2025-06-16,50,1.1228920000000002,4.250893183673466
2025-07-01,model1,csi500,2025-06-16,474,1.0009753586497891,1.9503257703731975
2025-07-01,model1,sse50,2025-06-16,47,0.7481951063829788,1.2042429810392214
2025-07-02,model1,csi500,2025-06-16,476,-0.9373836974789915,0.7323046231680467
2025-07-02,model1,sse50,2025-06-16,48,-0.69993125,0.39038528546099
2025-07-03,model1,csi500,2025-06-16,465,0.18313081720430122,0.0822408261250359
2025-07-03,model1,sse50,2025-06-16,50,-1.7459251999999998,-0.56588711453901
2025-07-04,model1,csi500,2025-06-16,478,-0.6274016317991631,-0.4605515040246148
2025-07-04,model1,sse50,2025-06-16,49,0.4032367346938777,-0.680873238435377
2025-07-07,model1,csi500,2025-06-16,485,-0.37007437113402053,-0.27144839524295783
2025-07-07,model1,sse50,2025-06-16,49,0.5576585714285714,-0.26167663129251983
2025-07-08,model1,csi500,2025-06-16,490,3.0935286530612247,0.69868421670935
2025-07-08,model1,sse50,2025-06-16,49,2.7346173469387756,1.2318375510204052
2025-07-09,model1,csi500,2025-06-16,472,1.6896102542372884,1.4710215120548338
2025-07-09,model1,sse50,2025-06-16,48,0.4304379166666668,1.2409046116780016
2025-07-10,model1,csi500,2025-06-16,490,3.3800626326530616,2.721067179983861
2025-07-10,model1,sse50,2025-06-16,49,-0.7395885714285713,0.8084888973922872
2025-07-11,model1,csi500,2025-06-16,475,6.137879747368421,3.7358508780862603
2025-07-11,model1,sse50,2025-06-16,48,-1.2004079166666668,-0.5031861904761935
2025-07-14,model1,csi500,2025-06-16,483,2.370097225672878,3.96267986856479
2025-07-14,model1,sse50,2025-06-16,49,-0.38480795918367333,-0.7749348157596403
2025-07-15,model1,csi500,2025-06-16,491,-0.6936930753564153,2.6047612992282976
2025-07-15,model1,sse50,2025-06-16,48,-1.3758606249999998,-0.9870255002834497
2025-07-16,model1,csi500,2025-06-16,482,-0.6781748755186721,0.3327430915992665
2025-07-16,model1,sse50,2025-06-16,47,-5.867342127659574,-2.542670237281085
2025-07-17,model1,csi500,2025-06-16,470,2.080239361702128,0.23612380360901644
2025-07-17,model1,sse50,2025-06-16,47,-3.9941370212765954,-3.7457799246453924
2025-07-18,model1,csi500,2025-06-16,458,2.202043515283843,1.2013693338224358
2025-07-18,model1,sse50,2025-06-16,48,1.3813145833333333,-2.826721521867615
2025-07-21,model1,csi500,2025-06-16,483,3.5720483229813667,2.6181103999891153
2025-07-21,model1,sse50,2025-06-16,49,2.004121632653061,-0.20290026843006995
2025-07-22,model1,csi500,2025-06-16,484,6.983116776859505,4.252402871708241
2025-07-22,model1,sse50,2025-06-16,50,5.6216574,3.0023645386621283
2025-07-23,model1,csi500,2025-06-16,488,1.6429014344262296,4.066022178089037
2025-07-23,model1,sse50,2025-06-16,47,1.9968780851063832,3.2075523725864787
2025-07-24,model1,csi500,2025-06-16,493,3.672131622718053,4.099383278001265
2025-07-24,model1,sse50,2025-06-16,50,3.5260984000000004,3.714877961702125
2025-07-25,model1,csi500,2025-06-16,489,2.2626139877300613,2.525882348291451
2025-07-25,model1,sse50,2025-06-16,50,1.3756790000000003,2.2995518283687915
2025-07-28,model1,csi500,2025-06-16,481,-0.3374584407484406,1.8657623898998945
2025-07-28,model1,sse50,2025-06-16,49,-1.8360287755102036,1.0219162081632627
2025-07-29,model1,csi500,2025-06-16,474,1.211949535864979,1.0457016942822028
2025-07-29,model1,sse50,2025-06-16,49,-1.5315465306122447,-0.6639654353741523
2025-07-30,model1,csi500,2025-06-16,483,0.08797198757763987,0.320821027564729
2025-07-30,model1,sse50,2025-06-16,49,1.7332493877551023,-0.5447753061224516
2025-07-31,model1,csi500,2025-06-16,496,-3.9615380443548385,-0.8872055069707369
2025-07-31,model1,sse50,2025-06-16,50,-2.449153,-0.7491500476190504
2025-08-01,model1,csi500,2025-06-16,479,-3.3951573486430062,-2.422907801806732
2025-08-01,model1,sse50,2025-06-16,49,-5.640956326530612,-2.1189533129251727
2025-08-04,model1,csi500,2025-06-16,480,1.6865513541666668,-1.8900480129437227
2025-08-04,model1,sse50,2025-06-16,46,1.9170004347826086,-2.0577029639160043
2025-08-05,model1,csi500,2025-06-16,480,3.2291888125,0.5068609393412231
2025-08-05,model1,sse50,2025-06-16,48,5.319321875,0.5317886610839958
2025-08-06,model1,csi500,2025-06-16,477,5.528198343815514,3.4813128368273962
2025-08-06,model1,sse50,2025-06-16,48,6.542847708333333,4.593056672705312
2025-08-07,model1,csi500,2025-06-16,475,3.44625172631579,4.06787962754377
2025-08-07,model1,sse50,2025-06-16,45,5.960833111111111,5.941000898148146
2025-08-08,model1,csi500,2025-06-16,475,0.7463893684210529,3.240279812850788
2025-08-08,model1,sse50,2025-06-16,47,3.5865289361702133,5.363403251871549
2025-08-11,model1,csi500,2025-06-16,481,1.5024451351351351,1.8983620766239955
2025-08-11,model1,sse50,2025-06-16,49,-1.5128418367346936,2.6781734035155407
2025-08-12,model1,csi500,2025-06-16,477,0.9760802725366877,1.0749715920309615
2025-08-12,model1,sse50,2025-06-16,48,0.2925743750000001,0.788753824811837
2025-08-13,model1,csi500,2025-06-16,467,2.428527023554604,1.6356841437421454
2025-08-13,model1,sse50,2025-06-16,47,-1.3367185106382977,-0.8523286574576666
2025-08-14,model1,csi500,2025-06-16,495,-1.9153663434343433,0.4964136508856525
2025-08-14,model1,sse50,2025-06-16,46,-2.993969347826087,-1.3460378278214644
2025-08-15,model1,csi500,2025-06-16,494,2.0827009311740894,0.8652872037647864
2025-08-15,model1,sse50,2025-06-16,47,0.26414106382978747,-1.3555155982115352
2025-08-18,model1,csi500,2025-06-16,478,3.8437759414225945,1.3370368430541166
2025-08-18,model1,sse50,2025-06-16,47,-2.6135114893617017,-1.781113257786003
2025-08-19,model1,csi500,2025-06-16,474,1.269062341772152,2.3985130714562817
2025-08-19,model1,sse50,2025-06-16,50,-6.7999234,-3.049764608510641
2025-08-20,model1,csi500,2025-06-16,491,5.000924541751528,3.3712542749820944
2025-08-20,model1,sse50,2025-06-16,48,2.5031672916666667,-2.303422532565015
2025-08-21,model1,csi500,2025-06-16,489,3.468546421267894,3.246177768263861
2025-08-21,model1,sse50,2025-06-16,49,4.962426326530612,0.22189007273242348
2025-08-22,model1,csi500,2025-06-16,482,3.9629765352697097,4.144149166096381
2025-08-22,model1,sse50,2025-06-16,47,6.122271489361702,4.529288369186324
2025-08-25,model1,csi500,2025-06-16,488,5.991656618852459,4.474393191796691
2025-08-25,model1,sse50,2025-06-16,50,10.317333800000002,7.134010538630768
2025-08-26,model1,csi500,2025-06-16,485,5.139863257731959,5.031498803951379
2025-08-26,model1,sse50,2025-06-16,49,6.921588571428572,7.787064620263422
2025-08-27,model1,csi500,2025-06-16,499,-1.9847211623246492,3.048932904753259
2025-08-27,model1,sse50,2025-06-16,50,-3.3557528000000003,4.627723190476189
2025-08-28,model1,csi500,2025-06-16,487,-0.43280388090349065,0.9074460715012762
2025-08-28,model1,sse50,2025-06-16,47,-3.4598553191489363,0.035326817426542124
2025-08-29,model1,csi500,2025-06-16,487,-0.43242572895277204,-0.9499835907269677
2025-08-29,model1,sse50,2025-06-16,50,-1.8300048000000002,-2.8818709730496486
2025-09-01,model1,csi500,2025-06-16,485,-0.9912701030927834,-0.6188332376496791
2025-09-01,model1,sse50,2025-06-16,49,-5.0990714285714285,-3.4629771825734585
2025-09-02,model1,csi500,2025-06-16,487,-4.794778603696098,-2.0728248119138817
2025-09-02,model1,sse50,2025-06-16,49,-1.34324693877551,-2.757441055782316
2025-09-03,model1,csi500,2025-06-16,496,-9.132507439516129,-4.972852048768334
2025-09-03,model1,sse50,2025-06-16,49,-6.435231020408163,-4.292516462585037
2025-09-04,model1,csi500,2025-06-16,479,-12.664397453027139,-8.863894498746452
2025-09-04,model1,sse50,2025-06-16,46,-8.454397391304349,-5.410958450162677
2025-09-05,model1,csi500,2025-06-16,485,1.2496811134020618,-6.849074593047065
2025-09-05,model1,sse50,2025-06-16,48,-0.33229249999999994,-5.073973637237507
2025-09-08,model1,csi500,2025-06-16,488,3.436601086065574,-2.6593717511864976
2025-09-08,model1,sse50,2025-06-16,48,0.8860000000000001,-2.633563297101453
2025-09-09,model1,csi500,2025-06-16,488,1.7978029713114754,2.1613617235930405
2025-09-09,model1,sse50,2025-06-16,47,0.7030948936170214,0.4189341312056709
2025-09-10,model1,csi500,2025-06-16,484,-0.1314680991735536,1.700978652734502
2025-09-10,model1,sse50,2025-06-16,47,-0.13479319148936172,0.48476723404255034
2025-09-11,model1,csi500,2025-06-16,485,4.035716618556701,1.9006838302315445
2025-09-11,model1,sse50,2025-06-16,48,4.103562291666667,1.5572879979314393
2025-09-12,model1,csi500,2025-06-16,494,2.262047651821862,2.05543205706834
2025-09-12,model1,sse50,2025-06-16,49,0.7394122448979592,1.569393781691752
2025-09-15,model1,csi500,2025-06-16,491,-0.8201010997963339,1.8258877235274131
2025-09-15,model1,sse50,2025-06-16,50,-1.91571,0.9757548455215391
2025-09-16,model1,csi500,2025-06-16,476,-0.6179580042016806,0.2746628492746194
2025-09-16,model1,sse50,2025-06-16,50,-3.5321423999999997,-1.5694800517006833
2025-09-17,model1,csi500,2025-06-16,480,0.5638693958333334,-0.2913965693882235
2025-09-17,model1,sse50,2025-06-16,47,-4.246280425531915,-3.231377608510641
2025-09-18,model1,csi500,2025-06-16,495,-3.8696680404040404,-1.3079188829241257
2025-09-18,model1,sse50,2025-06-16,50,-13.496159800000001,-7.091527541843974
2025-09-19,model1,csi500,2025-06-16,489,-3.313676400817996,-2.2064916817962312
2025-09-19,model1,sse50,2025-06-16,47,-8.079157021276595,-8.607199082269508
2025-09-22,model1,csi500,2025-06-16,491,-3.146058716904277,-3.4431343860421015
2025-09-22,model1,sse50,2025-06-16,50,-6.1233668,-9.232894540425535
2025-09-23,model1,csi500,2025-06-16,490,-6.025237183673469,-4.161657433798577
2025-09-23,model1,sse50,2025-06-16,50,-3.8723419999999997,-6.024955273758867
2025-09-24,model1,csi500,2025-06-16,493,2.3697255375253548,-2.26719012101746
2025-09-24,model1,sse50,2025-06-16,48,1.2431750000000001,-2.91751126666667
2025-09-25,model1,csi500,2025-06-16,489,2.07938854805726,-0.5253743660302813
2025-09-25,model1,sse50,2025-06-16,50,2.035142,-0.1980083333333361
2025-09-26,model1,csi500,2025-06-16,474,0.526692594936709,1.658602226839778
2025-09-26,model1,sse50,2025-06-16,49,1.6602618367346942,1.6461929455782285
2025-09-29,model1,csi500,2025-06-16,481,2.713717817047817,1.773266320013932
2025-09-29,model1,sse50,2025-06-16,50,3.6741898,2.4565312122448955
2025-09-30,model1,csi500,2025-06-16,478,2.6053402092050213,1.948583540396519
2025-09-30,model1,sse50,2025-06-16,48,0.6751987500000003,2.0032167955782287
2025-10-09,model1,csi500,2025-06-16,492,3.246090223577236,2.855049416610028
2025-10-09,model1,sse50,2025-06-16,49,5.3846016326530615,3.244663394217684
2025-10-10,model1,csi500,2025-06-16,490,3.0832147142857145,2.9782150490226607
2025-10-10,model1,sse50,2025-06-16,50,5.582563599999999,3.880787994217684
2025-10-13,model1,csi500,2025-06-16,495,7.08049890909091,4.46993461565129
2025-10-13,model1,sse50,2025-06-16,50,10.2923902,7.086518477551017
2025-10-14,model1,csi500,2025-06-16,493,3.6828513387423936,4.615521654039676
2025-10-14,model1,sse50,2025-06-16,49,11.11559612244898,8.996849974149656
2025-10-15,model1,csi500,2025-06-16,486,5.413970802469136,5.3924403501008165
2025-10-15,model1,sse50,2025-06-16,49,9.064413265306124,10.157466529251698
2025-10-16,model1,csi500,2025-06-16,486,1.138976728395062,3.411932956535534
2025-10-16,model1,sse50,2025-06-16,49,14.6279106122449,11.60264
2025-10-17,model1,csi500,2025-06-16,497,-5.629367525150905,0.30786000190443463
2025-10-17,model1,sse50,2025-06-16,49,-0.275689387755102,7.805544829931971
2025-10-20,model1,csi500,2025-06-16,474,-8.550410949367087,-4.346933915374307
2025-10-20,model1,sse50,2025-06-16,48,-3.1469147916666667,3.7351021442743737
2025-10-21,model1,csi500,2025-06-16,492,-0.09858995934959343,-4.759456144622525
2025-10-21,model1,sse50,2025-06-16,49,0.0008781632653061726,-1.1405753387188238
2025-10-22,model1,csi500,2025-06-16,481,-0.49395237006237,-3.047651092926347
2025-10-22,model1,sse50,2025-06-16,50,0.6028745999999999,-0.8477206761337898
2025-10-23,model1,csi500,2025-06-16,487,1.3012795482546202,0.2362457396142225
2025-10-23,model1,sse50,2025-06-16,48,3.8906187500000002,1.4981238377550994
2025-10-24,model1,csi500,2025-06-16,495,2.843969353535354,1.217098843909205
2025-10-24,model1,sse50,2025-06-16,48,6.6429760416666666,3.712156463888886
2025-10-27,model1,csi500,2025-06-16,473,2.7599470824524315,2.301731994747472
2025-10-27,model1,sse50,2025-06-16,50,6.100561,5.544718597222219
2025-10-28,model1,csi500,2025-06-16,489,0.26888177914110445,1.957599405042967
2025-10-28,model1,sse50,2025-06-16,50,3.0052574000000005,5.249598147222219
2025-10-29,model1,csi500,2025-06-16,489,3.617615562372188,2.215481474655245
2025-10-29,model1,sse50,2025-06-16,49,3.7504853061224495,4.28543456870748
2025-10-30,model1,csi500,2025-06-16,490,0.09025063265306128,1.3255826580554548
2025-10-30,model1,sse50,2025-06-16,47,2.3710421276595746,3.0422616112606717
2025-10-31,model1,csi500,2025-06-16,489,-1.3309842740286297,0.7922939736655433
2025-10-31,model1,sse50,2025-06-16,49,-0.9887977551020408,1.7109098928933246
2025-11-03,model1,csi500,2025-06-16,486,-0.6896621399176953,-0.6434652604310843
2025-11-03,model1,sse50,2025-06-16,50,-0.3055627999999999,0.3588938575191747
2025-11-04,model1,csi500,2025-06-16,484,-4.813476880165289,-2.278041098037201
2025-11-04,model1,sse50,2025-06-16,49,-1.4674338775510203,-0.9205981442176903
2025-11-05,model1,csi500,2025-06-16,495,1.812054282828283,-1.2303615790848967
2025-11-05,model1,sse50,2025-06-16,49,0.8975551020408163,-0.2918138585034045
2025-11-06,model1,csi500,2025-06-16,479,3.91774375782881,0.305440386830605
2025-11-06,model1,sse50,2025-06-16,47,4.416334042553191,1.2821517556809925
2025-11-07,model1,csi500,2025-06-16,473,3.1831266807610996,2.9709749071394014
2025-11-07,model1,sse50,2025-06-16,49,4.819166530612246,3.3776852250687477
2025-11-10,model1,csi500,2025-06-16,489,4.0729736196319015,3.72461468607394
2025-11-10,model1,sse50,2025-06-16,50,6.241424800000001,5.158975124388476
2025-11-11,model1,csi500,2025-06-16,486,2.1298255144032927,3.128641938265435
2025-11-11,model1,sse50,2025-06-16,47,1.3612351063829788,4.140608812331739
2025-11-12,model1,csi500,2025-06-16,486,-1.624560041152263,1.5260796976276474
2025-11-12,model1,sse50,2025-06-16,50,-3.7695513999999997,1.27770283546099
2025-11-13,model1,csi500,2025-06-16,481,1.9436309563409566,0.816298809863999
2025-11-13,model1,sse50,2025-06-16,46,1.2151884782608697,-0.3977092717853869
2025-11-14,model1,csi500,2025-06-16,473,-0.1266721353065539,0.06413292662738347
2025-11-14,model1,sse50,2025-06-16,50,-3.2934868,-1.9492832405797131
2025-11-17,model1,csi500,2025-06-16,489,-2.0751603476482616,-0.0860671755379494
2025-11-17,model1,sse50,2025-06-16,49,-5.87461469387755,-2.6509710052055637
2025-11-18,model1,csi500,2025-06-16,489,-4.5675237423312876,-2.256452075095364
2025-11-18,model1,sse50,2025-06-16,48,-6.052245416666666,-5.073448970181409
2025-11-19,model1,csi500,2025-06-16,486,-6.507368765432099,-4.383350951803879
2025-11-19,model1,sse50,2025-06-16,49,-0.5882824489795919,-4.1717141865079395
2025-11-20,model1,csi500,2025-06-16,490,-10.456082857142857,-7.176991788302078
2025-11-20,model1,sse50,2025-06-16,49,-0.42940102040816297,-2.3566429620181437
2025-11-21,model1,csi500,2025-06-16,494,-16.074751457489878,-11.012734360021605
2025-11-21,model1,sse50,2025-06-16,49,-5.892422857142857,-2.3033687755102075
2025-11-24,model1,csi500,2025-06-16,488,-10.525073135245902,-12.351969149959542
2025-11-24,model1,sse50,2025-06-16,48,-7.92357625,-4.748466709183677
2025-11-25,model1,csi500,2025-06-16,478,-4.5648754184100415,-10.388233337048604
2025-11-25,model1,sse50,2025-06-16,47,-8.585989787234043,-7.467329631458971
2025-11-26,model1,csi500,2025-06-16,490,-4.910518755102041,-6.666822436252659
2025-11-26,model1,sse50,2025-06-16,50,-5.967454,-7.4923400124113515
2025-11-27,model1,csi500,2025-06-16,471,-3.3274685987261146,-4.267620924079395
2025-11-27,model1,sse50,2025-06-16,48,-3.3492954166666666,-5.967579734633573
2025-11-28,model1,csi500,2025-06-16,485,2.202759257731959,-2.0117426986987286
2025-11-28,model1,sse50,2025-06-16,50,-0.9168936,-3.4112143388888927
2025-12-01,model1,csi500,2025-06-16,486,4.40771524691358,1.094335301973145
2025-12-01,model1,sse50,2025-06-16,49,2.447176530612245,-0.6063374953514774
2025-12-02,model1,csi500,2025-06-16,482,0.8461913485477179,2.4855552843977557
2025-12-02,model1,sse50,2025-06-16,46,-0.6109434782608696,0.30644648411712166
2025-12-03,model1,csi500,2025-06-16,487,-0.529711252566735,1.5747317809648578
2025-12-03,model1,sse50,2025-06-16,48,-3.495813333333333,-0.5531934269939893
2025-12-04,model1,csi500,2025-06-16,480,-2.0971201458333333,-0.5935466832841132
2025-12-04,model1,sse50,2025-06-16,50,-1.7849339999999998,-1.963896937198071
2025-12-05,model1,csi500,2025-06-16,492,1.37694918699187,-0.41662740380272917
2025-12-05,model1,sse50,2025-06-16,48,-0.34146166666666655,-1.8740696666666699
2025-12-08,model1,csi500,2025-06-16,483,0.7687205175983438,0.016183186252297088
2025-12-08,model1,sse50,2025-06-16,48,-0.7784641666666666,-0.9682866111111146
2025-12-09,model1,csi500,2025-06-16,492,-1.7776857926829268,0.12266130396909929
2025-12-09,model1,sse50,2025-06-16,50,0.16445360000000003,-0.31849074444444797
2025-12-10,model1,csi500,2025-06-16,484,1.0745967355371904,0.021877153484206085
2025-12-10,model1,sse50,2025-06-16,50,-0.30044399999999977,-0.30481818888889234
2025-12-11,model1,csi500,2025-06-16,492,-3.052015569105691,-1.2517015420838054
2025-12-11,model1,sse50,2025-06-16,50,-5.4311378,-1.8557094000000036
2025-12-12,model1,csi500,2025-06-16,488,-0.9492229303278688,-0.9755472546321196
2025-12-12,model1,sse50,2025-06-16,46,-2.575570652173913,-2.769050817391308
2025-12-15,model1,csi500,2025-12-15,480,0.562983875,-1.1460848748111832
2025-12-15,model1,sse50,2025-12-15,50,-1.2040488,-3.0702524173913086
2025-12-16,model1,csi500,2025-12-15,489,-2.5035605316973415,-0.9632665290083998
2025-12-16,model1,sse50,2025-12-15,50,-1.8343036000000001,-1.8713076840579745
2025-12-17,model1,csi500,2025-12-15,490,2.4225395918367347,0.16065431171313463
2025-12-17,model1,sse50,2025-12-15,50,2.2801384000000002,-0.25273800000000346
2025-12-18,model1,csi500,2025-12-15,478,3.2086198744769874,1.0425329782054638
2025-12-18,model1,sse50,2025-12-15,47,3.7529991489361705,1.3996113163120534
2025-12-19,model1,csi500,2025-12-15,496,4.1626045967741945,3.2645880210293092
2025-12-19,model1,sse50,2025-12-15,47,4.7731104255319154,3.602082658156025
2025-12-22,model1,csi500,2025-12-15,485,4.630028701030928,4.0004177240940395
2025-12-22,model1,sse50,2025-12-15,48,3.3559429166666668,3.9606841637115804
2025-12-23,model1,csi500,2025-12-15,488,1.495212848360656,3.4292820487219298
2025-12-23,model1,sse50,2025-12-15,48,1.2542027083333334,3.1277520168439676
2025-12-24,model1,csi500,2025-12-15,489,3.64146163599182,3.255567728461138
2025-12-24,model1,sse50,2025-12-15,48,-0.25518749999999985,1.45165270833333
2025-12-25,model1,csi500,2025-12-15,471,4.9470350106157115,3.3612364983227323
2025-12-25,model1,sse50,2025-12-15,47,1.7718040425531913,0.9236064169621714
2025-12-26,model1,csi500,2025-12-15,480,4.218912020833334,4.2691362224802925
2025-12-26,model1,sse50,2025-12-15,48,0.22243541666666677,0.5796839864066158
2025-12-29,model1,csi500,2025-12-15,485,0.3952942061855671,3.187080412544874
2025-12-29,model1,sse50,2025-12-15,49,-1.2585444897959182,0.24523165647464307
2025-12-30,model1,csi500,2025-12-15,483,1.0342754865424433,1.8828272378537847
2025-12-30,model1,sse50,2025-12-15,49,-1.2581542857142856,-0.7647544529478493
2025-12-31,model1,csi500,2025-12-15,484,-1.049359194214876,0.12673683283771475
2025-12-31,model1,sse50,2025-12-15,46,-4.2247189130434775,-2.2471392295178974
2026-01-05,model1,csi500,2025-12-15,490,2.4701065102040816,0.8183409341772195
2026-01-05,model1,sse50,2025-12-15,50,1.0289132000000003,-1.4846533329192575
2026-01-06,model1,csi500,2025-12-15,494,6.028428643724697,2.4830586532379706
2026-01-06,model1,sse50,2025-12-15,49,5.68509387755102,0.8297627215025104
2026-01-07,model1,csi500,2025-12-15,488,3.7952878073770493,4.097940987101945
2026-01-07,model1,sse50,2025-12-15,50,2.4411760000000005,3.051727692517003
2026-01-08,model1,csi500,2025-12-15,487,3.1298331211498973,4.317849857417218
2026-01-08,model1,sse50,2025-12-15,50,-1.1147881999999998,2.33716055918367
2026-01-09,model1,csi500,2025-12-15,488,6.456885717213115,4.4606688819133575
2026-01-09,model1,sse50,2025-12-15,49,-1.3926844897959179,-0.02209889659864291
2026-01-12,model1,csi500,2026-01-12,482,6.0601304356846475,5.215616424682557
2026-01-12,model1,sse50,2025-12-15,48,-0.8376529166666667,-1.1150418688208654
2026-01-13,model1,csi500,2026-01-12,481,0.2850355093555094,4.267350554084428
2026-01-13,model1,sse50,2025-12-15,48,-1.9173725,-1.3825699688208655
2026-01-14,model1,csi500,2026-01-12,486,-0.29228652263374477,2.017626474135474
2026-01-14,model1,sse50,2025-12-15,49,-4.700728163265306,-2.4852511933106616
2026-01-15,model1,csi500,2026-01-12,481,-0.0017229937629936094,-0.0029913356804063974
2026-01-15,model1,sse50,2025-12-15,46,-5.297973043478261,-3.972024568914526
2026-01-16,model1,csi500,2026-01-12,486,-2.504804794238683,-0.9329381035451371
2026-01-16,model1,sse50,2025-12-15,50,-10.704384,-6.901028402247859
2026-01-19,model1,csi500,2026-01-12,482,1.2381759128630707,-0.42278395837953203
2026-01-19,model1,sse50,2025-12-15,50,-9.449092,-8.48381634782609
2026-01-20,model1,csi500,2026-01-12,489,0.02889619631901844,-0.4125775616855279
2026-01-20,model1,sse50,2025-12-15,47,-2.5063676595744684,-7.55328121985816
2026-01-21,model1,csi500,2026-01-12,480,2.4710216875,1.2460312655606998
2026-01-21,model1,sse50,2025-12-15,50,-3.7907756,-5.248745086524827
2026-01-22,model1,csi500,2026-01-12,489,3.712408527607362,2.0707754704754637
2026-01-22,model1,sse50,2025-12-15,46,-3.63833652173913,-3.311826593771203
2026-01-23,model1,csi500,2026-01-12,486,6.4362265637860085,4.206552259631127
2026-01-23,model1,sse50,2025-12-15,49,-6.399844897959183,-4.609652339899442
2026-01-26,model1,csi500,2026-01-12,483,2.7426497515527952,4.297094947648725
2026-01-26,model1,sse50,2025-12-15,50,-5.2839496,-5.107377006566108
2026-01-27,model1,csi500,2026-01-12,490,0.316541836734694,3.165139384024503
2026-01-27,model1,sse50,2025-12-15,50,-8.8376564,-6.840483632653065
2026-01-28,model1,csi500,2026-01-12,488,-0.2022668442622949,0.9523082480084013
2026-01-28,model1,sse50,2025-12-15,50,-9.3962044,-7.839270133333336
2026-01-29,model1,csi500,2026-01-12,483,-1.3437951138716355,-0.4098400404664089
2026-01-29,model1,sse50,2025-12-15,50,-2.2674756,-6.833778800000004
2026-01-30,model1,csi500,2026-01-12,493,-4.730553306288033,-2.092205088140651
2026-01-30,model1,sse50,2025-12-15,49,-1.209137551020408,-4.290939183673473
2026-02-02,model1,csi500,2026-01-12,489,-10.075829570552147,-5.383392663570601
2026-02-02,model1,sse50,2025-12-15,49,-4.404058775510204,-2.6268906421768743
2026-02-03,model1,csi500,2026-01-12,486,-1.2247725102880658,-5.343718462376079
2026-02-03,model1,sse50,2025-12-15,50,-2.2446368,-2.6192777088435406
2026-02-04,model1,csi500,2026-01-12,499,1.7297369939879759,-3.1902883622840754
2026-02-04,model1,sse50,2025-12-15,50,0.401804,-2.082297191836738
2026-02-05,model1,csi500,2026-01-12,490,0.31218400000000013,0.27238282789997303
2026-02-05,model1,sse50,2025-12-15,48,2.8751374999999997,0.344101566666663
2026-02-06,model1,csi500,2026-01-12,474,0.9040532278481014,0.9819914072786955
2026-02-06,model1,sse50,2025-12-15,49,1.8208630612244898,1.699268187074826
2026-02-09,model1,csi500,2026-01-12,483,1.5343507660455489,0.9168626646312198
2026-02-09,model1,sse50,2025-12-15,48,3.0337254166666665,2.576575325963715
2026-02-10,model1,csi500,2026-01-12,485,-0.9499353608247422,0.4961562110229723
2026-02-10,model1,sse50,2025-12-15,50,1.7512062000000004,2.2019315592970488
2026-02-11,model1,csi500,2026-01-12,480,-0.8265709166666666,-0.08071850381528367
2026-02-11,model1,sse50,2025-12-15,46,1.955696739130435,2.2468761185990305
2026-02-12,model1,csi500,2026-01-12,492,0.1020289634146343,-0.5581591046922553
2026-02-12,model1,sse50,2025-12-15,50,0.027070600000000347,1.2446578463768083
2026-02-13,model1,csi500,2026-01-12,497,-4.8161923340040245,-1.8469114290853492
2026-02-13,model1,sse50,2025-12-15,50,-7.373853399999999,-1.7970286869565246
2026-02-24,model1,csi500,2026-01-12,486,-4.071692839506173,-2.928618736698518
2026-02-24,model1,sse50,2025-12-15,49,-10.612622653061225,-5.986468484353746
2026-02-25,model1,csi500,2026-01-12,493,1.0317858620689655,-2.6186997704804074
2026-02-25,model1,sse50,2025-12-15,48,-8.519764375,-8.835413476020411
2026-02-26,model1,csi500,2026-01-12,490,-0.1521981632653059,-1.0640350469008346
2026-02-26,model1,sse50,2025-12-15,50,-9.6348342,-9.589073742687079
2026-02-27,model1,csi500,2026-01-12,491,3.424402199592668,1.4346632994654456
2026-02-27,model1,sse50,2025-12-15,47,-7.563785531914894,-8.572794702304968
2026-03-02,model1,csi500,2026-01-12,489,5.705525705521472,2.9925765806162814
2026-03-02,model1,sse50,2025-12-15,50,0.16149719999999998,-5.6790408439716344
2026-03-03,model1,csi500,2026-01-12,495,-3.631251575757576,1.832892109785524
2026-03-03,model1,sse50,2025-12-15,49,-2.613511020408163,-3.3385997841076898
2026-03-04,model1,csi500,2026-01-12,484,-3.8712486363636365,-0.5989915021999105
2026-03-04,model1,sse50,2025-12-15,49,-4.360750204081633,-2.270921341496603
2026-03-05,model1,csi500,2026-01-12,487,-6.599203388090349,-4.700567866737185
2026-03-05,model1,sse50,2025-12-15,50,-2.0993565999999997,-3.024539274829936
2026-03-06,model1,csi500,2026-01-12,491,-0.03480560081466386,-3.5017525417562134
2026-03-06,model1,sse50,2025-12-15,49,3.246670408163266,-1.0711454653061268
2026-03-09,model1,csi500,2026-01-12,488,1.2175694262295083,-1.8054798542251653
2026-03-09,model1,sse50,2025-12-15,49,4.142004285714286,1.7631060312925129
2026-03-10,model1,csi500,2026-01-12,481,2.992764823284823,1.3918428828998923
2026-03-10,model1,sse50,2025-12-15,48,3.391155,3.593276564625846
2026-03-11,model1,csi500,2026-01-12,488,2.9055224385245904,2.3719522293463107
2026-03-11,model1,sse50,2025-12-15,50,3.3791682000000005,3.6374424952380906
2026-03-12,model1,csi500,2026-01-12,492,1.327762886178862,2.4086833826627614
2026-03-12,model1,sse50,2025-12-15,48,2.4021525000000006,3.0574918999999956
2026-03-13,model1,csi500,2026-01-12,490,-2.506506653061224,0.5755928905474121
2026-03-13,model1,sse50,2025-12-15,49,-0.8755206122448976,1.6352666959183633
2026-03-16,model1,csi500,2026-01-12,492,-4.006224451219512,-1.7283227393672884
2026-03-16,model1,sse50,2025-12-15,50,-1.4955829999999997,0.010349629251696394
2026-03-17,model1,csi500,2026-01-12,488,-9.08194325819672,-5.1982247874924825
2026-03-17,model1,sse50,2025-12-15,50,-0.3190027999999996,-0.8967021374149704
2026-03-18,model1,csi500,2026-01-12,488,-6.024731413934426,-6.370966374450216
2026-03-18,model1,sse50,2025-12-15,48,-5.25803375,-2.357539850000004
2026-03-19,model1,csi500,2026-01-12,495,-9.518153737373737,-8.208276136501624
2026-03-19,model1,sse50,2025-12-15,49,-5.104243673469388,-3.5604267411564674
2026-03-20,model1,csi500,2026-01-12,495,-12.446347232323234,-9.32974412787713
2026-03-20,model1,sse50,2025-12-15,49,-7.08888,-5.817052474489802
2026-03-23,model1,csi500,2026-01-12,498,-17.139923514056225,-13.034808161251062
2026-03-23,model1,sse50,2025-12-15,50,-11.1368704,-7.7766646911564665
2026-03-24,model1,csi500,2026-01-12,492,-5.1974793699187,-11.594583372099384
2026-03-24,model1,sse50,2025-12-15,48,-6.571485,-8.265745133333338
2026-03-25,model1,csi500,2026-01-12,492,1.5981818292682928,-6.913073684902208
2026-03-25,model1,sse50,2025-12-15,50,3.2281276,-4.8267426000000055
2026-03-26,model1,csi500,2026-01-12,490,-1.3016183673469388,-1.6336386359991117
2026-03-26,model1,sse50,2025-12-15,50,-0.4082679999999999,-1.2505418000000053
2026-03-27,model1,csi500,2026-01-12,497,2.8651425150905436,1.0539019923373028
2026-03-27,model1,sse50,2025-12-15,48,2.0178208333333334,1.612560144444439
2026-03-30,model1,csi500,2026-01-12,496,5.467904697580646,2.343809615108087
2026-03-30,model1,sse50,2025-12-15,50,5.2821294,2.2972274111111055
2026-03-31,model1,csi500,2026-01-12,488,0.00401135245901651,2.7790195217100724
2026-03-31,model1,sse50,2025-12-15,49,0.3271112244897961,2.542353819274371
2026-04-01,model1,csi500,2026-01-12,486,-1.2241260699588477,1.415929993360275
2026-04-01,model1,sse50,2025-12-15,48,-0.2530197916666666,1.7854069442743714
2026-04-02,model1,csi500,2026-01-12,489,-4.294966584867075,-1.8383604341222985
2026-04-02,model1,sse50,2025-12-15,50,-1.4491342,-0.45834758905896217
2026-04-03,model1,csi500,2026-01-12,496,-11.147389899193549,-5.555494184673154
2026-04-03,model1,sse50,2025-12-15,50,-6.8517008,-2.8512849305555608
2026-04-07,model1,csi500,2026-01-12,477,-8.297443291404612,-7.913266591821741
2026-04-07,model1,sse50,2025-12-15,49,-6.572277959183673,-4.957704319727896
2026-04-08,model1,csi500,2026-01-12,497,2.621557867203219,-5.607758441131643
2026-04-08,model1,sse50,2025-12-15,49,1.7612404081632653,-3.887579450340141
2026-04-09,model1,csi500,2026-01-12,493,1.7125514807302233,-1.3211113144903857
2026-04-09,model1,sse50,2025-12-15,50,1.175972,-1.2116885170068077
2026-04-10,model1,csi500,2026-01-12,478,1.6626875732217574,1.9989323070517375
2026-04-10,model1,sse50,2025-12-15,48,0.9182435416666669,1.2851519832766387
2026-04-13,model1,csi500,2026-01-12,487,3.058855605749487,2.1446982199004934
2026-04-13,model1,sse50,2025-12-15,49,5.803462653061225,2.632559398242625
2026-04-14,model1,csi500,2026-01-12,481,2.460602328482329,2.394048502484529
2026-04-14,model1,sse50,2025-12-15,48,-0.9910906249999999,1.9102051899092922
2026-04-15,model1,csi500,2026-01-12,493,-1.7395093509127788,1.25998286110635
2026-04-15,model1,sse50,2025-12-15,48,-1.9451793749999997,0.9557308843537365
2026-04-16,model1,csi500,2026-01-12,485,0.50994793814433,0.41034697190463093
2026-04-16,model1,sse50,2025-12-15,47,-3.122902553191489,-2.0197241843971683
2026-04-17,model1,csi500,2026-01-12,484,1.0715635743801653,-0.052665946129423734
2026-04-17,model1,sse50,2025-12-15,47,-3.1625059574468084,-2.743529295212771
2026-04-20,model1,csi500,2026-01-12,484,1.6643980578512398,1.0819698567919158
2026-04-20,model1,sse50,2025-12-15,49,1.038250612244898,-1.749052632797805
2026-04-21,model1,csi500,2026-01-12,487,1.2905525256673511,1.342171385966256
2026-04-21,model1,sse50,2025-12-15,50,0.23971220000000007,-0.6281810484006422
2026-04-22,model1,csi500,2026-01-12,489,4.369760654396728,2.441570412638444
2026-04-22,model1,sse50,2025-12-15,48,0.5746268750000002,0.6175298957482941
2026-04-23,model1,csi500,2026-01-12,490,1.2373687142857144,2.299227298116602
2026-04-23,model1,sse50,2025-12-15,47,-0.699446170212766,0.03829763492907275
2026-04-24,model1,csi500,2026-01-12,486,-1.077867366255144,1.5097540008091037
2026-04-24,model1,sse50,2025-12-15,46,-0.3096128260869564,-0.14481070709991273
2026-04-27,model1,csi500,2026-01-12,483,-0.5648097929606625,-0.1351028149766932
2026-04-27,model1,sse50,2025-12-15,50,-1.7908643999999998,-0.9333077987665793
2026-04-28,model1,csi500,2026-01-12,486,-1.3740686419753085,-1.0055819337303673
2026-04-28,model1,sse50,2025-12-15,49,0.8382406122448982,-0.4207455379473579
2026-04-29,model1,csi500,2026-01-12,495,3.1185547474747475,0.39322543751292965
2026-04-29,model1,sse50,2025-12-15,50,5.717165,1.5881804040816274
2026-04-30,model1,csi500,2026-01-12,484,2.7168647933884302,1.4871169662959607
2026-04-30,model1,sse50,2025-12-15,48,3.900306041666667,3.4852372179705164
2026-05-06,model1,csi500,2026-01-12,487,4.745008193018481,3.5268092446272234
2026-05-06,model1,sse50,2025-12-15,48,3.3306893750000004,4.316053472222217
2026-05-07,model1,csi500,2026-01-12,492,3.8815735162601626,3.781148834222362
2026-05-07,model1,sse50,2025-12-15,48,-0.172973333333333,2.352674027777773
2026-05-08,model1,csi500,2026-01-12,479,4.99441611691023,4.540332608729629
2026-05-08,model1,sse50,2025-12-15,48,-7.311230833333333,-1.3845049305555606
2026-05-11,model1,csi500,2026-01-12,489,3.6987253987730067,4.191571677314471
2026-05-11,model1,sse50,2025-12-15,50,-2.7728452,-3.4190164555555604
2026-05-12,model1,csi500,2026-01-12,491,0.35406995926680257,3.015737158316684
2026-05-12,model1,sse50,2025-12-15,46,-2.1887104347826085,-4.090928822705319
2026-05-13,model1,csi500,2026-01-12,488,2.0170154918032788,2.0232702832810334
2026-05-13,model1,sse50,2025-12-15,47,-5.348458723404255,-3.43667145272896
2026-05-14,model1,csi500,2026-01-12,497,-3.0986088933601605,-0.24250781409668898
2026-05-14,model1,sse50,2025-12-15,49,-6.979108979591836,-4.838759379259572
2026-05-15,model1,csi500,2026-01-12,493,-7.9763783772819465,-3.0193239262796054
2026-05-15,model1,sse50,2025-12-15,48,-8.234641666666667,-6.854069789887592
2026-05-18,model1,csi500,2026-01-12,489,-8.157353946830266,-6.41078040582412
2026-05-18,model1,sse50,2025-12-15,49,-9.642277551020408,-8.285342732426308
2026-05-19,model1,csi500,2026-01-12,495,-1.2438134545454544,-5.792515259552552
2026-05-19,model1,sse50,2025-12-15,49,-8.101101020408164,-8.659340079365085
2026-05-20,model1,csi500,2026-01-12,495,-0.5336512525252526,-3.3116062179669874
2026-05-20,model1,sse50,2025-12-15,49,-7.383162040816327,-8.375513537414971
2026-05-21,model1,csi500,2026-01-12,498,-4.26153875502008,-2.0130011540302584
2026-05-21,model1,sse50,2025-12-15,49,-8.39263918367347,-7.958967414965993
2026-05-22,model1,csi500,2026-01-12,481,-4.450318856548856,-3.081836288031392
2026-05-22,model1,sse50,2025-12-15,49,-10.15167387755102,-8.642491700680276
2026-05-25,model1,csi500,2026-01-12,491,-3.339751649694501,-4.017203087087808
2026-05-25,model1,sse50,2025-12-15,49,-7.196466530612246,-8.580259863945583
2026-05-26,model1,csi500,2026-01-12,486,-2.2050622427983537,-3.3317109163472325
2026-05-26,model1,sse50,2025-12-15,47,-3.5301165957446807,-6.959419001302654
2026-05-27,model1,csi500,2026-01-12,497,-3.6654878269617703,-3.0701005731515374
2026-05-27,model1,sse50,2025-12-15,49,-4.855172448979592,-5.193918525112178
2026-05-28,model1,csi500,2026-01-12,487,-3.532872915811088,-3.1344743285237335
2026-05-28,model1,sse50,2025-12-15,48,-2.92101375,-3.7687675982414297
2026-05-29,model1,csi500,2026-01-12,489,-3.9854264212678934,-3.727929054680247
2026-05-29,model1,sse50,2025-12-15,49,0.6228742857142858,-2.3844373044217737
2026-06-01,model1,csi500,2026-01-12,496,-1.778642681451613,-3.0989806728435276
2026-06-01,model1,sse50,2025-12-15,50,1.2064258000000003,-0.36390455476190936
2026-06-02,model1,csi500,2026-01-12,491,-2.592894052953157,-2.7856543852242166
2026-06-02,model1,sse50,2025-12-15,49,3.5862830612244903,1.8051943823129208
2026-06-03,model1,csi500,2026-01-12,491,-2.377608553971487,-2.249715096125415
2026-06-03,model1,sse50,2025-12-15,50,0.2825782,1.691762353741492
2026-06-04,model1,csi500,2026-01-12,494,-3.4006035222672066,-2.7903687097306125
2026-06-04,model1,sse50,2025-12-15,50,-2.4265518,0.48076982040815874
2026-06-05,model1,csi500,2026-01-12,488,-4.388579590163935,-3.388930555467539
2026-06-05,model1,sse50,2025-12-15,49,-5.400147755102041,-2.5147071183673515
2026-06-08,model1,csi500,2026-01-12,494,-7.542138076923077,-5.110440396451402
2026-06-08,model1,sse50,2025-12-15,48,-5.700115,-4.508938185034018
2026-06-09,model1,csi500,2026-01-12,485,-2.8348359587628864,-4.921851208616628
2026-06-09,model1,sse50,2025-12-15,49,-3.8169267346938773,-4.972396496598644
2026-06-10,model1,csi500,2026-01-12,489,-1.9652955010224948,-4.114089845569482
2026-06-10,model1,sse50,2025-12-15,49,2.481020204081633,-2.3453405102040863
2026-06-11,model1,csi500,2026-01-12,488,-2.6193854918032784,-2.473172317196216
2026-06-11,model1,sse50,2025-12-15,50,3.3877650000000004,0.6839528231292472
2026-06-12,model1,csi500,2026-01-12,497,0.07872951710261586,-1.5019838252410487
2026-06-12,model1,sse50,2025-12-15,49,5.311830816326531,3.726872006802717
2026-06-15,model1,csi500,2026-06-15,488,4.998991065573771,0.81944503029104
2026-06-15,model1,sse50,2026-06-15,49,3.5589785714285713,4.08619146258503
2026-06-16,model1,csi500,2026-06-15,488,3.526416762295082,2.8680457816571603
2026-06-16,model1,sse50,2026-06-15,49,-0.1617973469387756,2.9030040136054374
2026-06-17,model1,csi500,2026-06-15,491,2.2280725661914462,3.5844934646867705
2026-06-17,model1,sse50,2026-06-15,50,-3.2406095999999995,0.052190541496594044
2026-06-18,model1,csi500,2026-06-15,495,0.753905777777778,2.1694650354214393
2026-06-18,model1,sse50,2026-06-15,50,-8.1542276,-3.8522115156462635
2026-06-22,model1,csi500,2026-06-15,493,3.0153563083164303,1.9991115507618893
2026-06-22,model1,sse50,2026-06-15,50,4.690839800000001,-2.234665800000004
2026-06-23,model1,csi500,2026-06-15,494,-0.16997779352226713,1.199761430857318
2026-06-23,model1,sse50,2026-06-15,49,-0.2920326530612245,-1.2518068176870796
2026-06-24,model1,csi500,2026-06-15,496,-0.8359268951612902,0.6698172065442951
2026-06-24,model1,sse50,2026-06-15,49,-1.9573367346938775,0.8138234707482946
2026-06-25,model1,csi500,2026-06-15,490,-1.84768793877551,-0.9511975424863515
2026-06-25,model1,sse50,2026-06-15,49,-1.7353506122448978,-1.328240000000005
2026-06-26,model1,csi500,2026-06-15,498,-7.083878293172691,-3.255831042369826
2026-06-26,model1,sse50,2026-06-15,50,-5.504414399999999,-3.06570058231293
2026-06-29,model1,csi500,2026-06-15,489,-3.3345361963190183,-4.088700809422402
2026-06-29,model1,sse50,2026-06-15,48,0.6891491666666667,-2.1835386151927483
2026-06-30,model1,csi500,2026-06-15,491,1.1772802647657843,-3.080378074908637
2026-06-30,model1,sse50,2026-06-15,50,1.4419332,-1.1244440111111158
2026-07-01,model1,csi500,2026-06-15,494,2.909661923076923,0.2508019971745676
2026-07-01,model1,sse50,2026-06-15,50,2.6691086,1.6000636555555507
2026-07-02,model1,csi500,2026-06-15,492,1.2958778658536585,1.7942733512321265
2026-07-02,model1,sse50,2026-06-15,49,1.7603963265306124,1.957146042176866
2026-07-03,model1,csi500,2026-06-15,487,2.1748216837782346,2.1267871575696096
2026-07-03,model1,sse50,2026-06-15,49,2.9501606122448982,2.4598885129251653
2026-07-06,model1,csi500,2026-06-15,490,1.4877512040816327,1.652816917904513
2026-07-06,model1,sse50,2026-06-15,50,5.598561,3.436372646258499
2026-07-07,model1,csi500,2026-06-15,498,-4.489261244979919,-0.2755627857066793
2026-07-07,model1,sse50,2026-06-15,50,3.9893608000000005,4.179360804081628
2026-07-08,model1,csi500,2026-06-15,493,-6.35272093306288,-3.1180769913203843
2026-07-08,model1,sse50,2026-06-15,50,2.2660642000000006,3.951328666666662
2026-07-09,model1,csi500,2026-06-15,480,-1.6648929791666665,-4.168958385736484
2026-07-09,model1,sse50,2026-06-15,47,2.168384255319149,2.8079364184397115
2026-07-10,model1,csi500,2026-06-15,495,-0.21867335353535347,-2.7454290885882955
2026-07-10,model1,sse50,2026-06-15,48,2.9010464583333335,2.44516497121749
2026-07-13,model1,csi500,2026-06-15,493,-2.6756498985801214,-1.5197387437607093
2026-07-13,model1,sse50,2026-06-15,50,4.1377298,3.0690535045508227
2026-07-14,model1,csi500,2026-06-15,498,1.4792271084337352,-0.4716987145605754
2026-07-14,model1,sse50,2026-06-15,49,9.00808306122449,5.348953106519269
2026-07-15,model1,csi500,2026-06-15,492,4.0910015243902444,0.9648595780812906
2026-07-15,model1,sse50,2026-06-15,50,13.0629734,8.736262087074826
2026-07-16,model1,csi500,2026-06-15,479,2.9842740709812112,2.851500901268402
2026-07-16,model1,sse50,2026-06-15,50,5.003205,9.024753820408158
2026-07-17,model1,csi500,2026-06-15,494,-4.280773603238866,0.9315006640442013
2026-07-17,model1,sse50,2026-06-15,49,-0.5576785714285712,5.836166609523804
2026-07-20,model1,csi500,2026-06-15,491,-4.062716232179226,-1.786405254812289
2026-07-20,model1,sse50,2026-06-15,50,1.1702632000000002,1.871929876190471
2026-07-21,model1,csi500,2026-06-15,488,3.513525,-1.6099882784726933
2026-07-21,model1,sse50,2026-06-15,49,0.8937406122448981,0.502108413605437
2026-07-22,model1,csi500,2026-06-15,490,4.114071816326531,1.1882935280491058
2026-07-22,model1,sse50,2026-06-15,50,2.1716626000000003,1.4118888040816275
2026-07-23,model1,csi500,2026-06-15,497,6.539263722334004,4.722286846220182
2026-07-23,model1,sse50,2026-06-15,49,4.305974081632653,2.457125764625845
2026-07-24,model1,csi500,2026-06-15,495,-1.2218740808080808,3.1438204859508225
2026-07-24,model1,sse50,2026-06-15,48,-0.5294866666666666,1.982716671655324
2026-07-27,model1,csi500,2026-06-15,495,1.6560061414141416,2.324465260980026
2026-07-27,model1,sse50,2026-06-15,49,-2.169390612244898,0.5356989342403575
2026-07-28,model1,csi500,2026-06-15,486,1.5343281893004115,0.6561534166354952
2026-07-28,model1,sse50,2026-06-15,50,-0.15210079999999965,-0.9503260263038599
2026-07-29,model1,csi500,2026-06-15,500,3.48336052,2.224564950238189
2026-07-29,model1,sse50,2026-06-15,50,-2.5469252,-1.6228055374149708
2026-07-30,model1,csi500,2026-06-15,486,6.627882942386832,3.881857217229086
2026-07-30,model1,sse50,2026-06-15,47,-1.193228085106383,-1.2974180283687993
2026-07-31,model1,csi500,2026-06-15,481,7.769001954261955,5.9600818055496
2026-07-31,model1,sse50,2026-06-15,50,0.7541478000000003,-0.9953351617021328
2026-08-03,model1,csi500,2026-06-15,497,6.448090603621731,6.948325166756844
2026-08-03,model1,sse50,2026-06-15,49,0.4080569387755104,-0.010341115443629293
2026-08-04,model1,csi500,2026-06-15,494,3.941463825910932,6.052852127931543
2026-08-04,model1,sse50,2026-06-15,50,0.044459800000000015,0.402221512925165
2026-08-05,model1,csi500,2026-06-15,488,5.7728664549180335,5.387473628150237
2026-08-05,model1,sse50,2026-06-15,49,0.5965500000000001,0.3496889129251651
2026-08-06,model1,csi500,2026-06-15,491,2.514164887983707,4.076165056270895
2026-08-06,model1,sse50,2026-06-15,47,-0.30055574468085083,0.11348468510637798
2026-08-07,model1,csi500,2026-06-15,487,4.504873490759754,4.2639682778871695
2026-08-07,model1,sse50,2026-06-15,48,2.847167916666667,1.047720723995267
2026-08-10,model1,csi500,2026-06-15,487,4.637361252566735,3.8854665437700695
2026-08-10,model1,sse50,2026-06-15,50,3.6478878000000003,2.0648333239952668
2026-08-11,model1,csi500,2026-06-15,484,0.5816221074380166,3.241285616921506
2026-08-11,model1,sse50,2026-06-15,48,-0.5869479166666668,1.9693692666666616
2026-08-12,model1,csi500,2026-06-15,483,1.3725520910973086,2.1971784837006907
2026-08-12,model1,sse50,2026-06-15,45,-1.6723706666666667,0.4628564055555506
2026-08-13,model1,csi500,2026-06-15,483,-1.571942691511387,0.12741050234131687
2026-08-13,model1,sse50,2026-06-15,49,-2.5892542857142855,-1.6161909563492116
2026-08-14,model1,csi500,2026-06-15,485,-3.1048459587628865,-1.1014121863923174
2026-08-14,model1,sse50,2026-06-15,50,-2.5241496,-2.261924850793656
2026-08-17,model1,csi500,2026-06-15,486,0.17187154320987658,-1.5016390356881282
2026-08-17,model1,sse50,2026-06-15,49,-1.1699416326530612,-2.0944485061224536
2026-08-18,model1,csi500,2026-06-15,490,0.13370308163265318,-0.9330904446401148
2026-08-18,model1,sse50,2026-06-15,49,0.5534595918367348,-1.0468772136054472
2026-08-19,model1,csi500,2026-06-15,497,-3.9562178269617707,-1.2168810673730763
2026-08-19,model1,sse50,2026-06-15,50,0.9818984000000003,0.12180545306121959
2026-08-20,model1,csi500,2026-06-15,489,-2.3612450306748465,-2.061253258667984
2026-08-20,model1,sse50,2026-06-15,48,1.5286820833333339,1.0213466917233511
2026-08-21,model1,csi500,2026-06-15,484,-0.7463703099173553,-2.3546110558513202
2026-08-21,model1,sse50,2026-06-15,49,4.183346734693878,2.231309072675732
2026-08-24,model1,csi500,2026-06-15,490,-3.0649937959183675,-2.0575363788368524
2026-08-24,model1,sse50,2026-06-15,49,5.047093469387756,3.5863740958049846
2026-08-25,model1,csi500,2026-06-15,495,0.9194394141414142,-0.9639748972314321
2026-08-25,model1,sse50,2026-06-15,49,0.004408571428571531,3.0782829251700634
2026-08-26,model1,csi500,2026-06-15,490,4.081338489795918,0.6452613693396589
2026-08-26,model1,sse50,2026-06-15,50,4.3388272,3.130109746938771
2026-08-27,model1,csi500,2026-06-15,484,6.2398225619834715,3.746866821973606
2026-08-27,model1,sse50,2026-06-15,50,4.858135000000001,3.0671235904761858
2026-08-28,model1,csi500,2026-06-15,486,5.182020534979424,5.1677271955862745
2026-08-28,model1,sse50,2026-06-15,48,4.26668875,4.487883649999995
2026-08-31,model1,csi500,2026-06-15,491,3.9727574134419554,5.131533503468288
2026-08-31,model1,sse50,2026-06-15,49,5.5973863265306125,4.907403358843533
2026-09-01,model1,csi500,2026-06-15,492,3.2951921341463417,4.149990027522578
2026-09-01,model1,sse50,2026-06-15,50,6.0312764,5.298450492176865
2026-09-02,model1,csi500,2026-06-15,494,-0.6998620242914978,2.189362507765604
2026-09-02,model1,sse50,2026-06-15,50,2.5711364000000003,4.7332663755101985
2026-09-03,model1,csi500,2026-06-15,478,-1.8828612552301254,0.23748961820824363
2026-09-03,model1,sse50,2026-06-15,48,-0.3150687499999997,2.7624480166666623
2026-09-04,model1,csi500,2026-06-15,481,-3.509591018711019,-2.03077143274421
2026-09-04,model1,sse50,2026-06-15,49,-2.395511224489796,-0.04648119149660346
2026-09-07,model1,csi500,2026-06-15,483,-3.3092815942028984,-2.9005779560480103
2026-09-07,model1,sse50,2026-06-15,50,-3.9507388000000003,-2.2204395914966035
2026-09-08,model1,csi500,2026-06-15,492,-0.9347547967479675,-2.5845424698872907
2026-09-08,model1,sse50,2026-06-15,50,-2.0472608,-2.7978369414966036
2026-09-09,model1,csi500,2026-06-15,486,-0.8460600823045267,-1.69669882441846
2026-09-09,model1,sse50,2026-06-15,47,-1.0767551063829786,-2.3582515687943313
2026-09-10,model1,csi500,2026-06-15,484,-2.802657458677686,-1.5278241125767227
2026-09-10,model1,sse50,2026-06-15,48,0.3360018750000002,-0.9293380104609978
2026-09-11,model1,csi500,2026-06-15,497,-5.5198498390342055,-3.0561891266721353
2026-09-11,model1,sse50,2026-06-15,50,-2.1150086,-0.9519206104609977
2026-09-14,model1,csi500,2026-06-15,492,-1.502905995934959,-3.275137764548946
2026-09-14,model1,sse50,2026-06-15,50,-1.3916069999999996,-1.0568712416666715
2026-09-15,model1,csi500,2026-06-15,493,-2.34686939148073,-3.123208408816627
2026-09-15,model1,sse50,2026-06-15,49,-3.5760851020408166,-2.3609002340136103
2026-09-16,model1,csi500,2026-06-15,481,1.4499953430353434,-0.7999266814601113
2026-09-16,model1,sse50,2026-06-15,46,-2.8444039130434784,-2.604032005028103
2026-09-17,model1,csi500,2026-06-15,488,0.842522274590164,-0.018117257951736982
2026-09-17,model1,sse50,2026-06-15,48,-4.455322291666667,-3.6252704355836585
2026-09-18,model1,csi500,2026-06-15,481,3.5362323492723493,1.942916655632623
2026-09-18,model1,sse50,2026-06-15,50,0.9680344000000001,-2.1105639349033862
2026-09-21,model1,csi500,2026-06-15,488,4.618206844262295,2.9989871560416064
2026-09-21,model1,sse50,2026-06-15,48,1.553281666666667,-0.6446687416666714
2026-09-22,model1,csi500,2026-06-15,481,1.8063683783783786,3.320269190637678
2026-09-22,model1,sse50,2026-06-15,49,1.4899914285714286,1.3371024984126938
2026-09-23,model1,csi500,2026-06-15,488,-1.5325186270491802,1.6306855318638351
2026-09-23,model1,sse50,2026-06-15,47,-1.8316899999999998,0.403861031746027
2026-09-24,model1,csi500,2026-06-15,488,-7.164748094262295,-2.296966114311029
2026-09-24,model1,sse50,2026-06-15,49,-7.768695918367347,-2.7034648299319777
2026-09-28,model1,csi500,2026-06-15,487,-13.714243819301847,-7.470503513537771
2026-09-28,model1,sse50,2026-06-15,49,-10.995989795918367,-6.865458571428576
2026-09-29,model1,csi500,2026-06-15,487,-4.795682772073922,-8.558224895212685
2026-09-29,model1,sse50,2026-06-15,48,-5.451510833333333,-8.07206551587302
2026-09-30,model1,csi500,2026-06-15,492,-0.5007411382113821,-6.336889243195714
2026-09-30,model1,sse50,2026-06-15,50,1.3093000000000001,-5.046066876417238
2015-04-16,model2,csi500,2015-04-16,444,-0.03618939189189173,
2015-04-16,model2,sse50,2015-04-16,49,4.812386938775511,
2015-04-17,model2,csi500,2015-04-16,445,1.4065447865168539,
2015-04-17,model2,sse50,2015-04-16,50,6.007378999999999,
2015-04-20,model2,csi500,2015-04-16,451,-1.7089971396895784,-0.1128805816882054
2015-04-20,model2,sse50,2015-04-16,50,2.2616266,4.360464179591837
2015-04-21,model2,csi500,2015-04-16,455,4.236168175824176,1.3112386075504838
2015-04-21,model2,sse50,2015-04-16,50,5.583533999999999,4.617513199999999
2015-04-22,model2,csi500,2015-04-16,454,9.621552599118942,4.049574545084513
2015-04-22,model2,sse50,2015-04-16,50,11.973181799999999,6.606114133333333
2015-04-23,model2,csi500,2015-04-16,449,6.776303786191537,6.878008187044885
2015-04-23,model2,sse50,2015-04-16,50,5.153847000000001,7.5701876
2015-04-24,model2,csi500,2015-04-16,453,4.889760905077263,7.095872430129248
2015-04-24,model2,sse50,2015-04-16,50,1.2220170000000001,6.116348599999999
2015-04-27,model2,csi500,2015-04-16,449,3.1143304008908688,4.926798364053223
2015-04-27,model2,sse50,2015-04-16,50,2.4024846,2.9261162000000005
2015-04-28,model2,csi500,2015-04-16,452,-2.8942986061946905,1.7032642332578138
2015-04-28,model2,sse50,2015-04-16,48,1.5686364583333334,1.7310460194444446
2015-04-29,model2,csi500,2015-04-16,456,0.9927556140350878,0.4042624695770887
2015-04-29,model2,sse50,2015-04-16,47,-0.3169680851063829,1.2180509910756503
2015-04-30,model2,csi500,2015-04-16,453,1.242065055187638,-0.21982597899065492
2015-04-30,model2,sse50,2015-04-16,48,-1.3073754166666667,-0.018569014479905405
2015-05-04,model2,csi500,2015-04-16,451,1.0141244789356985,1.0829817160528081
2015-05-04,model2,sse50,2015-04-16,46,-0.5179052173913042,-0.7140829063881179
2015-05-05,model2,csi500,2015-04-16,451,-3.0032707760532147,-0.24902708064329282
2015-05-05,model2,sse50,2015-04-16,48,-5.7019875,-2.5090893780193237
2015-05-06,model2,csi500,2015-04-16,451,-6.894270554323724,-2.961138950480413
2015-05-06,model2,sse50,2015-04-16,48,-9.451289583333333,-5.223727433574879
2015-05-07,model2,csi500,2015-04-16,451,-11.142674833702882,-7.013405388026608
2015-05-07,model2,sse50,2015-04-16,46,-6.482646086956521,-7.211974390096618
2015-05-08,model2,csi500,2015-04-16,455,2.2786089890109893,-5.252778799671874
2015-05-08,model2,sse50,2015-04-16,45,1.807708888888889,-4.7087422604669875
2015-05-11,model2,csi500,2015-04-16,456,6.789688201754386,-0.6914592143125026
2015-05-11,model2,sse50,2015-04-16,46,7.172326086956522,0.8324629629629635
2015-05-12,model2,csi500,2015-04-16,448,8.678891495535714,5.9157295621003625
2015-05-12,model2,sse50,2015-04-16,45,7.657494666666667,5.545843214170692
2015-05-13,model2,csi500,2015-04-16,452,10.675315907079646,8.714631868123249
2015-05-13,model2,sse50,2015-04-16,46,1.2737391304347825,5.3678532946859905
2015-05-14,model2,csi500,2015-04-16,450,6.865067533333334,8.739758311982897
2015-05-14,model2,sse50,2015-04-16,46,-2.629009565217391,2.1007414106280193
2015-05-15,model2,csi500,2015-04-16,453,1.0007665342163359,6.180383324876438
2015-05-15,model2,sse50,2015-04-16,46,-7.116140434782609,-2.8238036231884056
2015-05-18,model2,csi500,2015-04-16,446,2.147147937219731,3.3376606682564662
2015-05-18,model2,sse50,2015-04-16,46,-16.00572695652174,-8.583625652173913
2015-05-19,model2,csi500,2015-04-16,450,5.7102068444444445,2.9527071052935034
2015-05-19,model2,sse50,2015-04-16,47,1.0429106382978723,-7.359652251002159
2015-05-20,model2,csi500,2015-04-16,446,6.632600739910314,4.829985173858163
2015-05-20,model2,sse50,2015-05-20,47,2.5544340425531913,-4.136127425223559
2015-05-21,model2,csi500,2015-04-16,452,13.710051659292036,8.68428641454893
2015-05-21,model2,sse50,2015-05-20,47,5.663072340425532,3.086805673758865
2015-05-22,model2,csi500,2015-04-16,442,15.963953529411766,12.102201976204706
2015-05-22,model2,sse50,2015-05-20,49,15.584759591836736,7.934088658271819
2015-05-25,model2,csi500,2015-04-16,439,19.207991298405467,16.293998829036422
2015-05-25,model2,sse50,2015-05-20,48,27.415903333333333,16.22124508853187
2015-05-26,model2,csi500,2015-04-16,442,23.28917947963801,19.487041435818416
2015-05-26,model2,sse50,2015-05-20,46,25.437225652173915,22.81262952578133
2015-05-27,model2,csi500,2015-04-16,444,17.229197725225227,19.90878950108957
2015-05-27,model2,sse50,2015-05-20,47,6.777678297872341,19.87693576112653
2015-05-28,model2,csi500,2015-04-16,436,-0.585455,13.310974068287743
2015-05-28,model2,sse50,2015-05-20,47,-4.183446382978723,9.34381918902251
2015-05-29,model2,csi500,2015-04-16,432,-1.096192523148148,5.182516734025693
2015-05-29,model2,sse50,2015-05-20,46,-6.760516086956522,-1.3887613906876348
2015-06-01,model2,csi500,2015-04-16,437,4.472919794050344,0.930424090300732
2015-06-01,model2,sse50,2015-05-20,47,1.9872553191489362,-2.9855690502621033
2015-06-02,model2,csi500,2015-04-16,433,7.257495565819862,3.5447409455740195
2015-06-02,model2,sse50,2015-05-20,45,3.3683244444444447,-0.46831210778771365
2015-06-03,model2,csi500,2015-04-16,435,7.000593333333334,6.24366956440118
2015-06-03,model2,sse50,2015-05-20,46,2.2527282608695653,2.5361026748209823
2015-06-04,model2,csi500,2015-04-16,434,3.791021589861751,6.016370163004982
2015-06-04,model2,sse50,2015-05-20,47,2.8842178723404257,2.8350901925514784
2015-06-05,model2,csi500,2015-04-16,434,4.380653594470046,5.057422839221711
2015-06-05,model2,sse50,2015-05-20,46,0.8276641304347826,1.9882034212149247
2015-06-08,model2,csi500,2015-04-16,434,0.9396100460829495,3.0370950768049156
2015-06-08,model2,sse50,2015-05-20,47,3.2254861702127666,2.3124560576626583
2015-06-09,model2,csi500,2015-04-16,441,-0.5847218594104306,1.5785139270475217
2015-06-09,model2,sse50,2015-05-20,47,3.283533829787234,2.4455613768115945
2015-06-10,model2,csi500,2015-04-16,435,2.736546022988506,1.0304780698870084
2015-06-10,model2,sse50,2015-05-20,47,-1.4416808510638297,1.68911304964539
2015-06-11,model2,csi500,2015-04-16,434,4.245847626728111,2.132557263435395
2015-06-11,model2,sse50,2015-05-20,47,-3.44448,-0.5342090070921987
2015-06-12,model2,csi500,2015-04-16,435,5.157220689655173,4.04653811312393
2015-06-12,model2,sse50,2015-05-20,47,-3.5274217021276595,-2.8045275177304965
2015-06-15,model2,csi500,2015-06-15,442,3.0389483936651587,4.147338903349481
2015-06-15,model2,sse50,2015-06-15,46,-11.872179130434782,-6.281360277520814
2015-06-16,model2,csi500,2015-06-15,442,-3.285235656108597,1.6369778090705782
2015-06-16,model2,sse50,2015-06-15,46,-13.955123913043478,-9.784908248535308
2015-06-17,model2,csi500,2015-06-15,443,0.016837494356659245,-0.07648325602892633
2015-06-17,model2,sse50,2015-06-15,47,-0.8984178723404255,-8.908573638606228
2015-06-18,model2,csi500,2015-06-15,437,-2.6705345766590387,-1.979644246136992
2015-06-18,model2,sse50,2015-06-15,47,-3.4943234042553186,-6.115955063213074
2015-06-19,model2,csi500,2015-06-15,438,-8.42709111872146,-3.6935960670079466
2015-06-19,model2,sse50,2015-06-15,48,-6.21695875,-3.536566675531915
2015-06-23,model2,csi500,2015-06-15,435,-5.224743862068965,-5.440789852483154
2015-06-23,model2,sse50,2015-06-15,48,0.18734791666666675,-3.1746447458628837
2015-06-24,model2,csi500,2015-06-15,443,1.9413766365688487,-3.9034861147405255
2015-06-24,model2,sse50,2015-06-15,48,3.63863875,-0.7969906944444443
2015-06-25,model2,csi500,2015-06-15,440,-1.2792314545454546,-1.520866226681857
2015-06-25,model2,sse50,2015-06-15,50,-1.648716,0.7257568888888889
2015-06-26,model2,csi500,2015-06-15,443,-5.330535575620767,-1.5561301311991242
2015-06-26,model2,sse50,2015-06-15,50,-5.6784528,-1.2295100166666666
2015-06-29,model2,csi500,2015-06-15,438,-10.29384890410959,-5.634538644758604
2015-06-29,model2,sse50,2015-06-15,49,-8.039449795918367,-5.122206198639456
2015-06-30,model2,csi500,2015-06-15,430,0.8060052790697676,-4.939459733553529
2015-06-30,model2,sse50,2015-06-15,50,2.264752,-3.817716865306122
2015-07-01,model2,csi500,2015-06-15,429,-1.1155988344988346,-3.534480819846219
2015-07-01,model2,sse50,2015-06-15,50,-0.646616,-2.1404379319727886
2015-07-02,model2,csi500,2015-06-15,430,-4.57476511627907,-1.6281195572360456
2015-07-02,model2,sse50,2015-06-15,49,-1.8706865306122449,-0.08418351020408125
2015-07-03,model2,csi500,2015-06-15,416,-9.532215384615384,-5.074193111797762
2015-07-03,model2,sse50,2015-06-15,49,-6.475799183673469,-2.9977005714285707
2015-07-06,model2,csi500,2015-06-15,403,-14.091524392059553,-9.399501630984668
2015-07-06,model2,sse50,2015-06-15,50,-1.013676,-3.1200539047619045
2015-07-07,model2,csi500,2015-06-15,377,-28.639186843501324,-17.420975540058752
2015-07-07,model2,sse50,2015-06-15,50,-0.6021380000000002,-2.6972043945578226
2015-07-08,model2,csi500,2015-06-15,276,-23.044595579710148,-21.92510227175701
2015-07-08,model2,sse50,2015-06-15,48,-4.373081249999999,-1.9962984166666662
2015-07-09,model2,csi500,2015-06-15,269,1.663896654275093,-16.673295256312127
2015-07-09,model2,sse50,2015-06-15,46,3.38275,-0.5308230833333328
2015-07-10,model2,csi500,2015-06-15,287,5.33314724738676,-5.349183892682764
2015-07-10,model2,sse50,2015-06-15,47,6.76533170212766,1.9250001507092203
2015-07-13,model2,csi500,2015-06-15,347,9.426491239193084,5.474511713618313
2015-07-13,model2,sse50,2015-06-15,49,2.076412244897959,4.0748313156752065
2015-07-14,model2,csi500,2015-06-15,375,10.46013664,8.406591708859949
2015-07-14,model2,sse50,2015-06-15,50,-1.0869332,2.5849369156752067
2015-07-15,model2,csi500,2015-06-15,391,-0.8862693861892582,6.333452831001275
2015-07-15,model2,sse50,2015-06-15,49,-1.0092989795918366,-0.006606644897959146
2015-07-16,model2,csi500,2015-06-15,393,1.6579596183206107,3.7439422907104505
2015-07-16,model2,sse50,2015-06-15,47,-0.4793985106382977,-0.8585435634100448
2015-07-17,model2,csi500,2015-06-15,398,6.558587587939699,2.4434259400236837
2015-07-17,model2,sse50,2015-06-15,49,3.477121020408163,0.6628078433926763
2015-07-20,model2,csi500,2015-06-15,408,8.423119705882353,5.546555637380888
2015-07-20,model2,sse50,2015-06-15,50,1.245565,1.4144291699232887
2015-07-21,model2,csi500,2015-06-15,408,11.562345955882352,8.848017749901468
2015-07-21,model2,sse50,2015-06-15,50,-1.16001,1.1875586734693877
2015-07-22,model2,csi500,2015-06-15,414,13.062696787439613,11.016054149734773
2015-07-22,model2,sse50,2015-06-15,49,-5.067265102040816,-1.6605700340136054
2015-07-23,model2,csi500,2015-06-15,421,15.370236104513065,13.331759615945009
2015-07-23,model2,sse50,2015-06-15,50,2.5846326,-1.2142141673469389
2015-07-24,model2,csi500,2015-06-15,425,2.2926891764705886,10.241874022807755
2015-07-24,model2,sse50,2015-06-15,49,1.070792448979592,-0.47061335102040824
2015-07-27,model2,csi500,2015-06-15,427,-3.606866393442623,4.685352962513677
2015-07-27,model2,sse50,2015-06-15,50,-3.6962400000000004,-0.01360498367346974
2015-07-28,model2,csi500,2015-06-15,422,-5.830846611374407,-2.381674609448814
2015-07-28,model2,sse50,2015-06-15,49,-4.522488571428571,-2.3826453741496603
2015-07-29,model2,csi500,2015-06-15,424,1.8185275943396226,-2.5397284701591363
2015-07-29,model2,sse50,2015-06-15,49,0.1662808163265306,-2.684149251700681
2015-07-30,model2,csi500,2015-06-15,419,-0.2448200477326969,-1.419046354922494
2015-07-30,model2,sse50,2015-06-15,50,-3.04807,-2.468092585034014
2015-07-31,model2,csi500,2015-06-15,417,-1.0637863788968824,0.16997372257001442
2015-07-31,model2,sse50,2015-06-15,48,-3.90628,-2.2626897278911566
2015-08-03,model2,csi500,2015-06-15,422,-1.907658530805687,-1.0720883191450887
2015-08-03,model2,sse50,2015-06-15,49,-0.7151502040816327,-2.556500068027211
2015-08-04,model2,csi500,2015-06-15,420,3.907672261904762,0.3120757840673975
2015-08-04,model2,sse50,2015-06-15,48,5.2568166666666665,0.21179548752834432
2015-08-05,model2,csi500,2015-06-15,418,1.1372702392344498,1.0457613234445082
2015-08-05,model2,sse50,2015-06-15,50,1.5272720000000002,2.0229794875283442
2015-08-06,model2,csi500,2015-06-15,414,-1.0494352173913042,1.3318357612493026
2015-08-06,model2,sse50,2015-06-15,48,-1.6558910416666663,1.7093992083333331
2015-08-07,model2,csi500,2015-06-15,419,3.999448496420048,1.3624278394210645
2015-08-07,model2,sse50,2015-06-15,50,1.711068,0.527482986111111
2015-08-10,model2,csi500,2015-06-15,418,9.380203540669857,4.110072273232867
2015-08-10,model2,sse50,2015-06-15,50,5.9058646,1.9870138527777776
2015-08-11,model2,csi500,2015-06-15,411,6.702990145985401,6.694214061025103
2015-08-11,model2,sse50,2015-06-15,49,1.6696373469387757,3.095523315646258
2015-08-12,model2,csi500,2015-06-15,417,2.667052326139089,6.250082004264783
2015-08-12,model2,sse50,2015-06-15,49,-0.20751571428571416,2.4559954108843534
2015-08-13,model2,csi500,2015-06-15,418,6.5092983014354076,5.293113591186633
2015-08-13,model2,sse50,2015-06-15,48,3.7141910416666666,1.7254375581065757
2015-08-14,model2,csi500,2015-06-15,418,5.528289043062202,4.901546556878899
2015-08-14,model2,sse50,2015-06-15,47,1.8423714893617025,1.7830156055808848
2015-08-17,model2,csi500,2015-06-15,423,6.498279408983452,6.178622251160353
2015-08-17,model2,sse50,2015-06-15,49,-2.1287159183673467,1.1426155375536737
2015-08-18,model2,csi500,2015-06-15,427,-1.9913137704918034,3.345084893851283
2015-08-18,model2,sse50,2015-06-15,49,-8.264553877551021,-2.8502994355188886
2015-08-19,model2,csi500,2015-06-15,425,0.09635098823529421,1.5344388755756475
2015-08-19,model2,sse50,2015-06-15,48,-2.6562204166666663,-4.349830070861679
2015-08-20,model2,csi500,2015-06-15,427,-1.829827962529274,-1.2415969149285944
2015-08-20,model2,sse50,2015-06-15,50,-5.4880075999999995,-5.4695939647392295
2015-08-21,model2,csi500,2015-06-15,429,-6.507118088578089,-2.7468650209573564
2015-08-21,model2,sse50,2015-06-15,49,-8.54059142857143,-5.561606481746033
2015-08-24,model2,csi500,2015-06-15,430,-13.200319720930231,-7.179088590679197
2015-08-24,model2,sse50,2015-06-15,50,-14.237311199999999,-9.421970076190476
2015-08-25,model2,csi500,2015-06-15,429,-24.682105687645688,-14.796514499051336
2015-08-25,model2,sse50,2015-06-15,50,-25.2400792,-16.005993942857142
2015-08-26,model2,csi500,2015-06-15,422,-31.99056834123223,-23.290997916602716
2015-08-26,model2,sse50,2015-06-15,50,-19.8650384,-19.780809599999998
2015-08-27,model2,csi500,2015-06-15,420,-1.7082119523809525,-19.46029532708629
2015-08-27,model2,sse50,2015-06-15,50,2.7312760000000003,-14.12461386666667
2015-08-28,model2,csi500,2015-06-15,423,5.477159172576832,-9.40720704034545
2015-08-28,model2,sse50,2015-06-15,49,5.601536734693878,-3.844075221768707
2015-08-31,model2,csi500,2015-06-15,420,0.046023880952381,1.271657033716087
2015-08-31,model2,sse50,2015-06-15,50,10.349284,6.227365578231293
2015-09-01,model2,csi500,2015-06-15,421,-3.80393026128266,0.5730842640821844
2015-09-01,model2,sse50,2015-06-15,49,16.346189387755103,10.765670040816326
2015-09-02,model2,csi500,2015-06-15,418,-3.4443144497607654,-2.400740276697015
2015-09-02,model2,sse50,2015-06-15,50,11.0286696,12.5747143292517
2015-09-07,model2,csi500,2015-06-15,411,-0.22841046228710465,-2.492218391110177
2015-09-07,model2,sse50,2015-06-15,49,-4.3212657142857145,7.684531091156463
2015-09-08,model2,csi500,2015-06-15,425,3.8146240000000002,0.04729969598404334
2015-09-08,model2,sse50,2015-06-15,50,0.8057080000000001,2.504370628571429
2015-09-09,model2,csi500,2015-06-15,425,11.634144847058824,5.073452794923907
2015-09-09,model2,sse50,2015-06-15,49,4.73664693877551,0.4070297414965986
2015-09-10,model2,csi500,2015-06-15,428,1.5337048831775701,5.660824576745465
2015-09-10,model2,sse50,2015-06-15,48,2.721697916666667,2.7546842851473925
2015-09-11,model2,csi500,2015-06-15,424,1.1148724056603774,4.760907378632257
2015-09-11,model2,sse50,2015-06-15,50,-1.3218,2.045514951814059
2015-09-14,model2,csi500,2015-06-15,433,-3.741956674364896,-0.3644597951756496
2015-09-14,model2,sse50,2015-06-15,46,0.5956108695652177,0.6651695954106281
2015-09-15,model2,csi500,2015-06-15,434,-10.151803133640554,-4.259629134115024
2015-09-15,model2,sse50,2015-06-15,48,-5.185944166666666,-1.9707110990338161
2015-09-16,model2,csi500,2015-06-15,436,0.6892788532110092,-4.401493651598146
2015-09-16,model2,sse50,2015-06-15,48,0.6870916666666668,-1.3010805434782609
2015-09-17,model2,csi500,2015-06-15,431,-0.43107503480278425,-3.2978664384107765
2015-09-17,model2,sse50,2015-06-15,48,-1.2322566666666666,-1.910369722222222
2015-09-18,model2,csi500,2015-06-15,424,0.4628821226415096,0.2403619803499121
2015-09-18,model2,sse50,2015-06-15,46,-1.9483756521739128,-0.8311802173913044
2015-09-21,model2,csi500,2015-06-15,435,5.569153701149425,1.8669869296627173
2015-09-21,model2,sse50,2015-06-15,46,0.7018413043478261,-0.8262636714975846
2015-09-22,model2,csi500,2015-06-15,425,6.178025129411766,4.070020317734234
2015-09-22,model2,sse50,2015-06-15,49,3.495210204081633,0.7495586187518487
2015-09-23,model2,csi500,2015-06-15,425,1.5515068470588236,4.432895225873339
2015-09-23,model2,sse50,2015-06-15,49,-1.077686530612245,1.0397883259390712
2015-09-24,model2,csi500,2015-06-15,429,3.700057575757576,3.8098631840760557
2015-09-24,model2,sse50,2015-06-15,48,0.30930687500000004,0.9089435161564626
2015-09-25,model2,csi500,2015-06-15,430,-1.0186122790697676,1.4109840479155447
2015-09-25,model2,sse50,2015-06-15,49,-1.0901167346938776,-0.6194987967687077
2015-09-28,model2,csi500,2015-06-15,427,0.33954918032786896,1.0069981590052264
2015-09-28,model2,sse50,2015-06-15,50,-3.125676,-1.3021619532312927
2015-09-29,model2,csi500,2015-06-15,429,-0.8869351981351982,-0.521999432292365
2015-09-29,model2,sse50,2015-06-15,50,-7.2057988,-3.8071971782312928
2015-09-30,model2,csi500,2015-06-15,417,-0.5060682733812949,-0.3511514303962075
2015-09-30,model2,sse50,2015-06-15,43,-3.0859132558139533,-4.472462685271318
2015-10-08,model2,csi500,2015-06-15,433,4.336063025404157,0.9810198512958886
2015-10-08,model2,sse50,2015-06-15,49,2.9019408163265306,-2.463257079829141
2015-10-09,model2,csi500,2015-06-15,427,7.2717392505854805,3.700578000869448
2015-10-09,model2,sse50,2015-06-15,44,6.040059090909091,1.9520288838072226
2015-10-12,model2,csi500,2015-06-15,423,17.18266985815603,9.596824044715222
2015-10-12,model2,sse50,2015-06-15,47,14.962295744680851,7.968098550638824
2015-10-13,model2,csi500,2015-06-15,414,24.992438864734304,16.48228265782527
2015-10-13,model2,sse50,2015-06-15,45,8.534939555555557,9.845764797048501
2015-10-14,model2,csi500,2015-06-15,424,4.534571132075472,15.569893284988602
2015-10-14,model2,sse50,2015-06-15,47,-0.3121285106382979,7.728368929866037
2015-10-15,model2,csi500,2015-06-15,430,7.01289311627907,12.17996770436295
2015-10-15,model2,sse50,2015-06-15,47,2.346077234042553,3.52296275965327
2015-10-16,model2,csi500,2015-06-15,418,7.068343684210527,6.205269310855024
2015-10-16,model2,sse50,2015-06-15,47,5.963783617021276,2.665910780141844
2015-10-19,model2,csi500,2015-06-15,422,2.9213003791469196,5.667512393212173
2015-10-19,model2,sse50,2015-06-15,45,2.151608,3.487156283687943
2015-10-20,model2,csi500,2015-06-15,425,5.475486258823529,5.155043440726993
2015-10-20,model2,sse50,2015-06-15,42,5.50083880952381,4.538743475515028
2015-10-21,model2,csi500,2015-06-15,427,-1.3451398126463698,2.350548941774694
2015-10-21,model2,sse50,2015-06-15,46,1.0873171739130434,2.913254661145617
2015-10-22,model2,csi500,2015-06-15,427,1.0259717096018734,1.7187727185930122
2015-10-22,model2,sse50,2015-06-15,46,-0.6588073913043477,1.9764495307108352
2015-10-23,model2,csi500,2015-06-15,421,4.5677190498812354,1.416183648945581
2015-10-23,model2,sse50,2015-06-15,44,0.2204109090909091,0.2163068972332016
2015-10-26,model2,csi500,2015-06-15,417,4.732349304556355,3.4420133546798226
2015-10-26,model2,sse50,2015-06-15,44,0.07731909090909106,-0.12035913043478252
2015-10-27,model2,csi500,2015-06-15,425,5.096126188235294,4.798731514224296
2015-10-27,model2,sse50,2015-06-15,47,-4.2386685106382975,-1.3136461702127658
2015-10-28,model2,csi500,2015-06-15,429,-1.3532643822843822,2.8250703701690902
2015-10-28,model2,sse50,2015-06-15,46,-10.483561739130435,-4.881637052953214
2015-10-29,model2,csi500,2015-06-15,423,0.5716386524822696,1.4381668194777284
2015-10-29,model2,sse50,2015-06-15,43,-8.832263255813954,-7.851497835194228
2015-10-30,model2,csi500,2015-06-15,425,-0.6250183058823529,-0.46888134522815395
2015-10-30,model2,sse50,2015-06-15,45,-6.3698702222222225,-8.561898405722204
2015-11-02,model2,csi500,2015-06-15,433,-3.8324347344110854,-1.2952714626037218
2015-11-02,model2,sse50,2015-06-15,47,-8.577582978723404,-7.926572152253193
2015-11-03,model2,csi500,2015-06-15,432,-4.155943263888888,-2.871132101394108
2015-11-03,model2,sse50,2015-06-15,46,-9.924427826086957,-8.29062700901086
2015-11-04,model2,csi500,2015-06-15,444,4.093524144144144,-1.298284618051942
2015-11-04,model2,sse50,2015-06-15,47,3.009876595744681,-5.164044736355227
2015-11-05,model2,csi500,2015-06-15,441,3.1843396598639453,1.040640180039735
2015-11-05,model2,sse50,2015-06-15,47,6.233898510638298,-0.22688423990132556
2015-11-06,model2,csi500,2015-06-15,439,8.177323029612756,5.151728944540284
2015-11-06,model2,sse50,2015-06-15,46,10.897657173913045,6.713810760098674
2015-11-09,model2,csi500,2015-06-15,428,12.374338294392524,7.9120003279564095
2015-11-09,model2,sse50,2015-06-15,48,18.426764791666667,11.852773492072672
2015-11-10,model2,csi500,2015-06-15,440,7.821395000000001,9.457685441335094
2015-11-10,model2,sse50,2015-06-15,47,12.491431063829788,13.938617676469834
2015-11-11,model2,csi500,2015-06-15,437,7.5192376201373,9.23832363817661
2015-11-11,model2,sse50,2015-06-15,46,0.45286391304347834,10.457019922846646
2015-11-12,model2,csi500,2015-06-15,444,2.665448626126126,6.002027082087809
2015-11-12,model2,sse50,2015-06-15,48,-5.538418749999999,2.468625408957757
2015-11-13,model2,csi500,2015-06-15,445,-1.313828629213483,2.956952539016648
2015-11-13,model2,sse50,2015-06-15,48,-12.66544125,-5.916998695652173
2015-11-16,model2,csi500,2015-06-15,447,2.837280178970917,1.396300058627854
2015-11-16,model2,sse50,2015-06-15,47,-6.936493191489362,-8.380117730496453
2015-11-17,model2,csi500,2015-06-15,444,0.9257274549549549,0.8163930015707969
2015-11-17,model2,sse50,2015-06-15,45,-0.9495084444444446,-6.850480961977934
2015-11-18,model2,csi500,2015-06-15,445,-2.9457893932584267,0.2724060802224823
2015-11-18,model2,sse50,2015-06-15,47,-2.1610804255319147,-3.349027353821906
2015-11-19,model2,csi500,2015-06-15,447,2.2348967561521254,0.07161160594955174
2015-11-19,model2,sse50,2015-06-15,48,2.999825,-0.0369212899921186
2015-11-20,model2,csi500,2015-06-15,438,3.8645370319634704,1.0512147982857236
2015-11-20,model2,sse50,2015-06-15,48,1.4018020833333331,0.7468488859338073
2015-11-23,model2,csi500,2015-06-15,440,0.694045431818182,2.2644930733112596
2015-11-23,model2,sse50,2015-06-15,48,-2.35504,0.6821956944444455
2015-11-24,model2,csi500,2015-06-15,443,1.4400392776523703,1.9995405804780082
2015-11-24,model2,sse50,2015-06-15,47,-5.577328936170213,-2.176855617612292
2015-11-25,model2,csi500,2015-06-15,441,5.082767210884354,2.4056173067849693
2015-11-25,model2,sse50,2015-06-15,48,-0.09823416666666669,-2.676867700945625
2015-11-26,model2,csi500,2015-06-15,447,1.7284866219239376,2.750431036820221
2015-11-26,model2,sse50,2015-06-15,46,-0.6029491304347825,-2.092837411090553
2015-11-27,model2,csi500,2015-06-15,454,-3.1580724449339206,1.2177271292914575
2015-11-27,model2,sse50,2015-06-15,47,-6.259188510638299,-2.3201239359132484
2015-11-30,model2,csi500,2015-06-15,450,-3.7591098444444446,-1.7295652224848086
2015-11-30,model2,sse50,2015-06-15,48,-7.597415416666666,-4.819851019246581
2015-12-01,model2,csi500,2015-06-15,448,-1.167738549107143,-2.6949736128285022
2015-12-01,model2,sse50,2015-06-15,47,-2.512615744680851,-5.456406557328605
2015-12-02,model2,csi500,2015-06-15,447,-1.4549341834451903,-2.1272608589989255
2015-12-02,model2,sse50,2015-06-15,48,3.3272645833333336,-2.2609221926713934
2015-12-03,model2,csi500,2015-06-15,452,4.875752123893806,0.7510264637804914
2015-12-03,model2,sse50,2015-06-15,47,5.4276914893617025,2.080780109338063
2015-12-04,model2,csi500,2015-06-15,451,2.2339849667405764,1.8849343023963978
2015-12-04,model2,sse50,2015-06-15,48,-2.0996354166666666,2.218440218676124
2015-12-07,model2,csi500,2015-06-15,445,2.8430251011235956,3.31758739725266
2015-12-07,model2,sse50,2015-06-15,47,-3.896160425531915,-0.1893681176122919
2015-12-08,model2,csi500,2015-06-15,455,-1.630702945054945,1.1487690409364095
2015-12-08,model2,sse50,2015-06-15,48,-9.998758333333333,-5.331518058510637
2015-12-09,model2,csi500,2015-06-15,449,-3.8647347216035635,-0.8841375218449703
2015-12-09,model2,sse50,2015-06-15,47,-4.905488085106383,-6.266802281323876
2015-12-10,model2,csi500,2015-06-15,448,-4.643384821428571,-3.379607496029026
2015-12-10,model2,sse50,2015-06-15,44,-3.7278009090909094,-6.210682442510207
2015-12-11,model2,csi500,2015-06-15,448,-5.1578337946428565,-4.555317779224996
2015-12-11,model2,sse50,2015-06-15,47,-4.444917872340425,-4.359402288845905
2015-12-14,model2,csi500,2015-12-14,462,2.699544220779221,-2.3672247984307346
2015-12-14,model2,sse50,2015-12-14,50,4.711434,-1.153761593810444
2015-12-15,model2,csi500,2015-12-14,452,4.914596150442478,0.8187688588596149
2015-12-15,model2,sse50,2015-12-14,50,-0.5070108,-0.0801648907801406
2015-12-16,model2,csi500,2015-12-14,437,4.252638695652174,3.9555930222912914
2015-12-16,model2,sse50,2015-12-14,46,-2.5877608695652174,0.538887443478262
2015-12-17,model2,csi500,2015-12-14,462,10.404862056277056,6.52403230079057
2015-12-17,model2,sse50,2015-12-14,50,1.990564,-0.36806922318840457
2015-12-18,model2,csi500,2015-12-14,458,5.695295829694324,6.784265527207853
2015-12-18,model2,sse50,2015-12-14,46,2.0796434782608695,0.4941488695652186
2015-12-21,model2,csi500,2015-12-14,453,5.40948417218543,7.169880686052271
2015-12-21,model2,sse50,2015-12-14,50,5.406040000000001,3.158749159420291
2015-12-22,model2,csi500,2015-12-14,449,6.095225345211581,5.733335115697113
2015-12-22,model2,sse50,2015-12-14,48,5.137634583333333,4.207772687198069
2015-12-23,model2,csi500,2015-12-14,448,-0.13537758928571414,3.789777309370433
2015-12-23,model2,sse50,2015-12-14,48,4.434862916666667,4.992845833333335
2015-12-24,model2,csi500,2015-12-14,446,-2.1995985201793724,1.253416411915499
2015-12-24,model2,sse50,2015-12-14,49,0.3906206122448983,3.3210393707483004
2015-12-25,model2,csi500,2015-12-14,442,0.19416097285067882,-0.7136050455381353
2015-12-25,model2,sse50,2015-12-14,47,1.5721476595744681,2.1325437294953455
2015-12-28,model2,csi500,2015-12-14,454,-3.5760523788546252,-1.8604966420611058
2015-12-28,model2,sse50,2015-12-14,50,-3.58248,-0.5399039093935434
2015-12-29,model2,csi500,2015-12-14,454,-0.6112291850220264,-1.331040197008657
2015-12-29,model2,sse50,2015-12-14,50,0.5148900000000001,-0.4984807801418429
2015-12-30,model2,csi500,2015-12-14,442,2.2305176470588233,-0.6522546389392755
2015-12-30,model2,sse50,2015-12-14,47,1.2304289361702128,-0.6123870212765946
2015-12-31,model2,csi500,2015-12-14,453,-1.4476454304635762,0.057214343857740824
2015-12-31,model2,sse50,2015-12-14,49,-1.517969387755102,0.07578318280503808
2016-01-04,model2,csi500,2015-12-14,461,-5.992478785249458,-1.7365355228847363
2016-01-04,model2,sse50,2015-12-14,50,-5.890476,-2.059338817194962
2016-01-05,model2,csi500,2015-12-14,460,-8.777871347826087,-5.405998521179707
2016-01-05,model2,sse50,2015-12-14,48,-4.555450416666667,-3.987965268140588
2016-01-06,model2,csi500,2015-12-14,461,2.0650160303687635,-4.235111367568927
2016-01-06,model2,sse50,2015-12-14,50,3.04673,-2.466398805555554
2016-01-07,model2,csi500,2015-12-14,462,-0.9910139393939393,-2.5679564189504203
2016-01-07,model2,sse50,2015-12-14,50,-0.9402200000000001,-0.8163134722222211
2016-01-08,model2,csi500,2015-12-14,454,-0.5427709251101321,0.17707705528823126
2016-01-08,model2,sse50,2015-12-14,50,0.5472800000000001,0.8845966666666679
2016-01-11,model2,csi500,2015-12-14,460,-2.8983812608695647,-1.4773887084578783
2016-01-11,model2,sse50,2015-12-14,49,-1.2409444897959183,-0.5446281632653048
2016-01-12,model2,csi500,2015-12-14,458,-2.6759515283842794,-2.0390345714546583
2016-01-12,model2,sse50,2015-12-14,47,-0.5251170212765957,-0.4062605036908367
2016-01-13,model2,csi500,2015-12-14,461,-6.489343340563991,-4.021225376605944
2016-01-13,model2,sse50,2015-12-14,49,-2.429597142857143,-1.3985528846432178
2016-01-14,model2,csi500,2015-12-14,464,0.7847962715517243,-2.7934995324655145
2016-01-14,model2,sse50,2015-12-14,46,0.4403391304347826,-0.838125011232984
2016-01-15,model2,csi500,2015-12-14,465,-1.2635898924731184,-2.3227123204951274
2016-01-15,model2,sse50,2015-12-14,50,-1.762922,-1.2507266708074523
2016-01-18,model2,csi500,2015-12-14,458,-0.07586050218340605,-0.18488470770159915
2016-01-18,model2,sse50,2015-12-14,45,-2.557051111111111,-1.2932113268921082
2016-01-19,model2,csi500,2015-12-14,467,4.9160526552462525,1.1922007535299102
2016-01-19,model2,sse50,2015-12-14,50,2.942158,-0.45927170370370235
2016-01-20,model2,csi500,2015-12-14,460,1.187420695652174,2.009204282905008
2016-01-20,model2,sse50,2015-12-14,49,1.070792448979592,0.4852997792894949
2016-01-21,model2,csi500,2015-12-14,468,-3.1261750854700856,0.9924327551427812
2016-01-21,model2,sse50,2015-12-14,50,-3.39741,0.2051801496598653
2016-01-22,model2,csi500,2015-12-14,465,0.02724544086021514,-0.6371696496525646
2016-01-22,model2,sse50,2015-12-14,49,0.3256922448979592,-0.6669751020408149
2016-01-25,model2,csi500,2015-12-14,457,3.1400698905908095,0.013713415326980597
2016-01-25,model2,sse50,2015-12-14,45,2.9249111111111112,-0.04893554799697508
2016-01-26,model2,csi500,2015-12-14,470,-2.1677149787234042,0.33320011757587437
2016-01-26,model2,sse50,2015-12-14,50,-1.9057855999999997,0.4482725853363583
2016-01-27,model2,csi500,2015-12-14,466,-4.221712017167382,-1.0831190350999915
2016-01-27,model2,sse50,2015-12-14,48,-3.1979208333333333,-0.7262651074074059
2016-01-28,model2,csi500,2015-12-14,469,-9.229255479744136,-5.206227491878306
2016-01-28,model2,sse50,2015-12-14,50,-7.705156,-4.26962081111111
2016-01-29,model2,csi500,2015-12-14,466,0.6651989270386267,-4.261922856624296
2016-01-29,model2,sse50,2015-12-14,50,1.2041480000000002,-3.232976277777776
2016-02-01,model2,csi500,2015-12-14,459,0.40856644880174287,-2.718496701301254
2016-02-01,model2,sse50,2015-12-14,50,-0.35910800000000004,-2.286705333333332
2016-02-02,model2,csi500,2015-12-14,464,2.9053882758620695,1.3263845505674807
2016-02-02,model2,sse50,2015-12-14,50,1.58517,0.8100700000000015
2016-02-03,model2,csi500,2015-12-14,455,3.9270774065934066,2.4136773770857407
2016-02-03,model2,sse50,2015-12-14,49,0.03300734693877552,0.41968978231292664
2016-02-04,model2,csi500,2015-12-14,460,7.547993000000001,4.79348622748516
2016-02-04,model2,sse50,2015-12-14,50,2.3101046000000003,1.30942731564626
2016-02-05,model2,csi500,2015-12-14,455,1.8627103076923077,4.445926904761906
2016-02-05,model2,sse50,2015-12-14,50,1.1520646,1.1650588489795937
2016-02-15,model2,csi500,2015-12-14,461,-0.4875038394793925,2.97439982273764
2016-02-15,model2,sse50,2015-12-14,50,-2.9119528,0.18340546666666832
2016-02-16,model2,csi500,2015-12-14,466,4.221744206008584,1.8656502247405007
2016-02-16,model2,sse50,2015-12-14,49,1.7175142857142858,-0.014124638095236527
2016-02-17,model2,csi500,2015-12-14,459,6.49319788671024,3.4091460844131447
2016-02-17,model2,sse50,2015-12-14,48,4.327654166666666,1.0444052174603187
2016-02-18,model2,csi500,2015-12-14,453,3.1303384768211924,4.615093523180007
2016-02-18,model2,sse50,2015-12-14,48,1.0860104166666666,2.377059623015874
2016-02-19,model2,csi500,2015-12-14,442,2.795517714932127,4.139684692821188
2016-02-19,model2,sse50,2015-12-14,47,-0.5845831914893616,1.6096937972813252
2016-02-22,model2,csi500,2015-12-14,462,7.820861103896104,4.582239098549809
2016-02-22,model2,sse50,2015-12-14,49,3.722497142857143,1.4079747893448176
2016-02-23,model2,csi500,2015-12-14,454,2.440409162995595,4.352262660607943
2016-02-23,model2,sse50,2015-12-14,48,-0.45242916666666666,0.8951615949003733
2016-02-24,model2,csi500,2015-12-14,444,1.6607661711711714,3.9740121460209585
2016-02-24,model2,sse50,2015-12-14,44,0.6581363636363636,1.3094014466089483
2016-02-25,model2,csi500,2015-12-14,459,-3.224162788671024,0.2923375151652487
2016-02-25,model2,sse50,2015-12-14,49,-1.9300448979591835,-0.5747792336631607
2016-02-26,model2,csi500,2015-12-14,448,-3.4696388839285714,-1.67767850047614
2016-02-26,model2,sse50,2015-12-14,48,0.5389791666666667,-0.2443097892187163
2016-02-29,model2,csi500,2015-12-14,456,-8.250959868421052,-4.981587180340214
2016-02-29,model2,sse50,2015-12-14,49,0.3325412244897959,-0.3528415022675722
2016-03-01,model2,csi500,2015-12-14,457,0.5989671772428884,-3.707210525035577
2016-03-01,model2,sse50,2015-12-14,46,2.5175652173913043,1.129695202849257
2016-03-02,model2,csi500,2015-12-14,457,5.229437111597374,-0.8075185265269287
2016-03-02,model2,sse50,2015-12-14,49,8.888751020408163,3.912952487429756
2016-03-03,model2,csi500,2015-12-14,433,4.31163792147806,3.380014070106109
2016-03-03,model2,sse50,2015-12-14,48,10.875446041666669,7.42725409315538
2016-03-04,model2,csi500,2015-12-14,450,-0.330878,3.070065677691813
2016-03-04,model2,sse50,2015-12-14,49,17.716512448979593,12.493569837018143
2016-03-07,model2,csi500,2015-12-14,456,4.283654057017544,2.754804659498536
2016-03-07,model2,sse50,2015-12-14,48,5.568879375000001,11.386945955215422
2016-03-08,model2,csi500,2015-12-14,447,2.1550942281879197,2.0359567617351555
2016-03-08,model2,sse50,2015-12-14,46,1.382455652173913,8.222615825384503
2016-03-09,model2,csi500,2015-12-14,459,-2.2013267755991284,1.4124738365354463
2016-03-09,model2,sse50,2015-12-14,47,-2.431391914893617,1.5066477040934334
2016-03-10,model2,csi500,2015-12-14,458,-5.988666026200874,-2.011632857870693
2016-03-10,model2,sse50,2015-12-14,49,-8.016751836734693,-3.021896033151465
2016-03-11,model2,csi500,2015-12-14,447,-7.133957897091722,-5.10798356629724
2016-03-11,model2,sse50,2015-12-14,49,-3.1046142857142858,-4.517586012447531
2016-03-14,model2,csi500,2015-12-14,463,2.553121425485961,-3.5231674992688773
2016-03-14,model2,sse50,2015-12-14,46,2.579523913043478,-2.8472807364684996
2016-03-15,model2,csi500,2015-12-14,454,0.6690335682819384,-1.3039343011079396
2016-03-15,model2,sse50,2015-12-14,47,2.401614893617021,0.6255081736487397
2016-03-16,model2,csi500,2015-12-14,460,-2.908091760869565,0.10468774429944598
2016-03-16,model2,sse50,2015-12-14,49,5.766653061224489,3.5825972892949984
2016-03-17,model2,csi500,2015-12-14,462,1.7138341774891774,-0.1750746716994819
2016-03-17,model2,sse50,2015-12-14,47,6.370696808510639,4.846321587784051
2016-03-18,model2,csi500,2015-12-14,460,5.702398978260869,1.502713798293495
2016-03-18,model2,sse50,2015-12-14,46,6.545146086956522,6.227498652230551
2016-03-21,model2,csi500,2015-12-14,463,9.783559913606911,5.73326435645232
2016-03-21,model2,sse50,2015-12-14,48,12.211945416666667,8.375929437377945
2016-03-22,model2,csi500,2015-12-14,458,7.6438821397379915,7.7099470105352585
2016-03-22,model2,sse50,2015-12-14,49,1.1338897959183674,6.630327099847187
2016-03-23,model2,csi500,2015-12-14,446,7.26017600896861,8.229206020771171
2016-03-23,model2,sse50,2015-12-14,44,-1.3253570454545454,4.006826055710165
2016-03-24,model2,csi500,2015-12-14,460,0.5327954347826089,5.145617861163071
2016-03-24,model2,sse50,2015-12-14,50,-4.813858,-1.6684417498453907
2016-03-25,model2,csi500,2015-12-14,453,1.1829093818984548,2.9919602752165595
2016-03-25,model2,sse50,2015-12-14,45,0.6476397777777778,-1.8305250892255873
2016-03-28,model2,csi500,2015-12-14,453,-0.31352408388520964,0.46739357759861927
2016-03-28,model2,sse50,2015-12-14,49,-1.8081638775510205,-1.9914606999244124
2016-03-29,model2,csi500,2015-12-14,460,-4.479871065217392,-1.2034952557347143
2016-03-29,model2,sse50,2015-12-14,45,-4.781214222222222,-1.9805794406651531
2016-03-30,model2,csi500,2015-12-14,462,2.1525724891774893,-0.880274219975036
2016-03-30,model2,sse50,2015-12-14,50,1.213024,-1.792118033257746
2016-03-31,model2,csi500,2015-12-14,450,2.6956049111111113,0.122768778357071
2016-03-31,model2,sse50,2015-12-14,45,1.3704222222222222,-0.7325893333333315
2016-04-01,model2,csi500,2015-12-14,452,0.2067630973451329,1.6849801658779127
2016-04-01,model2,sse50,2015-12-14,48,1.6891458333333336,1.4241973518518538
2016-04-05,model2,csi500,2015-12-14,462,5.147025497835498,2.6831311687639157
2016-04-05,model2,sse50,2015-12-14,46,5.231484782608696,2.763684279388086
2016-04-06,model2,csi500,2015-12-14,444,5.626634009009009,3.660140868063215
2016-04-06,model2,sse50,2015-12-14,50,-0.9374948,1.9943786053140118
2016-04-07,model2,csi500,2015-12-14,459,-0.658228779956427,3.371810242296028
2016-04-07,model2,sse50,2015-12-14,50,-4.552828399999999,-0.08627947246376581
2016-04-08,model2,csi500,2015-12-14,460,-3.0556015,0.6376012430175285
2016-04-08,model2,sse50,2015-12-14,46,-9.469375652173913,-4.986566284057969
2016-04-11,model2,csi500,2015-12-14,458,2.539058100436681,-0.3915907265065807
2016-04-11,model2,sse50,2015-12-14,50,0.9225872000000002,-4.366538950724635
2016-04-12,model2,csi500,2015-12-14,459,0.5911011111111112,0.024852570515932038
2016-04-12,model2,sse50,2015-12-14,45,0.2235088888888889,-2.774426521095006
2016-04-13,model2,csi500,2015-12-14,457,2.601779387308534,1.9106461996187767
2016-04-13,model2,sse50,2015-12-14,50,2.25667,1.1342553629629648
2016-04-14,model2,csi500,2015-12-14,454,5.829658700440529,3.007513066286726
2016-04-14,model2,sse50,2015-12-14,45,5.709233333333334,2.729804074074076
2016-04-15,model2,csi500,2015-12-14,448,2.0643268526785716,3.4985883134758793
2016-04-15,model2,sse50,2015-12-14,47,1.5322644680851063,3.166055933806149
2016-04-18,model2,csi500,2015-12-14,458,-2.6129728602620084,1.7603375642856987
2016-04-18,model2,sse50,2015-12-14,50,-3.2551655999999998,1.3287774004728152
2016-04-19,model2,csi500,2015-12-14,435,-0.8373840689655171,-0.4620100255163167
2016-04-19,model2,sse50,2015-12-14,43,-2.002514418604651,-1.2418051835065131
2016-04-20,model2,csi500,2015-12-14,460,-4.98005545652174,-2.8101374619164203
2016-04-20,model2,sse50,2015-12-14,46,-4.783724347826087,-3.3471347888102443
2016-04-21,model2,csi500,2015-12-14,454,-8.401487136563876,-4.739642220683709
2016-04-21,model2,sse50,2015-12-14,49,-8.91672387755102,-5.234320881327251
2016-04-22,model2,csi500,2015-12-14,449,-0.8174513585746103,-4.73299798388674
2016-04-22,model2,sse50,2015-12-14,46,-0.46979282608695627,-4.723413683821353
2016-04-25,model2,csi500,2015-12-14,450,-1.5009491555555556,-3.573295883564679
2016-04-25,model2,sse50,2015-12-14,47,-2.0850861702127657,-3.8238676246169123
2016-04-26,model2,csi500,2015-12-14,447,2.370474697986577,0.017358061285472164
2016-04-26,model2,sse50,2015-12-14,47,3.852118085106383,0.4324130296022222
2016-04-27,model2,csi500,2015-12-14,453,0.9078585430463577,0.5924613618257948
2016-04-27,model2,sse50,2015-12-14,46,-1.1903008695652175,0.19224368177613513
2016-04-28,model2,csi500,2015-12-14,452,-1.8130963938053095,0.48841228240921025
2016-04-28,model2,sse50,2015-12-14,44,-2.778925909090909,-0.03903623118324603
2016-04-29,model2,csi500,2015-12-14,444,-2.624636216216216,-1.176624688991721
2016-04-29,model2,sse50,2015-12-14,48,-3.3948195833333332,-2.454682120663151
2016-05-03,model2,csi500,2015-12-14,465,3.428943311827957,-0.3362630993978543
2016-05-03,model2,sse50,2015-12-14,48,1.6951068750000002,-1.492879539141412
2016-05-04,model2,csi500,2015-12-14,449,2.541714810690423,1.1153406354340565
2016-05-04,model2,sse50,2015-12-14,43,-1.3053204651162793,-1.0016777244832022
2016-05-05,model2,csi500,2015-12-14,434,3.1821013133640554,3.0509198119608136
2016-05-05,model2,sse50,2015-12-14,40,-3.065806,-0.892006530038758
2016-05-06,model2,csi500,2015-12-14,468,-2.176458034188034,1.1824526966221496
2016-05-06,model2,sse50,2015-12-14,49,-7.161412653061225,-3.8441797060591667
2016-05-09,model2,csi500,2015-12-14,466,-7.038589527896995,-2.0109820829069895
2016-05-09,model2,sse50,2015-12-14,49,-13.924497959183674,-8.05057220408163
2016-05-10,model2,csi500,2015-12-14,434,-6.605821566820277,-5.273623042968434
2016-05-10,model2,sse50,2015-12-14,47,-12.805871489361701,-11.297260700535531
2016-05-11,model2,csi500,2015-12-14,454,-5.704825947136564,-6.449745680617944
2016-05-11,model2,sse50,2015-12-14,47,-4.912204255319149,-10.54752456795484
2016-05-12,model2,csi500,2015-12-14,454,-5.77945563876652,-6.030034384241119
2016-05-12,model2,sse50,2015-12-14,48,-2.1164875000000003,-6.611521081560281
2016-05-13,model2,csi500,2015-12-14,453,-4.840525651214128,-5.441602412372402
2016-05-13,model2,sse50,2015-12-14,44,-4.086056363636364,-3.704916039651836
2016-05-16,model2,csi500,2015-12-14,459,3.4373256209150327,-2.3942185563552036
2016-05-16,model2,sse50,2015-12-14,46,1.3834413043478262,-1.606367519762844
2016-05-17,model2,csi500,2015-12-14,454,1.3891760572687224,-0.004674657676789318
2016-05-17,model2,sse50,2015-12-14,46,1.2656258695652176,-0.4789963965744381
2016-05-18,model2,csi500,2015-12-14,466,-3.254967746781116,0.5238446438008815
2016-05-18,model2,sse50,2015-12-14,44,-0.26569795454545436,0.7944564064558651
2016-05-19,model2,csi500,2015-12-14,442,-1.677045067873303,-1.1809455857952305
2016-05-19,model2,sse50,2015-12-14,44,-3.4199104545454544,-0.8066608465085618
2016-05-20,model2,csi500,2015-12-14,459,2.481714204793028,-0.8167662032871285
2016-05-20,model2,sse50,2015-12-14,45,0.899548888888889,-0.9286865067340048
2016-05-23,model2,csi500,2015-12-14,450,5.810984133333333,2.205217756751021
2016-05-23,model2,sse50,2015-12-14,44,2.6208777272727275,0.03350538720538928
2016-05-24,model2,csi500,2015-12-14,458,1.5204895414847164,3.2710626265370277
2016-05-24,model2,sse50,2015-12-14,44,-1.553685,0.6555805387205408
2016-05-25,model2,csi500,2015-12-14,430,-1.881948953488372,1.8165082404432276
2016-05-25,model2,sse50,2015-12-14,43,-0.6742772093023256,0.13097183932346923
2016-05-26,model2,csi500,2015-12-14,435,-0.967901977011494,-0.4431204630050481
2016-05-26,model2,sse50,2015-12-14,44,0.41443840909090923,-0.6045079334038035
2016-05-27,model2,csi500,2015-12-14,439,-1.1739011389521639,-1.3412506898173415
2016-05-27,model2,sse50,2015-12-14,44,-0.7130577272727272,-0.3242988424947126
2016-05-30,model2,csi500,2015-12-14,454,-3.623890154185022,-1.9218977567162245
2016-05-30,model2,sse50,2015-12-14,48,3.0819875,0.927789393939396
2016-05-31,model2,csi500,2015-12-14,466,3.601420965665236,-0.398790109157315
2016-05-31,model2,sse50,2015-12-14,50,8.4330304,3.600653390909093
2016-06-01,model2,csi500,2015-12-14,441,3.400009977324263,1.1258469296014941
2016-06-01,model2,sse50,2015-12-14,48,0.20132500000000006,3.9054476333333352
2016-06-02,model2,csi500,2015-12-14,447,4.2002527740492175,3.733894572346241
2016-06-02,model2,sse50,2015-12-14,39,-0.8746351282051281,2.5865734239316263
2016-06-03,model2,csi500,2015-12-14,446,4.640532780269059,4.080265177214181
2016-06-03,model2,sse50,2015-12-14,49,0.41516734693877566,-0.08604759375544842
2016-06-06,model2,csi500,2015-12-14,450,2.896448755555556,3.9124114366246125
2016-06-06,model2,sse50,2015-12-14,46,-2.9067478260869564,-1.1220718691177674
2016-06-07,model2,csi500,2015-12-14,444,0.480374301801802,2.672451945875474
2016-06-07,model2,sse50,2015-12-14,43,-1.1506693023255814,-1.2140832604912515
2016-06-08,model2,csi500,2015-12-14,449,-2.29726855233853,0.35985150167294444
2016-06-08,model2,sse50,2015-12-14,45,-2.5467395555555554,-2.2013855613226956
2016-06-13,model2,csi500,2016-06-13,470,-8.183859042553191,-3.3335844310299714
2016-06-13,model2,sse50,2016-06-13,49,-8.067395510204081,-3.921601456028404
2016-06-14,model2,csi500,2016-06-13,456,-5.6429408771929825,-5.374689490694901
2016-06-14,model2,sse50,2016-06-13,45,-2.849964,-4.488033021919876
2016-06-15,model2,csi500,2016-06-13,473,3.315842621564482,-3.5036524327272294
2016-06-15,model2,sse50,2016-06-13,46,2.581423913043478,-2.7786451990535315
2016-06-16,model2,csi500,2016-06-13,467,1.441660364025696,-0.29514596386760034
2016-06-16,model2,sse50,2016-06-13,48,-1.1081479166666666,-0.45889600120772706
2016-06-17,model2,csi500,2016-06-13,460,2.0293407173913045,2.262281234327162
2016-06-17,model2,sse50,2016-06-13,43,0.9838465116279069,0.8190408360015752
2016-06-20,model2,csi500,2016-06-13,451,2.803941130820399,2.091647404079134
2016-06-20,model2,sse50,2016-06-13,43,3.208409534883721,1.028036043281656
2016-06-21,model2,csi500,2016-06-13,462,-1.4679672510822508,1.1217715323764852
2016-06-21,model2,sse50,2016-06-13,44,0.780405681818182,1.6575539094432725
2016-06-22,model2,csi500,2016-06-13,469,2.7520903411513857,1.3626880736298457
2016-06-22,model2,sse50,2016-06-13,47,4.850861702127659,2.94655897294319
2016-06-23,model2,csi500,2016-06-13,467,1.863769250535332,1.0492974468681568
2016-06-23,model2,sse50,2016-06-13,46,2.471261304347826,2.700842896097891
2016-06-24,model2,csi500,2016-06-13,472,-2.082819745762712,0.8443466153080031
2016-06-24,model2,sse50,2016-06-13,48,-2.990190416666667,1.4439775299362754
2016-06-27,model2,csi500,2016-06-13,473,2.1618232769556025,0.6475909272427421
2016-06-27,model2,sse50,2016-06-13,46,0.6760869565217391,0.052385948067635114
2016-06-28,model2,csi500,2016-06-13,456,4.137935460526316,1.4056463305730702
2016-06-28,model2,sse50,2016-06-13,41,3.1408365853658533,0.27557770840697754
2016-06-29,model2,csi500,2016-06-13,461,2.5837020824295016,2.9611536066371413
2016-06-29,model2,sse50,2016-06-13,48,4.024220833333334,2.613714791740311
2016-06-30,model2,csi500,2016-06-13,457,2.897564638949672,3.206400727301831
2016-06-30,model2,sse50,2016-06-13,49,5.508375510204082,4.224477642967758
2016-07-01,model2,csi500,2016-06-13,454,0.9524769823788548,2.1445812345860107
2016-07-01,model2,sse50,2016-06-13,45,5.493131333333334,5.008575892290252
2016-07-04,model2,csi500,2016-06-13,470,4.386232893617022,2.7454248383151842
2016-07-04,model2,sse50,2016-06-13,50,9.210103,6.737203281179141
2016-07-05,model2,csi500,2016-06-13,447,4.661367874720359,3.333359250238747
2016-07-05,model2,sse50,2016-06-13,46,6.4643367391304345,7.055857024154592
2016-07-06,model2,csi500,2016-06-13,458,3.8822700218340613,4.309956930057148
2016-07-06,model2,sse50,2016-06-13,45,2.933070888888889,6.20250354267311
2016-07-07,model2,csi500,2016-06-13,457,2.81494704595186,3.7861949808354285
2016-07-07,model2,sse50,2016-06-13,48,2.4784075000000003,3.9586050426731103
2016-07-08,model2,csi500,2016-06-13,455,-0.6422406153846152,2.0183254841337703
2016-07-08,model2,sse50,2016-06-13,47,-2.898441914893617,0.8376788246650931
2016-07-11,model2,csi500,2016-06-13,459,-1.848276122004357,0.10814343618763078
2016-07-11,model2,sse50,2016-06-13,45,-2.532672222222222,-0.9842355457052773
2016-07-12,model2,csi500,2016-06-13,472,1.8820811864406781,-0.20281185031609664
2016-07-12,model2,sse50,2016-06-13,49,3.9709393877551022,-0.48672491645357674
2016-07-13,model2,csi500,2016-06-13,466,3.632680278969957,1.2221617811354275
2016-07-13,model2,sse50,2016-06-13,48,5.672108333333334,2.3701251662887404
2016-07-14,model2,csi500,2016-06-13,460,2.9015753043478263,2.8054455899194886
2016-07-14,model2,sse50,2016-06-13,49,2.592061224489796,4.07836964852608
2016-07-15,model2,csi500,2016-06-13,458,0.29085875545851536,2.2750381129254342
2016-07-15,model2,sse50,2016-06-13,47,2.9311572340425536,3.731775597288564
2016-07-18,model2,csi500,2016-06-13,465,-1.5703393978494622,0.5406982206522947
2016-07-18,model2,sse50,2016-06-13,47,1.1185325531914896,2.2139170039079485
2016-07-19,model2,csi500,2016-06-13,458,-0.7267296069868995,-0.6687367497926139
2016-07-19,model2,sse50,2016-06-13,48,-2.6393808333333335,0.47010298463357225
2016-07-20,model2,csi500,2016-06-13,454,-1.5215178414096915,-1.2728622820820161
2016-07-20,model2,sse50,2016-06-13,50,-4.828952,-2.116600093380612
2016-07-21,model2,csi500,2016-06-13,448,-1.4059682589285714,-1.2180719024417195
2016-07-21,model2,sse50,2016-06-13,45,-1.1307719999999999,-2.8663682777777755
2016-07-22,model2,csi500,2016-06-13,464,-3.674993275862069,-2.2008264587334425
2016-07-22,model2,sse50,2016-06-13,48,-2.516973333333333,-2.8255657777777756
2016-07-25,model2,csi500,2016-06-13,451,-1.6601743237250555,-2.2470452861718972
2016-07-25,model2,sse50,2016-06-13,44,-3.7329681818181815,-2.460237838383836
2016-07-26,model2,csi500,2016-06-13,469,4.109720106609808,-0.40848249765910377
2016-07-26,model2,sse50,2016-06-13,49,2.375077551020408,-1.291621321377033
2016-07-27,model2,csi500,2016-06-13,478,-0.910417740585774,0.5130426807663279
2016-07-27,model2,sse50,2016-06-13,45,1.161268888888889,-0.06554058063629246
2016-07-28,model2,csi500,2016-06-13,462,-1.3426316017316018,0.6188902547641457
2016-07-28,model2,sse50,2016-06-13,47,-0.39876595744680843,1.0458601608208318
2016-07-29,model2,csi500,2016-06-13,457,-3.0902664113785554,-1.7811052512319756
2016-07-29,model2,sse50,2016-06-13,44,-3.0067177272727275,-0.7480715986102133
2016-08-01,model2,csi500,2016-06-13,469,-7.433808379530917,-3.9555687975470235
2016-08-01,model2,sse50,2016-06-13,47,-7.585786382978723,-3.6637566892327507
2016-08-02,model2,csi500,2016-06-13,469,0.8238671641791045,-3.233402542243454
2016-08-02,model2,sse50,2016-06-13,46,0.19834739130434798,-3.464718906315699
2016-08-03,model2,csi500,2016-06-13,450,1.961745688888889,-1.549398508820973
2016-08-03,model2,sse50,2016-06-13,49,-0.036251020408163304,-2.4745633373608436
2016-08-04,model2,csi500,2016-06-13,456,2.6147450438596493,1.8001192989758825
2016-08-04,model2,sse50,2016-06-13,46,-1.7931734782608695,-0.5436923691215593
2016-08-05,model2,csi500,2016-06-13,464,0.8963560129310345,1.824282248559859
2016-08-05,model2,sse50,2016-06-13,44,-0.6459922727272727,-0.825138923798766
2016-08-08,model2,csi500,2016-06-13,477,4.317977987421385,2.6096930147373576
2016-08-08,model2,sse50,2016-06-13,47,4.800847234042553,0.7872271610181395
2016-08-09,model2,csi500,2016-06-13,467,5.887014132762313,3.700449377704912
2016-08-09,model2,sse50,2016-06-13,47,8.338049574468085,4.164301511927792
2016-08-10,model2,csi500,2016-06-13,465,1.3020904516129033,3.8356941905988684
2016-08-10,model2,sse50,2016-06-13,46,2.2765891304347825,5.138495312981809
2016-08-11,model2,csi500,2016-06-13,476,-2.790087794117647,1.4663389300858578
2016-08-11,model2,sse50,2016-06-13,49,3.2623440816326537,4.625660928845176
2016-08-12,model2,csi500,2016-06-13,474,1.3769668354430382,-0.03701016902056701
2016-08-12,model2,sse50,2016-06-13,50,8.2694182,4.602783804022481
2016-08-15,model2,csi500,2016-06-13,479,5.355876889352818,1.314251976892738
2016-08-15,model2,sse50,2016-06-13,50,13.1145028,8.215421693877554
2016-08-16,model2,csi500,2016-06-13,455,5.837707582417583,4.190183769071148
2016-08-16,model2,sse50,2016-06-13,47,1.7463659574468084,7.710095652482271
2016-08-17,model2,csi500,2016-06-13,463,6.19876777537797,5.797450749049458
2016-08-17,model2,sse50,2016-06-13,46,-0.5140652173913044,4.78226784668517
2016-08-18,model2,csi500,2016-06-13,467,3.3616145610278374,5.132696639607798
2016-08-18,model2,sse50,2016-06-13,48,-3.5213916666666663,-0.763030308870385
2016-08-19,model2,csi500,2016-06-13,460,0.9096084782608698,3.489996938222227
2016-08-19,model2,sse50,2016-06-13,45,-3.0908817777777773,-2.3754462206119134
2016-08-22,model2,csi500,2016-06-13,478,-3.436713242677824,0.27816993220362907
2016-08-22,model2,sse50,2016-06-13,50,-6.3934044,-4.335225948148145
2016-08-23,model2,csi500,2016-06-13,456,-2.3445964035087714,-1.6239003893085737
2016-08-23,model2,sse50,2016-06-13,43,-2.145821395348837,-3.8767025243755353
2016-08-24,model2,csi500,2016-06-13,466,-1.3552117596566524,-2.3788404686144147
2016-08-24,model2,sse50,2016-06-13,41,-4.245027317073171,-4.2614177041406665
2016-08-25,model2,csi500,2016-06-13,475,-3.3038290315789474,-2.3345457315814557
2016-08-25,model2,sse50,2016-06-13,46,-7.681900434782608,-4.690916382401536
2016-08-26,model2,csi500,2016-06-13,457,-1.1949638293216631,-1.9513348735190863
2016-08-26,model2,sse50,2016-06-13,43,-3.042072093023256,-4.989666614959676
2016-08-29,model2,csi500,2016-06-13,452,1.1637126769911506,-1.111693394636485
2016-08-29,model2,sse50,2016-06-13,46,-0.5075026086956521,-3.7438250455005027
2016-08-30,model2,csi500,2016-06-13,456,-0.5850881578947368,-0.20544643674174845
2016-08-30,model2,sse50,2016-06-13,50,1.516912,-0.6775542339063
2016-08-31,model2,csi500,2016-06-13,449,0.5749248106904232,0.3845164432622803
2016-08-31,model2,sse50,2016-06-13,44,4.385115,1.798174797101452
2016-09-01,model2,csi500,2016-06-13,466,-2.762370472103004,-0.9241779397691046
2016-09-01,model2,sse50,2016-06-13,47,-1.2586025531914893,1.5478081489361728
2016-09-02,model2,csi500,2016-06-13,456,-4.597895986842105,-2.2617805494182277
2016-09-02,model2,sse50,2016-06-13,46,1.351360434782609,1.4926242938637093
2016-09-05,model2,csi500,2016-06-13,453,-1.374159646799117,-2.911475368581408
2016-09-05,model2,sse50,2016-06-13,44,1.7485915909090908,0.6137831575000728
2016-09-06,model2,csi500,2016-06-13,470,4.344994021276596,-0.5423538707882072
2016-09-06,model2,sse50,2016-06-13,47,3.71706085106383,2.272337625585179
2016-09-07,model2,csi500,2016-06-13,451,3.335633414634146,2.1021559297038768
2016-09-07,model2,sse50,2016-06-13,42,4.69490380952381,3.3868520838322467
2016-09-08,model2,csi500,2016-06-13,454,3.5747340969162997,3.7517871776090157
2016-09-08,model2,sse50,2016-06-13,43,1.6252934883720933,3.345752716319914
2016-09-09,model2,csi500,2016-06-13,463,-0.6982576889848812,2.070703274188523
2016-09-09,model2,sse50,2016-06-13,48,-1.7923810416666666,1.509272085409748
2016-09-12,model2,csi500,2016-06-13,470,-6.850326531914893,-1.3246167079944902
2016-09-12,model2,sse50,2016-06-13,48,-8.580428333333334,-2.915838628875966
2016-09-13,model2,csi500,2016-06-13,449,-2.6010412917594654,-3.383208504219745
2016-09-13,model2,sse50,2016-06-13,46,-13.222720434782609,-7.865176603260867
2016-09-14,model2,csi500,2016-06-13,451,-4.105109090909091,-4.518825638194481
2016-09-14,model2,sse50,2016-06-13,47,-21.842345531914894,-14.548498100010276
2016-09-19,model2,csi500,2016-06-13,460,1.6738671521739132,-1.6774277434982128
2016-09-19,model2,sse50,2016-06-13,43,0.727606046511628,-11.44581997339529
2016-09-20,model2,csi500,2016-06-13,442,1.336365294117647,-0.36495888153917516
2016-09-20,model2,sse50,2016-06-13,45,0.18480888888888888,-6.976643532171457
2016-09-21,model2,csi500,2016-06-13,434,1.0117838479262675,1.3406720980726108
2016-09-21,model2,sse50,2016-06-13,44,1.151084090909091,0.6878330087698717
2016-09-22,model2,csi500,2016-06-13,424,3.1748818632075473,1.841010335083822
2016-09-22,model2,sse50,2016-06-13,44,4.8705597727272725,2.0688175841750867
2016-09-23,model2,csi500,2016-06-13,455,0.9114433846153847,1.6993696985830677
2016-09-23,model2,sse50,2016-06-13,46,2.1436115217391305,2.721751795125167
2016-09-26,model2,csi500,2016-06-13,463,-4.190552051835853,-0.034742268004305764
2016-09-26,model2,sse50,2016-06-13,47,-2.5903021276595743,1.4746230556022786
2016-09-27,model2,csi500,2016-06-13,452,-0.12404869469026537,-1.1343857873035768
2016-09-27,model2,sse50,2016-06-13,43,1.4050453488372097,0.3194515809722576
2016-09-28,model2,csi500,2016-06-13,454,-0.9547452202643171,-1.7564486555968104
2016-09-28,model2,sse50,2016-06-13,46,-0.7636847826086957,-0.6496471871436844
2016-09-29,model2,csi500,2016-06-13,438,-0.5864985844748858,-0.5550974998098213
2016-09-29,model2,sse50,2016-06-13,44,0.7162272727272728,0.4525292796519313
2016-09-30,model2,csi500,2016-06-13,442,1.4836600226244345,-0.019194594038254593
2016-09-30,model2,sse50,2016-06-13,43,1.9502,0.6342474967061947
2016-10-10,model2,csi500,2016-06-13,468,6.504469935897436,2.467210458015663
2016-10-10,model2,sse50,2016-06-13,48,4.553865208333334,2.406764160353538
2016-10-11,model2,csi500,2016-06-13,449,8.228691915367484,5.405607291296453
2016-10-11,model2,sse50,2016-06-13,41,7.633573170731707,4.712546126355016
2016-10-12,model2,csi500,2016-06-13,458,4.719307205240175,6.484156352168366
2016-10-12,model2,sse50,2016-06-13,43,-1.6132823255813953,3.5247186844945504
2016-10-13,model2,csi500,2016-06-13,452,1.0939490486725665,4.6806493897600765
2016-10-13,model2,sse50,2016-06-13,39,-2.5783348717948718,1.147318657785149
2016-10-14,model2,csi500,2016-06-13,462,-1.2853350216450214,1.5093070774225745
2016-10-14,model2,sse50,2016-06-13,43,-0.048192558139534866,-1.413269918505265
2016-10-17,model2,csi500,2016-06-13,467,-4.935979250535332,-1.709121741169261
2016-10-17,model2,sse50,2016-06-13,44,-3.3173395454545456,-1.9812889917963148
2016-10-18,model2,csi500,2016-06-13,475,1.8124780842105264,-1.4696120626566078
2016-10-18,model2,sse50,2016-06-13,47,2.810627659574468,-0.18496814800653505
2016-10-19,model2,csi500,2016-06-13,461,1.0579738611713667,-0.6885091017178118
2016-10-19,model2,sse50,2016-06-13,41,5.600173658536586,1.6978205908855053
2016-10-20,model2,csi500,2016-06-13,455,-0.17831338461538454,0.897379520255504
2016-10-20,model2,sse50,2016-06-13,40,3.46400475,3.9582686893703536
2016-10-21,model2,csi500,2016-06-13,466,-1.9676911802575106,-0.3626769012338416
2016-10-21,model2,sse50,2016-06-13,45,6.230821555555556,5.098333321364049
2016-10-24,model2,csi500,2016-06-13,467,1.894494239828694,-0.08383677501473256
2016-10-24,model2,sse50,2016-06-13,47,9.057777659574468,6.250867988376676
2016-10-25,model2,csi500,2016-06-13,451,3.0448645676274944,0.9905558757328937
2016-10-25,model2,sse50,2016-06-13,47,4.186567872340425,6.491722362490151
2016-10-26,model2,csi500,2016-06-13,469,0.2547665671641792,1.7313751248734566
2016-10-26,model2,sse50,2016-06-13,48,-2.6747037500000004,3.5232139273049667
2016-10-27,model2,csi500,2016-06-13,455,-1.330179010989011,0.6564840412675552
2016-10-27,model2,sse50,2016-06-13,43,-4.482665581395349,-0.9902671530183061
2016-10-28,model2,csi500,2016-06-13,472,-4.100897733050847,-1.7254367256252252
2016-10-28,model2,sse50,2016-06-13,48,-2.0192489583333333,-3.058872763242892
2016-10-31,model2,csi500,2016-06-13,459,-4.785625381263617,-3.405567375101157
2016-10-31,model2,sse50,2016-06-13,46,-1.8637023913043476,-2.788538977011008
2016-11-01,model2,csi500,2016-06-13,457,2.5839602625820572,-2.100854283910801
2016-11-01,model2,sse50,2016-06-13,48,3.1926500000000004,-0.23010044987922473
2016-11-02,model2,csi500,2016-06-13,467,0.13412209850107074,-0.6891810067268284
2016-11-02,model2,sse50,2016-06-13,47,-1.3195017021276596,0.003148635522666495
2016-11-03,model2,csi500,2016-06-13,460,0.9267993478260871,1.2149605696364063
2016-11-03,model2,sse50,2016-06-13,44,0.743334090909091,0.8721607962604794
2016-11-04,model2,csi500,2016-06-13,461,-0.002286464208242857,0.3528783273729728
2016-11-04,model2,sse50,2016-06-13,45,1.1201377777777777,0.18132338885307173
2016-11-07,model2,csi500,2016-06-13,458,-1.3173727947598253,-0.1309533037139925
2016-11-07,model2,sse50,2016-06-13,41,2.2733031707317073,1.3789250131395274
2016-11-08,model2,csi500,2016-06-13,461,1.7998688937093275,0.16006987824708765
2016-11-08,model2,sse50,2016-06-13,48,4.699459375,2.6976334411698306
2016-11-09,model2,csi500,2016-06-13,459,-0.5606456427015251,-0.026049847917339775
2016-11-09,model2,sse50,2016-06-13,49,-1.9529069387755102,1.6732852023187343
2016-11-10,model2,csi500,2016-06-13,471,2.28792796178344,1.1757170709304152
2016-11-10,model2,sse50,2016-06-13,49,1.6005938775510204,1.4490487712585054
2016-11-11,model2,csi500,2016-06-13,460,3.94225702173913,1.8898464469403493
2016-11-11,model2,sse50,2016-06-13,46,5.746041956521739,1.7979096317657517
2016-11-14,model2,csi500,2016-06-13,450,4.306715066666667,3.5123000167297467
2016-11-14,model2,sse50,2016-06-13,44,7.224402954545455,4.857012929539407
2016-11-15,model2,csi500,2016-06-13,452,5.85294778761062,4.700639958672141
2016-11-15,model2,sse50,2016-06-13,45,4.021081333333334,5.663842081466844
2016-11-16,model2,csi500,2016-06-13,448,3.152422834821429,4.43736189636624
2016-11-16,model2,sse50,2016-06-13,41,0.6460317073170735,3.963838665065289
2016-11-17,model2,csi500,2016-06-13,454,-0.055286982378854495,2.9833612133510656
2016-11-17,model2,sse50,2016-06-13,43,1.0300406976744187,1.8990512461082776
2016-11-18,model2,csi500,2016-06-13,454,-3.1929578634361233,-0.03194067033118175
2016-11-18,model2,sse50,2016-06-13,45,-3.342964888888889,-0.5556308279657968
2016-11-21,model2,csi500,2016-06-13,443,-1.539857607223476,-1.5960341510128166
2016-11-21,model2,sse50,2016-06-13,47,-0.9152978723404254,-1.076074021184963
2016-11-22,model2,csi500,2016-06-13,451,2.2232526385809313,-0.8365209440262215
2016-11-22,model2,sse50,2016-06-13,47,1.9463808510638299,-0.7706273033884927
2016-11-23,model2,csi500,2016-06-13,461,0.01610986984815625,0.23316830040187167
2016-11-23,model2,sse50,2016-06-13,46,3.400552826086957,1.4772119349367892
2016-11-24,model2,csi500,2016-06-13,459,-1.1839273420479302,0.35181172212705364
2016-11-24,model2,sse50,2016-06-13,45,2.089585111111111,2.4788395960873015
2016-11-25,model2,csi500,2016-06-13,449,0.2604738307349667,-0.3024478804882678
2016-11-25,model2,sse50,2016-06-13,48,5.253799791666666,3.5813125762882465
2016-11-28,model2,csi500,2016-06-13,452,-0.16383073008849552,-0.36242808046715175
2016-11-28,model2,sse50,2016-06-13,47,3.983837446808511,3.7757407831954315
2016-11-29,model2,csi500,2016-06-13,459,-2.847400479302832,-0.9169191262187857
2016-11-29,model2,sse50,2016-06-13,48,5.3592506250000005,4.865629287825061
2016-11-30,model2,csi500,2016-06-13,454,-3.4885259691629957,-2.166585726184773
2016-11-30,model2,sse50,2016-06-13,48,0.27515979166666676,3.2060826211583944
2016-12-01,model2,csi500,2016-06-13,448,0.1408401339285715,-2.065028771512418
2016-12-01,model2,sse50,2016-06-13,46,1.1458636956521742,2.2600913707729493
2016-12-02,model2,csi500,2016-06-13,462,-2.9477113636363637,-2.098465732956928
2016-12-02,model2,sse50,2016-06-13,45,-0.34196933333333335,0.359684717995171
2016-12-05,model2,csi500,2016-06-13,454,-4.33407140969163,-2.3803142131331394
2016-12-05,model2,sse50,2016-06-13,45,-3.426192,-0.8740992125603846
2016-12-06,model2,csi500,2016-06-13,435,-2.624221126436782,-3.3020012999215904
2016-12-06,model2,sse50,2016-06-13,48,-4.96017375,-2.909445027777776
2016-12-07,model2,csi500,2016-06-13,457,2.417471444201313,-1.5136070306423648
2016-12-07,model2,sse50,2016-06-13,46,-0.5795173913043478,-2.988627713768114
2016-12-08,model2,csi500,2016-06-13,458,0.3484676419213974,0.047239319895310994
2016-12-08,model2,sse50,2016-06-13,47,0.13544255319148937,-1.8014161960376178
2016-12-09,model2,csi500,2016-06-13,442,-1.4146203846153846,0.45043956716911
2016-12-09,model2,sse50,2016-06-13,46,1.7224478260869567,0.42612432932470123
2016-12-12,model2,csi500,2016-12-12,467,-6.229468843683083,-2.431873862125689
2016-12-12,model2,sse50,2016-12-12,50,0.7035484000000001,0.8538129264261505
2016-12-13,model2,csi500,2016-12-12,439,-4.575813348519362,-4.073300858939276
2016-12-13,model2,sse50,2016-12-12,48,-2.8403541666666663,-0.13811931352656792
2016-12-14,model2,csi500,2016-12-12,452,-6.852587256637168,-5.885956482946536
2016-12-14,model2,sse50,2016-12-12,49,-5.198452653061224,-2.445086139909295
2016-12-15,model2,csi500,2016-12-12,454,0.19881019823788554,-3.7431968023062137
2016-12-15,model2,sse50,2016-12-12,49,-6.946092244897959,-4.994966354875281
2016-12-16,model2,csi500,2016-12-12,453,3.5824128476821193,-1.0237880702390532
2016-12-16,model2,sse50,2016-12-12,49,-7.198106530612245,-6.447550476190474
2016-12-19,model2,csi500,2016-12-12,445,2.173110516853933,1.9847778542579804
2016-12-19,model2,sse50,2016-12-12,47,-7.099622553191489,-7.081273776233896
2016-12-20,model2,csi500,2016-12-12,447,-0.14759082774049212,1.8693108455985212
2016-12-20,model2,sse50,2016-12-12,48,-7.748401666666666,-7.348710250156799
2016-12-21,model2,csi500,2016-12-12,456,3.808413157894737,1.9446442823360606
2016-12-21,model2,sse50,2016-12-12,50,0.352038,-4.8319954066193835
2016-12-22,model2,csi500,2016-12-12,447,1.5279871364653246,1.7296031555398577
2016-12-22,model2,sse50,2016-12-12,47,-0.6517321276595744,-2.682698598108745
2016-12-23,model2,csi500,2016-12-12,451,-1.8448756984478936,1.1638415319707238
2016-12-23,model2,sse50,2016-12-12,46,-4.0294676086956525,-1.4430539121184072
2016-12-26,model2,csi500,2016-12-12,445,-1.5493644269662918,-0.6220843296496191
2016-12-26,model2,sse50,2016-12-12,47,-1.543344893617021,-2.0748482099907477
2016-12-27,model2,csi500,2016-12-12,445,-1.7186496179775281,-1.70429658113057
2016-12-27,model2,sse50,2016-12-12,46,-5.104988260869566,-3.5592669210607446
2016-12-28,model2,csi500,2016-12-12,442,-4.456627828054299,-2.574880624332705
2016-12-28,model2,sse50,2016-12-12,42,-7.152142857142857,-4.600158670543146
2016-12-29,model2,csi500,2016-12-12,443,-4.502177584650113,-3.559151676893979
2016-12-29,model2,sse50,2016-12-12,48,-3.8974241666666667,-5.384851761559695
2016-12-30,model2,csi500,2016-12-12,440,-1.3388020454545455,-3.432535819386318
2016-12-30,model2,sse50,2016-12-12,47,0.06729999999999994,-3.660755674603173
2017-01-03,model2,csi500,2016-12-12,459,2.976199716775599,-0.9549266377763518
2017-01-03,model2,sse50,2016-12-12,48,6.426596458333333,0.8654907638888906
2017-01-04,model2,csi500,2016-12-12,454,6.512033105726872,2.716476925682643
2017-01-04,model2,sse50,2016-12-12,43,12.367569534883723,6.287155331072353
2017-01-05,model2,csi500,2016-12-12,443,5.565195146726863,5.017809323076446
2017-01-05,model2,sse50,2016-12-12,49,8.200436326530612,8.998200773249225
2017-01-06,model2,csi500,2016-12-12,456,1.4953513157894738,4.524193189414404
2017-01-06,model2,sse50,2016-12-12,46,-0.624976304347826,6.6476765190221725
2017-01-09,model2,csi500,2016-12-12,449,2.6976357238307354,3.252727395449025
2017-01-09,model2,sse50,2016-12-12,45,1.674312888888889,3.0832576370238933
2017-01-10,model2,csi500,2016-12-12,450,0.0638083555555556,1.4189317983919227
2017-01-10,model2,sse50,2016-12-12,44,0.8385527272727274,0.6292964372712652
2017-01-11,model2,csi500,2016-12-12,456,-4.688771666666666,-0.6424425290934573
2017-01-11,model2,sse50,2016-12-12,44,-2.8814613636363635,-0.12286524915824722
2017-01-12,model2,csi500,2016-12-12,454,-7.590920484581498,-4.071961265230868
2017-01-12,model2,sse50,2016-12-12,43,-4.271282790697674,-2.1047304756871017
2017-01-13,model2,csi500,2016-12-12,452,-12.583526681415929,-8.28773961088803
2017-01-13,model2,sse50,2016-12-12,47,0.7289359574468085,-2.141269398962408
2017-01-16,model2,csi500,2016-12-12,465,-21.471708322580646,-13.882051829526022
2017-01-16,model2,sse50,2016-12-12,49,4.95087612244898,0.4695097630660401
2017-01-17,model2,csi500,2016-12-12,450,-3.0959713111111107,-12.383735438369229
2017-01-17,model2,sse50,2016-12-12,48,0.4578520833333333,2.045888054409709
2017-01-18,model2,csi500,2017-01-18,448,-0.9573797098214286,-8.508353114504393
2017-01-18,model2,sse50,2016-12-12,46,3.233829565217391,2.880852590333237
2017-01-19,model2,csi500,2017-01-18,451,-1.7948464301552105,-1.9493991503625807
2017-01-19,model2,sse50,2016-12-12,45,1.8558755555555557,1.8491857347020952
2017-01-20,model2,csi500,2017-01-18,467,3.6160668308351176,0.28794689695282855
2017-01-20,model2,sse50,2016-12-12,45,2.9858673333333337,2.6918574847020955
2017-01-23,model2,csi500,2017-01-18,457,7.454558577680525,3.0919263261201464
2017-01-23,model2,sse50,2016-12-12,46,3.2608673913043478,2.700870093397748
2017-01-24,model2,csi500,2017-01-18,449,4.031319064587974,5.033981491034542
2017-01-24,model2,sse50,2016-12-12,46,1.0153913043478262,2.420708676328504
2017-01-25,model2,csi500,2017-01-18,440,3.6748637954545456,5.053580479241018
2017-01-25,model2,sse50,2016-12-12,43,2.2124958139534883,2.162918169868556
2017-01-26,model2,csi500,2017-01-18,446,6.306718408071749,4.670967089371426
2017-01-26,model2,sse50,2016-12-12,48,2.063739375,1.7638754977671065
2017-02-03,model2,csi500,2017-01-18,445,1.823919752808989,3.9351673187784306
2017-02-03,model2,sse50,2016-12-12,48,-2.3726775,0.6345192296511645
2017-02-06,model2,csi500,2017-01-18,452,4.556602787610619,4.229080316163788
2017-02-06,model2,sse50,2016-12-12,40,-0.7890685,-0.3660022083333316
2017-02-07,model2,csi500,2017-01-18,450,2.905846466666667,3.0954563356954274
2017-02-07,model2,sse50,2016-12-12,44,-3.002921818181818,-2.0548892727272707
2017-02-08,model2,csi500,2017-01-18,444,3.1713681981981985,3.544605817491831
2017-02-08,model2,sse50,2016-12-12,42,-1.7789119047619046,-1.8569674076479057
2017-02-09,model2,csi500,2017-01-18,437,5.760376292906178,3.9458636525903503
2017-02-09,model2,sse50,2016-12-12,41,1.6472541463414634,-1.044859858867418
2017-02-10,model2,csi500,2017-01-18,457,3.0286342888402626,3.9867929266482154
2017-02-10,model2,sse50,2016-12-12,47,3.6462723404255324,1.171538194001699
2017-02-13,model2,csi500,2017-01-18,451,4.233710798226165,4.340907126657537
2017-02-13,model2,sse50,2016-12-12,47,9.09436170212766,4.795962729631554
2017-02-14,model2,csi500,2017-02-14,452,2.220221924778761,3.160855670615065
2017-02-14,model2,sse50,2016-12-12,44,5.589185227272728,6.109939756608642
2017-02-15,model2,csi500,2017-02-14,462,-3.0591329220779224,1.1315999336423368
2017-02-15,model2,sse50,2016-12-12,47,-1.2891582978723404,4.464796210509351
2017-02-16,model2,csi500,2017-02-14,454,0.05600085903083708,-0.260970046089439
2017-02-16,model2,sse50,2016-12-12,44,0.25036636363636366,1.5167977643455852
2017-02-17,model2,csi500,2017-02-14,464,-1.9950439870689656,-1.6660586833720146
2017-02-17,model2,sse50,2016-12-12,47,-0.8787263829787234,-0.6391727724048989
2017-02-20,model2,csi500,2017-02-14,458,1.1219892794759827,-0.2723512828540462
2017-02-20,model2,sse50,2016-12-12,47,1.5453361702127661,0.3056587169568033
2017-02-21,model2,csi500,2017-02-14,444,4.5851407657657655,1.23736201939093
2017-02-21,model2,sse50,2016-12-12,46,3.4654739130434784,1.3773612334258416
2017-02-22,model2,csi500,2017-02-14,436,4.561790229357798,3.422973424866518
2017-02-22,model2,sse50,2016-12-12,43,1.2088023255813953,2.0732041362792146
2017-02-23,model2,csi500,2017-02-14,452,2.8358340486725666,3.9942550145987123
2017-02-23,model2,sse50,2016-12-12,45,-1.541747111111111,1.044176375837922
2017-02-24,model2,csi500,2017-02-14,453,2.1373361147902874,3.17832013094022
2017-02-24,model2,sse50,2016-12-12,46,-2.1681447826086955,-0.8336965227128026
2017-02-27,model2,csi500,2017-02-14,461,-2.4985062906724513,0.8248879575968032
2017-02-27,model2,sse50,2016-12-12,48,-6.841855833333334,-3.5172492423510455
2017-02-28,model2,csi500,2017-02-14,446,-0.2515751569506725,-0.2042484442776098
2017-02-28,model2,sse50,2016-12-12,40,-3.1227340000000003,-4.044244871980676
2017-03-01,model2,csi500,2017-02-14,440,1.0115835681818184,-0.5794992931470996
2017-03-01,model2,sse50,2016-12-12,42,-2.356055714285714,-4.106881849206348
2017-03-02,model2,csi500,2017-02-14,461,-2.336946572668113,-0.52564605381232
2017-03-02,model2,sse50,2016-12-12,44,-6.584054545454546,-4.020948086580085
2017-03-03,model2,csi500,2017-02-14,448,-1.78215046875,-1.0358378244120958
2017-03-03,model2,sse50,2016-12-12,42,-7.988075714285715,-5.642728658008657
2017-03-06,model2,csi500,2017-02-14,456,3.561532543859649,-0.18585483251948576
2017-03-06,model2,sse50,2016-12-12,47,-2.818189361702127,-5.796773207147461
2017-03-07,model2,csi500,2017-02-14,443,2.912256591422122,1.5638795555105929
2017-03-07,model2,sse50,2016-12-12,43,-0.4037023255813953,-3.736655800523078
2017-03-08,model2,csi500,2017-02-14,445,0.1430304044943821,2.2056065132587204
2017-03-08,model2,sse50,2016-12-12,46,0.45857217391304345,-0.9211065044568252
2017-03-09,model2,csi500,2017-02-14,456,-3.39991975877193,-0.11487758761847289
2017-03-09,model2,sse50,2016-12-12,46,-1.7390915217391305,-0.5614072244691596
2017-03-10,model2,csi500,2017-02-14,437,-3.9750610983981693,-2.4106501508919034
2017-03-10,model2,sse50,2016-12-12,48,-3.718161875,-1.666227074275361
2017-03-13,model2,csi500,2017-02-14,457,0.9356575273522977,-2.146441109939265
2017-03-13,model2,sse50,2016-12-12,49,3.464662448979592,-0.6641969825865116
2017-03-14,model2,csi500,2017-02-14,452,-0.009873827433628255,-1.0164257994931643
2017-03-14,model2,sse50,2016-12-12,45,3.969725777777778,1.238742117252458
2017-03-15,model2,csi500,2017-02-14,447,-0.9457657494407158,-0.0066606831740131005
2017-03-15,model2,sse50,2016-12-12,45,3.454871777777778,3.629753334845051
2017-03-16,model2,csi500,2017-02-14,459,3.4298447494553375,0.8247350575270002
2017-03-16,model2,sse50,2016-12-12,47,5.879098510638298,4.434565355397953
2017-03-17,model2,csi500,2017-02-14,464,-0.5080240086206896,0.658684997131313
2017-03-17,model2,sse50,2016-12-12,48,-0.23682562499999982,3.0323815544720265
2017-03-20,model2,csi500,2017-02-14,449,0.17737363028953243,1.033064790374729
2017-03-20,model2,sse50,2016-12-12,44,-1.123243409090909,1.5063431588491307
2017-03-21,model2,csi500,2017-02-14,443,0.2040858690744922,-0.042188169752219305
2017-03-21,model2,sse50,2016-12-12,46,0.33466739130434814,-0.34180054759551903
2017-03-22,model2,csi500,2017-02-14,460,-2.2023788260869566,-0.6069731089076417
2017-03-22,model2,sse50,2016-12-12,48,-3.973826666666666,-1.5874675614844078
2017-03-23,model2,csi500,2017-02-14,450,-2.432566622222222,-1.4769531930782265
2017-03-23,model2,sse50,2016-12-12,45,-0.3472120000000002,-1.3287904251207714
2017-03-24,model2,csi500,2017-02-14,451,1.896788647450111,-0.9127189336196869
2017-03-24,model2,sse50,2016-12-12,48,4.711815625,0.1302589861111123
2017-03-27,model2,csi500,2017-02-14,452,-0.40013101769911497,-0.311969664157073
2017-03-27,model2,sse50,2016-12-12,47,0.512905531914894,1.625836385638299
2017-03-28,model2,csi500,2017-02-14,449,-1.9745713585746103,-0.15930457627453568
2017-03-28,model2,sse50,2016-12-12,44,-3.4448168181818186,0.5933014462443595
2017-03-29,model2,csi500,2017-02-14,456,-3.4840166447368417,-1.9529063403368532
2017-03-29,model2,sse50,2016-12-12,48,-3.431457083333333,-2.1211227898667513
2017-03-30,model2,csi500,2017-02-14,462,-8.066665562770563,-4.508417855360669
2017-03-30,model2,sse50,2016-12-12,44,-5.98044090909091,-4.285571603535353
2017-03-31,model2,csi500,2017-02-14,457,-2.729816564551422,-4.76016625735294
2017-03-31,model2,sse50,2016-12-12,48,-3.3908583333333335,-4.267585441919191
2017-04-05,model2,csi500,2017-02-14,464,3.747461012931035,-2.349673704796981
2017-04-05,model2,sse50,2016-12-12,46,4.841563695652174,-1.5099118489240222
2017-04-06,model2,csi500,2017-02-14,450,2.6046906222222224,1.2074450235339473
2017-04-06,model2,sse50,2016-12-12,46,3.3061767391304353,1.58562736714976
2017-04-07,model2,csi500,2017-02-14,449,2.3603890645879733,2.904180233247079
2017-04-07,model2,sse50,2016-12-12,43,3.9095295348837213,4.019089989888778
2017-04-10,model2,csi500,2017-02-14,457,0.7934968927789936,1.919525526529732
2017-04-10,model2,sse50,2016-12-12,45,-0.9137748888888887,2.100643795041757
2017-04-11,model2,csi500,2017-02-14,454,1.9199275550660795,1.691271170811018
2017-04-11,model2,sse50,2016-12-12,43,-2.975499534883721,0.0067517037037050365
2017-04-12,model2,csi500,2017-02-14,450,-1.453965822222222,0.41981954187428605
2017-04-12,model2,sse50,2016-12-12,45,-3.0218768888888885,-2.3037171042204982
2017-04-13,model2,csi500,2017-02-14,450,-0.10340771111111102,0.12085134057758451
2017-04-13,model2,sse50,2016-12-12,46,-6.225473913043478,-4.074283445605361
2017-04-14,model2,csi500,2017-02-14,460,-2.9652886086956523,-1.5075540473429927
2017-04-14,model2,sse50,2016-12-12,44,-10.05628590909091,-6.434545570341091
2017-04-17,model2,csi500,2017-02-14,458,-5.369769650655021,-2.812821990153926
2017-04-17,model2,sse50,2016-12-12,44,-4.264903863636364,-6.848887895256915
2017-04-18,model2,csi500,2017-02-14,457,-7.62754726477024,-5.320868508040302
2017-04-18,model2,sse50,2016-12-12,46,-8.167111304347825,-7.496100359025032
2017-04-19,model2,csi500,2017-02-14,459,-10.850414553376908,-7.949243822934054
2017-04-19,model2,sse50,2016-12-12,42,-10.905874761904762,-7.779296643296316
2017-04-20,model2,csi500,2017-02-14,454,-8.891769889867842,-9.123243902671662
2017-04-20,model2,sse50,2016-12-12,45,-5.9789813333333335,-8.350655799861974
2017-04-21,model2,csi500,2017-02-14,449,-6.445031291759466,-8.72907191166807
2017-04-21,model2,sse50,2016-12-12,45,2.9576331111111114,-4.64240766137566
2017-04-24,model2,csi500,2017-02-14,465,-9.82916206451613,-8.388654415381144
2017-04-24,model2,sse50,2016-12-12,43,4.856469534883721,0.611707104220501
2017-04-25,model2,csi500,2017-02-14,449,-4.397461002227172,-6.890551452834253
2017-04-25,model2,sse50,2016-12-12,43,1.8627581395348838,3.22562026184324
2017-04-26,model2,csi500,2017-02-14,452,-1.275959778761062,-5.167527615168119
2017-04-26,model2,sse50,2016-12-12,42,4.506682142857143,3.7419699390919177
2017-04-27,model2,csi500,2017-02-14,458,-0.8652771615720523,-2.1795659808534267
2017-04-27,model2,sse50,2016-12-12,42,6.627236428571429,4.332225570321153
2017-04-28,model2,csi500,2017-02-14,451,2.4122765188470066,0.09034652617129983
2017-04-28,model2,sse50,2016-12-12,29,3.7808755172413795,4.9715980295566515
2017-05-02,model2,csi500,2017-02-14,449,3.4382213808463256,1.661740246040429
2017-05-02,model2,sse50,2016-12-12,45,-0.33560688888888895,3.3575016856413082
2017-05-03,model2,csi500,2017-02-14,455,0.6356164395604398,2.162038113084593
2017-05-03,model2,sse50,2016-12-12,44,1.1436061363636367,1.5296249215720437
2017-05-04,model2,csi500,2017-02-14,455,-2.0775881978021977,0.6654165408681916
2017-05-04,model2,sse50,2016-12-12,39,-2.76994641025641,-0.6539823875938863
2017-05-05,model2,csi500,2017-02-14,460,-6.593769847826087,-2.678580535355946
2017-05-05,model2,sse50,2016-12-12,42,-2.8121516666666664,-1.479497313519812
2017-05-08,model2,csi500,2017-02-14,455,-10.805260307692308,-6.492206117773528
2017-05-08,model2,sse50,2016-12-12,45,-0.3768211111111113,-1.986306396011395
2017-05-09,model2,csi500,2017-02-14,455,-2.3196136483516483,-6.572881267956679
2017-05-09,model2,sse50,2016-12-12,42,-0.8505621428571427,-1.3465116402116388
2017-05-10,model2,csi500,2017-02-14,463,-4.924505529157668,-6.016459828400539
2017-05-10,model2,sse50,2016-12-12,40,-3.63909725,-1.6221601679894169
2017-05-11,model2,csi500,2017-02-14,460,-5.045979043478261,-4.096699406995857
2017-05-11,model2,sse50,2016-12-12,46,-0.30237869565217385,-1.5973460295031046
2017-05-12,model2,csi500,2017-02-14,452,-4.343373938053097,-4.771286170229673
2017-05-12,model2,sse50,2016-12-12,45,2.601196888888889,-0.4467596855877603
2017-05-15,model2,csi500,2017-02-14,427,-1.5160013817330211,-3.6351181210881243
2017-05-15,model2,sse50,2016-12-12,45,1.7488562222222224,1.3492248051529803
2017-05-16,model2,csi500,2017-02-14,466,5.213880064377682,-0.215165085136143
2017-05-16,model2,sse50,2016-12-12,44,6.4221936363636365,3.5907489158249177
2017-05-17,model2,csi500,2017-02-14,440,5.354109886363637,3.0173295230027684
2017-05-17,model2,sse50,2016-12-12,44,-1.2487231818181816,2.307442225589227
2017-05-18,model2,csi500,2017-02-14,460,0.0172342608695653,3.528408070536964
2017-05-18,model2,sse50,2016-12-12,46,-9.223178695652173,-1.3499027470355713
2017-05-19,model2,csi500,2017-02-14,449,-0.8973256347438752,1.4913395041631112
2017-05-19,model2,sse50,2016-12-12,43,-11.09203023255814,-7.187977370009496
2017-05-22,model2,csi500,2017-02-14,463,-4.598677451403888,-1.82625627509273
2017-05-22,model2,sse50,2016-12-12,45,-6.116463555555556,-8.810557494588622
2017-05-23,model2,csi500,2017-02-14,469,-11.0692060554371,-5.521736380528285
2017-05-23,model2,sse50,2016-12-12,47,3.5457225531914895,-4.5542570783074
2017-05-24,model2,csi500,2017-02-14,450,-3.6492377333333335,-6.439040413391438
2017-05-24,model2,sse50,2016-12-12,46,4.765324347826088,0.731527781820675
2017-05-25,model2,csi500,2017-02-14,457,1.9025245076586434,-4.271973093703927
2017-05-25,model2,sse50,2016-12-12,47,9.99073659574468,6.100594498920754
2017-05-26,model2,csi500,2017-02-14,445,1.2130016179775283,-0.17790386923238488
2017-05-26,model2,sse50,2016-12-12,42,10.607428095238095,8.454496346269622
2017-05-31,model2,csi500,2017-02-14,446,0.5461823542600898,1.220569493298756
2017-05-31,model2,sse50,2016-12-12,44,11.933794772727275,10.84398648790335
2017-06-01,model2,csi500,2017-02-14,470,-3.062325872340425,-0.4343806333676001
2017-06-01,model2,sse50,2016-12-12,44,12.479555909090909,11.673592925685428
2017-06-02,model2,csi500,2017-02-14,462,-0.05985324675324667,-0.8586655882778583
2017-06-02,model2,sse50,2016-12-12,45,-1.7703653333333331,7.547661782828285
2017-06-05,model2,csi500,2017-02-14,455,2.7408630549450548,-0.12710535471620332
2017-06-05,model2,sse50,2016-12-12,44,-3.7117127272727273,2.3324926161616175
2017-06-06,model2,csi500,2017-02-14,456,4.297931820175439,2.326313876122418
2017-06-06,model2,sse50,2016-12-12,41,-1.5503019512195122,-2.344126670608523
2017-06-07,model2,csi500,2017-02-14,474,13.104804029535865,6.714532968218788
2017-06-07,model2,sse50,2016-12-12,43,3.02563023255814,-0.7454614819780319
2017-06-08,model2,csi500,2017-02-14,444,7.69061768018018,8.364451176630498
2017-06-08,model2,sse50,2016-12-12,35,2.857742857142857,1.444357046160496
2017-06-09,model2,csi500,2017-02-14,452,3.6840989159292037,8.159840208548419
2017-06-09,model2,sse50,2016-12-12,43,5.141419302325581,3.6749307973421943
2017-06-12,model2,csi500,2017-06-12,469,-0.6421329424307034,3.5775278845595633
2017-06-12,model2,sse50,2017-06-12,41,2.449056097560976,3.4827394190098064
2017-06-13,model2,csi500,2017-06-12,471,1.6602268577494692,1.5673976104159928
2017-06-13,model2,sse50,2017-06-12,42,1.1408028571428572,2.9104260856764728
2017-06-14,model2,csi500,2017-06-12,453,1.4944538852097131,0.8375159335094958
2017-06-14,model2,sse50,2017-06-12,42,-3.4653730952380952,0.041495286488580696
2017-06-15,model2,csi500,2017-06-12,462,3.3355553679653682,2.163412036974853
2017-06-15,model2,sse50,2017-06-12,43,-2.940707906976744,-1.7550927150239926
2017-06-16,model2,csi500,2017-06-12,450,2.7339196444444447,2.521309632539845
2017-06-16,model2,sse50,2017-06-12,41,-4.897877073170732,-3.767986025128522
2017-06-19,model2,csi500,2017-06-12,453,5.106965783664459,3.725480265358094
2017-06-19,model2,sse50,2017-06-12,44,1.4057368181818182,-2.1442827206552177
2017-06-20,model2,csi500,2017-06-12,445,2.6138701348314606,3.484918520980125
2017-06-20,model2,sse50,2017-06-12,42,1.2331483333333335,-0.7529973072185253
2017-06-21,model2,csi500,2017-06-12,453,1.3956944591611482,3.0388434592190254
2017-06-21,model2,sse50,2017-06-12,39,0.8084589743589745,1.1491147086247102
2017-06-22,model2,csi500,2017-06-12,467,-2.8921815417558885,0.37246101741224297
2017-06-22,model2,sse50,2017-06-12,44,4.096876363636364,2.0461612237762252
2017-06-23,model2,csi500,2017-06-12,458,-3.614847008733624,-1.7037780304427852
2017-06-23,model2,sse50,2017-06-12,45,5.889474666666667,3.598270001554003
2017-06-26,model2,csi500,2017-06-12,470,2.8964321489361704,-1.2035321338511111
2017-06-26,model2,sse50,2017-06-12,43,6.727630930232559,5.571327320178532
2017-06-27,model2,csi500,2017-06-12,449,2.9259872828507794,0.7358574743511114
2017-06-27,model2,sse50,2017-06-12,43,6.023268604651164,6.213458067183464
2017-06-28,model2,csi500,2017-06-12,457,-0.16006417943107215,1.8874517507852955
2017-06-28,model2,sse50,2017-06-12,42,0.4010673809523811,4.38398897194537
2017-06-29,model2,csi500,2017-06-12,456,1.526264802631579,1.4307293020170981
2017-06-29,model2,sse50,2017-06-12,38,0.6086297368421054,2.3443219074818846
2017-06-30,model2,csi500,2017-06-12,454,2.2160804405286347,1.1940936879097166
2017-06-30,model2,sse50,2017-06-12,41,-0.15823999999999994,0.2838190392648303
2017-07-03,model2,csi500,2017-06-12,464,3.411310581896552,2.3845519416855914
2017-07-03,model2,sse50,2017-06-12,43,-1.833683488372093,-0.461097917176661
2017-07-04,model2,csi500,2017-06-12,461,1.175278698481562,2.267556573635586
2017-07-04,model2,sse50,2017-06-12,42,-4.889607380952381,-2.2938436231081565
2017-07-05,model2,csi500,2017-06-12,459,3.5017081481481482,2.6960991428420904
2017-07-05,model2,sse50,2017-06-12,42,0.2449838095238096,-2.15943568660022
2017-07-06,model2,csi500,2017-06-12,462,1.8306096536796537,2.1691988334364574
2017-07-06,model2,sse50,2017-06-12,44,-0.047666818181818144,-1.564096796536795
2017-07-07,model2,csi500,2017-06-12,451,1.8250125277161864,2.3857767765146654
2017-07-07,model2,sse50,2017-06-12,43,0.22674558139534895,0.14135419091244827
2017-07-10,model2,csi500,2017-06-12,461,0.7248784381778742,1.460166873191241
2017-07-10,model2,sse50,2017-06-12,42,1.6689980952380954,0.6160256194838768
2017-07-11,model2,csi500,2017-06-12,468,-4.612834166666666,-0.6876477335908655
2017-07-11,model2,sse50,2017-06-12,43,2.0709,1.322214558877816
2017-07-12,model2,csi500,2017-06-12,465,-4.90561417204301,-2.931189966843931
2017-07-12,model2,sse50,2017-06-12,44,1.941192272727273,1.8936967893217906
2017-07-13,model2,csi500,2017-06-12,455,-1.9719022637362635,-3.8301168674819768
2017-07-13,model2,sse50,2017-06-12,45,7.138325777777778,3.7168060168350183
2017-07-14,model2,csi500,2017-06-12,459,-2.8193223311546842,-3.2322795889779834
2017-07-14,model2,sse50,2017-06-12,42,12.75205904761905,7.277192366041368
2017-07-17,model2,csi500,2017-06-12,475,-7.139352042105263,-3.9768588789987347
2017-07-17,model2,sse50,2017-06-12,45,11.811163555555558,10.567182793650796
2017-07-18,model2,csi500,2017-06-12,466,-1.2997232403433476,-3.7527992045344294
2017-07-18,model2,sse50,2017-06-12,45,0.5669873333333334,8.376736645502648
2017-07-19,model2,csi500,2017-06-12,468,3.089321388888889,-1.7832512978532378
2017-07-19,model2,sse50,2017-06-12,42,2.491310238095238,4.956487042328044
2017-07-20,model2,csi500,2017-06-12,444,4.4508124099099104,2.080136852818487
2017-07-20,model2,sse50,2017-06-12,43,2.664684418604651,1.9076606633444086
2017-07-21,model2,csi500,2017-06-12,448,4.873484129464286,4.137872642754364
2017-07-21,model2,sse50,2017-06-12,43,-0.8453497674418604,1.4368816297526774
2017-07-24,model2,csi500,2017-06-12,458,7.084791899563319,5.469696146312508
2017-07-24,model2,sse50,2017-06-12,43,-0.667459302325581,0.38395844961240444
2017-07-25,model2,csi500,2017-06-12,457,1.1705756892778996,4.376283906101838
2017-07-25,model2,sse50,2017-06-12,44,-4.508150227272727,-2.006986432346722
2017-07-26,model2,csi500,2017-06-12,456,-1.1840867543859648,2.357093611485088
2017-07-26,model2,sse50,2017-06-12,42,-1.1428999999999998,-2.1061698431994347
2017-07-27,model2,csi500,2017-06-12,467,1.1517936402569595,0.3794275250496344
2017-07-27,model2,sse50,2017-06-12,41,-0.8808878048780487,-2.1773126773835907
2017-07-28,model2,csi500,2017-06-12,452,1.1911283849557524,0.3862784236089187
2017-07-28,model2,sse50,2017-06-12,40,-1.176875,-1.066887601626015
2017-07-31,model2,csi500,2017-06-12,459,2.535587189542484,1.626169738251735
2017-07-31,model2,sse50,2017-06-12,42,-1.829928095238095,-1.2958969667053801
2017-08-01,model2,csi500,2017-06-12,448,1.5475597098214287,1.7580917614398912
2017-08-01,model2,sse50,2017-06-12,45,2.53572,-0.15702769841269712
2017-08-02,model2,csi500,2017-06-12,467,-2.006058972162741,0.6923626424003935
2017-08-02,model2,sse50,2017-06-12,45,3.3622155555555557,1.356002486772488
2017-08-03,model2,csi500,2017-06-12,456,-1.4917917763157893,-0.6500970128856977
2017-08-03,model2,sse50,2017-06-12,44,1.020361590909091,2.3060990488215505
2017-08-04,model2,csi500,2017-06-12,457,-2.832809671772429,-2.11022014008365
2017-08-04,model2,sse50,2017-06-12,41,-3.5604702439024387,0.2740356341874038
2017-08-07,model2,csi500,2017-06-12,461,1.5807253579175706,-0.914625363390213
2017-08-07,model2,sse50,2017-06-12,43,-2.478439069767442,-1.672849240920262
2017-08-08,model2,csi500,2017-06-12,454,1.633469911894273,0.1271285326798078
2017-08-08,model2,sse50,2017-06-12,43,-1.3846288372093023,-2.4745127169597265
2017-08-09,model2,csi500,2017-06-12,457,1.9323570459518602,1.715517438587904
2017-08-09,model2,sse50,2017-06-12,45,-3.049799111111111,-2.304289006029284
2017-08-10,model2,csi500,2017-06-12,466,-0.9404786909871244,0.8751160889530057
2017-08-10,model2,sse50,2017-06-12,43,-0.536734418604651,-1.6570541223083535
2017-08-11,model2,csi500,2017-06-12,469,-5.150260916844349,-1.386127520626535
2017-08-11,model2,sse50,2017-06-12,44,-4.529028181818182,-2.7051872371779804
2017-08-14,model2,csi500,2017-06-12,474,1.5420389451476795,-1.516233554227929
2017-08-14,model2,sse50,2017-06-12,44,-1.492165909090909,-2.185976169837913
2017-08-15,model2,csi500,2017-06-12,458,2.258654061135371,-0.44985597018709694
2017-08-15,model2,sse50,2017-06-12,43,-0.33482651162790694,-2.118673534178998
2017-08-16,model2,csi500,2017-06-12,462,2.3669165800865803,2.0558698621232128
2017-08-16,model2,sse50,2017-06-12,40,-2.0713459999999997,-1.299446140239604
2017-08-17,model2,csi500,2017-06-12,458,5.997349257641922,3.5409732996212937
2017-08-17,model2,sse50,2017-06-12,45,2.017148888888889,-0.12967454091300482
2017-08-18,model2,csi500,2017-06-12,467,2.098389057815846,3.4875516318481186
2017-08-18,model2,sse50,2017-06-12,41,1.0155468292682928,0.32044990605239515
2017-08-21,model2,csi500,2017-06-12,458,3.3951529475982536,3.8302970876853433
2017-08-21,model2,sse50,2017-06-12,41,0.6056097560975611,1.2127684914182488
2017-08-22,model2,csi500,2017-06-12,464,0.15308941810344834,1.882210474505852
2017-08-22,model2,sse50,2017-06-12,44,1.501578636363636,1.0409117405764978
2017-08-23,model2,csi500,2017-06-12,456,-2.2358796271929826,0.4374542461695758
2017-08-23,model2,sse50,2017-06-12,44,1.7223886363636363,1.2765256762749457
2017-08-24,model2,csi500,2017-06-12,463,-4.657955507559395,-2.246915238882974
2017-08-24,model2,sse50,2017-06-12,44,-0.5354963636363635,0.8961569696969708
2017-08-25,model2,csi500,2017-06-12,470,1.0467598085106384,-1.9490251087472437
2017-08-25,model2,sse50,2017-06-12,46,4.8222121739130435,2.003034815546773
2017-08-28,model2,csi500,2017-06-12,467,4.403844175588865,0.2642161588467055
2017-08-28,model2,sse50,2017-06-12,46,5.782649130434783,3.3564549802371553
2017-08-29,model2,csi500,2017-06-12,463,2.397376522678186,2.6159935022592324
2017-08-29,model2,sse50,2017-06-12,46,2.879928913043478,4.494930072463769
2017-08-30,model2,csi500,2017-06-12,453,3.6728544370860927,3.4913583784510505
2017-08-30,model2,sse50,2017-06-12,42,0.6311561904761904,3.0979114113181514
2017-08-31,model2,csi500,2017-06-12,451,3.15140711751663,3.0738793590936386
2017-08-31,model2,sse50,2017-06-12,46,-0.49845826086956513,1.0042089475500353
2017-09-01,model2,csi500,2017-06-12,464,3.0028272629310346,3.275696272511255
2017-09-01,model2,sse50,2017-06-12,47,-4.37082744680851,-1.412709839067294
2017-09-04,model2,csi500,2017-06-12,459,3.4176857952069715,3.1906400585515478
2017-09-04,model2,sse50,2017-06-12,46,-1.663206956521739,-2.1774975547332702
2017-09-05,model2,csi500,2017-06-12,465,1.0875603870967743,2.502691148411596
2017-09-05,model2,sse50,2017-06-12,45,1.0052106666666667,-1.6762745788878597
2017-09-06,model2,csi500,2017-06-12,465,2.0611181075268816,2.1887880966102116
2017-09-06,model2,sse50,2017-06-12,45,-1.015558888888889,-0.557851726247986
2017-09-07,model2,csi500,2017-06-12,458,-0.9110779039301309,0.7458668635645109
2017-09-07,model2,sse50,2017-06-12,47,-5.672123829787234,-1.8941573506698175
2017-09-08,model2,csi500,2017-06-12,449,-1.281793095768374,-0.04391763072387186
2017-09-08,model2,sse50,2017-06-12,45,-5.672300444444444,-4.119994387706854
2017-09-11,model2,csi500,2017-06-12,464,0.7322360560344828,-0.48687831455467157
2017-09-11,model2,sse50,2017-06-12,44,-0.9887640909090909,-4.111062788380255
2017-09-12,model2,csi500,2017-06-12,472,-0.3353490042372881,-0.2949686813237238
2017-09-12,model2,sse50,2017-06-12,42,1.3608038095238095,-1.7667535752765737
2017-09-13,model2,csi500,2017-06-12,460,1.2864509347826087,0.5611126621932705
2017-09-13,model2,sse50,2017-06-12,41,-0.2510760975609755,0.04032120701791556
2017-09-14,model2,csi500,2017-06-12,461,0.3642235357917571,0.4384418221123619
2017-09-14,model2,sse50,2017-06-12,45,-2.3497897777777776,-0.4133540219383134
2017-09-15,model2,csi500,2017-06-12,464,-1.1719526293103448,0.15957394708800962
2017-09-15,model2,sse50,2017-06-12,44,-1.0916215909090907,-1.2308291554159467
2017-09-18,model2,csi500,2017-06-12,459,1.4306082352941176,0.207626380591846
2017-09-18,model2,sse50,2017-06-12,45,0.7094786666666669,-0.9106442340067327
2017-09-19,model2,csi500,2017-06-12,473,-0.023401205073995637,0.07841813363659507
2017-09-19,model2,sse50,2017-06-12,45,-0.4656037777777777,-0.28258223400673266
2017-09-20,model2,csi500,2017-06-12,460,1.3435219782608696,0.9169096694936666
2017-09-20,model2,sse50,2017-06-12,44,-2.5117313636363634,-0.755952158249157
2017-09-21,model2,csi500,2017-06-12,475,-1.2252203368421053,0.03163347878159225
2017-09-21,model2,sse50,2017-06-12,47,-1.1177276595744678,-1.3650209336628685
2017-09-22,model2,csi500,2017-06-12,471,-3.6210155838641187,-1.1675713141484487
2017-09-22,model2,sse50,2017-06-12,46,1.0989947826086957,-0.8434880802007108
2017-09-25,model2,csi500,2017-06-12,469,-7.290459978678038,-4.0455652997947515
2017-09-25,model2,sse50,2017-06-12,46,1.8209608695652177,0.6007426641998164
2017-09-26,model2,csi500,2017-06-12,460,-3.3580880652173914,-4.75652120925318
2017-09-26,model2,sse50,2017-06-12,47,2.9556548936170217,1.9585368485969796
2017-09-27,model2,csi500,2017-06-12,459,1.3275654466230937,-3.1069941990907757
2017-09-27,model2,sse50,2017-06-12,47,-2.196603191489362,0.8600041905642938
2017-09-28,model2,csi500,2017-06-12,465,0.39027283870967744,-0.5467499266282041
2017-09-28,model2,sse50,2017-06-12,44,-6.901458181818182,-2.047468826563506
2017-09-29,model2,csi500,2017-06-12,464,2.544411594827586,1.420749960053455
2017-09-29,model2,sse50,2017-06-12,45,-3.2964684444444448,-4.131509939250662
2017-10-09,model2,csi500,2017-06-12,467,6.338418586723768,3.0910343400870133
2017-10-09,model2,sse50,2017-06-12,46,-0.6574908695652174,-3.61847249860928
2017-10-10,model2,csi500,2017-06-12,470,6.593523808510639,5.158784663354001
2017-10-10,model2,sse50,2017-06-12,46,0.5782273913043481,-1.1252439742351035
2017-10-11,model2,csi500,2017-06-12,459,4.517167952069717,5.816370115768044
2017-10-11,model2,sse50,2017-06-12,43,0.7491923255813956,0.22330961577350994
2017-10-12,model2,csi500,2017-06-12,463,0.29152203023758116,3.8007379302726485
2017-10-12,model2,sse50,2017-06-12,47,-1.2537789361702127,0.024546926905178124
2017-10-13,model2,csi500,2017-06-12,461,1.331405032537961,2.046698338281756
2017-10-13,model2,sse50,2017-06-12,45,-2.422092888888889,-0.9755598331592341
2017-10-16,model2,csi500,2017-06-12,475,-2.1227587157894736,-0.1666105510046408
2017-10-16,model2,sse50,2017-06-12,45,-1.9076031111111111,-1.8611583120567363
2017-10-17,model2,csi500,2017-06-12,454,-2.3038687004405287,-1.031740794564011
2017-10-17,model2,sse50,2017-06-12,44,-2.5783686363636362,-2.302688212121211
2017-10-18,model2,csi500,2017-06-12,468,-4.234355384615385,-2.8869942669484594
2017-10-18,model2,sse50,2017-06-12,46,-0.24122304347826073,-1.575731596984335
2017-10-19,model2,csi500,2017-06-12,474,-7.751012025316456,-4.763078703457453
2017-10-19,model2,sse50,2017-06-12,48,-0.4223383333333333,-1.0806433377250757
2017-10-20,model2,csi500,2017-06-12,475,0.1863779157894737,-3.9329964980474528
2017-10-20,model2,sse50,2017-06-12,46,0.24177608695652178,-0.14059509661835623
2017-10-23,model2,csi500,2017-06-12,458,2.03060635371179,-1.8446759186050607
2017-10-23,model2,sse50,2017-06-12,45,-0.024134888888888758,-0.06823237842189891
2017-10-24,model2,csi500,2017-06-12,461,0.403828655097614,0.8736043081996293
2017-10-24,model2,sse50,2017-06-12,47,3.732004680851064,1.3165486263062334
2017-10-25,model2,csi500,2017-06-12,453,2.441486335540839,1.6253071147834177
2017-10-25,model2,sse50,2017-06-12,43,3.154407674418605,2.2874258221269277
2017-10-26,model2,csi500,2017-06-12,452,3.133139800884956,1.9928182638411396
2017-10-26,model2,sse50,2017-06-12,48,2.247448541666667,3.0446202989787796
2017-10-27,model2,csi500,2017-06-12,465,-0.42566729032258055,1.7163196153677414
2017-10-27,model2,sse50,2017-06-12,47,2.1666829787234043,2.5228463982695595
2017-10-30,model2,csi500,2017-06-12,472,-4.301547118644068,-0.5313582026938942
2017-10-30,model2,sse50,2017-06-12,48,1.3906420833333335,1.9349245345744694
2017-10-31,model2,csi500,2017-06-12,460,-1.2990448913043477,-2.008753100090329
2017-10-31,model2,sse50,2017-06-12,46,-1.7523699999999998,0.6016516873522472
2017-11-01,model2,csi500,2017-06-12,463,-1.989170129589633,-2.5299207131793464
2017-11-01,model2,sse50,2017-06-12,48,-3.9055818749999998,-1.4224365972222206
2017-11-02,model2,csi500,2017-06-12,469,-4.347753965884862,-2.545322995592944
2017-11-02,model2,sse50,2017-06-12,43,1.8079616279069768,-1.2833300823643399
2017-11-03,model2,csi500,2017-06-12,466,-5.460134141630901,-3.9323527457017953
2017-11-03,model2,sse50,2017-06-12,46,3.6109806521739136,0.504453468360298
2017-11-06,model2,csi500,2017-06-12,469,0.3631965458422176,-3.148230520557845
2017-11-06,model2,sse50,2017-06-12,46,-0.7654247826086956,1.5511724991573994
2017-11-07,model2,csi500,2017-06-12,454,3.163733127753304,-0.6444014893451232
2017-11-07,model2,sse50,2017-06-12,49,3.178428775510204,2.0079948816918085
2017-11-08,model2,csi500,2017-06-12,458,2.5030947379912667,2.0100081371955993
2017-11-08,model2,sse50,2017-06-12,46,5.280934565217391,2.5646461860396346
2017-11-09,model2,csi500,2017-06-12,455,5.290174197802198,3.6523340211822592
2017-11-09,model2,sse50,2017-06-12,48,2.2796102083333336,3.5796578496869778
2017-11-10,model2,csi500,2017-06-12,467,3.414663661670236,3.735977532487903
2017-11-10,model2,sse50,2017-06-12,47,-0.0683474468085104,2.4973991089140726
2017-11-13,model2,csi500,2017-06-12,461,1.3095341431670282,3.3381240008798234
2017-11-13,model2,sse50,2017-06-12,49,-1.3503320408163264,0.28697690690283345
2017-11-14,model2,csi500,2017-06-12,467,-1.271969271948608,1.1507428442962218
2017-11-14,model2,sse50,2017-06-12,47,-3.424393404255319,-1.6143576306267173
2017-11-15,model2,csi500,2017-06-12,465,-3.957946903225807,-1.3067940106691258
2017-11-15,model2,sse50,2017-06-12,42,-7.274913333333333,-4.016546259468325
2017-11-16,model2,csi500,2017-06-12,460,-4.676545195652174,-3.302153790275527
2017-11-16,model2,sse50,2017-06-12,49,-8.655701020408163,-6.451669252665603
2017-11-17,model2,csi500,2017-06-12,470,-8.908796765957446,-5.847762954945139
2017-11-17,model2,sse50,2017-06-12,48,-0.4046239583333333,-5.445079437358275
2017-11-20,model2,csi500,2017-06-12,468,-5.623810982905982,-6.403050981505198
2017-11-20,model2,sse50,2017-06-12,47,3.000669361702128,-2.019885205679788
2017-11-21,model2,csi500,2017-06-12,455,-3.4275494945054947,-5.986719081122971
2017-11-21,model2,sse50,2017-06-12,47,4.372166382978723,2.322737262115841
2017-11-22,model2,csi500,2017-06-12,463,-2.279913282937365,-3.7770912534496106
2017-11-22,model2,sse50,2017-06-12,48,6.29208375,4.554973164893618
2017-11-23,model2,csi500,2017-06-12,467,-6.1640029336188435,-3.957155237020565
2017-11-23,model2,sse50,2017-06-12,48,-2.61485,2.6831333776595763
2017-11-24,model2,csi500,2017-06-12,448,-3.932413504464286,-4.125443240340162
2017-11-24,model2,sse50,2017-06-12,47,-3.9363604255319147,-0.08637555851063657
2017-11-27,model2,csi500,2017-06-12,444,-6.101278558558559,-5.3992316655472266
2017-11-27,model2,sse50,2017-06-12,45,-2.947391111111111,-3.16620051221434
2017-11-28,model2,csi500,2017-06-12,462,1.4465142640692643,-2.8623925996511907
2017-11-28,model2,sse50,2017-06-12,48,-5.132020833333334,-4.005257456658785
2017-11-29,model2,csi500,2017-06-12,456,2.472201842105263,-0.727520817461341
2017-11-29,model2,sse50,2017-06-12,45,-4.251786222222222,-4.1103993888888875
2017-11-30,model2,csi500,2017-06-12,447,-0.9294931096196867,0.9964076655182832
2017-11-30,model2,sse50,2017-06-12,41,-7.312999512195122,-5.5656021892502245
2017-12-01,model2,csi500,2017-06-12,444,1.2820525675675676,0.9415871000177175
2017-12-01,model2,sse50,2017-06-12,45,-6.359809333333333,-5.974865022583558
2017-12-04,model2,csi500,2017-06-12,457,-0.8034894967177242,-0.15031001292327817
2017-12-04,model2,sse50,2017-06-12,43,-3.9322404651162794,-5.86834977021491
2017-12-05,model2,csi500,2017-06-12,463,-5.347241771058315,-1.6228929000694876
2017-12-05,model2,sse50,2017-06-12,49,1.0800775510204084,-3.0706574158097326
2017-12-06,model2,csi500,2017-06-12,456,-1.4227708333333333,-2.524500700369788
2017-12-06,model2,sse50,2017-06-12,49,-0.7195057142857143,-1.1905562094605266
2017-12-07,model2,csi500,2017-06-12,439,-1.8952273804100228,-2.888413328267221
2017-12-07,model2,sse50,2017-06-12,43,-3.9424041860465118,-1.1939441164372708
2017-12-08,model2,csi500,2017-06-12,456,2.5982642105263163,-0.239911334405677
2017-12-08,model2,sse50,2017-06-12,45,-3.633283111111111,-2.765064337147777
2017-12-11,model2,csi500,2017-12-11,451,7.0966778935698445,2.5999049078953824
2017-12-11,model2,sse50,2017-12-11,46,-1.0538778260869566,-2.876521707748191
2017-12-12,model2,csi500,2017-12-11,461,0.6238881778741866,3.439610093990119
2017-12-12,model2,sse50,2017-12-11,49,-7.1261706122448985,-3.9377771831476536
2017-12-13,model2,csi500,2017-12-11,443,1.4493934085778781,3.056653160007306
2017-12-13,model2,sse50,2017-12-11,48,-3.298990416666667,-3.8263462849995054
2017-12-14,model2,csi500,2017-12-11,444,0.47448786036036045,0.8492564822708112
2017-12-14,model2,sse50,2017-12-11,47,-5.764947659574468,-5.396702896162009
2017-12-15,model2,csi500,2017-12-11,459,-2.2919429411764707,-0.12268722407940791
2017-12-15,model2,sse50,2017-12-11,48,-9.586782291666667,-6.216906789302598
2017-12-18,model2,csi500,2017-12-11,446,-2.939658049327354,-1.5857043767144852
2017-12-18,model2,sse50,2017-12-11,45,-8.222289333333332,-7.858006428191487
2017-12-19,model2,csi500,2017-12-11,435,1.465310275862069,-1.2554302382139158
2017-12-19,model2,sse50,2017-12-11,45,1.0855635555555556,-5.574502689814813
2017-12-20,model2,csi500,2017-12-11,460,-1.241298,-0.905215257821759
2017-12-20,model2,sse50,2017-12-11,48,1.5422095833333334,-1.8648387314814794
2017-12-21,model2,csi500,2017-12-11,446,-1.1972238789237668,-0.3244038676872299
2017-12-21,model2,sse50,2017-12-11,45,5.803330222222222,2.810367787037039
2017-12-22,model2,csi500,2017-12-11,434,-0.6576168894009216,-1.0320462561082266
2017-12-22,model2,sse50,2017-12-11,46,0.3835156521739132,2.576351819243158
2017-12-25,model2,csi500,2017-12-11,455,-3.7193314065934064,-1.8580573916393621
2017-12-25,model2,sse50,2017-12-11,42,-4.1876790476190475,0.6663889422590309
2017-12-26,model2,csi500,2017-12-11,457,0.9613343326039389,-1.1385379877967936
2017-12-26,model2,sse50,2017-12-11,48,1.6950575,-0.7030352984817098
2017-12-27,model2,csi500,2017-12-11,452,-0.6022636061946902,-1.1200868933947166
2017-12-27,model2,sse50,2017-12-11,48,0.0395839583333334,-0.8176791964285696
2017-12-28,model2,csi500,2017-12-11,441,-0.11074990929705197,0.08277360570406822
2017-12-28,model2,sse50,2017-12-11,47,0.3953236170212768,0.7099883584515386
2017-12-29,model2,csi500,2017-12-11,439,2.782326560364465,0.6897710149575769
2017-12-29,model2,sse50,2017-12-11,46,1.3902626086956522,0.6083900613500892
2018-01-02,model2,csi500,2017-12-11,457,5.9861909409190375,2.8859225306621528
2018-01-02,model2,sse50,2017-12-11,49,4.432704693877551,2.0727636398648284
2018-01-03,model2,csi500,2017-12-11,444,7.904030315315316,5.557515938866275
2018-01-03,model2,sse50,2017-12-11,49,7.845425102040816,4.556130801538008
2018-01-04,model2,csi500,2017-12-11,442,6.286928552036199,6.725716602756854
2018-01-04,model2,sse50,2017-12-11,47,3.7370274468085105,5.338385747575628
2018-01-05,model2,csi500,2017-12-11,447,2.899510268456376,5.696823045269299
2018-01-05,model2,sse50,2017-12-11,46,5.34559847826087,5.642683675703402
2018-01-08,model2,csi500,2017-12-11,445,1.771935348314607,3.6527913896023967
2018-01-08,model2,sse50,2017-12-11,49,4.532147346938776,4.538257757336054
2018-01-09,model2,csi500,2017-12-11,448,-0.13041238839285704,1.513677742792711
2018-01-09,model2,sse50,2017-12-11,49,3.77836306122449,4.552036295474713
2018-01-10,model2,csi500,2017-12-11,456,-3.2401869078947367,-0.5328879826576599
2018-01-10,model2,sse50,2017-12-11,48,6.233561458333334,4.848023955498868
2018-01-11,model2,csi500,2017-12-11,451,-1.349780465631929,-1.5734599206398385
2018-01-11,model2,sse50,2017-12-11,48,1.5858168750000001,3.865913798185943
2018-01-12,model2,csi500,2017-12-11,451,-1.9549310199556542,-2.181632797827438
2018-01-12,model2,sse50,2017-12-11,47,0.5417478723404258,2.7870420685579216
2018-01-15,model2,csi500,2017-12-11,462,-5.9660444588744586,-3.090251981487345
2018-01-15,model2,sse50,2017-12-11,49,0.1588424489795921,0.7621357321066745
2018-01-16,model2,csi500,2017-12-11,455,-2.6181359560439557,-3.513037144958021
2018-01-16,model2,sse50,2017-12-11,47,5.020863617021277,1.9071513127804334
2018-01-17,model2,csi500,2017-12-11,451,-0.9646416407982261,-3.1829406852388775
2018-01-17,model2,sse50,2017-12-11,49,5.621278571428571,3.600328212476482
2018-01-18,model2,csi500,2017-12-11,438,-1.2920942922374428,-1.6249572963598726
2018-01-18,model2,sse50,2017-12-11,48,8.067607083333334,6.236583090594396
2018-01-19,model2,csi500,2017-12-11,440,-1.0506869545454545,-1.102474295860372
2018-01-19,model2,sse50,2017-12-11,47,9.43192340425532,7.7069363530057435
2018-01-22,model2,csi500,2017-12-11,455,2.658930241758242,0.10538299832511733
2018-01-22,model2,sse50,2017-12-11,47,3.9020789361702133,7.133869807919623
2018-01-23,model2,csi500,2017-12-11,432,1.4685568981481483,1.025600061786981
2018-01-23,model2,sse50,2017-12-11,48,5.755633125,6.3632118218085125
2018-01-24,model2,csi500,2017-12-11,439,2.8402919134396356,2.3225930177820113
2018-01-24,model2,sse50,2017-12-11,47,3.923894893617021,4.527202318262414
2018-01-25,model2,csi500,2017-12-11,441,1.6225649659863945,1.977137925858062
2018-01-25,model2,sse50,2017-12-11,49,0.47153040816326547,3.383686142260098
2018-01-26,model2,csi500,2017-12-11,441,0.301045963718821,1.5879676143816195
2018-01-26,model2,sse50,2017-12-11,49,0.48093469387755106,1.6254533318859476
2018-01-29,model2,csi500,2017-12-11,454,-2.7745421585903083,-0.2836437429616952
2018-01-29,model2,sse50,2017-12-11,47,0.0817187234042554,0.34472794181502575
2018-01-30,model2,csi500,2017-12-11,440,-2.383569590909091,-1.619021928593524
2018-01-30,model2,sse50,2017-12-11,49,-3.1900916326530613,-0.8758127384570832
2018-01-31,model2,csi500,2017-12-11,457,-6.296687680525164,-3.818266476674852
2018-01-31,model2,sse50,2017-12-11,48,-4.198764166666666,-2.435712358638489
2018-02-01,model2,csi500,2017-12-11,464,-11.912563534482759,-6.864273601972336
2018-02-01,model2,sse50,2017-12-11,49,0.3090085714285715,-2.359949075963717
2018-02-02,model2,csi500,2017-12-11,448,-10.220081964285713,-9.476444393097877
2018-02-02,model2,sse50,2017-12-11,48,0.7063116666666668,-1.061147976190474
2018-02-05,model2,csi500,2017-12-11,440,-7.741877318181818,-9.95817427231676
2018-02-05,model2,sse50,2017-12-11,49,4.317199795918367,1.777506678004537
2018-02-06,model2,csi500,2017-12-11,452,-13.592488805309735,-10.51814936259242
2018-02-06,model2,sse50,2017-12-11,41,-2.4094736585365855,0.8713459346828181
2018-02-07,model2,csi500,2017-12-11,431,-4.191756705336427,-8.508707609609326
2018-02-07,model2,sse50,2017-12-11,48,-5.452668333333333,-1.181647398650515
2018-02-08,model2,csi500,2017-12-11,443,1.6724668397291198,-5.370592890305679
2018-02-08,model2,sse50,2017-12-11,49,-9.597863265306122,-5.820001752392012
2018-02-09,model2,csi500,2017-12-11,451,-3.0022138580931266,-1.8405012412334756
2018-02-09,model2,sse50,2017-12-11,49,-19.814193469387757,-11.621575022675735
2018-02-12,model2,csi500,2017-12-11,449,0.9946643875278398,-0.11169421027871988
2018-02-12,model2,sse50,2017-12-11,49,-21.726964897959185,-17.046340544217685
2018-02-13,model2,csi500,2017-12-11,424,3.077926721698113,0.35679241704427794
2018-02-13,model2,sse50,2017-12-11,47,-0.9168468085106383,-14.152668391952526
2018-02-14,model2,csi500,2017-12-11,424,2.279464669811321,2.1173519263457607
2018-02-14,model2,sse50,2017-12-11,46,-1.160473913043478,-7.934761873171098
2018-02-22,model2,csi500,2017-12-11,453,8.96993715231788,4.775776181275774
2018-02-22,model2,sse50,2017-12-11,48,9.234698541666667,2.385792606704186
2018-02-23,model2,csi500,2017-12-11,435,12.040967977011494,7.763456599713568
2018-02-23,model2,sse50,2017-12-11,49,18.249499183673468,8.774574604098888
2018-02-26,model2,csi500,2017-12-11,458,14.570500043668122,11.860468390999168
2018-02-26,model2,sse50,2017-12-11,49,18.31785081632653,15.26734951388889
2018-02-27,model2,csi500,2017-12-11,450,6.570242777777778,11.060570266152467
2018-02-27,model2,sse50,2017-12-11,47,-0.27259574468085107,12.098251418439718
2018-02-28,model2,csi500,2017-12-11,439,3.421089886104784,8.187277569183564
2018-02-28,model2,sse50,2017-12-11,49,-2.9833157142857143,5.020646452453324
2018-03-01,model2,csi500,2017-12-11,444,5.306150247747748,5.099160970543439
2018-03-01,model2,sse50,2017-12-11,45,-3.562882222222222,-2.272931227062927
2018-03-02,model2,csi500,2017-12-11,451,0.6451127050997784,3.124117612984106
2018-03-02,model2,sse50,2017-12-11,48,-8.439942499999999,-4.995380145502643
2018-03-05,model2,csi500,2017-12-11,442,-1.2903044117647058,1.5536528470276092
2018-03-05,model2,sse50,2017-12-11,47,-2.9320285106382977,-4.978284410953504
2018-03-06,model2,csi500,2017-12-11,453,2.6823740397350995,0.6790607776900597
2018-03-06,model2,sse50,2017-12-11,49,3.1698920408163267,-2.7340263232739885
2018-03-07,model2,csi500,2017-12-11,454,0.21945387665198243,0.5371745015407944
2018-03-07,model2,sse50,2017-12-11,47,-0.8414689361702127,-0.2012018019973922
2018-03-08,model2,csi500,2017-12-11,446,1.3453304932735428,1.4157194698868771
2018-03-08,model2,sse50,2017-12-11,47,0.6185119148936171,0.9823116731799127
2018-03-09,model2,csi500,2017-12-11,448,4.919623883928572,2.161469417951368
2018-03-09,model2,sse50,2017-12-11,42,1.0896090476190476,0.2888840087808197
2018-03-12,model2,csi500,2017-12-11,450,7.030303822222222,4.4317527331414475
2018-03-12,model2,sse50,2017-12-11,48,1.6015720833333333,1.1032310152820017
2018-03-13,model2,csi500,2017-12-11,456,3.4369845175438596,5.128970741231553
2018-03-13,model2,sse50,2017-12-11,47,-2.3283536170212766,0.12094250464370389
2018-03-14,model2,csi500,2017-12-11,455,-2.041603714285714,2.808561541826792
2018-03-14,model2,sse50,2017-12-11,48,-4.503895,-1.743558844562645
2018-03-15,model2,csi500,2017-12-11,458,-3.4001862663755458,-0.6682684877057977
2018-03-15,model2,sse50,2017-12-11,45,-3.5961666666666665,-3.4761384278959784
2018-03-16,model2,csi500,2017-12-11,453,-4.811811721854304,-3.4178672341718523
2018-03-16,model2,sse50,2017-12-11,47,-7.89535829787234,-5.331806654846333
2018-03-19,model2,csi500,2017-12-11,447,-5.003016286353468,-4.405004758194437
2018-03-19,model2,sse50,2017-12-11,42,-9.592639047619048,-7.028054670719349
2018-03-20,model2,csi500,2017-12-11,447,-3.1058130201342284,-4.306880342780665
2018-03-20,model2,sse50,2017-12-11,48,-3.0253754166666664,-6.83779092071935
2018-03-21,model2,csi500,2017-12-11,448,-4.4823959375,-4.1970750813292295
2018-03-21,model2,sse50,2017-12-11,36,-1.4260927777777777,-4.681369080687828
2018-03-22,model2,csi500,2017-12-11,451,-3.8486437915742795,-3.8122842497361664
2018-03-22,model2,sse50,2017-12-11,43,-4.605025116279069,-3.018831103574501
2018-03-23,model2,csi500,2017-12-11,467,-9.717475438972162,-6.016171722682145
2018-03-23,model2,sse50,2017-12-11,44,-9.198125,-5.076414298018946
2018-03-26,model2,csi500,2017-12-11,457,-1.0941649234135666,-4.886761384653334
2018-03-26,model2,sse50,2017-12-11,48,-12.720334166666667,-8.841161427648576
2018-03-27,model2,csi500,2017-12-11,462,3.8048892207792204,-2.3355837138688336
2018-03-27,model2,sse50,2017-12-11,46,-4.4790539130434786,-8.799171026570045
2018-03-28,model2,csi500,2017-12-11,449,1.114844587973274,1.2751896284463118
2018-03-28,model2,sse50,2017-12-11,44,-6.691236363636364,-7.963541481115501
2018-03-29,model2,csi500,2017-12-11,459,4.263552244008714,3.0610953509204055
2018-03-29,model2,sse50,2017-12-11,49,1.074265306122449,-3.3653416568524617
2018-03-30,model2,csi500,2017-12-11,441,8.866469365079364,4.748288732353786
2018-03-30,model2,sse50,2017-12-11,47,0.7191829787234043,-1.632596026263501
2018-04-02,model2,csi500,2017-12-11,456,4.520586381578948,5.8835359968890115
2018-04-02,model2,sse50,2017-12-11,46,-0.4837565217391302,0.43656392103557673
2018-04-03,model2,csi500,2017-12-11,457,0.28946225382932184,4.5588393334958806
2018-04-03,model2,sse50,2017-12-11,46,-3.2037226086956516,-0.9894320505704567
2018-04-04,model2,csi500,2017-12-11,450,-4.420944488888889,0.12970138217312913
2018-04-04,model2,sse50,2017-12-11,47,-8.183288936170213,-3.9569226888683295
2018-04-09,model2,csi500,2017-12-11,449,-4.208750334075724,-2.780077523045095
2018-04-09,model2,sse50,2017-12-11,46,-6.73687347826087,-6.041295007708908
2018-04-10,model2,csi500,2017-12-11,458,-0.5153277292576419,-3.048340850740749
2018-04-10,model2,sse50,2017-12-11,49,2.9871551020408162,-3.977669104130086
2018-04-11,model2,csi500,2017-12-11,435,1.5995113563218393,-1.0415222356705065
2018-04-11,model2,sse50,2017-12-11,49,2.569495918367347,-0.39340748595089997
2018-04-12,model2,csi500,2017-12-11,461,-0.7860173969631237,0.09938874336702692
2018-04-12,model2,sse50,2017-12-11,49,-0.9491675510204081,1.535827823129254
2018-04-13,model2,csi500,2017-12-11,447,-2.7084480984340042,-0.6316513796917606
2018-04-13,model2,sse50,2017-12-11,47,-4.990398723404255,-1.1233567853524364
2018-04-16,model2,csi500,2017-12-11,458,-3.937137139737991,-2.4772008783783703
2018-04-16,model2,sse50,2017-12-11,49,-12.350809387755103,-6.096791887393253
2018-04-17,model2,csi500,2017-12-11,460,-10.108683152173912,-5.5847561301152995
2018-04-17,model2,sse50,2017-12-11,47,-21.632884680851063,-12.99136426400347
2018-04-18,model2,csi500,2017-12-11,457,-2.6223984901531727,-5.5560729273550225
2018-04-18,model2,sse50,2017-12-11,48,-3.8488045833333335,-12.610832883979832
2018-04-19,model2,csi500,2017-12-11,440,0.9338396818181818,-3.9324139868362984
2018-04-19,model2,sse50,2017-12-11,44,3.718095454545455,-7.254531269879645
2018-04-20,model2,csi500,2017-12-11,465,-3.076978,-1.5885122694449947
2018-04-20,model2,sse50,2017-12-11,47,-1.2305531914893617,-0.45375410675907774
2018-04-23,model2,csi500,2017-12-11,451,-4.827482305986696,-2.323540208056169
2018-04-23,model2,sse50,2017-12-11,44,-0.7403099999999999,0.5824107543520335
2018-04-24,model2,csi500,2017-12-11,466,2.076473948497854,-1.9426621191629447
2018-04-24,model2,sse50,2017-12-11,49,3.0683828571428573,0.36583988855116756
2018-04-25,model2,csi500,2017-12-11,448,2.0234782366071427,-0.24251004029389747
2018-04-25,model2,sse50,2017-12-11,47,-0.29331489361702123,0.6782526545086144
2018-04-26,model2,csi500,2017-12-11,465,-1.6787138279569893,0.8070794523826713
2018-04-26,model2,sse50,2017-12-11,44,-3.6600749999999995,-0.2950023454913855
2018-04-27,model2,csi500,2017-12-11,452,-0.49432130530973434,-0.04985229888652448
2018-04-27,model2,sse50,2017-12-11,48,0.05608604166666686,-1.299101283983449
2018-05-02,model2,csi500,2017-12-11,458,-0.6416048908296943,-0.93821334136547
2018-05-02,model2,sse50,2017-12-11,47,1.6275217021276596,-0.658822418735222
2018-05-03,model2,csi500,2017-12-11,450,0.9130249333333335,-0.07430042093536249
2018-05-03,model2,sse50,2017-12-11,47,2.108326170212766,1.2639779713356998
2018-05-04,model2,csi500,2017-12-11,449,0.4440035857461025,0.23847454274991645
2018-05-04,model2,sse50,2017-12-11,47,-1.6407127659574468,0.6983783687943287
2018-05-07,model2,csi500,2017-12-11,465,5.388168193548387,2.2483989042092767
2018-05-07,model2,sse50,2017-12-11,48,3.6576220833333335,1.3750784958628868
2018-05-08,model2,csi500,2017-12-11,433,6.8717459122401845,4.2346392305115605
2018-05-08,model2,sse50,2017-12-11,45,6.606848666666667,2.8745859946808534
2018-05-09,model2,csi500,2017-12-11,450,2.5490200444444446,4.936311383411009
2018-05-09,model2,sse50,2017-12-11,45,2.0193828888888894,4.094617879629633
2018-05-10,model2,csi500,2017-12-11,443,1.7336314446952596,3.718132467126632
2018-05-10,model2,sse50,2017-12-11,43,4.120374418604651,4.2488686580534045
2018-05-11,model2,csi500,2017-12-11,446,-1.8024312331838563,0.8267400853186185
2018-05-11,model2,sse50,2017-12-11,46,2.770271086956522,2.9700094648166897
2018-05-14,model2,csi500,2017-12-11,448,-4.058369754464286,-1.3757231809842914
2018-05-14,model2,sse50,2017-12-11,45,1.946536,2.9457271685203934
2018-05-15,model2,csi500,2017-12-11,447,-0.03186532438478743,-1.9642221040109735
2018-05-15,model2,sse50,2017-12-11,47,0.0005374468085107553,1.57244817792168
2018-05-16,model2,csi500,2017-12-11,461,-0.4869406290672451,-1.5257252359721034
2018-05-16,model2,sse50,2017-12-11,48,-4.170704583333333,-0.7412103788416052
2018-05-17,model2,csi500,2017-12-11,449,-2.3837555011135856,-0.9675204848552034
2018-05-17,model2,sse50,2017-12-11,43,-7.955370232558139,-4.041845789694318
2018-05-18,model2,csi500,2017-12-11,452,-0.17022506637168133,-1.0136403988508347
2018-05-18,model2,sse50,2017-12-11,48,1.8401741666666667,-3.4286335497416
2018-05-21,model2,csi500,2017-12-11,459,3.9307030501089324,0.4589074942078912
2018-05-21,model2,sse50,2017-12-11,46,3.6312021739130436,-0.8279979639928072
2018-05-22,model2,csi500,2017-12-11,447,4.728936621923938,2.8298048685537327
2018-05-22,model2,sse50,2017-12-11,45,-0.11984444444444442,1.7838439653784244
2018-05-23,model2,csi500,2017-12-11,466,-1.1190379184549357,2.513533917859314
2018-05-23,model2,sse50,2017-12-11,47,-3.8972021276595745,-0.12861479939698928
2018-05-24,model2,csi500,2017-12-11,447,-3.173757583892617,0.14538037319213096
2018-05-24,model2,sse50,2017-12-11,46,-7.918728260869564,-3.9785916109911916
2018-05-25,model2,csi500,2017-12-11,465,-6.485694387096774,-3.5928299631481067
2018-05-25,model2,sse50,2017-12-11,45,-6.887156888888889,-6.234362425806007
2018-05-28,model2,csi500,2017-12-11,459,-9.296965337690633,-6.318805769560005
2018-05-28,model2,sse50,2017-12-11,45,-3.886863111111111,-6.230916086956519
2018-05-29,model2,csi500,2017-12-11,461,-9.618994468546639,-8.46721806444468
2018-05-29,model2,sse50,2017-12-11,48,-4.3521141666666665,-5.0420447222222196
2018-05-30,model2,csi500,2017-12-11,462,-13.470996536796537,-10.7956521143446
2018-05-30,model2,sse50,2017-12-11,48,-8.834443333333335,-5.691140203703701
2018-05-31,model2,csi500,2017-12-11,453,-0.9785231346578366,-8.022838046667003
2018-05-31,model2,sse50,2017-12-11,48,1.8267902083333334,-3.7865890972222203
2018-06-01,model2,csi500,2017-12-11,449,-1.8454818485523385,-5.431667173335569
2018-06-01,model2,sse50,2017-12-11,43,1.2261023255813954,-1.9271835998061995
2018-06-04,model2,csi500,2017-12-11,439,-1.8980998633257402,-1.5740349488453027
2018-06-04,model2,sse50,2017-12-11,49,1.128150204081633,1.3936809126654561
2018-06-05,model2,csi500,2017-12-11,447,3.305463758389262,-0.1460393178296031
2018-06-05,model2,sse50,2017-12-11,45,3.435341777777778,1.9298647691469377
2018-06-06,model2,csi500,2017-12-11,437,3.0773670480549202,1.4949103143728166
2018-06-06,model2,sse50,2017-12-11,47,0.29920680851063824,1.6208995967900186
2018-06-07,model2,csi500,2017-12-11,452,-0.9101901991150442,1.8242135357763818
2018-06-07,model2,sse50,2017-12-11,43,0.7594500000000001,1.4979995287628078
2018-06-08,model2,csi500,2017-12-11,459,-4.124013725490196,-0.6522789588501041
2018-06-08,model2,sse50,2017-12-11,48,-4.841542083333334,-1.2609617582742294
2018-06-11,model2,csi500,2018-06-11,450,-6.396438777777778,-3.8102142341276704
2018-06-11,model2,sse50,2018-06-11,43,-5.201099069767442,-3.094397051033589
2018-06-12,model2,csi500,2018-06-11,448,-0.014705267857142811,-3.511719257041703
2018-06-12,model2,sse50,2018-06-11,46,0.6699713043478261,-3.1242232829176477
2018-06-13,model2,csi500,2018-06-11,455,-2.5974112967032967,-3.0028517807794035
2018-06-13,model2,sse50,2018-06-11,47,-2.716592340425532,-2.4159067019483804
2018-06-14,model2,csi500,2018-06-11,450,-2.8631412888888885,-1.8250859511497737
2018-06-14,model2,sse50,2018-06-11,43,-1.0762860465116277,-1.0409690275297756
2018-06-15,model2,csi500,2018-06-11,453,-5.389067527593819,-3.6165400377286656
2018-06-15,model2,sse50,2018-06-11,48,2.305875833333334,-0.4956675178679397
2018-06-19,model2,csi500,2018-06-11,459,-13.325165620915032,-7.192458145799243
2018-06-19,model2,sse50,2018-06-11,48,1.2743233333333337,0.834637706718349
2018-06-20,model2,csi500,2018-06-11,455,-5.107739340659341,-7.940657496389395
2018-06-20,model2,sse50,2018-06-11,48,-1.4912460416666666,0.696317708333336
2018-06-21,model2,csi500,2018-06-11,453,-6.88962476821192,-8.440843243262096
2018-06-21,model2,sse50,2018-06-11,48,-4.107295625,-1.4414061111111085
2018-06-22,model2,csi500,2018-06-11,456,-0.1070447807017543,-4.0348029631910025
2018-06-22,model2,sse50,2018-06-11,45,-0.7270715555555555,-2.108537740740738
2018-06-25,model2,csi500,2018-06-11,443,-0.7187872686230249,-2.5718189391788973
2018-06-25,model2,sse50,2018-06-11,49,-7.463033469387756,-4.099133549981102
2018-06-26,model2,csi500,2018-06-11,445,0.7310684719101125,-0.031587859138219855
2018-06-26,model2,sse50,2018-06-11,48,-11.574758333333333,-6.588287786092212
2018-06-27,model2,csi500,2018-06-11,444,-0.7815011036036035,-0.25640663343883624
2018-06-27,model2,sse50,2018-06-11,47,-12.541465957446809,-10.526419253389298
2018-06-28,model2,csi500,2018-06-11,452,-4.593893694690266,-1.54810877546125
2018-06-28,model2,sse50,2018-06-11,48,-15.001571875000002,-13.039265388593378
2018-06-29,model2,csi500,2018-06-11,466,2.653713025751073,-0.907227257514263
2018-06-29,model2,sse50,2018-06-11,48,2.02853125,-8.504835527482268
2018-07-02,model2,csi500,2018-06-11,463,0.10146894168466523,-0.6129039090848402
2018-07-02,model2,sse50,2018-06-11,49,-0.873,-4.615346874999998
2018-07-03,model2,csi500,2018-06-11,459,1.209584880174292,1.3215889492033457
2018-07-03,model2,sse50,2018-06-11,48,-0.6023854166666666,0.1843819444444468
2018-07-04,model2,csi500,2018-06-11,460,-0.565125956521739,0.24864262177907506
2018-07-04,model2,sse50,2018-06-11,45,-1.7112857777777777,-1.062223731481479
2018-07-05,model2,csi500,2018-06-11,467,-5.262477301927195,-1.5393394594248784
2018-07-05,model2,sse50,2018-06-11,48,-0.9988041666666665,-1.1041584537037012
2018-07-06,model2,csi500,2018-06-11,449,-4.826395011135857,-3.5513327565282613
2018-07-06,model2,sse50,2018-06-11,43,2.8438995348837213,0.044603196813094804
2018-07-09,model2,csi500,2018-06-11,468,2.07807155982906,-2.6702669177446623
2018-07-09,model2,sse50,2018-06-11,49,7.887061020408164,3.244052129541742
2018-07-10,model2,csi500,2018-06-11,440,3.727067022727273,0.32624785714016086
2018-07-10,model2,sse50,2018-06-11,45,4.595609555555556,5.108856703615817
2018-07-11,model2,csi500,2018-06-11,467,-0.6552484796573875,1.7166300342996508
2018-07-11,model2,sse50,2018-06-11,49,-0.8089953061224491,3.8912250899470924
2018-07-12,model2,csi500,2018-06-11,471,3.7504384925690024,2.274085678546298
2018-07-12,model2,sse50,2018-06-11,49,1.6237597959183676,1.8034580151171606
2018-07-13,model2,csi500,2018-06-11,439,4.2978194305239175,2.46433648114518
2018-07-13,model2,sse50,2018-06-11,47,1.816746595744681,0.8771703618468688
2018-07-16,model2,csi500,2018-06-11,449,1.4393286859688197,3.162528869687249
2018-07-16,model2,sse50,2018-06-11,49,-1.8665163265306122,0.5246633550441478
2018-07-17,model2,csi500,2018-06-11,438,1.7422688356164384,2.4931389840363942
2018-07-17,model2,sse50,2018-06-11,45,-2.7801977777777775,-0.9433225028545672
2018-07-18,model2,csi500,2018-06-11,443,-1.2769648532731377,0.6348775561040425
2018-07-18,model2,sse50,2018-06-11,45,-7.443460666666667,-4.030058256991683
2018-07-19,model2,csi500,2018-06-11,460,-4.743300173913044,-1.4259987305232453
2018-07-19,model2,sse50,2018-06-11,49,-8.625018775510204,-6.2828924066515475
2018-07-20,model2,csi500,2018-06-11,464,0.5215573491379311,-1.8329025593494144
2018-07-20,model2,sse50,2018-06-11,49,3.390695918367347,-4.225927841269838
2018-07-23,model2,csi500,2018-06-11,461,3.3311824945770065,-0.2968534433993663
2018-07-23,model2,sse50,2018-06-11,49,8.236647346938776,1.0007748299319756
2018-07-24,model2,csi500,2018-06-11,465,7.943229204301075,3.931989682672006
2018-07-24,model2,sse50,2018-06-11,48,14.358415,8.66191942176871
2018-07-25,model2,csi500,2018-06-11,450,8.064228977777779,6.44621355888529
2018-07-25,model2,sse50,2018-06-11,45,7.930902666666667,10.175321671201818
2018-07-26,model2,csi500,2018-06-11,458,4.492259039301311,6.833239073793391
2018-07-26,model2,sse50,2018-06-11,47,-0.2009689361702126,7.362782910165488
2018-07-27,model2,csi500,2018-06-11,456,-0.6332448684210523,3.9744143828860152
2018-07-27,model2,sse50,2018-06-11,45,-2.184440222222222,1.848497836091414
2018-07-30,model2,csi500,2018-06-11,462,-4.934109199134199,-0.3583650094179773
2018-07-30,model2,sse50,2018-06-11,47,-2.1268229787234043,-1.50407737903861
2018-07-31,model2,csi500,2018-06-11,448,-4.093270691964286,-3.220208253173176
2018-07-31,model2,sse50,2018-06-11,45,-0.9841519999999999,-1.7651384003152055
2018-08-01,model2,csi500,2018-06-11,464,-6.944867629310345,-5.324082506802941
2018-08-01,model2,sse50,2018-06-11,49,-4.231930612244898,-2.447635196989431
2018-08-02,model2,csi500,2018-06-11,473,-10.756149809725159,-7.264762710333261
2018-08-02,model2,sse50,2018-06-11,49,-6.6461734693877546,-3.9540853605442146
2018-08-03,model2,csi500,2018-06-11,452,-12.690888871681414,-10.130635436905637
2018-08-03,model2,sse50,2018-06-11,47,-9.515414468085106,-6.797839516572583
2018-08-06,model2,csi500,2018-06-11,463,-16.831128401727863,-13.426055694378142
2018-08-06,model2,sse50,2018-06-11,47,-13.140020851063829,-9.767202929512226
2018-08-07,model2,csi500,2018-06-11,476,1.1992582983193276,-9.440919658363313
2018-08-07,model2,sse50,2018-06-11,49,2.852473469387755,-6.600987283253723
2018-08-08,model2,csi500,2018-06-11,465,0.1223232258064516,-5.169848959200691
2018-08-08,model2,sse50,2018-06-11,49,0.1009469387755102,-3.395533480966852
2018-08-09,model2,csi500,2018-06-11,473,2.821844841437632,1.3811421218544735
2018-08-09,model2,sse50,2018-06-11,48,1.9884479166666669,1.6472894416099804
2018-08-10,model2,csi500,2018-06-11,443,4.518275665914221,2.4874812443861045
2018-08-10,model2,sse50,2018-06-11,48,1.9901768750000002,1.3598572434807288
2018-08-13,model2,csi500,2018-06-11,454,3.592431850220265,3.6441841191907085
2018-08-13,model2,sse50,2018-06-11,48,-1.8619062499999999,0.7055728472222254
2018-08-14,model2,csi500,2018-06-11,442,1.7109119909502264,3.27387316902824
2018-08-14,model2,sse50,2018-06-11,45,-2.2393044444444445,-0.7036779398148117
2018-08-15,model2,csi500,2018-06-11,474,-4.077993924050633,0.4084499723732892
2018-08-15,model2,sse50,2018-06-11,48,-7.858304583333333,-3.9865050925925893
2018-08-16,model2,csi500,2018-06-11,459,-8.25358982570806,-3.5402239196028193
2018-08-16,model2,sse50,2018-06-11,45,-6.050084444444445,-5.382564490740737
2018-08-17,model2,csi500,2018-06-11,467,-14.785385824411135,-9.038989858056606
2018-08-17,model2,sse50,2018-06-11,49,-10.214888163265305,-8.041092397014358
2018-08-20,model2,csi500,2018-06-11,449,-5.2373975055679285,-9.42545771856237
2018-08-20,model2,sse50,2018-06-11,50,0.2449252000000001,-5.340015802569915
2018-08-21,model2,csi500,2018-06-11,464,1.8124395689655173,-6.070114587004512
2018-08-21,model2,sse50,2018-06-11,49,4.619185714285714,-1.7835924163265275
2018-08-22,model2,csi500,2018-06-11,458,-0.1482690611353711,-1.1910756659125912
2018-08-22,model2,sse50,2018-06-11,49,0.6498612244897961,1.8379907129251725
2018-08-23,model2,csi500,2018-06-11,444,1.075973783783784,0.9133814305379797
2018-08-23,model2,sse50,2018-06-11,44,1.3937127272727272,2.220919888682748
2018-08-24,model2,csi500,2018-06-11,440,0.6043821136363637,0.5106956120949285
2018-08-24,model2,sse50,2018-06-11,50,3.9484516000000003,1.9973418505875102
2018-08-27,model2,csi500,2018-06-11,474,3.8109224050632915,1.8304261008278162
2018-08-27,model2,sse50,2018-06-11,50,7.8347024,4.392288909090912
2018-08-28,model2,csi500,2018-06-11,443,3.9352246726862306,2.783509730461965
2018-08-28,model2,sse50,2018-06-11,47,3.738575106382979,5.173909702127662
2018-08-29,model2,csi500,2018-06-11,464,0.3099584482758621,2.685368508675131
2018-08-29,model2,sse50,2018-06-11,47,2.1928395744680853,4.588705693617024
2018-08-30,model2,csi500,2018-06-11,463,-3.8599563714902807,0.12840891649060712
2018-08-30,model2,sse50,2018-06-11,50,-3.3011124,0.876767426950357
2018-08-31,model2,csi500,2018-06-11,452,-8.7836753539823,-4.111224425732236
2018-08-31,model2,sse50,2018-06-11,49,-1.5884997959183673,-0.8989242071500917
2018-09-03,model2,csi500,2018-06-11,454,-7.388254405286343,-6.677295376919638
2018-09-03,model2,sse50,2018-06-11,46,-4.382581304347826,-3.0907311667553956
2018-09-04,model2,csi500,2018-06-11,456,1.3591517543859648,-4.937592668294223
2018-09-04,model2,sse50,2018-06-11,49,1.0236951020408165,-1.6491286660751232
2018-09-05,model2,csi500,2018-06-11,474,-1.789300717299578,-2.606134456066649
2018-09-05,model2,sse50,2018-06-11,50,-2.6732676,-2.0107179341023342
2018-09-06,model2,csi500,2018-06-11,447,-3.433791096196868,-1.2879800197034907
2018-09-06,model2,sse50,2018-06-11,45,-5.287427555555555,-2.3123333511715773
2018-09-07,model2,csi500,2018-06-11,447,-1.468164697986577,-2.2304188371610048
2018-09-07,model2,sse50,2018-06-11,46,-0.4420626086956521,-2.8009192547504003
2018-09-10,model2,csi500,2018-06-11,467,-5.577319250535332,-3.4930916815729227
2018-09-10,model2,sse50,2018-06-11,49,-2.3041428571428573,-2.677877673798019
2018-09-11,model2,csi500,2018-06-11,445,-3.8567245842696627,-3.6340695109305208
2018-09-11,model2,sse50,2018-06-11,48,-3.3685337499999997,-2.0382464052795006
2018-09-12,model2,csi500,2018-06-11,445,-1.5967940898876403,-3.676945974897542
2018-09-12,model2,sse50,2018-06-11,44,-2.162634090909091,-2.6117702326839805
2018-09-13,model2,csi500,2018-06-11,461,1.418735878524946,-1.344927598544116
2018-09-13,model2,sse50,2018-06-11,50,2.076722,-1.1514819469696946
2018-09-14,model2,csi500,2018-06-11,456,-1.2628272149122806,-0.4802951420916553
2018-09-14,model2,sse50,2018-06-11,44,1.466499090909091,0.46019566666666906
2018-09-17,model2,csi500,2018-06-11,466,-4.303926051502145,-1.3826724626298237
2018-09-17,model2,sse50,2018-06-11,48,-0.09211416666666661,1.150368974747477
2018-09-18,model2,csi500,2018-06-11,472,1.3332667161016951,-1.4111621834375738
2018-09-18,model2,sse50,2018-06-11,50,3.0602966000000005,1.4782271747474773
2018-09-19,model2,csi500,2018-06-11,459,4.206206230936819,0.4118489651787926
2018-09-19,model2,sse50,2018-06-11,48,5.386328333333334,2.7848369222222247
2018-09-20,model2,csi500,2018-06-11,442,2.3325741176470594,2.6240156882285275
2018-09-20,model2,sse50,2018-06-11,48,3.16030625,3.868977061111114
2018-09-21,model2,csi500,2018-06-11,472,7.071337055084745,4.536705801222877
2018-09-21,model2,sse50,2018-06-11,50,11.0982418,6.54829212777778
2018-09-25,model2,csi500,2018-06-11,465,4.5856116989247315,4.663174290552182
2018-09-25,model2,sse50,2018-06-11,48,3.0874747916666667,5.782007613888891
2018-09-26,model2,csi500,2018-06-11,437,2.6949269565217393,4.7839585701770755
2018-09-26,model2,sse50,2018-06-11,46,4.979486739130436,6.388401110265703
2018-09-27,model2,csi500,2018-06-11,471,-2.0568572186836516,1.7412271455876092
2018-09-27,model2,sse50,2018-06-11,46,3.146747391304348,3.737902974033819
2018-09-28,model2,csi500,2018-06-11,463,0.8807670842332614,0.5062789406904527
2018-09-28,model2,sse50,2018-06-11,49,5.178119591836735,4.434784574090508
2018-10-08,model2,csi500,2018-06-11,478,-2.896984351464435,-1.3576914953049386
2018-10-08,model2,sse50,2018-06-11,50,-1.4028556,2.307337127713696
2018-10-09,model2,csi500,2018-06-11,449,-3.431511224944321,-1.8159094973918286
2018-10-09,model2,sse50,2018-06-11,46,-2.573023478260869,0.4007468378586241
2018-10-10,model2,csi500,2018-06-11,457,-2.272301794310722,-2.86693245690649
2018-10-10,model2,sse50,2018-06-11,50,0.8686696,-1.0357364927536208
2018-10-11,model2,csi500,2018-06-11,485,-7.160967443298969,-4.288260154184668
2018-10-11,model2,sse50,2018-06-11,50,-2.99282,-1.5657246260869542
2018-10-12,model2,csi500,2018-06-11,468,-8.62415655982906,-6.019141932479581
2018-10-12,model2,sse50,2018-06-11,50,-1.5351271999999998,-1.2197591999999977
2018-10-15,model2,csi500,2018-06-11,480,-11.105370708333334,-8.963498237153786
2018-10-15,model2,sse50,2018-06-11,48,-3.889249583333333,-2.8057322611111086
2018-10-16,model2,csi500,2018-06-11,479,-17.51994776617954,-12.416491678113976
2018-10-16,model2,sse50,2018-06-11,48,-4.75783125,-3.3940693444444414
2018-10-17,model2,csi500,2018-06-11,476,-2.480453739495798,-10.368590738002888
2018-10-17,model2,sse50,2018-06-11,49,-0.43176897959183674,-3.026283270975054
2018-10-18,model2,csi500,2018-06-11,482,-4.5004823858921155,-8.166961297189149
2018-10-18,model2,sse50,2018-06-11,49,-4.678222040816326,-3.2892740901360518
2018-10-19,model2,csi500,2018-06-11,484,0.49908307851239675,-2.160617682291836
2018-10-19,model2,sse50,2018-06-11,50,0.6468900000000001,-1.4877003401360522
2018-10-22,model2,csi500,2018-06-11,486,5.518431399176955,0.5056773639324147
2018-10-22,model2,sse50,2018-06-11,50,4.556445999999999,0.17503798639455978
2018-10-23,model2,csi500,2018-06-11,471,0.5056953078556264,2.174403261848328
2018-10-23,model2,sse50,2018-06-11,50,-0.13915999999999998,1.6880586666666684
2018-10-24,model2,csi500,2018-06-11,442,-0.12067542986425332,1.9678170923894447
2018-10-24,model2,sse50,2018-06-11,50,0.15771000000000013,1.5249986666666686
2018-10-25,model2,csi500,2018-06-11,466,-0.8683199785407723,-0.161100033516464
2018-10-25,model2,sse50,2018-06-11,48,2.1279670833333335,0.7155056944444467
2018-10-26,model2,csi500,2018-06-11,460,-1.0452983695652172,-0.6780979259900786
2018-10-26,model2,sse50,2018-06-11,48,-1.8826675,0.13433652777778002
2018-10-29,model2,csi500,2018-06-11,461,-5.088019284164859,-2.333879210756947
2018-10-29,model2,sse50,2018-06-11,50,-6.2075228000000005,-1.9874077388888869
2018-10-30,model2,csi500,2018-06-11,470,-0.9564007659574467,-2.363239473229172
2018-10-30,model2,sse50,2018-06-11,47,-0.8728893617021277,-2.9876932205673743
2018-10-31,model2,csi500,2018-06-11,474,4.070808628691983,-0.6578704738101054
2018-10-31,model2,sse50,2018-06-11,46,2.762663043478261,-1.4392497060746203
2018-11-01,model2,csi500,2018-06-11,454,5.104978524229075,2.739795462321206
2018-11-01,model2,sse50,2018-06-11,48,3.65496875,1.8482474772587132
2018-11-02,model2,csi500,2018-06-11,492,11.90820274390244,7.027996632274501
2018-11-02,model2,sse50,2018-06-11,50,11.007565200000002,5.80839899782609
2018-11-05,model2,csi500,2018-06-11,467,10.560416702355461,9.19119932349566
2018-11-05,model2,sse50,2018-06-11,49,1.5293930612244897,5.3973090037415
2018-11-06,model2,csi500,2018-06-11,461,4.398916399132321,8.955845281796742
2018-11-06,model2,sse50,2018-06-11,49,-2.6325538775510204,3.3014681278911593
2018-11-07,model2,csi500,2018-06-11,467,-1.2794405139186293,4.559964195856387
2018-11-07,model2,sse50,2018-06-11,47,-4.865537021276595,-1.9895659458677064
2018-11-08,model2,csi500,2018-06-11,470,-5.307503382978723,-0.7293424992550083
2018-11-08,model2,sse50,2018-06-11,48,-5.411517083333333,-4.303202660720314
2018-11-09,model2,csi500,2018-06-11,472,-7.735011906779661,-4.773985267892336
2018-11-09,model2,sse50,2018-06-11,48,-10.2566225,-6.844558868203308
2018-11-12,model2,csi500,2018-06-11,494,2.2282967611336035,-3.6047395095415915
2018-11-12,model2,sse50,2018-06-11,49,-0.5384457142857143,-5.402195099206346
2018-11-13,model2,csi500,2018-06-11,488,6.15904887295082,0.2174445757682566
2018-11-13,model2,sse50,2018-06-11,45,3.6334168888888887,-2.3872171084656064
2018-11-14,model2,csi500,2018-06-11,467,4.103836038543897,4.163727224209443
2018-11-14,model2,sse50,2018-06-11,49,-0.7810367346938776,0.7713114799697679
2018-11-15,model2,csi500,2018-06-11,479,9.300675448851775,6.521186786782167
2018-11-15,model2,sse50,2018-06-11,50,2.893748,1.9153760513983393
2018-11-16,model2,csi500,2018-06-11,461,9.793680260303688,7.7327305825664565
2018-11-16,model2,sse50,2018-06-11,47,3.230995531914894,1.7812355990736746
2018-11-19,model2,csi500,2018-06-11,476,4.435271281512605,7.843208996889359
2018-11-19,model2,sse50,2018-06-11,49,4.508606734693878,3.5444500888695933
2018-11-20,model2,csi500,2018-06-11,496,-2.969726491935484,3.7530750166269384
2018-11-20,model2,sse50,2018-06-11,50,-2.3033116000000002,1.8120968888695927
2018-11-21,model2,csi500,2018-06-11,469,-2.436534648187633,-0.32366328620350204
2018-11-21,model2,sse50,2018-06-11,46,-3.6405408695652173,-0.4784152449571109
2018-11-22,model2,csi500,2018-06-11,466,-2.463544163090129,-2.6232684344044137
2018-11-22,model2,sse50,2018-06-11,48,-4.88792625,-3.610592906521737
2018-11-23,model2,csi500,2018-06-11,497,-7.086329336016096,-3.9954693824312844
2018-11-23,model2,sse50,2018-06-11,50,-12.040378,-6.856281706521737
2018-11-26,model2,csi500,2018-06-11,481,-6.934872972972973,-5.494915490693064
2018-11-26,model2,sse50,2018-06-11,46,-13.328976086956521,-10.085760112318837
2018-11-27,model2,csi500,2018-06-11,475,-1.547844336842105,-5.189682215277056
2018-11-27,model2,sse50,2018-06-11,48,-8.059637916666667,-11.14299733454106
2018-11-28,model2,csi500,2018-06-11,488,2.445010286885246,-2.0125690076432754
2018-11-28,model2,sse50,2018-06-11,50,2.2207060000000003,-6.389302667874393
2018-11-29,model2,csi500,2018-06-11,492,-1.585931138211382,-0.2295883960560785
2018-11-29,model2,sse50,2018-06-11,48,0.19243333333333332,-1.8821661944444419
2018-11-30,model2,csi500,2018-06-11,474,-0.5930336919831223,0.08868181889691577
2018-11-30,model2,sse50,2018-06-11,49,2.185018979591837,1.5327194376417257
2018-12-03,model2,csi500,2018-06-11,498,4.674328634538153,0.831787934781218
2018-12-03,model2,sse50,2018-06-11,49,6.90743530612245,3.0949625396825424
2018-12-04,model2,csi500,2018-06-11,460,5.023859282608696,3.035051408387911
2018-12-04,model2,sse50,2018-06-11,48,9.930598958333334,6.341017748015876
2018-12-05,model2,csi500,2018-06-11,489,1.780081492842536,3.826089803329797
2018-12-05,model2,sse50,2018-06-11,49,0.8209489795918368,5.886327748015876
2018-12-06,model2,csi500,2018-06-11,486,-3.8086634979423866,0.9984257591696171
2018-12-06,model2,sse50,2018-06-11,49,-4.520006530612245,2.0771804691043108
2018-12-07,model2,csi500,2018-06-11,468,-3.512826111111111,-1.8471360387369853
2018-12-07,model2,sse50,2018-06-11,43,-4.375238604651162,-2.6914320518905215
2018-12-10,model2,csi500,2018-06-11,484,-7.584126921487604,-4.968538843513699
2018-12-10,model2,sse50,2018-06-11,49,-7.310474693877551,-5.401906609713651
2018-12-11,model2,csi500,2018-06-11,472,-1.502044004237288,-4.199665678945332
2018-12-11,model2,sse50,2018-06-11,43,-1.5197302325581394,-4.401814510362281
2018-12-12,model2,csi500,2018-06-11,454,0.09359940528634361,-2.9975238401461812
2018-12-12,model2,sse50,2018-06-11,50,1.6656255999999998,-2.388193108811895
2018-12-13,model2,csi500,2018-06-11,472,2.9389310381355935,0.5101621463948849
2018-12-13,model2,sse50,2018-06-11,50,5.003082,1.7163257891472892
2018-12-14,model2,csi500,2018-06-11,493,-1.4347449695740364,0.5325951579493021
2018-12-14,model2,sse50,2018-06-11,49,-0.6661355102040816,2.0008573632653084
2018-12-17,model2,csi500,2018-12-17,461,-2.1917997613882862,-0.22920456427557453
2018-12-17,model2,sse50,2018-12-17,49,-0.6216457142857142,1.238433591836737
2018-12-18,model2,csi500,2018-12-17,467,-2.8551847109207706,-2.160576480627696
2018-12-18,model2,sse50,2018-12-17,48,-2.187847083333333,-1.158542769274374
2018-12-19,model2,csi500,2018-12-17,480,-8.197659583333333,-4.414881351880795
2018-12-19,model2,sse50,2018-12-17,49,-6.806998775510204,-3.2054971910430816
2018-12-20,model2,csi500,2018-12-17,450,-5.281822711111111,-5.444889001788404
2018-12-20,model2,sse50,2018-12-17,50,-11.8067396,-6.933861819614511
2018-12-21,model2,csi500,2018-12-17,468,-5.43786702991453,-6.305783108119658
2018-12-21,model2,sse50,2018-12-17,48,-16.960945833333334,-11.858228069614512
2018-12-24,model2,csi500,2018-12-17,472,0.28199548728813567,-3.479231417912501
2018-12-24,model2,sse50,2018-12-17,48,-10.55044,-13.10604181111111
2018-12-25,model2,csi500,2018-12-17,484,-0.8273020867768595,-1.9943912098010834
2018-12-25,model2,sse50,2018-12-17,49,-10.809153469387754,-12.77351310090703
2018-12-26,model2,csi500,2018-12-17,470,-1.919441,-0.8215825331629066
2018-12-26,model2,sse50,2018-12-17,48,-11.742690625,-11.03409469812925
2018-12-27,model2,csi500,2018-12-17,471,-5.063911167728238,-2.6035514181683648
2018-12-27,model2,sse50,2018-12-17,41,-4.431480975609756,-8.994441689999169
2018-12-28,model2,csi500,2018-12-17,455,-3.7368596263736267,-3.5734039313672867
2018-12-28,model2,sse50,2018-12-17,46,1.5620426086956525,-4.8707096639713665
2019-01-02,model2,csi500,2018-12-17,471,-5.015862569002123,-4.605544454367995
2019-01-02,model2,sse50,2018-12-17,48,-4.599209166666667,-2.489549177860256
2019-01-03,model2,csi500,2018-12-17,462,-3.533628051948052,-4.095450082441266
2019-01-03,model2,sse50,2018-12-17,47,-2.334815319148936,-1.7906606257066493
2019-01-04,model2,csi500,2018-12-17,493,3.6295371805273833,-1.6399844801409291
2019-01-04,model2,sse50,2018-12-17,49,3.753265918367347,-1.0602528558160842
2019-01-07,model2,csi500,2018-12-17,485,9.070412391752578,3.055440506777304
2019-01-07,model2,sse50,2018-12-17,48,3.138348541666667,1.5189330469616937
2019-01-08,model2,csi500,2018-12-17,471,5.828495520169851,6.176148364149939
2019-01-08,model2,sse50,2018-12-17,47,0.5923310638297873,2.4946485079546012
2019-01-09,model2,csi500,2018-12-17,457,2.9825027352297595,5.960470215717398
2019-01-09,model2,sse50,2018-12-17,47,5.342867021276596,3.0245155422576837
2019-01-10,model2,csi500,2018-12-17,473,0.8413738689217761,3.2174573747737973
2019-01-10,model2,sse50,2018-12-17,50,0.22834420000000016,2.054514095035462
2019-01-11,model2,csi500,2018-12-17,478,2.6803098953974898,2.1680621665163433
2019-01-11,model2,sse50,2018-12-17,49,2.517312857142857,2.696174692806485
2019-01-14,model2,csi500,2018-12-17,476,0.4911809663865548,1.337621576901942
2019-01-14,model2,sse50,2018-12-17,49,-0.5443534693877551,0.7337678625850349
2019-01-15,model2,csi500,2018-12-17,480,3.3051400416666668,2.1588769678169055
2019-01-15,model2,sse50,2018-12-17,49,1.7620510204081634,1.2450034693877559
2019-01-16,model2,csi500,2018-12-17,468,1.9640643376068376,1.9201284485533547
2019-01-16,model2,sse50,2018-12-17,46,4.881765869565217,2.0331544735285423
2019-01-17,model2,csi500,2018-12-17,483,-1.6855923188405797,1.1945373534776433
2019-01-17,model2,sse50,2018-12-17,49,0.9869985714285715,2.5436051538006517
2019-01-18,model2,csi500,2019-01-18,480,0.8783520416666667,0.38560802014431
2019-01-18,model2,sse50,2018-12-17,49,5.733376530612245,3.867380323868679
2019-01-21,model2,csi500,2019-01-18,462,2.788217683982684,0.6603258022695923
2019-01-21,model2,sse50,2018-12-17,46,8.787264782608696,5.169213294883171
2019-01-22,model2,csi500,2019-01-18,490,-2.044406918367347,0.5407209357606698
2019-01-22,model2,sse50,2018-12-17,49,-1.415965306122449,4.368225335699498
2019-01-23,model2,csi500,2019-01-18,459,-2.704788453159041,-0.6536592291812329
2019-01-23,model2,sse50,2018-12-17,47,-1.9091353191489362,1.8207213857791043
2019-01-24,model2,csi500,2019-01-18,463,-0.545955010799136,-1.7650501274418398
2019-01-24,model2,sse50,2018-12-17,50,-1.438802,-1.5879675417571282
2019-01-25,model2,csi500,2019-01-18,474,-1.902921476793249,-1.717888313583807
2019-01-25,model2,sse50,2018-12-17,49,2.834,-0.17131243971631172
2019-01-28,model2,csi500,2019-01-18,474,-2.9975728902953587,-1.8154831259625794
2019-01-28,model2,sse50,2018-12-17,48,2.165915,1.187037666666667
2019-01-29,model2,csi500,2019-01-18,488,-5.362605204918033,-3.421033190668878
2019-01-29,model2,sse50,2018-12-17,47,2.7778576595744684,2.5925908865248233
2019-01-30,model2,csi500,2019-01-18,480,-10.014822645833334,-6.125000247015573
2019-01-30,model2,sse50,2018-12-17,49,0.31596183673469386,1.7532448321030545
2019-01-31,model2,csi500,2019-01-18,487,-13.742580862422997,-9.70666957105812
2019-01-31,model2,sse50,2018-12-17,49,1.0678802040816329,1.3872332334635988
2019-02-01,model2,csi500,2019-01-18,498,1.7945234136546186,-7.320960031533901
2019-02-01,model2,sse50,2018-12-17,47,4.247275106382978,1.877039049066435
2019-02-11,model2,csi500,2019-01-18,498,6.411465903614459,-1.8455305150513042
2019-02-11,model2,sse50,2018-12-17,48,5.136517291666667,3.483890867377093
2019-02-12,model2,csi500,2019-01-18,482,10.004164564315355,6.0700512938614795
2019-02-12,model2,sse50,2018-12-17,49,7.901607755102042,5.761800051050563
2019-02-13,model2,csi500,2019-01-18,490,21.936072918367348,12.783901128765722
2019-02-13,model2,sse50,2018-12-17,50,17.1737052,10.070610082256236
2019-02-14,model2,csi500,2019-01-18,453,18.112158918322297,16.68413213366834
2019-02-14,model2,sse50,2018-12-17,48,6.979918333333334,10.685077096145127
2019-02-15,model2,csi500,2019-01-18,477,2.1538884905660383,14.067373442418562
2019-02-15,model2,sse50,2018-12-17,49,-2.8646530612244896,7.0963234907029475
2019-02-18,model2,csi500,2019-01-18,500,5.349581420000001,8.538542942962781
2019-02-18,model2,sse50,2018-12-17,50,0.902008,1.6724244240362813
2019-02-19,model2,csi500,2019-01-18,482,3.64827877593361,3.7172495621665522
2019-02-19,model2,sse50,2018-12-17,49,1.1872857142857143,-0.25845311564625845
2019-02-20,model2,csi500,2019-01-18,475,1.5498732631578949,3.5159111530305047
2019-02-20,model2,sse50,2018-12-17,44,1.5852613636363637,1.2248516926406927
2019-02-21,model2,csi500,2019-01-18,482,-0.9006405601659749,1.4325038263085126
2019-02-21,model2,sse50,2018-12-17,48,0.049446041666666746,0.9406643731962482
2019-02-22,model2,csi500,2019-01-18,497,3.116232615694165,1.2551551062286974
2019-02-22,model2,sse50,2018-12-17,48,1.619045625,1.0845843434343434
2019-02-25,model2,csi500,2019-01-18,500,7.56710542,3.260899158509399
2019-02-25,model2,sse50,2018-12-17,50,6.7753406,2.8146107555555555
2019-02-26,model2,csi500,2019-01-18,490,6.136814530612246,5.60671752210214
2019-02-26,model2,sse50,2018-12-17,50,1.4057440000000003,3.266710075
2019-02-27,model2,csi500,2019-01-18,489,2.6432380777096114,5.449052676107288
2019-02-27,model2,sse50,2018-12-17,49,1.7016836734693879,3.2942560911564627
2019-02-28,model2,csi500,2019-01-18,483,2.119869192546584,3.6333072669561495
2019-02-28,model2,sse50,2018-12-17,49,-0.19058591836734695,0.9722805850340137
2019-03-01,model2,csi500,2019-01-18,478,2.087731046025105,2.283612772093769
2019-03-01,model2,sse50,2018-12-17,50,1.4162700000000001,0.9757892517006804
2019-03-04,model2,csi500,2019-01-18,489,4.938858220858895,3.0488194864768636
2019-03-04,model2,sse50,2018-12-17,48,4.662325,1.962669693877551
2019-03-05,model2,csi500,2019-01-18,494,9.995618785425101,5.674069350769702
2019-03-05,model2,sse50,2018-12-17,49,3.9675426530612246,3.3487125510204088
2019-03-06,model2,csi500,2019-01-18,490,14.648036836734693,9.860837947672898
2019-03-06,model2,sse50,2018-12-17,47,6.062849787234042,4.897572480098423
2019-03-07,model2,csi500,2019-01-18,484,14.80502188016529,13.149559167441696
2019-03-07,model2,sse50,2018-12-17,50,1.7173408000000003,3.915911080098423
2019-03-08,model2,csi500,2019-01-18,497,-0.07373503018108632,9.793107895572968
2019-03-08,model2,sse50,2018-12-17,50,-8.8370908,-0.3523000709219855
2019-03-11,model2,csi500,2019-01-18,499,3.465147234468938,6.065478028151049
2019-03-11,model2,sse50,2018-12-17,49,-1.1871710204081634,-2.7689736734693873
2019-03-12,model2,csi500,2019-01-18,480,5.263119625,2.884843943095953
2019-03-12,model2,sse50,2018-12-17,47,2.3102617021276592,-2.571333372760168
2019-03-13,model2,csi500,2019-01-18,499,-0.20306448897795584,2.8417341234969964
2019-03-13,model2,sse50,2018-12-17,46,0.2305260869565218,0.45120558955867285
2019-03-14,model2,csi500,2019-01-18,496,-3.1281493145161288,0.6439686071686408
2019-03-14,model2,sse50,2018-12-17,47,0.2999229787234043,0.9469035892691954
2019-03-15,model2,csi500,2019-01-18,483,-0.14914685300207026,-1.1601202188320492
2019-03-15,model2,sse50,2018-12-17,48,5.654332916666667,2.0615939941155315
2019-03-18,model2,csi500,2019-01-18,495,4.230211676767677,0.3176385030831617
2019-03-18,model2,sse50,2018-12-17,50,9.653039,5.202431631796691
2019-03-19,model2,csi500,2019-01-18,484,3.1233988636363637,2.4014878958006594
2019-03-19,model2,sse50,2018-12-17,48,1.9624964583333335,5.7566227916666675
2019-03-20,model2,csi500,2019-01-18,480,2.1025673541666667,3.1520592981902382
2019-03-20,model2,sse50,2018-12-17,45,-0.20358377777777767,3.803983893518519
2019-03-21,model2,csi500,2019-01-18,476,4.2276098529411765,3.151192023581405
2019-03-21,model2,sse50,2018-12-17,48,-2.5012733333333332,-0.24745355092592516
2019-03-22,model2,csi500,2019-01-18,485,2.5902567422680414,2.973477983125297
2019-03-22,model2,sse50,2018-12-17,49,-5.20386693877551,-2.6362413499622064
2019-03-25,model2,csi500,2019-01-18,493,-1.6314389249492898,1.7288092234199783
2019-03-25,model2,sse50,2018-12-17,50,-13.065562,-6.923567424036281
2019-03-26,model2,csi500,2019-01-18,496,-6.236317399193548,-1.7591665272915964
2019-03-26,model2,sse50,2018-12-17,50,-14.2310292,-10.833486046258502
2019-03-27,model2,csi500,2019-01-18,487,-3.604033839835729,-3.82393005465952
2019-03-27,model2,sse50,2018-12-17,50,-3.91906,-10.405217066666667
2019-03-28,model2,csi500,2019-01-18,489,-6.78216717791411,-5.54083947231446
2019-03-28,model2,sse50,2018-12-17,48,-3.2115466666666665,-7.120545288888889
2019-03-29,model2,csi500,2019-01-18,496,2.18334747983871,-2.7342845126370405
2019-03-29,model2,sse50,2018-12-17,50,3.3116392,-1.2729891555555555
2019-04-01,model2,csi500,2019-01-18,498,7.39763548192771,0.9329385946174392
2019-04-01,model2,sse50,2018-12-17,50,9.0373958,3.0458294444444447
2019-04-02,model2,csi500,2019-01-18,488,5.794866987704918,5.1252833164904485
2019-04-02,model2,sse50,2018-12-17,48,4.050190833333334,5.4664086111111105
2019-04-03,model2,csi500,2019-01-18,487,8.857310123203286,7.349937530945307
2019-04-03,model2,sse50,2018-12-17,49,6.900391020408164,6.662659217913833
2019-04-04,model2,csi500,2019-01-18,483,7.96027977225673,7.537485627721646
2019-04-04,model2,sse50,2018-12-17,47,11.485860212765957,7.478814022169151
2019-04-08,model2,csi500,2019-01-18,492,1.1629470528455288,5.99351231610185
2019-04-08,model2,sse50,2018-12-17,48,9.260690416666668,9.215647216613597
2019-04-09,model2,csi500,2019-01-18,486,0.024573827160493954,3.0492668840875865
2019-04-09,model2,sse50,2018-12-17,49,0.7235597959183675,7.1567034751169984
2019-04-10,model2,csi500,2019-01-18,488,-0.2871224385245901,0.30013281382714657
2019-04-10,model2,sse50,2018-12-17,50,-0.12429259999999992,3.2866525375283455
2019-04-11,model2,csi500,2019-01-18,491,-4.382360529531568,-1.548303046965219
2019-04-11,model2,sse50,2018-12-17,49,-6.677800816326531,-2.026177873469387
2019-04-12,model2,csi500,2019-01-18,483,-4.934794244306418,-3.2014257374541892
2019-04-12,model2,sse50,2018-12-17,46,-7.437973913043478,-4.746689109790002
2019-04-15,model2,csi500,2019-01-18,489,-7.405823844580777,-5.574326206139585
2019-04-15,model2,sse50,2018-12-17,46,-6.793155652173914,-6.969643460514639
2019-04-16,model2,csi500,2019-01-18,492,1.344794024390244,-3.6652746881656477
2019-04-16,model2,sse50,2018-12-17,50,2.7325999999999997,-3.8328431884057963
2019-04-17,model2,csi500,2019-01-18,485,2.051817649484536,-1.3364040569019966
2019-04-17,model2,sse50,2018-12-17,50,2.18066,-0.6266318840579707
2019-04-18,model2,csi500,2019-01-18,488,-0.6594944672131147,0.9123724022205574
2019-04-18,model2,sse50,2018-12-17,49,-0.21076530612244898,1.5674982312925174
2019-04-19,model2,csi500,2019-01-18,486,0.5329459053497944,0.6417563625404076
2019-04-19,model2,sse50,2018-12-17,49,3.7139404081632654,1.8946117006802725
2019-04-22,model2,csi500,2019-01-18,491,-1.8040947454175151,-0.6435477690936096
2019-04-22,model2,sse50,2018-12-17,50,-1.0214519999999998,0.827241034013606
2019-04-23,model2,csi500,2019-01-18,491,-6.352951812627292,-2.541366884231669
2019-04-23,model2,sse50,2018-12-17,48,-2.99097375,-0.09949511394557768
2019-04-24,model2,csi500,2019-01-18,486,-0.7073079423868311,-2.954784833477211
2019-04-24,model2,sse50,2018-12-17,47,-1.075882978723404,-1.6961029095744677
2019-04-25,model2,csi500,2019-01-18,496,-4.266072580645162,-3.7754441118864257
2019-04-25,model2,sse50,2018-12-17,50,-5.3315864,-3.132814376241134
2019-04-26,model2,csi500,2019-01-18,480,-6.454417,-3.809265841010662
2019-04-26,model2,sse50,2018-12-17,50,-10.332276400000001,-5.579915259574467
2019-04-29,model2,csi500,2019-01-18,486,-8.636040534979424,-6.452176705208193
2019-04-29,model2,sse50,2018-12-17,48,-5.298023333333333,-6.987295377777777
2019-04-30,model2,csi500,2019-01-18,489,-1.552694826175869,-5.547717453718428
2019-04-30,model2,sse50,2018-12-17,48,-0.8658770833333334,-5.498725605555555
2019-05-06,model2,csi500,2019-01-18,499,-5.533010180360722,-5.2405818471720025
2019-05-06,model2,sse50,2018-12-17,50,-4.7958396,-3.6532466722222217
2019-05-07,model2,csi500,2019-01-18,494,-1.9333191093117408,-3.0063413719494414
2019-05-07,model2,sse50,2018-12-17,47,-2.566600425531915,-2.7427723696217488
2019-05-08,model2,csi500,2019-01-18,478,-2.150204748953975,-3.20551134620881
2019-05-08,model2,sse50,2018-12-17,48,-4.930705416666666,-4.097715147399526
2019-05-09,model2,csi500,2019-01-18,479,-5.225359394572025,-3.102961084279245
2019-05-09,model2,sse50,2018-12-17,50,-11.267554,-6.25495328073286
2019-05-10,model2,csi500,2019-01-18,497,2.6372583501006037,-1.5794352644751297
2019-05-10,model2,sse50,2018-12-17,50,0.8242540000000002,-5.124668472222222
2019-05-13,model2,csi500,2019-01-18,492,1.0052783333333333,-0.5276075703793602
2019-05-13,model2,sse50,2018-12-17,50,-0.21213600000000002,-3.5518119999999986
2019-05-14,model2,csi500,2019-01-18,482,-2.0011691078838174,0.5471225251833755
2019-05-14,model2,sse50,2018-12-17,49,-2.7365408163265306,-0.708140938775509
2019-05-15,model2,csi500,2019-01-18,493,2.3248552129817446,0.44298814614375576
2019-05-15,model2,sse50,2018-12-17,50,1.633314,-0.4384542721088424
2019-05-16,model2,csi500,2019-01-18,472,3.7306076059322035,1.3514312370100459
2019-05-16,model2,sse50,2018-12-17,47,2.7219936170212766,0.5395889335649166
2019-05-17,model2,csi500,2019-01-18,495,-1.9844803232323234,1.3569941652272106
2019-05-17,model2,sse50,2018-12-17,50,-2.1288128,0.7421649390070933
2019-05-20,model2,csi500,2019-01-18,485,-2.9364925773195876,-0.3967884315399
2019-05-20,model2,sse50,2018-12-17,49,-2.896912244897959,-0.767910475958893
2019-05-21,model2,csi500,2019-01-18,491,1.8509277393075356,-1.0233483870814561
2019-05-21,model2,sse50,2018-12-17,48,2.217902083333333,-0.9359409871882073
2019-05-22,model2,csi500,2019-01-18,491,-0.09847945010183295,-0.3946814293712925
2019-05-22,model2,sse50,2018-12-17,48,0.9260979166666666,0.08236258503401472
2019-05-23,model2,csi500,2019-01-18,488,-3.7383877663934424,-0.6619798257292441
2019-05-23,model2,sse50,2018-12-17,48,-2.6789091666666667,0.15503027777777886
2019-05-24,model2,csi500,2019-01-18,464,-4.924100646551723,-2.920322621015664
2019-05-24,model2,sse50,2018-12-17,48,-1.4028962499999997,-1.0519024999999989
2019-05-27,model2,csi500,2019-01-18,495,1.9918220202020203,-2.223555464247713
2019-05-27,model2,sse50,2018-12-17,49,3.093326530612245,-0.3294929620181393
2019-05-28,model2,csi500,2019-01-18,467,0.8370830835117773,-0.698398514279306
2019-05-28,model2,sse50,2018-12-17,48,6.433077083333334,2.707835787981861
2019-05-29,model2,csi500,2019-01-18,458,0.34774460698689963,1.058883236900235
2019-05-29,model2,sse50,2018-12-17,49,3.6746910204081638,4.400364878117915
2019-05-30,model2,csi500,2019-01-18,481,-1.0597728690228687,0.041684940491938605
2019-05-30,model2,sse50,2018-12-17,47,-2.1933097872340426,2.638152772169153
2019-05-31,model2,csi500,2019-01-18,461,-4.908886594360087,-1.8736382854653495
2019-05-31,model2,sse50,2018-12-17,48,-4.79138125,-1.1033333389419582
2019-06-03,model2,csi500,2019-01-18,481,-9.514501372141373,-5.16105361184144
2019-06-03,model2,sse50,2018-12-17,47,-1.8396340425531912,-2.94144169326241
2019-06-04,model2,csi500,2019-01-18,479,-11.833881837160751,-8.752423267887401
2019-06-04,model2,sse50,2018-12-17,49,-4.011287346938776,-3.5474342131639873
2019-06-05,model2,csi500,2019-01-18,461,-7.998210390455531,-9.782197866585882
2019-06-05,model2,sse50,2018-12-17,48,0.5728600000000003,-1.7593537964973212
2019-06-06,model2,csi500,2019-01-18,490,-11.355253612244898,-10.39578194662039
2019-06-06,model2,sse50,2018-12-17,43,-1.8894318604651164,-1.7759530691346292
2019-06-10,model2,csi500,2019-01-18,481,-3.339474636174636,-7.56431287962502
2019-06-10,model2,sse50,2018-12-17,49,4.7200371428571435,1.1344884274640101
2019-06-11,model2,csi500,2019-01-18,498,4.01961937751004,-3.5583696236364957
2019-06-11,model2,sse50,2018-12-17,50,8.7070284,3.845877894130677
2019-06-12,model2,csi500,2019-01-18,484,1.2294359917355373,0.6365269110236494
2019-06-12,model2,sse50,2018-12-17,49,3.2802420408163266,5.5691025278911575
2019-06-13,model2,csi500,2019-01-18,472,1.2732406355932204,2.1740986682796017
2019-06-13,model2,sse50,2018-12-17,46,0.2360484782608696,4.0744396396924
2019-06-14,model2,csi500,2019-01-18,492,-2.240016869918699,0.08755325247002214
2019-06-14,model2,sse50,2018-12-17,47,-0.18385234042553167,1.1108127262172227
2019-06-17,model2,csi500,2019-06-17,467,-3.3379104710920773,-1.4348955684725162
2019-06-17,model2,sse50,2019-06-17,47,0.05613893617021284,0.03611169133518478
2019-06-18,model2,csi500,2019-06-17,457,-3.962622975929978,-3.1801834389802486
2019-06-18,model2,sse50,2019-06-17,45,0.7536375555555556,0.20864138376674676
2019-06-19,model2,csi500,2019-06-17,485,1.8264111340206188,-1.8247074376671428
2019-06-19,model2,sse50,2019-06-17,48,5.225756875,2.0118444555752575
2019-06-20,model2,csi500,2019-06-17,494,6.6499735222672065,1.5045872267859517
2019-06-20,model2,sse50,2019-06-17,50,12.8473732,6.275589210185186
2019-06-21,model2,csi500,2019-06-17,486,12.734994794238684,7.070459816842171
2019-06-21,model2,sse50,2019-06-17,46,9.092246739130434,9.055125604710145
2019-06-24,model2,csi500,2019-06-17,469,8.482255501066097,9.289074605857332
2019-06-24,model2,sse50,2019-06-17,50,8.265293,10.068304313043479
2019-06-25,model2,csi500,2019-06-17,490,-0.373340081632653,6.947970071224045
2019-06-25,model2,sse50,2019-06-17,48,1.187782291666667,6.181774010265702
2019-06-26,model2,csi500,2019-06-17,456,-2.5231867543859647,1.8619095550158289
2019-06-26,model2,sse50,2019-06-17,47,-0.7113644680851063,2.913903607860521
2019-06-27,model2,csi500,2019-06-17,457,0.3935362582056893,-0.8343301926043071
2019-06-27,model2,sse50,2019-06-17,45,3.860605111111111,1.4456743115642252
2019-06-28,model2,csi500,2019-06-17,492,-2.7775543902439024,-1.6357349621413901
2019-06-28,model2,sse50,2019-06-17,49,1.924032448979592,1.6910910306685334
2019-07-01,model2,csi500,2019-06-17,498,2.5932076706827307,0.06972984621484161
2019-07-01,model2,sse50,2019-06-17,50,6.2000706,3.9949027200302356
2019-07-02,model2,csi500,2019-06-17,473,2.235407737843552,0.6836870060941291
2019-07-02,model2,sse50,2019-06-17,47,6.878675531914894,5.000926193631496
2019-07-03,model2,csi500,2019-06-17,488,-1.0630531147540982,1.255187431257397
2019-07-03,model2,sse50,2019-06-17,49,2.069131836734694,5.04929265621653
2019-07-04,model2,csi500,2019-06-17,470,-1.9268897659574467,-0.2515117142893286
2019-07-04,model2,sse50,2019-06-17,46,-0.8047347826086956,2.714357528680299
2019-07-05,model2,csi500,2019-06-17,460,-0.5174059999999999,-1.1691162935705124
2019-07-05,model2,sse50,2019-06-17,49,-0.13224387755102027,0.3773843921916606
2019-07-08,model2,csi500,2019-06-17,499,-5.783058937875752,-2.742451567944397
2019-07-08,model2,sse50,2019-06-17,50,-4.5690800000000005,-1.8353528867199043
2019-07-09,model2,csi500,2019-06-17,471,-3.950203821656051,-3.416889586510598
2019-07-09,model2,sse50,2019-06-17,47,-5.2390876595744675,-3.3134705123751615
2019-07-10,model2,csi500,2019-06-17,490,-5.589077673469387,-5.107446811000394
2019-07-10,model2,sse50,2019-06-17,49,-9.088018775510205,-6.2987288116948905
2019-07-11,model2,csi500,2019-06-17,458,-5.591065895196507,-5.043449130107313
2019-07-11,model2,sse50,2019-06-17,44,-4.710025,-6.345710478361556
2019-07-12,model2,csi500,2019-06-17,464,-0.40907198275862067,-3.8630718504748356
2019-07-12,model2,sse50,2019-06-17,45,-1.0852671111111114,-4.961103628873771
2019-07-15,model2,csi500,2019-06-17,486,2.982761275720165,-1.005792200744985
2019-07-15,model2,sse50,2019-06-17,47,1.7792729787234047,-1.3386730441292343
2019-07-16,model2,csi500,2019-06-17,464,3.409119935344828,1.9942697427687932
2019-07-16,model2,sse50,2019-06-17,45,-0.14925955555555548,0.1815821040189138
2019-07-17,model2,csi500,2019-06-17,466,1.107918626609442,2.499933279224814
2019-07-17,model2,sse50,2019-06-17,48,-2.200052083333333,-0.19001288672182678
2019-07-18,model2,csi500,2019-06-17,493,-5.2722163691683575,-0.25172593573802704
2019-07-18,model2,sse50,2019-06-17,49,-5.968067346938775,-2.772459661942553
2019-07-19,model2,csi500,2019-06-17,469,-2.567764051172708,-2.2440205979105383
2019-07-19,model2,sse50,2019-06-17,48,0.4793041666666667,-2.5629384212018125
2019-07-22,model2,csi500,2019-06-17,492,-5.262406747967479,-4.36746238943618
2019-07-22,model2,sse50,2019-06-17,47,-0.2451578723404255,-1.91130701753751
2019-07-23,model2,csi500,2019-06-17,471,-0.5047975796178343,-2.7783227929193384
2019-07-23,model2,sse50,2019-06-17,47,0.1106353191489362,0.114927204491727
2019-07-24,model2,csi500,2019-06-17,468,3.4867503846153847,-0.7601513143233077
2019-07-24,model2,sse50,2019-06-17,48,3.651128958333333,1.1722021350472824
2019-07-25,model2,csi500,2019-06-17,454,3.248844845814978,2.076932550270845
2019-07-25,model2,sse50,2019-06-17,43,4.315003023255814,2.692255766912696
2019-07-26,model2,csi500,2019-06-17,457,3.127067592997812,3.28755427447606
2019-07-26,model2,sse50,2019-06-17,43,2.9550160465116284,3.640382676033593
2019-07-29,model2,csi500,2019-06-17,477,1.7593343396226417,2.7117489261451464
2019-07-29,model2,sse50,2019-06-17,45,1.5280164444444446,2.932678504737297
2019-07-30,model2,csi500,2019-06-17,472,2.1286645127118646,2.338355481777442
2019-07-30,model2,sse50,2019-06-17,46,1.6229954347826088,2.035342641912895
2019-07-31,model2,csi500,2019-06-17,475,0.020676736842105334,1.302891863058873
2019-07-31,model2,sse50,2019-06-17,47,-2.664735319148936,0.16209218669270697
2019-08-01,model2,csi500,2019-06-17,481,-3.020439792099792,-0.29036618084860494
2019-08-01,model2,sse50,2019-06-17,50,-5.2913376,-2.111025828122108
2019-08-02,model2,csi500,2019-06-17,487,-6.769019486652978,-3.2562608473035524
2019-08-02,model2,sse50,2019-06-17,50,-11.459132399999998,-6.471735106382977
2019-08-05,model2,csi500,2019-06-17,492,-13.803625792682928,-7.864361690478563
2019-08-05,model2,sse50,2019-06-17,50,-22.410471200000003,-13.053647066666665
2019-08-06,model2,csi500,2019-06-17,496,-23.785195987903226,-14.785947089079707
2019-08-06,model2,sse50,2019-06-17,50,-30.460436800000004,-21.4433468
2019-08-07,model2,csi500,2019-06-17,465,-20.235799526881724,-19.274873769155956
2019-08-07,model2,sse50,2019-06-17,48,-30.888158333333333,-27.91968877777778
2019-08-08,model2,csi500,2019-06-17,468,-4.369614700854701,-16.130203405213216
2019-08-08,model2,sse50,2019-06-17,50,0.454416,-20.29805971111111
2019-08-09,model2,csi500,2019-06-17,482,-5.873778817427386,-10.159731015054602
2019-08-09,model2,sse50,2019-06-17,43,0.37719767441860463,-10.018848219638242
2019-08-12,model2,csi500,2019-06-17,494,1.34829012145749,-2.9650344656081966
2019-08-12,model2,sse50,2019-06-17,49,3.9375297959183677,1.5897144901123255
2019-08-13,model2,csi500,2019-06-17,481,0.6448858212058213,-1.2935342915880226
2019-08-13,model2,sse50,2019-06-17,47,0.9996410638297873,1.7714561780555877
2019-08-14,model2,csi500,2019-06-17,476,0.6993662605042018,0.8975140677225067
2019-08-14,model2,sse50,2019-06-17,46,1.6328028260869565,2.189991228611705
2019-08-15,model2,csi500,2019-06-17,469,1.3463695095948829,0.8968738637683042
2019-08-15,model2,sse50,2019-06-17,45,1.6025084444444446,1.4116507781203973
2019-08-16,model2,csi500,2019-06-17,457,1.3312474179431075,1.1256610626807333
2019-08-16,model2,sse50,2019-06-17,48,1.4040941666666669,1.546468479066024
2019-08-19,model2,csi500,2019-06-17,499,6.842100260521042,3.173239062686347
2019-08-19,model2,sse50,2019-06-17,50,8.0330452,3.679882603703705
2019-08-20,model2,csi500,2019-06-17,465,5.2214629892473114,4.464936889237156
2019-08-20,model2,sse50,2019-06-17,47,5.021637446808511,4.8195922711583945
2019-08-21,model2,csi500,2019-06-17,481,2.7324915800415805,4.932018276603314
2019-08-21,model2,sse50,2019-06-17,49,0.7166271428571429,4.590436596555219
2019-08-22,model2,csi500,2019-06-17,473,1.5916953911205074,3.181883320136469
2019-08-22,model2,sse50,2019-06-17,47,-0.732793829787234,1.668490253292808
2019-08-23,model2,csi500,2019-06-17,475,-1.0844381684210525,1.0799162675803473
2019-08-23,model2,sse50,2019-06-17,47,-0.6754840425531913,-0.23055024316109293
2019-08-26,model2,csi500,2019-06-17,490,-4.8188911020408165,-1.4372112931137853
2019-08-26,model2,sse50,2019-06-17,50,-7.9793264,-3.129201424113474
2019-08-27,model2,csi500,2019-06-17,493,2.685786024340771,-1.072514415373697
2019-08-27,model2,sse50,2019-06-17,48,0.48247291666666675,-2.7241125086288402
2019-08-28,model2,csi500,2019-06-17,477,1.4764476729559748,-0.2188858015813547
2019-08-28,model2,sse50,2019-06-17,49,-0.3034881632653061,-2.6001138821995453
2019-08-29,model2,csi500,2019-06-17,482,-0.6815467427385892,1.160228984852721
2019-08-29,model2,sse50,2019-06-17,47,-2.870740425531915,-0.8972518907101836
2019-08-30,model2,csi500,2019-06-17,490,-3.3234295918367343,-0.8428428872064474
2019-08-30,model2,sse50,2019-06-17,46,-2.7154556521739126,-1.96322808032371
2019-09-02,model2,csi500,2019-06-17,494,2.3285945546558704,-0.5587939266398155
2019-09-02,model2,sse50,2019-06-17,49,1.7661779591836735,-1.2733393728407167
2019-09-03,model2,csi500,2019-06-17,458,2.6784579912663755,0.5612076513618395
2019-09-03,model2,sse50,2019-06-17,45,1.1394022222222224,0.06337484307732895
2019-09-04,model2,csi500,2019-06-17,487,4.309668891170432,3.1055738123642285
2019-09-04,model2,sse50,2019-06-17,50,4.7044412,2.5366737938019663
2019-09-05,model2,csi500,2019-06-17,484,7.984172045454545,4.990766309297119
2019-09-05,model2,sse50,2019-06-17,50,10.3843544,5.409399274074075
2019-09-06,model2,csi500,2019-06-17,461,8.08624377440347,6.793361570342817
2019-09-06,model2,sse50,2019-06-17,47,14.89995106382979,9.996248887943265
2019-09-09,model2,csi500,2019-06-17,489,11.54198300613497,9.204132941997663
2019-09-09,model2,sse50,2019-06-17,47,13.210138510638298,12.831481324822697
2019-09-10,model2,csi500,2019-06-17,466,7.302519892703863,8.976915557747438
2019-09-10,model2,sse50,2019-06-17,45,8.517026444444445,12.209038672970843
2019-09-11,model2,csi500,2019-06-17,470,1.3913901276595746,6.745297675499471
2019-09-11,model2,sse50,2019-06-17,48,2.192254166666667,7.973139707249804
2019-09-12,model2,csi500,2019-06-17,474,1.9869540928270044,3.560288037730149
2019-09-12,model2,sse50,2019-06-17,47,3.9181257446808515,4.8758021185973215
2019-09-16,model2,csi500,2019-06-17,469,0.3082826012793178,1.2288756072553007
2019-09-16,model2,sse50,2019-06-17,46,-0.4119956521739131,1.8994614197245356
2019-09-17,model2,csi500,2019-06-17,494,-3.9877115384615385,-0.5641582814517371
2019-09-17,model2,sse50,2019-06-17,49,-4.239335510204081,-0.24440180589904706
2019-09-18,model2,csi500,2019-06-17,461,-5.009596225596529,-2.896341720926248
2019-09-18,model2,sse50,2019-06-17,45,-3.1755613333333335,-2.6089641652371087
2019-09-19,model2,csi500,2019-06-17,463,1.084224989200864,-2.637694258285733
2019-09-19,model2,sse50,2019-06-17,46,0.23850782608695645,-2.3921296724834855
2019-09-20,model2,csi500,2019-06-17,471,0.9634167940552018,-0.9873181474468194
2019-09-20,model2,sse50,2019-06-17,45,1.7639,-0.39105116908212506
2019-09-23,model2,csi500,2019-06-17,488,-1.8328556147540984,0.07159538950065736
2019-09-23,model2,sse50,2019-06-17,50,-2.4556116,-0.15106792463768062
2019-09-24,model2,csi500,2019-06-17,460,-2.9172077391304345,-1.2622155199431087
2019-09-24,model2,sse50,2019-06-17,44,-3.942381136363636,-1.544697578787878
2019-09-25,model2,csi500,2019-06-17,484,-7.690603099173553,-4.146888817686027
2019-09-25,model2,sse50,2019-06-17,49,-7.645461224489796,-4.681151320284477
2019-09-26,model2,csi500,2019-06-17,478,-15.103230983263598,-8.57034727385586
2019-09-26,model2,sse50,2019-06-17,49,-8.949091836734693,-6.845644732529375
2019-09-27,model2,csi500,2019-06-17,469,-4.439154029850746,-9.077662704095964
2019-09-27,model2,sse50,2019-06-17,49,-6.397764897959184,-7.664105986394557
2019-09-30,model2,csi500,2019-06-17,486,-5.254103251028807,-8.265496088047716
2019-09-30,model2,sse50,2019-06-17,50,-7.6874504,-7.678102378231292
2019-10-08,model2,csi500,2019-06-17,475,-2.4794648631578946,-4.057574048012481
2019-10-08,model2,sse50,2019-06-17,50,-2.9084296,-5.664548299319727
2019-10-09,model2,csi500,2019-06-17,481,1.7324997920997922,-2.0003561073623017
2019-10-09,model2,sse50,2019-06-17,50,-1.9306140000000003,-4.175497999999999
2019-10-10,model2,csi500,2019-06-17,475,3.9276913052631577,1.0602420780683535
2019-10-10,model2,sse50,2019-06-17,46,1.369786086956522,-1.1564191710144922
2019-10-11,model2,csi500,2019-06-17,467,5.692308286937902,3.784166461433619
2019-10-11,model2,sse50,2019-06-17,50,6.821508,2.086893362318841
2019-10-14,model2,csi500,2019-06-17,491,12.03557932790224,7.218526306701101
2019-10-14,model2,sse50,2019-06-17,49,14.037230000000001,7.409508028985509
2019-10-15,model2,csi500,2019-06-17,480,3.430882083333334,7.052923232724495
2019-10-15,model2,sse50,2019-06-17,48,6.026179583333334,8.961639194444444
2019-10-16,model2,csi500,2019-06-17,478,-1.82382140167364,4.54754666985398
2019-10-16,model2,sse50,2019-06-17,47,2.568204468085107,7.543871350472814
2019-10-17,model2,csi500,2019-06-17,465,-4.26899593548387,-0.8873117512747237
2019-10-17,model2,sse50,2019-06-17,46,-1.4126297826086953,2.393918089603249
2019-10-18,model2,csi500,2019-06-17,485,-9.056281030927835,-5.0496994560284465
2019-10-18,model2,sse50,2019-06-17,50,-8.2993548,-2.381260038174529
2019-10-21,model2,csi500,2019-06-17,474,-9.411826751054853,-7.579034572488851
2019-10-21,model2,sse50,2019-06-17,48,-7.835372083333333,-5.849118888647342
2019-10-22,model2,csi500,2019-06-17,478,0.556825690376569,-5.970427363868704
2019-10-22,model2,sse50,2019-06-17,45,0.5372551111111111,-5.199157257407407
2019-10-23,model2,csi500,2019-06-17,482,-1.4983792323651453,-3.451126764347808
2019-10-23,model2,sse50,2019-06-17,49,-1.3910585714285713,-2.896391847883597
2019-10-24,model2,csi500,2019-06-17,479,-1.5403496033402921,-0.8273010484429543
2019-10-24,model2,sse50,2019-06-17,48,-1.329533125,-0.7277788617724861
2019-10-25,model2,csi500,2019-06-17,467,1.7216058672376875,-0.4390409894892482
2019-10-25,model2,sse50,2019-06-17,48,3.590548125,0.2899854761904768
2019-10-28,model2,csi500,2019-06-17,480,4.044085770833333,1.4084473449102444
2019-10-28,model2,sse50,2019-06-17,50,2.361414,1.5408096666666673
2019-10-29,model2,csi500,2019-06-17,489,0.25901171779141113,2.008234451954146
2019-10-29,model2,sse50,2019-06-17,48,-1.1471145833333332,1.6016158472222228
2019-10-30,model2,csi500,2019-06-17,485,-2.4223679587628864,0.626909843287288
2019-10-30,model2,sse50,2019-06-17,47,-2.9272612765957446,-0.5709872866430254
2019-10-31,model2,csi500,2019-06-17,476,-4.1646488025210076,-2.1093350144974923
2019-10-31,model2,sse50,2019-06-17,49,-2.810836530612245,-2.295070796847107
2019-11-01,model2,csi500,2019-06-17,482,-0.17705076763485472,-2.2546891763062478
2019-11-01,model2,sse50,2019-06-17,48,3.101029791666667,-0.8790226718471071
2019-11-04,model2,csi500,2019-06-17,475,0.12713823157894738,-1.4048537795256364
2019-11-04,model2,sse50,2019-06-17,46,5.830305,2.0401660870181413
2019-11-05,model2,csi500,2019-06-17,458,2.7386289737991265,0.8962388125810749
2019-11-05,model2,sse50,2019-06-17,50,7.2474626,5.39293246388889
2019-11-06,model2,csi500,2019-06-17,489,-0.8284208997955009,0.6791154351941927
2019-11-06,model2,sse50,2019-06-17,47,3.0202344680851065,5.3660006893617025
2019-11-07,model2,csi500,2019-06-17,465,0.9017665591397851,0.937324877714472
2019-11-07,model2,sse50,2019-06-17,47,1.0864738297872343,3.7847236326241145
2019-11-08,model2,csi500,2019-06-17,467,-0.7162967665952891,-0.21431703575033312
2019-11-08,model2,sse50,2019-06-17,48,-2.9951697916666666,0.370512835401892
2019-11-11,model2,csi500,2019-06-17,498,-5.166224859437751,-1.6602516889644165
2019-11-11,model2,sse50,2019-06-17,50,-10.9901588,-4.29961825395981
2019-11-12,model2,csi500,2019-06-17,467,-4.591449700214133,-3.4913237754157223
2019-11-12,model2,sse50,2019-06-17,49,-9.220528163265307,-7.735285584977324
2019-11-13,model2,csi500,2019-06-17,475,-5.428364821052631,-5.062013126901503
2019-11-13,model2,sse50,2019-06-17,47,-11.215492340425532,-10.47539310123028
2019-11-14,model2,csi500,2019-06-17,459,-1.9731907189542484,-3.9976684134070024
2019-11-14,model2,sse50,2019-06-17,46,-9.95591304347826,-10.130644515723032
2019-11-15,model2,csi500,2019-06-17,484,-3.874285619834711,-3.758613719947195
2019-11-15,model2,sse50,2019-06-17,48,-8.358789166666666,-9.843398183523485
2019-11-18,model2,csi500,2019-06-17,467,-0.514482505353319,-2.1206529480474243
2019-11-18,model2,sse50,2019-06-17,50,-0.8870640000000001,-6.400588736714975
2019-11-19,model2,csi500,2019-06-17,492,4.483424349593496,0.03155207480182387
2019-11-19,model2,sse50,2019-06-17,48,3.9343241666666664,-1.7705096666666662
2019-11-20,model2,csi500,2019-06-17,486,1.6973667283950618,1.888769524211748
2019-11-20,model2,sse50,2019-06-17,50,-1.322722,0.574846055555556
2019-11-21,model2,csi500,2019-06-17,474,0.9028388818565402,2.3612099866150342
2019-11-21,model2,sse50,2019-06-17,47,-2.825021276595744,-0.07113970330969188
2019-11-22,model2,csi500,2019-06-17,468,-0.8538526923076921,0.5821176393146384
2019-11-22,model2,sse50,2019-06-17,47,-4.508744255319149,-2.8854958439716305
2019-11-25,model2,csi500,2019-06-17,486,-1.521836893004115,-0.4909502344850871
2019-11-25,model2,sse50,2019-06-17,50,-0.2600487999999999,-2.5312714439716304
2019-11-26,model2,csi500,2019-06-17,479,-5.55353139874739,-2.643073661353064
2019-11-26,model2,sse50,2019-06-17,48,2.0428625,-0.9086435184397157
2019-11-27,model2,csi500,2019-06-17,469,-2.7305484648187632,-3.268638918856755
2019-11-27,model2,sse50,2019-06-17,48,-0.9349729166666667,0.28261359444444506
2019-11-28,model2,csi500,2019-06-17,465,-2.9842912688172043,-3.756123710794451
2019-11-28,model2,sse50,2019-06-17,49,-2.9880477551020403,-0.6267193905895684
2019-11-29,model2,csi500,2019-06-17,472,-0.6343949364406779,-2.1164115566922135
2019-11-29,model2,sse50,2019-06-17,48,-6.434934999999999,-3.4526518905895682
2019-12-02,model2,csi500,2019-06-17,459,-0.12860583877995632,-1.249097348012611
2019-12-02,model2,sse50,2019-06-17,48,-7.242322083333334,-5.55510161281179
2019-12-03,model2,csi500,2019-06-17,456,1.4541950219298247,0.2303980822363986
2019-12-03,model2,sse50,2019-06-17,45,-4.9728431111111115,-6.216700064814813
2019-12-04,model2,csi500,2019-06-17,463,0.551653261339093,0.6257474814963223
2019-12-04,model2,sse50,2019-06-17,49,-6.9656710204081635,-6.393612071617536
2019-12-05,model2,csi500,2019-06-17,463,4.278906738660907,2.0949183406432765
2019-12-05,model2,sse50,2019-06-17,48,0.6506750000000001,-3.762613043839757
2019-12-06,model2,csi500,2019-06-17,442,5.475098325791856,3.43521944193062
2019-12-06,model2,sse50,2019-06-17,46,5.449998478260869,-0.2883325140490977
2019-12-09,model2,csi500,2019-06-17,457,4.367845361050328,4.707283475167699
2019-12-09,model2,sse50,2019-06-17,46,1.7272065217391306,2.609293333333334
2019-12-10,model2,csi500,2019-06-17,457,4.905859628008753,4.9162677716169805
2019-12-10,model2,sse50,2019-06-17,47,-0.00462808510638293,2.390858971631206
2019-12-11,model2,csi500,2019-06-17,467,0.5958927194860815,3.289865902848389
2019-12-11,model2,sse50,2019-06-17,46,2.766437391304348,1.4963386093123656
2019-12-12,model2,csi500,2019-06-17,471,-2.402394692144374,1.0331192184501552
2019-12-12,model2,sse50,2019-06-17,46,-0.2243517391304347,0.8458191890225106
2019-12-13,model2,csi500,2019-06-17,476,1.8933841596638654,0.02896072900185942
2019-12-13,model2,sse50,2019-06-17,50,3.418616,1.9869005507246384
2019-12-16,model2,csi500,2019-12-16,485,5.765204701030928,1.7520647228501416
2019-12-16,model2,sse50,2019-12-16,48,5.579888749999999,2.9247176702898554
2019-12-17,model2,csi500,2019-12-16,489,8.92733738241309,5.528642081035962
2019-12-17,model2,sse50,2019-12-16,50,9.2214824,6.073329050000001
2019-12-18,model2,csi500,2019-12-16,476,7.2363510084033615,7.309631030615795
2019-12-18,model2,sse50,2019-12-16,49,3.732306530612245,6.177892560204082
2019-12-19,model2,csi500,2019-12-16,476,7.835793655462186,7.999827348759548
2019-12-19,model2,sse50,2019-12-16,46,-0.06814239130434771,4.295215513102633
2019-12-20,model2,csi500,2019-12-16,484,-0.3158268388429751,4.918772608340859
2019-12-20,model2,sse50,2019-12-16,45,0.23136244444444473,1.2985088612507814
2019-12-23,model2,csi500,2019-12-16,494,-5.382649311740891,0.7124391682927751
2019-12-23,model2,sse50,2019-12-16,49,-6.2785248979591834,-2.038434948273028
2019-12-24,model2,csi500,2019-12-16,492,0.04584203252032528,-1.8842113726878449
2019-12-24,model2,sse50,2019-12-16,46,-1.1696530434782608,-2.405605165664332
2019-12-25,model2,csi500,2019-12-16,469,0.25923311300639656,-1.692524722071388
2019-12-25,model2,sse50,2019-12-16,49,-1.5777326530612243,-3.0086368648328885
2019-12-26,model2,csi500,2019-12-16,481,1.4854640124740126,0.5968463860002465
2019-12-26,model2,sse50,2019-12-16,49,2.425818367346939,-0.10718910973084779
2019-12-27,model2,csi500,2019-12-16,469,0.6190944136460556,0.7879305130421567
2019-12-27,model2,sse50,2019-12-16,47,2.842938936170213,1.2303415501519768
2019-12-30,model2,csi500,2019-12-16,487,2.8619467967145793,1.6555017409448842
2019-12-30,model2,sse50,2019-12-16,50,4.345494400000001,3.2047505678390515
2019-12-31,model2,csi500,2019-12-16,476,3.2663049789915966,2.2491153964507458
2019-12-31,model2,sse50,2019-12-16,46,5.900301086956523,4.362911474375579
2020-01-02,model2,csi500,2019-12-16,492,7.532862743902439,4.55370483986954
2020-01-02,model2,sse50,2019-12-16,50,10.0807668,6.775520762318841
2020-01-03,model2,csi500,2019-12-16,469,6.41809921108742,5.73908897799382
2020-01-03,model2,sse50,2019-12-16,48,7.1185543749999995,7.6998740873188405
2020-01-06,model2,csi500,2019-12-16,485,6.530641752577321,6.827201235855728
2020-01-06,model2,sse50,2019-12-16,50,1.5113282000000001,6.236883125000001
2020-01-07,model2,csi500,2019-12-16,490,8.315226326530611,7.087989096731786
2020-01-07,model2,sse50,2019-12-16,47,0.6108353191489363,3.080239298049646
2020-01-08,model2,csi500,2019-12-16,496,1.8070805645161292,5.550982881208022
2020-01-08,model2,sse50,2019-12-16,50,-1.5816578,0.18016857304964606
2020-01-09,model2,csi500,2019-12-16,487,2.5040173921971256,4.2087747610812904
2020-01-09,model2,sse50,2019-12-16,48,1.875411041666667,0.30152952027186836
2020-01-10,model2,csi500,2019-12-16,484,1.0492128099173554,1.7867702555435379
2020-01-10,model2,sse50,2019-12-16,46,1.8456078260869564,0.713120355917875
2020-01-13,model2,csi500,2019-12-16,475,2.3300391789473687,1.9610897936872844
2020-01-13,model2,sse50,2019-12-16,46,3.040677608695652,2.2538988254830925
2020-01-14,model2,csi500,2019-12-16,468,1.4742182692307693,1.6178234193651655
2020-01-14,model2,sse50,2019-12-16,46,1.4704304347826085,2.1189052898550726
2020-01-15,model2,csi500,2019-12-16,491,-1.0379232179226068,0.9221114100851784
2020-01-15,model2,sse50,2019-12-16,50,-1.9128742,0.8660779478260873
2020-01-16,model2,csi500,2019-12-16,474,-3.1130331012658226,-0.8922460166525522
2020-01-16,model2,sse50,2019-12-16,50,-3.9800057999999994,-1.4741498550724632
2020-01-17,model2,csi500,2019-12-16,474,-4.672265738396625,-2.941074019195017
2020-01-17,model2,sse50,2019-12-16,44,-4.147145909090909,-3.3466753030303025
2020-01-20,model2,csi500,2019-12-16,472,0.29622110169491533,-2.496359245989176
2020-01-20,model2,sse50,2019-12-16,48,-1.0096270833333334,-3.04559293080808
2020-01-21,model2,csi500,2019-12-16,498,-2.347772730923695,-2.2412724558751336
2020-01-21,model2,sse50,2019-12-16,50,-3.5189310000000003,-2.8919013308080803
2020-01-22,model2,csi500,2019-12-16,472,-1.542724343220339,-1.1980919908163716
2020-01-22,model2,sse50,2019-12-16,49,0.6759595918367347,-1.2841994971655322
2020-01-23,model2,csi500,2019-12-16,497,-5.3234080281690135,-3.0713017007710146
2020-01-23,model2,sse50,2019-12-16,50,-4.720779599999999,-2.521250336054421
2020-02-03,model2,csi500,2019-12-16,500,-11.81614482,-6.227425730463117
2020-02-03,model2,sse50,2019-12-16,50,-11.4227504,-5.155856802721087
2020-02-04,model2,csi500,2019-12-16,496,-11.321278245967742,-9.486943698045584
2020-02-04,model2,sse50,2019-12-16,48,-1.9730833333333333,-6.03887111111111
2020-02-05,model2,csi500,2019-12-16,491,2.339994480651731,-6.932476195105335
2020-02-05,model2,sse50,2019-12-16,46,2.3171804347826086,-3.6928844328502417
2020-02-06,model2,csi500,2019-12-16,486,6.262236563786008,-0.906349067176666
2020-02-06,model2,sse50,2019-12-16,49,4.519287755102042,1.6211282855171063
2020-02-07,model2,csi500,2019-12-16,487,6.465647802874743,5.022626282437495
2020-02-07,model2,sse50,2019-12-16,48,6.131197916666667,4.32255536885044
2020-02-10,model2,csi500,2019-12-16,491,9.480406334012219,7.402763566890992
2020-02-10,model2,sse50,2019-12-16,49,5.774180408163265,5.474888693310658
2020-02-11,model2,csi500,2019-12-16,489,4.947834294478528,6.964629477121832
2020-02-11,model2,sse50,2019-12-16,50,8.1770622,6.694146841609978
2020-02-12,model2,csi500,2019-12-16,471,5.934374543524417,6.787538390671723
2020-02-12,model2,sse50,2019-12-16,45,12.142923111111113,8.698055239758126
2020-02-13,model2,csi500,2019-12-16,490,-0.15709330612244893,3.575038510626834
2020-02-13,model2,sse50,2019-12-16,49,5.317547346938776,8.545844219349965
2020-02-14,model2,csi500,2019-12-16,467,-0.8793285224839399,1.6326509049726778
2020-02-14,model2,sse50,2019-12-16,48,7.484500625,8.31499036101663
2020-02-17,model2,csi500,2019-12-16,498,4.593687048192772,1.1857550731954627
2020-02-17,model2,sse50,2019-12-16,50,10.1085402,7.6368627239795925
2020-02-18,model2,csi500,2019-12-16,475,4.510181242105264,2.7415132559380333
2020-02-18,model2,sse50,2019-12-16,49,0.37522836734693893,5.989423064115648
2020-02-19,model2,csi500,2019-12-16,478,1.355562447698745,3.4864769126655957
2020-02-19,model2,sse50,2019-12-16,50,-1.2640956,3.0732243224489806
2020-02-20,model2,csi500,2019-12-16,494,5.37755101214575,3.7477649006499214
2020-02-20,model2,sse50,2019-12-16,50,2.8237286,0.6449537891156468
2020-02-21,model2,csi500,2019-12-16,471,6.229844246284501,4.320985902043
2020-02-21,model2,sse50,2019-12-16,49,0.3867183673469389,0.6487837891156468
2020-02-24,model2,csi500,2019-12-16,488,4.255460512295082,5.28761859024178
2020-02-24,model2,sse50,2019-12-16,50,-2.179842,0.3435349891156469
2020-02-25,model2,csi500,2019-12-16,497,1.5924249094567406,4.025909889345443
2020-02-25,model2,sse50,2019-12-16,50,-4.1788756,-1.990666410884353
2020-02-26,model2,csi500,2019-12-16,489,-2.141135828220859,1.2355831978436564
2020-02-26,model2,sse50,2019-12-16,49,-8.311688163265305,-4.890135254421768
2020-02-27,model2,csi500,2019-12-16,485,-2.2589335051546393,-0.9358814746395839
2020-02-27,model2,sse50,2019-12-16,48,-6.662572916666666,-6.3843788933106564
2020-02-28,model2,csi500,2019-12-16,500,-6.84509242,-3.7483872511251644
2020-02-28,model2,sse50,2019-12-16,50,-9.8415336,-8.271931559977324
2020-03-02,model2,csi500,2019-12-16,498,0.8118977108433735,-2.7640427381037536
2020-03-02,model2,sse50,2019-12-16,50,0.8023980000000001,-5.233902838888889
2020-03-03,model2,csi500,2019-12-16,477,2.7492088259958067,-1.0946619610536048
2020-03-03,model2,sse50,2019-12-16,48,2.908577083333333,-2.0435195055555564
2020-03-04,model2,csi500,2019-12-16,492,2.841632967479675,2.13424650143962
2020-03-04,model2,sse50,2019-12-16,47,4.310617021276596,2.6738640348699767
2020-03-05,model2,csi500,2019-12-16,480,9.278881895833333,4.95657456310294
2020-03-05,model2,sse50,2019-12-16,50,11.108854,6.109349368203309
2020-03-06,model2,csi500,2019-12-16,484,3.166670227272727,5.09572836352858
2020-03-06,model2,sse50,2019-12-16,49,1.0194930612244897,5.479654694167029
2020-03-09,model2,csi500,2019-12-16,498,-3.5316161244979916,2.971311999536025
2020-03-09,model2,sse50,2019-12-16,50,-4.331264,2.59902768707483
2020-03-10,model2,csi500,2019-12-16,494,1.0898613765182186,0.24163849309765317
2020-03-10,model2,sse50,2019-12-16,49,0.5895040816326531,-0.9074222857142855
2020-03-11,model2,csi500,2019-12-16,492,-0.1782608739837398,-0.8733385406545024
2020-03-11,model2,sse50,2019-12-16,49,-0.34334979591836734,-1.361703238095238
2020-03-12,model2,csi500,2019-12-16,496,-3.8370302419354836,-0.9751432464669999
2020-03-12,model2,sse50,2019-12-16,48,-3.8092008333333336,-1.1876821825396824
2020-03-13,model2,csi500,2019-12-16,492,-7.619637784552846,-3.8783096334906886
2020-03-13,model2,sse50,2019-12-16,50,-8.4907404,-4.2144303430839
2020-03-16,model2,csi500,2019-12-16,498,-16.04684809236948,-9.167838706285934
2020-03-16,model2,sse50,2019-12-16,50,-18.7804956,-10.36014561111111
2020-03-17,model2,csi500,2019-12-16,473,-16.30966575052854,-13.325383875816954
2020-03-17,model2,sse50,2019-12-16,47,-20.60990936170213,-15.960381787234041
2020-03-18,model2,csi500,2019-12-16,492,-17.735951910569106,-16.69748858448904
2020-03-18,model2,sse50,2019-12-16,50,-21.9001784,-20.43019445390071
2020-03-19,model2,csi500,2019-12-16,478,-10.703079142259414,-14.916232267785686
2020-03-19,model2,sse50,2019-12-16,49,-21.702704897959183,-21.404264219887107
2020-03-20,model2,csi500,2019-12-16,481,1.2219750519750519,-9.072352000284488
2020-03-20,model2,sse50,2019-12-16,50,1.225998,-14.12562843265306
2020-03-23,model2,csi500,2019-12-16,497,-2.1157574647887323,-3.8656205183576966
2020-03-23,model2,sse50,2019-12-16,50,-0.787152,-7.087952965986393
2020-03-24,model2,csi500,2019-12-16,492,0.472496605691057,-0.14042860237420662
2020-03-24,model2,sse50,2019-12-16,50,1.04864,0.49582866666666786
2020-03-25,model2,csi500,2019-12-16,491,4.933903197556008,1.096880779486112
2020-03-25,model2,sse50,2019-12-16,50,5.4488319999999995,1.903440000000001
2020-03-26,model2,csi500,2019-12-16,488,1.5460968852459018,2.3174988961643233
2020-03-26,model2,sse50,2019-12-16,46,2.2342876086956527,2.9105865362318855
2020-03-27,model2,csi500,2019-12-16,473,0.3567950317124736,2.278931704838129
2020-03-27,model2,sse50,2019-12-16,45,3.792771777777778,3.8252971288244777
2020-03-30,model2,csi500,2019-12-16,491,-3.1195797352342156,-0.40556260609194555
2020-03-30,model2,sse50,2019-12-16,48,0.9052325000000003,2.3107639621578113
2020-03-31,model2,csi500,2019-12-16,474,-5.605627974683545,-2.7894708927350944
2020-03-31,model2,sse50,2019-12-16,48,-2.93675,0.5870847592592607
2020-04-01,model2,csi500,2019-12-16,475,-5.627984589473685,-4.78439743313048
2020-04-01,model2,sse50,2019-12-16,48,-1.9556245833333332,-1.3290473611111098
2020-04-02,model2,csi500,2019-12-16,493,1.6640346247464504,-3.189859313136925
2020-04-02,model2,sse50,2019-12-16,50,3.477965,-0.4714698611111097
2020-04-03,model2,csi500,2019-12-16,490,0.054158530612244904,-1.303263811371662
2020-04-03,model2,sse50,2019-12-16,49,0.35035918367346947,0.62423320011338
2020-04-07,model2,csi500,2019-12-16,497,3.636645955734407,1.7849463703643684
2020-04-07,model2,sse50,2019-12-16,50,4.2548226,2.6943822612244914
2020-04-08,model2,csi500,2019-12-16,472,3.8724903177966103,2.5210982680477554
2020-04-08,model2,sse50,2019-12-16,48,2.521711666666667,2.3756311501133798
2020-04-09,model2,csi500,2019-12-16,452,4.577860176991151,4.028998816840724
2020-04-09,model2,sse50,2019-12-16,46,1.588286086956522,2.788273451207731
2020-04-10,model2,csi500,2019-12-16,486,-0.3273052880658435,2.7076817355739737
2020-04-10,model2,sse50,2019-12-16,50,-1.7986784,0.7704397845410642
2020-04-13,model2,csi500,2019-12-16,483,-3.277910082815735,0.3242149353698586
2020-04-13,model2,sse50,2019-12-16,50,-4.7170936,-1.6424953043478248
2020-04-14,model2,csi500,2019-12-16,491,2.536867637474542,-0.3561159111356777
2020-04-14,model2,sse50,2019-12-16,48,1.9184208333333332,-1.5324503888888878
2020-04-15,model2,csi500,2019-12-16,487,0.898555544147844,0.05250436626888485
2020-04-15,model2,sse50,2019-12-16,49,0.6351877551020408,-0.7211616705215409
2020-04-16,model2,csi500,2019-12-16,469,0.6990809168443498,1.3781680328222465
2020-04-16,model2,sse50,2019-12-16,49,-0.07277367346938751,0.8269449716553301
2020-04-17,model2,csi500,2019-12-16,462,1.2816701082251083,0.9597688564057686
2020-04-17,model2,sse50,2019-12-16,48,2.0712885416666666,0.8779008744331079
2020-04-20,model2,csi500,2019-12-16,464,2.523536875,1.501429300023154
2020-04-20,model2,sse50,2019-12-16,49,2.0456210204081633,1.3480452962018152
2020-04-21,model2,csi500,2019-12-16,483,-0.9162435817805382,0.9629878004815247
2020-04-21,model2,sse50,2019-12-16,50,-2.2530348,0.6212915873582779
2020-04-22,model2,csi500,2019-12-16,467,0.6362558458244113,0.7478497130146256
2020-04-22,model2,sse50,2019-12-16,45,0.4720353333333335,0.08820718458050025
2020-04-23,model2,csi500,2019-12-16,478,-0.37253918410041836,-0.21750897335218053
2020-04-23,model2,sse50,2019-12-16,49,-0.9848277551020408,-0.9219424072562346
2020-04-24,model2,csi500,2019-12-16,491,-4.272322464358452,-1.336201934211485
2020-04-24,model2,sse50,2019-12-16,47,-5.384989787234042,-1.9659274030009153
2020-04-27,model2,csi500,2019-12-16,482,-5.080269377593361,-3.2417103420174094
2020-04-27,model2,sse50,2019-12-16,47,-3.280182553191489,-3.2166666985091896
2020-04-28,model2,csi500,2019-12-16,489,-8.385789897750511,-5.912793913234107
2020-04-28,model2,sse50,2019-12-16,49,-0.09871918367346944,-2.921297174699666
2020-04-29,model2,csi500,2019-12-16,476,-6.214190840336134,-6.5600833718933345
2020-04-29,model2,sse50,2019-12-16,49,3.524925714285714,0.04867465914025315
2020-04-30,model2,csi500,2019-12-16,493,2.725519269776876,-3.9581538227699222
2020-04-30,model2,sse50,2019-12-16,48,8.608862916666666,4.011689815759638
2020-05-06,model2,csi500,2019-12-16,475,5.380390063157895,0.630572830866214
2020-05-06,model2,sse50,2019-12-16,48,4.158164166666666,5.430650932539684
2020-05-07,model2,csi500,2019-12-16,481,1.8425371517671518,3.3161488282339757
2020-05-07,model2,sse50,2019-12-16,49,-0.7289242857142856,4.012700932539683
2020-05-08,model2,csi500,2019-12-16,469,5.0690818336887,4.097336349537918
2020-05-08,model2,sse50,2019-12-16,48,3.91804,2.4490932936507948
2020-05-11,model2,csi500,2019-12-16,474,3.19166447257384,3.367761152676566
2020-05-11,model2,sse50,2019-12-16,47,3.3601897872340425,2.18310183383992
2020-05-12,model2,csi500,2019-12-16,480,-0.07724391666666648,2.727834129865293
2020-05-12,model2,sse50,2019-12-16,49,1.3386916326530613,2.8723071399623685
2020-05-13,model2,csi500,2019-12-16,464,0.18043200431034498,1.0982841867391746
2020-05-13,model2,sse50,2019-12-16,40,-1.2537432499999999,1.148379389962369
2020-05-14,model2,csi500,2019-12-16,489,-3.353906646216769,-1.0835728528576951
2020-05-14,model2,sse50,2019-12-16,49,-5.908779591836734,-1.9412770697278898
2020-05-15,model2,csi500,2019-12-16,458,-2.2890548253275105,-1.8208431557446432
2020-05-15,model2,sse50,2019-12-16,44,-10.533567272727273,-5.898696704854667
2020-05-18,model2,csi500,2019-12-16,484,-1.3371964669421488,-2.3267193128288075
2020-05-18,model2,sse50,2019-12-16,48,-6.908356666666666,-7.783567843743557
2020-05-19,model2,csi500,2019-12-16,463,0.9672728293736501,-0.8863261542986679
2020-05-19,model2,sse50,2019-12-16,49,2.555361224489796,-4.962187571634714
2020-05-20,model2,csi500,2019-12-16,484,-1.541784979338843,-0.6372362056357788
2020-05-20,model2,sse50,2019-12-16,47,0.6235893617021276,-1.2431353601582458
2020-05-21,model2,csi500,2019-12-16,482,-3.5074345020746884,-1.360648884013292
2020-05-21,model2,sse50,2019-12-16,49,-1.8394228571428572,0.44650924301635725
2020-05-22,model2,csi500,2019-12-16,487,-7.0858491786447635,-4.045022886686096
2020-05-22,model2,sse50,2019-12-16,50,-7.1822888,-2.7993740984802415
2020-05-25,model2,csi500,2019-12-16,471,-7.293222547770701,-5.962168742830049
2020-05-25,model2,sse50,2019-12-16,48,-7.998011666666667,-5.673241107936506
2020-05-26,model2,csi500,2019-12-16,477,1.9685579035639413,-4.136837940950506
2020-05-26,model2,sse50,2019-12-16,44,0.6777659090909091,-4.834178185858584
2020-05-27,model2,csi500,2019-12-16,477,1.118709601677149,-1.401985014176535
2020-05-27,model2,sse50,2019-12-16,48,-0.17930208333333322,-2.4998492803030286
2020-05-28,model2,csi500,2019-12-16,470,-0.002662468085106279,1.0282016790519963
2020-05-28,model2,sse50,2019-12-16,47,1.6855906382978725,0.7280181546851511
2020-05-29,model2,csi500,2019-12-16,473,1.2877890486257928,0.801278727405947
2020-05-29,model2,sse50,2019-12-16,49,-1.7875546938775508,-0.09375537963766882
2020-06-01,model2,csi500,2019-12-16,495,4.768171252525253,2.017765944355315
2020-06-01,model2,sse50,2019-12-16,50,2.5356360000000002,0.8112239814734424
2020-06-02,model2,csi500,2019-12-16,479,5.1759934446764095,3.743984581942487
2020-06-02,model2,sse50,2019-12-16,49,4.558233265306122,1.7687715238095256
2020-06-03,model2,csi500,2019-12-16,483,2.2748709109730854,4.073011869391585
2020-06-03,model2,sse50,2019-12-16,48,3.5025568750000002,3.5321420467687097
2020-06-04,model2,csi500,2019-12-16,471,1.0568850106157115,2.8359164554217373
2020-06-04,model2,sse50,2019-12-16,49,0.11863346938775542,2.7264745365646275
2020-06-05,model2,csi500,2019-12-16,464,0.17651275862068988,1.169422893403164
2020-06-05,model2,sse50,2019-12-16,42,0.7361685714285715,1.4524529719387775
2020-06-08,model2,csi500,2019-12-16,476,-0.5720669747899159,0.22044359814883027
2020-06-08,model2,sse50,2019-12-16,49,0.46507938775510216,0.4399604761904781
2020-06-09,model2,csi500,2019-12-16,466,0.8045493562231761,0.13633171335131847
2020-06-09,model2,sse50,2019-12-16,44,2.7089772727272727,1.3034084106369839
2020-06-10,model2,csi500,2019-12-16,485,-0.36476964948453594,-0.04409575601709013
2020-06-10,model2,sse50,2019-12-16,50,-0.05950999999999998,1.0381822201607933
2020-06-11,model2,csi500,2019-12-16,479,-3.501814572025052,-1.0206782884288021
2020-06-11,model2,sse50,2019-12-16,49,-3.514536326530612,-0.288356351267778
2020-06-12,model2,csi500,2019-12-16,476,-3.6708036344537813,-2.5124626186544545
2020-06-12,model2,sse50,2019-12-16,45,-6.50858,-3.360875442176869
2020-06-15,model2,csi500,2020-06-15,483,-4.3475033747412,-3.840040527073343
2020-06-15,model2,sse50,2020-06-15,49,-13.04610775510204,-7.6897413605442155
2020-06-16,model2,csi500,2020-06-15,492,3.021679065040651,-1.665542648051442
2020-06-16,model2,sse50,2020-06-15,50,1.7390200000000002,-5.938555918367345
2020-06-17,model2,csi500,2020-06-15,466,3.989338090128755,0.8878379268094037
2020-06-17,model2,sse50,2020-06-15,48,2.1965041666666667,-3.036861196145123
2020-06-18,model2,csi500,2020-06-15,482,2.3494405394190876,3.120152564862833
2020-06-18,model2,sse50,2020-06-15,46,2.0954565217391306,2.010326896135268
2020-06-19,model2,csi500,2020-06-15,470,4.058785021276596,3.465854550274815
2020-06-19,model2,sse50,2020-06-15,46,6.020132608695652,3.437364432367152
2020-06-22,model2,csi500,2020-06-15,484,1.8080834917355373,2.738769684143742
2020-06-22,model2,sse50,2020-06-15,47,3.0643868085106387,3.7266586463151423
2020-06-23,model2,csi500,2020-06-15,477,-0.025551593291404422,1.9471056399069113
2020-06-23,model2,sse50,2020-06-15,49,0.41566632653061236,3.166728581245636
2020-06-24,model2,csi500,2020-06-15,477,-2.5174962054507337,-0.2449881023355318
2020-06-24,model2,sse50,2020-06-15,48,4.825214791666667,2.7684226422359743
2020-06-29,model2,csi500,2020-06-15,490,-4.643365428571429,-2.3954710757711872
2020-06-29,model2,sse50,2020-06-15,47,1.8527853191489365,2.364555479115407
2020-06-30,model2,csi500,2020-06-15,472,2.7881649576271186,-1.4575655587983463
2020-06-30,model2,sse50,2020-06-15,48,2.98136375,3.2197879536052034
2020-07-01,model2,csi500,2020-06-15,478,3.5860597489539745,0.5769530926698897
2020-07-01,model2,sse50,2020-06-15,50,6.6502598,3.828136289716314
2020-07-02,model2,csi500,2020-06-15,492,5.446503780487805,3.9402428290229676
2020-07-02,model2,sse50,2020-06-15,50,8.019981,5.883868183333334
2020-07-03,model2,csi500,2020-06-15,491,10.845449755600814,6.626004428347533
2020-07-03,model2,sse50,2020-06-15,50,15.0020212,9.890754000000001
2020-07-06,model2,csi500,2020-06-15,498,21.253400562248995,12.515118032779206
2020-07-06,model2,sse50,2020-06-15,50,30.229515000000003,17.750505733333338
2020-07-07,model2,csi500,2020-06-15,484,10.8552676446281,14.318039320825973
2020-07-07,model2,sse50,2020-06-15,49,6.856887346938776,17.362807848979593
2020-07-08,model2,csi500,2020-06-15,494,13.761703846153846,15.290124017676982
2020-07-08,model2,sse50,2020-06-15,47,4.772242340425532,13.952881562454772
2020-07-09,model2,csi500,2020-06-15,495,15.899386828282829,13.505452773021593
2020-07-09,model2,sse50,2020-06-15,50,6.6913306,6.1068200957881045
2020-07-10,model2,csi500,2020-06-15,490,5.8333387142857145,11.831476462907466
2020-07-10,model2,sse50,2020-06-15,48,-3.1820675,2.760501813475178
2020-07-13,model2,csi500,2020-06-15,494,7.713270080971661,9.815331874513404
2020-07-13,model2,sse50,2020-06-15,50,-2.1070064,0.4674189000000011
2020-07-14,model2,csi500,2020-06-15,493,2.6833230831643005,5.409977292807228
2020-07-14,model2,sse50,2020-06-15,50,-4.004536,-3.0978699666666656
2020-07-15,model2,csi500,2020-06-15,493,-1.7864461663286002,2.8700489992691227
2020-07-15,model2,sse50,2020-06-15,50,-8.54092,-4.884154133333332
2020-07-16,model2,csi500,2020-06-15,493,-6.869556430020284,-1.9908931710615254
2020-07-16,model2,sse50,2020-06-15,50,-13.7586744,-8.768043466666667
2020-07-17,model2,csi500,2020-06-15,483,-9.35349706004141,-6.003166552130096
2020-07-17,model2,sse50,2020-06-15,47,-14.56051574468085,-12.286703381560281
2020-07-20,model2,csi500,2020-06-15,498,1.5098699196787149,-4.904394523460989
2020-07-20,model2,sse50,2020-06-15,50,2.044464,-8.758242048226949
2020-07-21,model2,csi500,2020-06-15,490,1.900460836734694,-1.9810554345426645
2020-07-21,model2,sse50,2020-06-15,49,1.6265612244897962,-3.6298301733970173
2020-07-22,model2,csi500,2020-06-15,473,2.0233822621564483,1.8112376728566215
2020-07-22,model2,sse50,2020-06-15,48,0.9323089583333335,1.534444727607711
2020-07-23,model2,csi500,2020-06-15,493,0.7177062880324546,1.5471831289745348
2020-07-23,model2,sse50,2020-06-15,47,-1.7830802127659573,0.25859665668572535
2020-07-24,model2,csi500,2020-06-15,497,-6.4624874446680085,-1.2404662981596994
2020-07-24,model2,sse50,2020-06-15,50,-9.0210554,-3.2906088848108737
2020-07-27,model2,csi500,2020-06-15,472,-7.668028580508475,-4.470936579048007
2020-07-27,model2,sse50,2020-06-15,47,-14.004961063829787,-8.269698892198582
2020-07-28,model2,csi500,2020-06-15,475,-0.4059359157894737,-4.845483980321983
2020-07-28,model2,sse50,2020-06-15,46,-1.853341304347826,-8.293119256059205
2020-07-29,model2,csi500,2020-06-15,494,4.146787712550608,-1.309058927915778
2020-07-29,model2,sse50,2020-06-15,49,3.5425469387755104,-4.105251809800699
2020-07-30,model2,csi500,2020-06-15,488,2.901037356557377,2.2139630511061728
2020-07-30,model2,sse50,2020-06-15,49,2.2457326530612245,1.3116460958296374
2020-07-31,model2,csi500,2020-06-15,468,4.344491495726496,3.7974388549448292
2020-07-31,model2,sse50,2020-06-15,46,3.530427391304348,3.106235661047029
2020-08-03,model2,csi500,2020-06-15,496,8.91107241935484,5.385533757212907
2020-08-03,model2,sse50,2020-06-15,50,6.4173616,4.0645072147885255
2020-08-04,model2,csi500,2020-06-15,483,3.797438467908903,5.684334127663415
2020-08-04,model2,sse50,2020-06-15,49,3.920083673469388,4.622624221591246
2020-08-05,model2,csi500,2020-06-15,484,2.38917152892562,5.032560805396456
2020-08-05,model2,sse50,2020-06-15,50,-0.05506600000000004,3.4274597578231307
2020-08-06,model2,csi500,2020-06-15,484,0.25802157024793404,2.1482105223608206
2020-08-06,model2,sse50,2020-06-15,49,-0.40861469387755095,1.1521343265306134
2020-08-07,model2,csi500,2020-06-15,494,-3.4232351012145745,-0.25868066734700507
2020-08-07,model2,sse50,2020-06-15,50,-2.93824,-1.133973564625849
2020-08-10,model2,csi500,2020-06-15,490,0.4748648571428573,-0.8967828912745927
2020-08-10,model2,sse50,2020-06-15,49,-0.40733673469387754,-1.2513971428571418
2020-08-11,model2,csi500,2020-06-15,497,-3.4536972032193156,-2.1340224824303426
2020-08-11,model2,sse50,2020-06-15,47,-1.8455353191489363,-1.73037068461427
2020-08-12,model2,csi500,2020-06-15,487,-5.987221396303902,-2.9886845807934517
2020-08-12,model2,sse50,2020-06-15,48,-3.1102516666666666,-1.7877079068364923
2020-08-13,model2,csi500,2020-06-15,479,-3.528290835073069,-4.323069811532093
2020-08-13,model2,sse50,2020-06-15,48,-3.942229791666666,-2.9660055924940885
2020-08-14,model2,csi500,2020-06-15,477,1.8808950104821802,-2.5448724069649287
2020-08-14,model2,sse50,2020-06-15,50,2.7458906,-1.4355302861111099
2020-08-17,model2,csi500,2020-08-17,493,5.957477079107505,1.4366937515055405
2020-08-17,model2,sse50,2020-06-15,50,5.727042,1.510234269444446
2020-08-18,model2,csi500,2020-08-17,478,6.394007447698745,4.744126512429478
2020-08-18,model2,sse50,2020-06-15,50,2.1471246,3.5400190666666678
2020-08-19,model2,csi500,2020-08-17,489,0.9657000613496933,4.439061529385317
2020-08-19,model2,sse50,2020-06-15,49,-2.7878020408163264,1.6954548530612261
2020-08-20,model2,csi500,2020-08-17,481,-3.81751738045738,1.180730042863688
2020-08-20,model2,sse50,2020-06-15,50,-5.917306,-2.1859944802721074
2020-08-21,model2,csi500,2020-08-17,465,-1.7006561505376343,-1.5174911565484386
2020-08-21,model2,sse50,2020-06-15,42,-2.7259919047619046,-3.8103666485260757
2020-08-24,model2,csi500,2020-08-17,475,-0.1585826526315789,-1.8922520612088627
2020-08-24,model2,sse50,2020-06-15,49,-2.9992163265306124,-3.880838077097504
2020-08-25,model2,csi500,2020-08-17,490,-1.945153469387755,-1.2681307575189875
2020-08-25,model2,sse50,2020-06-15,47,-1.3109902127659574,-2.3453994813528234
2020-08-26,model2,csi500,2020-08-17,496,-5.760989294354839,-2.621575138791389
2020-08-26,model2,sse50,2020-06-15,48,-4.046567083333334,-2.7855912075432996
2020-08-27,model2,csi500,2020-08-17,475,-1.0913509684210525,-2.9324979107212137
2020-08-27,model2,sse50,2020-06-15,44,-0.545353409090909,-1.9676369017300654
2020-08-28,model2,csi500,2020-08-17,489,2.970303987730061,-1.2940120916819415
2020-08-28,model2,sse50,2020-06-15,49,3.78737612244898,-0.26818145665841975
2020-08-31,model2,csi500,2020-08-17,490,1.1901884285714288,1.023047149293481
2020-08-31,model2,sse50,2020-06-15,49,1.6468842857142858,1.6296356663574534
2020-09-01,model2,csi500,2020-08-17,472,2.7493533474576273,2.303281921253041
2020-09-01,model2,sse50,2020-06-15,45,1.3979666666666668,2.277409024943312
2020-09-02,model2,csi500,2020-08-17,480,2.0743142916666666,2.0046186892319096
2020-09-02,model2,sse50,2020-06-15,49,-1.445631632653061,0.5330731065759651
2020-09-03,model2,csi500,2020-08-17,475,-1.567952589473684,1.0852383498835383
2020-09-03,model2,sse50,2020-06-15,48,-6.63093625,-2.226200405328797
2020-09-04,model2,csi500,2020-08-17,482,-4.282518257261411,-1.2587188516894743
2020-09-04,model2,sse50,2020-06-15,48,-11.84084625,-6.6391380442176855
2020-09-07,model2,csi500,2020-08-17,487,-8.966373963039013,-4.938948269924701
2020-09-07,model2,sse50,2020-06-15,49,-15.886822653061223,-11.45286838435374
2020-09-08,model2,csi500,2020-08-17,499,-2.9360266533066133,-5.394972957869011
2020-09-08,model2,sse50,2020-06-15,48,-2.7245029166666668,-10.150723939909296
2020-09-09,model2,csi500,2020-08-17,492,-6.691369349593495,-6.1979233219797045
2020-09-09,model2,sse50,2020-06-15,49,-5.7744228571428575,-8.128582808956915
2020-09-10,model2,csi500,2020-08-17,497,-8.060568189134809,-5.895988064011637
2020-09-10,model2,sse50,2020-06-15,50,-6.100398,-4.866441257936507
2020-09-11,model2,csi500,2020-08-17,479,-1.2660409603340292,-5.339326166354109
2020-09-11,model2,sse50,2020-06-15,45,-2.762649333333333,-4.879156730158729
2020-09-14,model2,csi500,2020-08-17,477,-0.18950872117400416,-3.1720392902142787
2020-09-14,model2,sse50,2020-06-15,45,-0.45073866666666657,-3.1045953333333323
2020-09-15,model2,csi500,2020-08-17,476,0.9716462815126051,-0.16130113333180707
2020-09-15,model2,sse50,2020-06-15,42,1.7017571428571427,-0.5038769523809511
2020-09-16,model2,csi500,2020-08-17,474,0.545415864978903,0.4425178084391703
2020-09-16,model2,sse50,2020-06-15,44,0.5846718181818182,0.6118967647907659
2020-09-17,model2,csi500,2020-08-17,472,1.068904088983051,0.8619887451581887
2020-09-17,model2,sse50,2020-06-15,47,-1.5551217021276598,0.24376908630376817
2020-09-18,model2,csi500,2020-08-17,492,5.207568638211383,2.2739628640577814
2020-09-18,model2,sse50,2020-06-15,50,2.0082400000000002,0.3459300386847208
2020-09-21,model2,csi500,2020-08-17,474,2.3700776160337553,2.8821834477427317
2020-09-21,model2,sse50,2020-06-15,49,0.8546148979591838,0.4359110652771759
2020-09-22,model2,csi500,2020-08-17,492,-2.366750731707317,1.736965174179276
2020-09-22,model2,sse50,2020-06-15,50,-3.4052656000000003,-0.18080356734693762
2020-09-23,model2,csi500,2020-08-17,465,-2.328357462365591,-0.7750101926797153
2020-09-23,model2,sse50,2020-06-15,48,-5.1764737499999995,-2.575708150680271
2020-09-24,model2,csi500,2020-08-17,495,-7.702877515151514,-4.132661903074805
2020-09-24,model2,sse50,2020-06-15,50,-14.3464524,-7.642730583333332
2020-09-25,model2,csi500,2020-08-17,477,-8.167450062893082,-6.066228346803393
2020-09-25,model2,sse50,2020-06-15,43,-13.30475581395349,-10.942560654651162
2020-09-28,model2,csi500,2020-08-17,475,-8.330988715789474,-8.067105431278021
2020-09-28,model2,sse50,2020-06-15,49,-5.019181632653061,-10.890129948868848
2020-09-29,model2,csi500,2020-08-17,471,-1.0988066666666665,-5.865748481783072
2020-09-29,model2,sse50,2020-06-15,47,-3.7267659574468084,-7.350234468017785
2020-09-30,model2,csi500,2020-08-17,486,-2.1299416255144035,-3.853245669323512
2020-09-30,model2,sse50,2020-06-15,45,-4.4549724444444445,-4.400306678181437
2020-10-09,model2,csi500,2020-08-17,497,2.371770804828974,-0.28565916245069634
2020-10-09,model2,sse50,2020-06-15,48,2.834847708333333,-1.7822968978526383
2020-10-12,model2,csi500,2020-08-17,498,7.740459618473896,2.6607629325961577
2020-10-12,model2,sse50,2020-06-15,50,7.1449492,1.8416081546296308
2020-10-13,model2,csi500,2020-08-17,486,5.465220699588477,5.192483707630451
2020-10-13,model2,sse50,2020-06-15,50,4.0151486,4.664981836111113
2020-10-14,model2,csi500,2020-08-17,484,1.304469070247934,4.836716462770105
2020-10-14,model2,sse50,2020-06-15,45,1.1950495555555556,4.118382451851853
2020-10-15,model2,csi500,2020-08-17,479,-3.189276868475991,1.1934709671201424
2020-10-15,model2,sse50,2020-06-15,45,3.557489555555556,2.922562570370372
2020-10-16,model2,csi500,2020-08-17,473,-5.541734630021142,-2.4755141427497307
2020-10-16,model2,sse50,2020-06-15,46,3.9323867391304357,2.8949752834138507
2020-10-19,model2,csi500,2020-08-17,474,-9.631938839662448,-6.120983446053192
2020-10-19,model2,sse50,2020-06-15,48,-2.66044,1.6098120982286652
2020-10-20,model2,csi500,2020-08-17,462,-1.2997733766233766,-5.491148948768987
2020-10-20,model2,sse50,2020-06-15,48,-2.972393333333333,-0.5668155314009646
2020-10-21,model2,csi500,2020-08-17,484,-2.829895123966942,-4.587202446750919
2020-10-21,model2,sse50,2020-06-15,49,-1.8435234693877551,-2.4921189342403616
2020-10-22,model2,csi500,2020-08-17,471,-3.5108675796178344,-2.546845360069382
2020-10-22,model2,sse50,2020-06-15,48,-1.2315814583333333,-2.015832753684806
2020-10-23,model2,csi500,2020-08-17,474,-5.467734999999999,-3.9361659011949226
2020-10-23,model2,sse50,2020-06-15,49,-3.3668879591836736,-2.147330962301586
2020-10-26,model2,csi500,2020-08-17,478,-6.259537196652719,-5.079379925423515
2020-10-26,model2,sse50,2020-06-15,46,-3.018698260869565,-2.5390558927955227
2020-10-27,model2,csi500,2020-08-17,481,-5.213074095634096,-5.646782097428936
2020-10-27,model2,sse50,2020-06-15,50,-2.9275304,-3.1043722066844115
2020-10-28,model2,csi500,2020-08-17,470,-2.222744638297872,-4.565118643528226
2020-10-28,model2,sse50,2020-06-15,48,-1.6430137499999997,-2.5297474702898537
2020-10-29,model2,csi500,2020-08-17,487,-2.6046401642710473,-3.346819632734336
2020-10-29,model2,sse50,2020-06-15,49,-2.8758812244897953,-2.482141791496597
2020-10-30,model2,csi500,2020-08-17,495,-6.806812767676767,-3.8780658567485595
2020-10-30,model2,sse50,2020-06-15,47,-6.87927,-3.7993883248299305
2020-11-02,model2,csi500,2020-08-17,488,-5.455468524590163,-4.955640485512657
2020-11-02,model2,sse50,2020-06-15,49,-8.881686122448981,-6.212279115646258
2020-11-03,model2,csi500,2020-08-17,491,2.229216089613035,-3.3443550675512963
2020-11-03,model2,sse50,2020-06-15,50,2.768552,-4.330801374149659
2020-11-04,model2,csi500,2020-08-17,482,0.7176902697095436,-0.8361873884225258
2020-11-04,model2,sse50,2020-06-15,46,3.2726426086956524,-0.9468305045844416
2020-11-05,model2,csi500,2020-08-17,492,3.599287825203252,2.182064728175279
2020-11-05,model2,sse50,2020-06-15,47,7.764995531914893,4.602063380203517
2020-11-06,model2,csi500,2020-08-17,470,2.413149595744681,2.243375896885828
2020-11-06,model2,sse50,2020-06-15,48,9.125952708333333,6.721196949647961
2020-11-09,model2,csi500,2020-08-17,487,3.7566752361396305,3.256370885695857
2020-11-09,model2,sse50,2020-06-15,49,13.215846326530611,10.035598188926281
2020-11-10,model2,csi500,2020-08-17,489,1.1188389775051124,2.4295546031298105
2020-11-10,model2,sse50,2020-06-15,47,7.507435106382979,9.949744713748975
2020-11-11,model2,csi500,2020-08-17,487,-1.9065577823408622,0.9896521437679627
2020-11-11,model2,sse50,2020-06-15,50,5.248121,8.65713414430453
2020-11-12,model2,csi500,2020-08-17,476,-2.2565307352941177,-1.0147498467099536
2020-11-12,model2,sse50,2020-06-15,50,-1.3687184,3.7956125687943274
2020-11-13,model2,csi500,2020-08-17,476,-3.132699474789916,-2.4319293308082965
2020-11-13,model2,sse50,2020-06-15,50,-5.0164616,-0.3790196666666654
2020-11-16,model2,csi500,2020-08-17,492,0.4599834552845529,-1.6430822515998245
2020-11-16,model2,sse50,2020-06-15,50,-0.8300736,-2.405084533333332
2020-11-17,model2,csi500,2020-08-17,480,-0.25981499999999996,-0.9775103398351187
2020-11-17,model2,sse50,2020-06-15,46,-0.4115952173913044,-2.0860434724637673
2020-11-18,model2,csi500,2020-08-17,476,0.24536474789915985,0.14851106772790665
2020-11-18,model2,sse50,2020-06-15,47,1.9944070212765959,0.25091273462843167
2020-11-19,model2,csi500,2020-08-17,471,0.8750974734607219,0.28688240711996293
2020-11-19,model2,sse50,2020-06-15,45,5.32886,2.303890601295098
2020-11-20,model2,csi500,2020-08-17,466,2.1171812017167384,1.0792144743588759
2020-11-20,model2,sse50,2020-06-15,49,1.293114693877551,2.8721272383847167
2020-11-23,model2,csi500,2020-08-17,475,3.233960842105263,2.075413172427577
2020-11-23,model2,sse50,2020-06-15,49,3.7807057142857143,3.467560136054423
2020-11-24,model2,csi500,2020-08-17,475,1.8828409263157897,2.4113276567125994
2020-11-24,model2,sse50,2020-06-15,47,0.6258489361702129,1.899889781444494
2020-11-25,model2,csi500,2020-08-17,485,-3.6078716701030924,0.5029766994393223
2020-11-25,model2,sse50,2020-06-15,49,-2.623561632653061,0.5943310059342899
2020-11-26,model2,csi500,2020-08-17,478,-4.434863535564854,-2.0532980931173834
2020-11-26,model2,sse50,2020-06-15,50,-0.04683539999999981,-0.6815160321609482
2020-11-27,model2,csi500,2020-08-17,475,-2.9785664,-3.6737672018893135
2020-11-27,model2,sse50,2020-06-15,50,4.8349356,0.721512855782314
2020-11-30,model2,csi500,2020-08-17,473,-4.962101860465117,-4.125177265343321
2020-11-30,model2,sse50,2020-06-15,47,2.4683438297872344,2.418814676595746
2020-12-01,model2,csi500,2020-08-17,467,2.067674453961456,-1.9576646021678845
2020-12-01,model2,sse50,2020-06-15,50,5.3649358000000005,4.22273840992908
2020-12-02,model2,csi500,2020-08-17,471,3.320455286624204,0.14200929337351686
2020-12-02,model2,sse50,2020-06-15,48,2.543533125,3.4589375849290795
2020-12-03,model2,csi500,2020-08-17,489,1.5468106339468306,2.3116467915108325
2020-12-03,model2,sse50,2020-06-15,49,0.622006530612245,2.8434918185374163
2020-12-04,model2,csi500,2020-08-17,471,1.9692138853503187,2.2788266019737864
2020-12-04,model2,sse50,2020-06-15,50,-2.7847918,0.12691595187074967
2020-12-07,model2,csi500,2020-08-17,490,-1.8134451224489794,0.5675264656160589
2020-12-07,model2,sse50,2020-06-15,50,-8.625609599999999,-3.5961316231292497
2020-12-08,model2,csi500,2020-08-17,482,-4.418015248962655,-1.4207488286871033
2020-12-08,model2,sse50,2020-06-15,48,-16.903651041666667,-9.438017480555553
2020-12-09,model2,csi500,2020-08-17,494,-10.017642044534412,-5.416367471982014
2020-12-09,model2,sse50,2020-06-15,50,-19.969156,-15.166138880555556
2020-12-10,model2,csi500,2020-08-17,471,-7.620948428874735,-7.352201907457265
2020-12-10,model2,sse50,2020-06-15,49,-18.10867918367347,-18.327162075113378
2020-12-11,model2,csi500,2020-08-17,489,-11.052623251533742,-9.563737908314295
2020-12-11,model2,sse50,2020-06-15,50,-16.7577216,-18.278518927891156
2020-12-14,model2,csi500,2020-12-14,484,-3.2562057851239667,-7.309925821844146
2020-12-14,model2,sse50,2020-12-14,48,-7.001660416666667,-13.95602040011338
2020-12-15,model2,csi500,2020-12-14,481,-1.3500793555093553,-5.219636130722352
2020-12-15,model2,sse50,2020-12-14,50,-5.0352588,-9.598213605555555
2020-12-16,model2,csi500,2020-12-14,484,-2.830841880165289,-2.479042340266202
2020-12-16,model2,sse50,2020-12-14,49,-4.508679591836734,-5.515199602834467
2020-12-17,model2,csi500,2020-12-14,481,1.4477863201663204,-0.9110449718361061
2020-12-17,model2,sse50,2020-12-14,49,2.669648163265306,-2.291430076190475
2020-12-18,model2,csi500,2020-12-14,490,0.6108526734693879,-0.25740096217652514
2020-12-18,model2,sse50,2020-12-14,50,0.2938639999999999,-0.5150558095238081
2020-12-21,model2,csi500,2020-12-14,476,2.8526080252100843,1.6370823396152658
2020-12-21,model2,sse50,2020-12-14,46,-1.1166891304347826,0.6156076776101757
2020-12-22,model2,csi500,2020-12-14,498,-1.8024324297188754,0.553676089653534
2020-12-22,model2,sse50,2020-12-14,50,-3.5568392,-1.4598881101449266
2020-12-23,model2,csi500,2020-12-14,478,-2.434057531380753,-0.4612939786298463
2020-12-23,model2,sse50,2020-12-14,47,-0.11823106382978708,-1.5972531314215221
2020-12-24,model2,csi500,2020-12-14,494,-5.517830728744939,-3.2514402299481873
2020-12-24,model2,sse50,2020-12-14,46,-0.5264386956521739,-1.4005029864939857
2020-12-25,model2,csi500,2020-12-14,469,-2.0400382302771853,-3.330642163467624
2020-12-25,model2,sse50,2020-12-14,50,3.0268724000000002,0.7940675468393475
2020-12-28,model2,csi500,2020-12-14,492,-3.4865959756097564,-3.6814883115439585
2020-12-28,model2,sse50,2020-12-14,48,1.8739360416666668,1.4581232486714988
2020-12-29,model2,csi500,2020-12-14,487,-1.3968197125256672,-2.307817972804201
2020-12-29,model2,sse50,2020-12-14,47,0.5809517021276597,1.8272533812647767
2020-12-30,model2,csi500,2020-12-14,462,0.06723346320346323,-1.6053940749773183
2020-12-30,model2,sse50,2020-12-14,49,2.7064957142857144,1.720461152693348
2020-12-31,model2,csi500,2020-12-14,462,2.7170746320346324,0.4624961275708112
2020-12-31,model2,sse50,2020-12-14,50,5.0630032,2.7834835388044588
2021-01-04,model2,csi500,2020-12-14,485,3.5325838556701035,2.1056306503027344
2021-01-04,model2,sse50,2020-12-14,48,5.3031089583333335,4.3575359575396835
2021-01-05,model2,csi500,2020-12-14,489,4.548560020449898,3.5994061693848796
2021-01-05,model2,sse50,2020-12-14,49,7.748297346938776,6.038136501757371
2021-01-06,model2,csi500,2020-12-14,487,1.0951800000000003,3.0587746253733354
2021-01-06,model2,sse50,2020-12-14,48,3.7815218750000006,5.610976060090704
2021-01-07,model2,csi500,2020-12-14,493,-2.2986954766734278,1.115014847925492
2021-01-07,model2,sse50,2020-12-14,49,5.174699795918367,5.568173005952382
2021-01-08,model2,csi500,2020-12-14,485,0.3797634020618558,-0.274584024870522
2021-01-08,model2,sse50,2020-12-14,48,4.0727697916666665,4.342997154195012
2021-01-11,model2,csi500,2020-12-14,493,-2.9579312778904665,-1.6256211175006776
2021-01-11,model2,sse50,2020-12-14,50,1.629169,3.625546195861679
2021-01-12,model2,csi500,2020-12-14,449,-0.028300512249443084,-0.8688227960260161
2021-01-12,model2,sse50,2020-12-14,49,4.937128367346939,3.546355719671203
2021-01-13,model2,csi500,2020-12-14,489,-0.759171963190184,-1.248467917776696
2021-01-13,model2,sse50,2020-12-14,48,4.025331875,3.5305430807823144
2021-01-14,model2,csi500,2020-12-14,485,-0.30988420618556695,-0.36578556054172956
2021-01-14,model2,sse50,2020-12-14,49,4.240520816326531,4.400993686224491
2021-01-15,model2,csi500,2020-12-14,479,-0.08678279749478073,-0.38527965562350874
2021-01-15,model2,sse50,2020-12-14,48,1.5892660416666669,3.2850395776644006
2021-01-18,model2,csi500,2020-12-14,457,1.6289489934354486,0.4107606632517021
2021-01-18,model2,sse50,2020-12-14,50,1.9224394000000005,2.5840754193310675
2021-01-19,model2,csi500,2020-12-14,479,1.6783755532359084,1.073513916392194
2021-01-19,model2,sse50,2020-12-14,50,-0.10857919999999982,1.1343754138888904
2021-01-20,model2,csi500,2020-12-14,485,0.2918870927835053,1.1997372131516226
2021-01-20,model2,sse50,2020-12-14,50,-1.8835903999999999,-0.023243399999998582
2021-01-21,model2,csi500,2020-12-14,463,1.086914816414687,1.019059154144702
2021-01-21,model2,sse50,2020-12-14,49,-1.7081922448979592,-1.2334539482993183
2021-01-22,model2,csi500,2020-12-14,492,-0.9442277235772356,0.14485806187365405
2021-01-22,model2,sse50,2020-12-14,50,-5.3555372,-2.982439948299318
2021-01-25,model2,csi500,2020-12-14,489,-3.4255829243353784,-1.094298610499307
2021-01-25,model2,sse50,2020-12-14,49,-5.6117432653061226,-4.225157570068026
2021-01-26,model2,csi500,2020-12-14,481,-5.37959525987526,-3.2498019692626223
2021-01-26,model2,sse50,2020-12-14,48,-4.8532931249999995,-5.27352453010204
2021-01-27,model2,csi500,2020-12-14,474,-4.792127995780591,-4.532435393330409
2021-01-27,model2,sse50,2020-12-14,49,-3.8495602040816324,-4.7715321981292504
2021-01-28,model2,csi500,2020-12-14,479,-8.385235594989561,-6.185652950215136
2021-01-28,model2,sse50,2020-12-14,50,-8.406609600000001,-5.703154309693876
2021-01-29,model2,csi500,2020-12-14,493,-10.532408843813387,-7.9032574781945115
2021-01-29,model2,sse50,2020-12-14,50,-10.7558292,-7.670666334693877
2021-02-01,model2,csi500,2020-12-14,484,-5.4570404338842975,-8.124894957562413
2021-02-01,model2,sse50,2020-12-14,49,-8.349902448979591,-9.170780416326531
2021-02-02,model2,csi500,2020-12-14,475,-2.7472898736842106,-6.245579717127296
2021-02-02,model2,sse50,2020-12-14,50,-4.0481368,-7.717956149659862
2021-02-03,model2,csi500,2020-12-14,491,-5.169676843177189,-4.458002383581897
2021-02-03,model2,sse50,2020-12-14,48,-3.920307916666667,-5.439449055215419
2021-02-04,model2,csi500,2020-12-14,493,-6.904004868154158,-4.940323861671851
2021-02-04,model2,sse50,2020-12-14,49,-4.960353265306122,-4.309599327324261
2021-02-05,model2,csi500,2020-12-14,481,-8.63374634095634,-6.902476017429227
2021-02-05,model2,sse50,2020-12-14,48,-3.9887385416666667,-4.289799907879817
2021-02-08,model2,csi500,2020-12-14,478,-3.539698472803347,-6.3591498939712805
2021-02-08,model2,sse50,2020-12-14,48,1.625931875,-2.441053310657595
2021-02-09,model2,csi500,2020-12-14,475,3.0141619368421053,-3.0530942923058593
2021-02-09,model2,sse50,2020-12-14,49,3.792092448979592,0.4764285941043096
2021-02-10,model2,csi500,2020-12-14,465,4.310051698924731,1.2615050543211648
2021-02-10,model2,sse50,2020-12-14,48,5.598466458333334,3.67216359410431
2021-02-18,model2,csi500,2020-12-14,486,9.117392448559672,5.480535361442171
2021-02-18,model2,sse50,2020-12-14,50,6.6780066,5.356188502437643
2021-02-19,model2,csi500,2020-12-14,496,15.272145322580645,9.566529823355017
2021-02-19,model2,sse50,2020-12-14,49,9.593315306122449,7.289929454818595
2021-02-22,model2,csi500,2020-12-14,493,12.096968965517243,12.162168912219188
2021-02-22,model2,sse50,2020-12-14,48,2.345139791666667,6.205487232596373
2021-02-23,model2,csi500,2020-12-14,482,2.3547116804979256,9.90794198953194
2021-02-23,model2,sse50,2020-12-14,50,-1.4743844,3.4880235659297063
2021-02-24,model2,csi500,2020-12-14,483,-2.1562640372670807,4.098472202916031
2021-02-24,model2,sse50,2020-12-14,49,-7.163081224489796,-2.097441944274375
2021-02-25,model2,csi500,2020-12-14,477,-3.6984084486373168,-1.1666536018021556
2021-02-25,model2,sse50,2020-12-14,48,-3.7726375,-4.136701041496598
2021-02-26,model2,csi500,2020-12-14,491,-7.042721486761711,-4.299131324222034
2021-02-26,model2,sse50,2020-12-14,50,-7.2575504,-6.064423041496597
2021-03-01,model2,csi500,2020-12-14,482,0.31621726141078843,-3.4749708913294115
2021-03-01,model2,sse50,2020-12-14,48,-1.5631333333333333,-4.197773744444444
2021-03-02,model2,csi500,2020-12-14,490,-0.3835937346938774,-2.370032653348265
2021-03-02,model2,sse50,2020-12-14,50,-2.6466893999999996,-3.8224577111111095
2021-03-03,model2,csi500,2020-12-14,481,1.9278877962577965,0.6201704409915709
2021-03-03,model2,sse50,2020-12-14,50,1.3172560000000002,-0.9641889111111096
2021-03-04,model2,csi500,2020-12-14,482,1.0194404564315354,0.8545781726651533
2021-03-04,model2,sse50,2020-12-14,48,-1.0695116666666666,-0.7996483555555541
2021-03-05,model2,csi500,2020-12-14,486,0.704144814814815,1.2171576891680507
2021-03-05,model2,sse50,2020-12-14,48,-1.8907112499999998,-0.5476556388888875
2021-03-08,model2,csi500,2020-12-14,492,-2.474841239837398,-0.25041865619701414
2021-03-08,model2,sse50,2020-12-14,49,-4.689877959183673,-2.550033625283445
2021-03-09,model2,csi500,2020-12-14,493,-6.832700385395538,-2.867798936806038
2021-03-09,model2,sse50,2020-12-14,50,-8.8803976,-5.1536622697278895
2021-03-10,model2,csi500,2020-12-14,494,-8.249102550607287,-5.852214725280072
2021-03-10,model2,sse50,2020-12-14,50,-8.4439876,-7.33808771972789
2021-03-11,model2,csi500,2020-12-14,492,0.9124706097560976,-4.723110775415574
2021-03-11,model2,sse50,2020-12-14,50,2.339726,-4.994886399999999
2021-03-12,model2,csi500,2020-12-14,481,0.8940476091476092,-2.1475281105678583
2021-03-12,model2,sse50,2020-12-14,47,4.026616170212765,-0.6925484765957434
2021-03-15,model2,csi500,2021-03-15,486,0.3964545061728397,0.7343242416921839
2021-03-15,model2,sse50,2020-12-14,49,1.1969434693877552,2.521095213200175
2021-03-16,model2,csi500,2021-03-15,478,2.6075535983263602,1.2993519045489381
2021-03-16,model2,sse50,2020-12-14,49,3.366905306122449,2.8634883152409913
2021-03-17,model2,csi500,2021-03-15,488,1.7912913114754099,1.598433138658205
2021-03-17,model2,sse50,2020-12-14,50,0.33588,1.6332429251700697
2021-03-18,model2,csi500,2021-03-15,479,0.476229707724426,1.6250248725087337
2021-03-18,model2,sse50,2020-12-14,48,0.25281250000000016,1.318532602040818
2021-03-19,model2,csi500,2021-03-15,487,-0.5321124845995892,0.5784695115334172
2021-03-19,model2,sse50,2020-12-14,50,-5.6422908,-1.6845327666666652
2021-03-22,model2,csi500,2021-03-15,483,3.7682380124223602,1.2374517451824005
2021-03-22,model2,sse50,2020-12-14,50,-0.4556548,-1.9483776999999989
2021-03-23,model2,csi500,2021-03-15,487,0.575298767967146,1.2704747652633073
2021-03-23,model2,sse50,2020-12-14,48,-0.09818958333333334,-2.0653783944444433
2021-03-24,model2,csi500,2021-03-15,477,-3.0922454507337527,0.41709710988525267
2021-03-24,model2,sse50,2020-12-14,49,-2.9392987755102036,-1.1643810529478444
2021-03-25,model2,csi500,2021-03-15,483,-2.293415403726708,-1.6034540288311032
2021-03-25,model2,sse50,2020-12-14,49,-2.3324187755102037,-1.7899690447845789
2021-03-26,model2,csi500,2021-03-15,470,1.7058593829787234,-1.226600490493911
2021-03-26,model2,sse50,2020-12-14,48,1.5916679166666665,-1.2266832114512456
2021-03-29,model2,csi500,2021-03-15,480,1.2129342708333335,0.20845941669511778
2021-03-29,model2,sse50,2020-12-14,50,2.8984352,0.7192281137188221
2021-03-30,model2,csi500,2021-03-15,481,0.7134812681912682,1.2107583073344432
2021-03-30,model2,sse50,2020-12-14,46,6.1912650000000005,3.5604560388888906
2021-03-31,model2,csi500,2021-03-15,485,-0.3605296288659792,0.5219619700528756
2021-03-31,model2,sse50,2020-12-14,49,2.2930475510204085,3.7942492503401373
2021-04-01,model2,csi500,2021-03-15,483,0.6832533954451347,0.3454016782568094
2021-04-01,model2,sse50,2020-12-14,49,2.3986944897959184,3.6276690136054435
2021-04-02,model2,csi500,2021-03-15,476,-0.10525760504201667,0.07248872051238107
2021-04-02,model2,sse50,2020-12-14,47,2.5587636170212766,2.416835219279202
2021-04-06,model2,csi500,2021-03-15,457,0.9708221006564552,0.5162726303531926
2021-04-06,model2,sse50,2020-12-14,43,-0.6079118604651161,1.4498487487840273
2021-04-07,model2,csi500,2021-03-15,481,1.3861544906444907,0.7505729954196445
2021-04-07,model2,sse50,2020-12-14,49,-1.6222404081632653,0.10953711613096624
2021-04-08,model2,csi500,2021-03-15,487,-0.1395873511293633,0.7391297467238624
2021-04-08,model2,sse50,2020-12-14,48,0.4157022916666668,-0.6048166589872369
2021-04-09,model2,csi500,2021-03-15,476,-0.8247669327731091,0.1406000689140076
2021-04-09,model2,sse50,2020-12-14,48,-4.38989125,-1.8654764554988648
2021-04-12,model2,csi500,2021-03-15,484,-3.1860462190082646,-1.3834668343035776
2021-04-12,model2,sse50,2020-12-14,45,-9.305455111111112,-4.426548023148147
2021-04-13,model2,csi500,2021-03-15,485,-6.250304226804124,-3.4203724595284974
2021-04-13,model2,sse50,2020-12-14,50,-8.2546264,-7.316657587037035
2021-04-14,model2,csi500,2021-03-15,480,-0.14592287499999995,-3.1940911069374613
2021-04-14,model2,sse50,2020-12-14,48,-1.3900395833333334,-6.316707031481481
2021-04-15,model2,csi500,2021-03-15,487,0.5775443942505133,-1.9395609025178686
2021-04-15,model2,sse50,2020-12-14,48,-4.954445416666666,-4.866370466666665
2021-04-16,model2,csi500,2021-03-15,493,3.011764787018256,1.1477954354229245
2021-04-16,model2,sse50,2020-12-14,49,-0.6005179591836735,-2.3150009863945566
2021-04-19,model2,csi500,2021-03-15,476,6.450355273109244,3.3465548181260054
2021-04-19,model2,sse50,2020-12-14,49,4.509203877551021,-0.3485864994331053
2021-04-20,model2,csi500,2021-03-15,478,3.589554665271967,4.350558241799824
2021-04-20,model2,sse50,2020-12-14,50,1.3336146,1.74743350612245
2021-04-21,model2,csi500,2021-03-15,481,1.1595712266112268,3.733160388330814
2021-04-21,model2,sse50,2020-12-14,49,-0.6337097959183674,1.7363695605442189
2021-04-22,model2,csi500,2021-03-15,485,-0.3202516082474225,1.476291427878592
2021-04-22,model2,sse50,2020-12-14,50,-3.882486,-1.0608603986394547
2021-04-23,model2,csi500,2021-03-15,481,-4.08872106029106,-1.0831338139757503
2021-04-23,model2,sse50,2020-12-14,46,-6.014970434782609,-3.5103887435669905
2021-04-26,model2,csi500,2021-03-15,486,-6.135957921810699,-3.5149768634497263
2021-04-26,model2,sse50,2020-12-14,48,-12.430587916666667,-7.44268145048309
2021-04-27,model2,csi500,2021-03-15,480,-5.997891395833333,-5.4075234593116965
2021-04-27,model2,sse50,2020-12-14,49,-11.897788979591837,-10.114449110347037
2021-04-28,model2,csi500,2021-03-15,473,-2.7710117547568713,-4.968287024133633
2021-04-28,model2,sse50,2020-12-14,49,-7.372729591836735,-10.567035496031744
2021-04-29,model2,csi500,2021-03-15,482,-0.7636802904564315,-3.1775278136822105
2021-04-29,model2,sse50,2020-12-14,49,2.7318163265306126,-5.512900748299319
2021-04-30,model2,csi500,2021-03-15,479,-1.5623174321503133,-1.6990031591212038
2021-04-30,model2,sse50,2020-12-14,47,0.750372765957447,-1.296846833116224
2021-05-06,model2,csi500,2021-03-15,484,-0.17155481404958667,-0.8325175122187757
2021-05-06,model2,sse50,2020-12-14,49,-1.4855248979591835,0.6655547315096265
2021-05-07,model2,csi500,2021-03-15,481,-0.5566112058212057,-0.7634944840070338
2021-05-07,model2,sse50,2020-12-14,49,-4.437632857142857,-1.7242616630481968
2021-05-10,model2,csi500,2021-03-15,481,-1.4612566528066526,-0.7298075575591468
2021-05-10,model2,sse50,2020-12-14,50,-5.625876600000001,-3.8496781183673456
2021-05-11,model2,csi500,2021-03-15,489,0.21998112474437642,-0.5992955779611592
2021-05-11,model2,sse50,2020-12-14,50,-1.042392,-3.7019671523809516
2021-05-12,model2,csi500,2021-03-15,473,1.9738665539112052,0.24419700861631113
2021-05-12,model2,sse50,2020-12-14,48,1.247723125,-1.8068484916666658
2021-05-13,model2,csi500,2021-03-15,485,-0.7679363092783504,0.4753037897924118
2021-05-13,model2,sse50,2020-12-14,46,-2.5633910869565217,-0.7860199873188393
2021-05-14,model2,csi500,2021-03-15,475,2.5728042315789477,1.259578158737269
2021-05-14,model2,sse50,2020-12-14,50,3.1065072000000002,0.5969464126811608
2021-05-17,model2,csi500,2021-03-15,483,1.6206379089026917,1.1418352770677644
2021-05-17,model2,sse50,2020-12-14,50,2.8872926000000003,1.1434695710144942
2021-05-18,model2,csi500,2021-03-15,475,1.6091692421052632,1.9342037941956356
2021-05-18,model2,sse50,2020-12-14,50,0.8092920000000002,2.2676972666666684
2021-05-19,model2,csi500,2021-03-15,482,-0.41313894190871364,0.9388894030330818
2021-05-19,model2,sse50,2020-12-14,48,-0.7736274999999999,0.9743190333333348
2021-05-20,model2,csi500,2021-03-15,484,-2.5515700206611567,-0.45184657348820095
2021-05-20,model2,sse50,2020-12-14,48,0.2647877083333335,0.1001507361111126
2021-05-21,model2,csi500,2021-03-15,468,-3.7228285256410256,-2.229179162736964
2021-05-21,model2,sse50,2020-12-14,50,-3.5892808,-1.3660401972222207
2021-05-24,model2,csi500,2021-03-15,475,-1.2679282736842106,-2.514108939995463
2021-05-24,model2,sse50,2020-12-14,45,-2.160302222222222,-1.8282651046296283
2021-05-25,model2,csi500,2021-03-15,482,2.268963236514523,-0.9072645209369034
2021-05-25,model2,sse50,2020-12-14,50,3.2678059999999998,-0.8272590074074061
2021-05-26,model2,csi500,2021-03-15,469,2.808671257995736,1.269902073608684
2021-05-26,model2,sse50,2020-12-14,47,3.2251702127659576,1.4442246635145797
2021-05-27,model2,csi500,2021-03-15,472,3.8941603601694914,2.990598284893251
2021-05-27,model2,sse50,2020-12-14,47,3.0658921276595748,3.1862894468085123
2021-05-28,model2,csi500,2021-03-15,473,1.4463718816067654,2.7164011665906656
2021-05-28,model2,sse50,2020-12-14,49,-0.7650057142857142,1.8420188753799407
2021-05-31,model2,csi500,2021-03-15,477,0.8230560167714887,2.0545294195159167
2021-05-31,model2,sse50,2020-12-14,49,-1.636885306122449,0.22133370241713854
2021-06-01,model2,csi500,2021-03-15,478,1.1467969665271969,1.1387416216351516
2021-06-01,model2,sse50,2020-12-14,50,-2.6815368,-1.6944759401360532
2021-06-02,model2,csi500,2021-03-15,479,-2.1360041544885178,-0.05538372372994275
2021-06-02,model2,sse50,2020-12-14,48,-6.258205,-3.5255423687074816
2021-06-03,model2,csi500,2021-03-15,470,-2.5222412978723403,-1.1704828286112192
2021-06-03,model2,sse50,2020-12-14,48,-5.682783333333333,-4.874175044444443
2021-06-04,model2,csi500,2021-03-15,484,-1.8020341115702478,-2.1534265213103674
2021-06-04,model2,sse50,2020-12-14,48,-1.6589691666666664,-4.533319166666666
2021-06-07,model2,csi500,2021-03-15,480,-1.2632904791666666,-1.8625219628697505
2021-06-07,model2,sse50,2020-12-14,47,-0.8856685106382978,-2.7424736702127643
2021-06-08,model2,csi500,2021-03-15,482,-0.25946188796680486,-1.1082621595679052
2021-06-08,model2,sse50,2020-12-14,45,-1.4824031111111111,-1.3423469294720238
2021-06-09,model2,csi500,2021-03-15,475,-0.3823966736842104,-0.6350496802725595
2021-06-09,model2,sse50,2020-12-14,48,-0.20774833333333306,-0.8586066516942462
2021-06-10,model2,csi500,2021-03-15,478,0.07264125523012563,-0.18973910214029535
2021-06-10,model2,sse50,2020-12-14,48,-1.5938089583333335,-1.0946534675925914
2021-06-11,model2,csi500,2021-03-15,483,-1.7555722774327123,-0.6884425652955978
2021-06-11,model2,sse50,2020-12-14,46,-5.0730826086956515,-2.291546633454105
2021-06-15,model2,csi500,2021-06-15,494,-4.549912145748987,-2.07761438931719
2021-06-15,model2,sse50,2021-06-15,48,-8.008272083333333,-4.891721216787438
2021-06-16,model2,csi500,2021-06-15,469,-5.577716865671642,-3.9610670962844456
2021-06-16,model2,sse50,2021-06-15,49,-5.732067551020408,-6.27114074768313
2021-06-17,model2,csi500,2021-06-15,470,-2.892152340425532,-4.339927117282053
2021-06-17,model2,sse50,2021-06-15,45,-7.377341777777777,-7.039227137377171
2021-06-18,model2,csi500,2021-06-15,471,-0.8013230573248408,-3.09039742114067
2021-06-18,model2,sse50,2021-06-15,47,-5.356410212765957,-6.155273180521379
2021-06-21,model2,csi500,2021-06-15,468,-0.562588611111111,-1.418688002953827
2021-06-21,model2,sse50,2021-06-15,48,-5.295570416666666,-6.009774135736799
2021-06-22,model2,csi500,2021-06-15,483,1.9415093167701865,0.19253254944474607
2021-06-22,model2,sse50,2021-06-15,47,-0.029471063829787328,-3.5604838977541355
2021-06-23,model2,csi500,2021-06-15,474,3.1795564345991565,1.5194923800860785
2021-06-23,model2,sse50,2021-06-15,45,4.14578,-0.39308716016548334
2021-06-24,model2,csi500,2021-06-15,470,0.55668785106383,1.892584534144392
2021-06-24,model2,sse50,2021-06-15,47,1.027478510638298,1.714595815602838
2021-06-25,model2,csi500,2021-06-15,480,1.7769772916666668,1.8377405257765522
2021-06-25,model2,sse50,2021-06-15,49,5.7661087755102045,3.646455762049502
2021-06-28,model2,csi500,2021-06-15,487,0.8696390349075976,1.0677680592126995
2021-06-28,model2,sse50,2021-06-15,50,0.111418,2.3016684287161686
2021-06-29,model2,csi500,2021-06-15,491,-2.342887861507128,0.10124282168904664
2021-06-29,model2,sse50,2021-06-15,49,-2.599855918367347,1.0925569523809537
2021-06-30,model2,csi500,2021-06-15,467,-1.8569209850107067,-1.1100566038700779
2021-06-30,model2,sse50,2021-06-15,46,0.20433130434782618,-0.761368871339839
2021-07-01,model2,csi500,2021-06-15,484,-2.8719655165289257,-2.3572581210155854
2021-07-01,model2,sse50,2021-06-15,47,0.9107736170212766,-0.4949169989994135
2021-07-02,model2,csi500,2021-06-15,481,-4.919245301455302,-3.2160439343316436
2021-07-02,model2,sse50,2021-06-15,50,-2.6509199999999997,-0.5119383595436311
2021-07-05,model2,csi500,2021-06-15,472,-2.5512818855932204,-3.4474975678591484
2021-07-05,model2,sse50,2021-06-15,50,-3.5080112,-1.7493858609929065
2021-07-06,model2,csi500,2021-06-15,478,-1.8112357322175732,-3.093920973088697
2021-07-06,model2,sse50,2021-06-15,47,0.4833738297872341,-1.8918524567375872
2021-07-07,model2,csi500,2021-06-15,465,-0.6877078279569891,-1.6834084819225932
2021-07-07,model2,sse50,2021-06-15,47,-1.0428468085106384,-1.3558280595744667
2021-07-08,model2,csi500,2021-06-15,493,-2.2014067951318457,-1.5667834517688017
2021-07-08,model2,sse50,2021-06-15,50,-2.0130516,-0.8575081929078
2021-07-09,model2,csi500,2021-06-15,472,-0.5425806567796609,-1.1438984266228307
2021-07-09,model2,sse50,2021-06-15,45,-3.173188222222222,-2.0763622102442856
2021-07-12,model2,csi500,2021-06-15,461,2.3377120173535793,-0.13542514485264126
2021-07-12,model2,sse50,2021-06-15,47,-1.6473610638297873,-2.277866962017335
2021-07-13,model2,csi500,2021-06-15,476,3.5066984453781513,1.7672766019840243
2021-07-13,model2,sse50,2021-06-15,48,-0.09840833333333333,-1.6396525397951127
2021-07-14,model2,csi500,2021-06-15,483,1.0021604761904763,2.28219031297407
2021-07-14,model2,sse50,2021-06-15,50,-2.2527964,-1.3328552657210386
2021-07-15,model2,csi500,2021-06-15,477,0.413986100628931,1.6409483407325205
2021-07-15,model2,sse50,2021-06-15,49,0.3230451020408163,-0.6760532104308375
2021-07-16,model2,csi500,2021-06-15,470,-1.242843680851064,0.057767631989448974
2021-07-16,model2,sse50,2021-06-15,47,-1.5930106382978724,-1.1742539787523505
2021-07-19,model2,csi500,2021-06-15,485,-3.0790543505154635,-1.3026373102458644
2021-07-19,model2,sse50,2021-06-15,48,-0.2666895833333332,-0.512218373196795
2021-07-20,model2,csi500,2021-06-15,476,-3.0360555042016806,-2.452651178522735
2021-07-20,model2,sse50,2021-06-15,47,-1.2284674468085106,-1.0293892228132373
2021-07-21,model2,csi500,2021-06-15,482,-1.8982261618257261,-2.671112005514289
2021-07-21,model2,sse50,2021-06-15,49,-0.8356722448979591,-0.7769430916799328
2021-07-22,model2,csi500,2021-06-15,485,1.0405725773195877,-1.2979030295692715
2021-07-22,model2,sse50,2021-06-15,50,3.3395910000000004,0.42515043609784503
2021-07-23,model2,csi500,2021-06-15,493,-0.8008664097363082,-0.5528399980808142
2021-07-23,model2,sse50,2021-06-15,49,2.54409612244898,1.682671625850342
2021-07-26,model2,csi500,2021-06-15,492,-5.783843414634147,-1.8480457490169544
2021-07-26,model2,sse50,2021-06-15,50,-3.7659195999999997,0.705922507482995
2021-07-27,model2,csi500,2021-06-15,483,-9.975142443064183,-5.5199507558115455
2021-07-27,model2,sse50,2021-06-15,50,-8.107744799999999,-3.109856092517005
2021-07-28,model2,csi500,2021-06-15,490,-10.304141408163266,-8.687709088620531
2021-07-28,model2,sse50,2021-06-15,49,-8.406639591836734,-6.760101330612244
2021-07-29,model2,csi500,2021-06-15,475,-3.1417986315789475,-7.807027494268798
2021-07-29,model2,sse50,2021-06-15,47,-2.781536170212766,-6.431973520683165
2021-07-30,model2,csi500,2021-06-15,483,-1.3893471842650105,-4.945095741335741
2021-07-30,model2,sse50,2021-06-15,48,-1.1195958333333331,-4.102590531794276
2021-08-02,model2,csi500,2021-06-15,483,2.173575590062112,-0.7858567419272807
2021-08-02,model2,sse50,2021-06-15,50,1.816106,-0.6950086678486986
2021-08-03,model2,csi500,2021-06-15,484,2.8533078099173554,1.2125120719048204
2021-08-03,model2,sse50,2021-06-15,50,4.7843302,1.8269467888888904
2021-08-04,model2,csi500,2021-06-15,488,1.7966670901639346,2.274516830047802
2021-08-04,model2,sse50,2021-06-15,48,2.0571589583333334,2.885865052777779
2021-08-05,model2,csi500,2021-06-15,483,0.399337142857143,1.6831040143128122
2021-08-05,model2,sse50,2021-06-15,47,0.5109068085106385,2.4507986556146584
2021-08-06,model2,csi500,2021-06-15,480,-1.5453940416666663,0.21687006378480497
2021-08-06,model2,sse50,2021-06-15,48,-1.2494452083333332,0.4395401861702138
2021-08-09,model2,csi500,2021-06-15,484,1.9928375826446283,0.2822602279450362
2021-08-09,model2,sse50,2021-06-15,50,1.5902334000000002,0.2838983333924361
2021-08-10,model2,csi500,2021-06-15,473,3.6246797251585625,1.3573744220455095
2021-08-10,model2,sse50,2021-06-15,47,4.736566170212766,1.6924514539598121
2021-08-11,model2,csi500,2021-06-15,478,2.8618118619246866,2.8264430565759606
2021-08-11,model2,sse50,2021-06-15,47,4.010416808510639,3.4457387929078025
2021-08-12,model2,csi500,2021-06-15,474,1.5783788607594937,2.6882901492809155
2021-08-12,model2,sse50,2021-06-15,50,-2.3997216,2.1157537929078027
2021-08-13,model2,csi500,2021-06-15,478,-0.13142048117154795,1.4362567471708785
2021-08-13,model2,sse50,2021-06-15,49,-3.0863795918367347,-0.49189479444203094
2021-08-16,model2,csi500,2021-06-15,484,0.04698179752066127,0.49798005903620357
2021-08-16,model2,sse50,2021-06-15,48,-1.6895270833333333,-2.391876091723355
2021-08-17,model2,csi500,2021-06-15,494,-3.9037463562753034,-1.329395013308729
2021-08-17,model2,sse50,2021-06-15,47,-5.68036085106383,-3.4854225087446316
2021-08-18,model2,csi500,2021-06-15,481,-2.223893575883576,-2.026886044879405
2021-08-18,model2,sse50,2021-06-15,50,-2.5917592000000003,-3.3205490447990536
2021-08-19,model2,csi500,2021-06-15,480,-2.2869371666666667,-2.8048590329418475
2021-08-19,model2,sse50,2021-06-15,50,-3.5561203999999997,-3.9427468170212756
2021-08-20,model2,csi500,2021-06-15,483,-4.122782256728779,-2.8778709997596725
2021-08-20,model2,sse50,2021-06-15,48,-8.04064875,-4.729509449999999
2021-08-23,model2,csi500,2021-06-15,476,0.8955982773109245,-1.8380403820281728
2021-08-23,model2,sse50,2021-06-15,48,-2.965632083333333,-4.854133744444443
2021-08-24,model2,csi500,2021-06-15,470,2.387737276595745,-0.27981556760736853
2021-08-24,model2,sse50,2021-06-15,47,1.4143659574468086,-3.1973049586288407
2021-08-25,model2,csi500,2021-06-15,477,3.30101855345912,2.1947847024552645
2021-08-25,model2,sse50,2021-06-15,48,0.47936625000000016,-0.3572999586288402
2021-08-26,model2,csi500,2021-06-15,487,2.3968800821355236,2.695211970730131
2021-08-26,model2,sse50,2021-06-15,48,-2.7615593750000005,-0.2892757225177294
2021-08-27,model2,csi500,2021-06-15,482,1.3483405809128635,2.3487464055025034
2021-08-27,model2,sse50,2021-06-15,48,-1.3845224999999999,-1.2222385416666655
2021-08-30,model2,csi500,2021-06-15,494,0.5823219028340083,1.4425141886274664
2021-08-30,model2,sse50,2021-06-15,49,-1.7087922448979591,-1.9516247066326518
2021-08-31,model2,csi500,2021-06-15,491,1.3885525661914462,1.1064050166461072
2021-08-31,model2,sse50,2021-06-15,50,0.5916892,-0.8338751816326518
2021-09-01,model2,csi500,2021-06-15,492,1.8805154065040652,1.2837966251765078
2021-09-01,model2,sse50,2021-06-15,50,2.6487738000000003,0.5105569183673483
2021-09-02,model2,csi500,2021-06-15,481,3.5372455925155926,2.2687711884037025
2021-09-02,model2,sse50,2021-06-15,50,3.8107796,2.3504142000000012
2021-09-03,model2,csi500,2021-06-15,483,3.5921677846790896,3.0033095945662502
2021-09-03,model2,sse50,2021-06-15,50,6.965498999999999,4.475017466666668
2021-09-06,model2,csi500,2021-06-15,486,6.156544074074074,4.428652483756253
2021-09-06,model2,sse50,2021-06-15,47,8.26306765957447,6.346448753191491
2021-09-07,model2,csi500,2021-06-15,474,7.5401898101265825,5.762967222959916
2021-09-07,model2,sse50,2021-06-15,50,7.604973,7.611179886524824
2021-09-08,model2,csi500,2021-06-15,486,7.407817448559672,7.034850444253443
2021-09-08,model2,sse50,2021-06-15,47,3.1381310638297877,6.335390574468087
2021-09-09,model2,csi500,2021-06-15,479,7.108390250521921,7.352132503069394
2021-09-09,model2,sse50,2021-06-15,49,-0.5248469387755101,3.406085708351427
2021-09-10,model2,csi500,2021-06-15,484,1.3420787190082648,5.28609547269662
2021-09-10,model2,sse50,2021-06-15,49,1.856030612244898,1.4897715790997264
2021-09-13,model2,csi500,2021-09-13,489,1.1431498159509206,3.1978729284937035
2021-09-13,model2,sse50,2021-06-15,49,1.187638775510204,0.8396074829931984
2021-09-14,model2,csi500,2021-09-13,495,-2.4534285454545457,0.010599996501547674
2021-09-14,model2,sse50,2021-06-15,50,-2.6039943999999995,0.1465583292517021
2021-09-15,model2,csi500,2021-09-13,484,-2.2493647314049587,-1.18654782030286
2021-09-15,model2,sse50,2021-06-15,50,-6.2576576,-2.558004408163264
2021-09-16,model2,csi500,2021-09-13,489,-5.028449959100205,-3.243747745319902
2021-09-16,model2,sse50,2021-06-15,49,-12.202214285714286,-7.021288761904761
2021-09-17,model2,csi500,2021-09-13,491,-5.350672464358452,-4.2094957182878705
2021-09-17,model2,sse50,2021-06-15,48,-7.344083333333334,-8.601318406349206
2021-09-22,model2,csi500,2021-09-13,489,-4.4076456441717795,-4.928922689210144
2021-09-22,model2,sse50,2021-06-15,49,-6.889945306122449,-8.812080975056688
2021-09-23,model2,csi500,2021-09-13,488,0.2380200409836066,-3.173432689182207
2021-09-23,model2,sse50,2021-06-15,49,-1.4910102040816327,-5.241679614512471
2021-09-24,model2,csi500,2021-09-13,491,-1.761302382892057,-1.9769759953600754
2021-09-24,model2,sse50,2021-06-15,49,-3.0077502040816326,-3.796235238095237
2021-09-27,model2,csi500,2021-09-13,496,-4.533953245967742,-2.019078529292063
2021-09-27,model2,sse50,2021-06-15,49,-3.4064351020408163,-2.635065170068026
2021-09-28,model2,csi500,2021-09-28,488,-3.3039394672131146,-3.19973169869097
2021-09-28,model2,sse50,2021-06-15,50,2.281206,-1.3776597687074819
2021-09-29,model2,csi500,2021-09-28,494,-7.531574149797571,-5.123155620992808
2021-09-29,model2,sse50,2021-06-15,50,2.2770224000000003,0.3839310993197292
2021-09-30,model2,csi500,2021-09-28,475,-2.7324860210526314,-4.522666546021104
2021-09-30,model2,sse50,2021-06-15,48,0.5309447916666666,1.6963910638888902
2021-10-08,model2,csi500,2021-09-28,491,1.0208149694501019,-3.081081733800032
2021-10-08,model2,sse50,2021-06-15,50,3.2245852000000004,2.010850797222224
2021-10-11,model2,csi500,2021-09-28,482,1.4466371576763486,-0.08834463130872579
2021-10-11,model2,sse50,2021-06-15,50,2.0118598000000003,1.9224632638888906
2021-10-12,model2,csi500,2021-09-28,491,-1.9201492260692463,0.18243430035240257
2021-10-12,model2,sse50,2021-06-15,50,-0.9704061999999999,1.422012933333335
2021-10-13,model2,csi500,2021-09-28,480,-1.76301775,-0.745509939464298
2021-10-13,model2,sse50,2021-06-15,49,-1.9833389795918368,-0.31396179319727757
2021-10-14,model2,csi500,2021-09-28,475,-1.8102587157894736,-1.8311418972862388
2021-10-14,model2,sse50,2021-06-15,48,-3.9080058333333336,-2.2872503376417224
2021-10-15,model2,csi500,2021-09-28,483,-3.7345074327122156,-2.4359279661672284
2021-10-15,model2,sse50,2021-06-15,48,-0.010957083333333303,-1.9674339654194999
2021-10-18,model2,csi500,2021-09-28,486,-0.4000578600823044,-1.98160800286133
2021-10-18,model2,sse50,2021-06-15,48,-2.449067083333333,-2.1226766666666657
2021-10-19,model2,csi500,2021-09-28,478,2.213965020920502,-0.6402000906246713
2021-10-19,model2,sse50,2021-06-15,48,1.3831125,-0.3589705555555543
2021-10-20,model2,csi500,2021-09-28,483,0.18151155279503123,0.6651395712110776
2021-10-20,model2,sse50,2021-06-15,47,-1.551168085106383,-0.8723742228132375
2021-10-21,model2,csi500,2021-09-28,480,-1.75512625,0.21345010790517893
2021-10-21,model2,sse50,2021-06-15,48,-1.6310016666666665,-0.5996857505910154
2021-10-22,model2,csi500,2021-09-28,475,-3.033947157894737,-1.5358539516999006
2021-10-22,model2,sse50,2021-06-15,49,0.7192383673469388,-0.8209771281420357
2021-10-25,model2,csi500,2021-09-28,484,-1.9335649793388427,-2.240879462411192
2021-10-25,model2,sse50,2021-06-15,47,0.8586042553191491,-0.017719681333525084
2021-10-26,model2,csi500,2021-09-28,492,-3.1431250406504065,-2.703545725961328
2021-10-26,model2,sse50,2021-06-15,49,-0.5677032653061224,0.33671311911998963
2021-10-27,model2,csi500,2021-09-28,494,-6.369722165991903,-3.815470728660383
2021-10-27,model2,sse50,2021-06-15,46,-4.675735652173913,-1.4616115540536274
2021-10-28,model2,csi500,2021-09-28,492,-7.692775894308943,-5.735207700317083
2021-10-28,model2,sse50,2021-06-15,50,-9.5655868,-4.936341905826677
2021-10-29,model2,csi500,2021-09-28,484,-2.174670103305785,-5.412389387868875
2021-10-29,model2,sse50,2021-06-15,48,-4.52274,-6.25468748405797
2021-11-01,model2,csi500,2021-09-28,488,0.008994733606557406,-3.2861504213360555
2021-11-01,model2,sse50,2021-06-15,49,-0.6013877551020409,-4.896571518367346
2021-11-02,model2,csi500,2021-09-28,489,-1.688035828220859,-1.2845703993066944
2021-11-02,model2,sse50,2021-06-15,50,-2.3919594,-2.505362385034012
2021-11-03,model2,csi500,2021-09-28,486,1.9624959465020577,0.09448495062925326
2021-11-03,model2,sse50,2021-06-15,47,-3.6285268085106384,-2.207291321204225
2021-11-04,model2,csi500,2021-09-28,472,4.0550146610169495,1.4431582597660506
2021-11-04,model2,sse50,2021-06-15,49,-1.8422942857142857,-2.620926831408307
2021-11-05,model2,csi500,2021-09-28,485,0.3401649484536084,2.1192251853242063
2021-11-05,model2,sse50,2021-06-15,48,-3.0134820833333333,-2.8281010591860842
2021-11-08,model2,csi500,2021-09-28,475,0.3098842105263159,1.5683546066656258
2021-11-08,model2,sse50,2021-06-15,45,-0.3995337777777776,-1.7517700489417976
2021-11-09,model2,csi500,2021-09-28,472,0.8987146822033899,0.5162546137277726
2021-11-09,model2,sse50,2021-06-15,48,-0.16328208333333327,-1.1920993148148133
2021-11-10,model2,csi500,2021-09-28,467,0.01425274089935771,0.407617211209689
2021-11-10,model2,sse50,2021-06-15,48,-3.4215191666666667,-1.3281116759259246
2021-11-11,model2,csi500,2021-09-28,489,1.676786625766871,0.8632513496232074
2021-11-11,model2,sse50,2021-06-15,50,1.8442312,-0.5801900166666655
2021-11-12,model2,csi500,2021-09-28,475,1.3381278736842106,1.0097224134501477
2021-11-12,model2,sse50,2021-06-15,49,0.46474530612244896,-0.370847553514738
2021-11-15,model2,csi500,2021-09-28,484,1.5137336363636364,1.5095493786049072
2021-11-15,model2,sse50,2021-06-15,48,0.09898395833333344,0.8026534881519288
2021-11-16,model2,csi500,2021-09-28,483,-0.7318556521739129,0.7066686192913125
2021-11-16,model2,sse50,2021-06-15,47,-2.6608531914893616,-0.699041309011192
2021-11-17,model2,csi500,2021-09-28,468,0.18158514957264973,0.32115437792079227
2021-11-17,model2,sse50,2021-06-15,46,-4.960065652173912,-2.5073116284433126
2021-11-18,model2,csi500,2021-09-28,471,-2.014817940552017,-0.8550294810510922
2021-11-18,model2,sse50,2021-06-15,49,-10.595379591836734,-6.072099478500001
2021-11-19,model2,csi500,2021-09-28,486,1.931402325102881,0.03272317804117245
2021-11-19,model2,sse50,2021-06-15,50,0.21863120000000003,-5.1122713480035475
2021-11-22,model2,csi500,2021-09-28,483,3.1906279917184266,1.0357374587564314
2021-11-22,model2,sse50,2021-06-15,50,0.36902919999999995,-3.33590639727891
2021-11-23,model2,csi500,2021-09-28,482,3.068781473029046,2.7302705966167857
2021-11-23,model2,sse50,2021-06-15,46,1.0746506521739134,0.5541036840579724
2021-11-24,model2,csi500,2021-09-28,481,1.9317032640332643,2.73037090959358
2021-11-24,model2,sse50,2021-06-15,47,1.8374287234042557,1.0937028585260575
2021-11-25,model2,csi500,2021-09-28,477,-0.2888808805031445,1.5705346188530565
2021-11-25,model2,sse50,2021-06-15,49,-0.8637606122448976,0.6827729211110918
2021-11-26,model2,csi500,2021-09-28,487,-2.322520164271047,-0.22656592691364116
2021-11-26,model2,sse50,2021-06-15,48,-9.008733333333334,-2.678355074057991
2021-11-29,model2,csi500,2021-09-28,487,-4.467291889117043,-2.3595643112970768
2021-11-29,model2,sse50,2021-06-15,48,-12.641457291666667,-7.504650412414964
2021-11-30,model2,csi500,2021-09-28,471,-2.0870954352441613,-2.9589691628774157
2021-11-30,model2,sse50,2021-06-15,46,-11.120408913043478,-10.923533179347826
2021-12-01,model2,csi500,2021-09-28,491,0.5988172912423626,-1.9851900110396123
2021-12-01,model2,sse50,2021-06-15,50,1.6287986,-7.377689201570046
2021-12-02,model2,csi500,2021-09-28,475,-1.3511383999999997,-0.9464721813339315
2021-12-02,model2,sse50,2021-06-15,47,1.7884670212765958,-2.567714430588959
2021-12-03,model2,csi500,2021-09-28,474,1.2676042616033756,0.17176105094858066
2021-12-03,model2,sse50,2021-06-15,47,5.403779361702128,2.9403483276595765
2021-12-06,model2,csi500,2021-09-28,482,-1.044656804979253,-0.3760636477919579
2021-12-06,model2,sse50,2021-06-15,49,6.159657346938776,4.450634576639168
2021-12-07,model2,csi500,2021-09-28,472,-1.3501194915254238,-0.3757240116337659
2021-12-07,model2,sse50,2021-06-15,50,10.3796494,7.314362036213637
2021-12-08,model2,csi500,2021-09-28,465,2.39139335483871,-0.001127647221987882
2021-12-08,model2,sse50,2021-06-15,49,8.606805714285715,8.382037487074832
2021-12-09,model2,csi500,2021-09-28,482,3.1891821576763486,1.4101520069965463
2021-12-09,model2,sse50,2021-06-15,50,14.122028,11.036161038095239
2021-12-10,model2,csi500,2021-09-28,477,1.0982313626834381,2.2262689583995
2021-12-10,model2,sse50,2021-06-15,49,5.9687085714285715,9.56584742857143
2021-12-13,model2,csi500,2021-12-13,475,1.0421062947368422,1.7765066050322107
2021-12-13,model2,sse50,2021-12-13,48,3.209469791666667,7.76673545436508
2021-12-14,model2,csi500,2021-12-13,493,-0.6799090060851926,0.4868095504450305
2021-12-14,model2,sse50,2021-12-13,48,-0.6888637499999999,2.8297715376984143
2021-12-15,model2,csi500,2021-12-13,472,-2.3808887923728816,-0.6728971679070761
2021-12-15,model2,sse50,2021-12-13,47,-5.35607744680851,-0.94515713504728
2021-12-16,model2,csi500,2021-12-13,485,0.817945731958763,-0.7476173554997692
2021-12-16,model2,sse50,2021-12-13,49,1.3451808163265306,-1.566586793493992
2021-12-17,model2,csi500,2021-12-13,484,-0.9101953925619833,-0.8243794843253661
2021-12-17,model2,sse50,2021-12-13,48,-1.5067595833333332,-1.8392187379384366
2021-12-20,model2,csi500,2021-12-13,488,-2.4709162090163934,-0.8543886232065367
2021-12-20,model2,sse50,2021-12-13,49,-3.3237159183673466,-1.1617648951247153
2021-12-21,model2,csi500,2021-12-13,493,2.4193030628803247,-0.3206028462326828
2021-12-21,model2,sse50,2021-12-13,48,-0.17807875000000004,-1.6695180839002255
2021-12-22,model2,csi500,2021-12-13,485,1.4578022268041237,0.4687296935560195
2021-12-22,model2,sse50,2021-12-13,49,-0.8738775510204082,-1.4585574064625837
2021-12-23,model2,csi500,2021-12-13,480,0.6508709166666669,1.5093254021170395
2021-12-23,model2,sse50,2021-12-13,49,1.2151673469387756,0.054403681972790295
2021-12-24,model2,csi500,2021-12-13,482,-0.9502355809128629,0.386145854185977
2021-12-24,model2,sse50,2021-12-13,47,2.187651914893617,0.8429805702706626
2021-12-27,model2,csi500,2021-12-13,470,-0.48671574468085094,-0.2620268029756812
2021-12-27,model2,sse50,2021-12-13,49,-0.6592961224489795,0.9145077131278055
2021-12-28,model2,csi500,2021-12-13,482,-0.42156782157676337,-0.619506382390158
2021-12-28,model2,sse50,2021-12-13,48,2.1553512500000003,1.2279023474815471
2021-12-29,model2,csi500,2021-12-13,469,-2.059535501066098,-0.9892730224412363
2021-12-29,model2,sse50,2021-12-13,48,-1.4626012499999999,0.01115129251700823
2021-12-30,model2,csi500,2021-12-13,476,0.39147678571428585,-0.6965421789761906
2021-12-30,model2,sse50,2021-12-13,44,-1.1269027272727272,-0.14471757575757435
2021-12-31,model2,csi500,2021-12-13,474,2.7505625738396624,0.3608346194959513
2021-12-31,model2,sse50,2021-12-13,47,-0.3171714893617021,-0.9688918222114751
2022-01-04,model2,csi500,2021-12-13,493,4.2843475253549705,2.4754622949696405
2022-01-04,model2,sse50,2021-12-13,48,2.23324375,0.2630565111218583
2022-01-05,model2,csi500,2021-12-13,488,0.03566764344262303,2.3568592475457533
2022-01-05,model2,sse50,2021-12-13,50,1.6073836,1.174485286879434
2022-01-06,model2,csi500,2021-12-13,483,-0.8934965631469978,1.1421728685502
2022-01-06,model2,sse50,2021-12-13,49,-1.6822469387755101,0.7194601370748313
2022-01-07,model2,csi500,2021-12-13,483,-2.854923188405797,-1.2375840360367227
2022-01-07,model2,sse50,2021-12-13,50,-1.1887546,-0.4212059795918355
2022-01-10,model2,csi500,2021-12-13,475,-1.4790618105263158,-1.742493854026369
2022-01-10,model2,sse50,2021-12-13,49,-0.5826173469387753,-1.151206295238094
2022-01-11,model2,csi500,2021-12-13,480,-2.5388089166666665,-2.290931305199592
2022-01-11,model2,sse50,2021-12-13,46,-3.7862547826086956,-1.852542243182489
2022-01-12,model2,csi500,2021-12-13,475,0.21883909473684224,-1.2663438774853788
2022-01-12,model2,sse50,2021-12-13,49,1.3331910204081634,-1.0118937030464346
2022-01-13,model2,csi500,2021-12-13,475,-2.1827076210526317,-1.5008924809941508
2022-01-13,model2,sse50,2021-12-13,49,0.24773571428571453,-0.735109349304938
2022-01-14,model2,csi500,2021-12-13,494,-3.9285524898785424,-1.9641403387314427
2022-01-14,model2,sse50,2021-12-13,49,-6.757975510204082,-1.7256829251700667
2022-01-17,model2,csi500,2021-12-13,473,-2.3564489852008452,-2.8225696987106716
2022-01-17,model2,sse50,2021-12-13,49,-6.0641,-4.1914465986394545
2022-01-18,model2,csi500,2021-12-13,483,-0.08913716356107652,-2.12471287954682
2022-01-18,model2,sse50,2021-12-13,50,1.3973604,-3.808238370068026
2022-01-19,model2,csi500,2021-12-13,470,-0.468326659574468,-0.971304269445462
2022-01-19,model2,sse50,2021-12-13,48,1.8757581250000002,-0.930327158333332
2022-01-20,model2,csi500,2021-12-13,485,-1.353217360824742,-0.6368937279867609
2022-01-20,model2,sse50,2021-12-13,48,4.481740625,2.584953050000001
2022-01-21,model2,csi500,2021-12-13,482,-5.625392883817428,-2.482312301405545
2022-01-21,model2,sse50,2021-12-13,47,0.4525421276595748,2.2700136258865258
2022-01-24,model2,csi500,2021-12-13,480,-5.628548520833333,-4.2023862551585
2022-01-24,model2,sse50,2021-12-13,47,-1.0420478723404254,1.2974116267730509
2022-01-25,model2,csi500,2021-12-13,498,-10.77768218875502,-7.343874531135259
2022-01-25,model2,sse50,2021-12-13,49,-9.490468571428572,-3.35999143870314
2022-01-26,model2,csi500,2021-12-13,479,-4.791118037578288,-7.065782915722213
2022-01-26,model2,sse50,2021-12-13,48,-2.8300016666666665,-4.454172703478553
2022-01-27,model2,csi500,2021-12-13,495,-7.972469797979798,-7.8470900081043675
2022-01-27,model2,sse50,2021-12-13,50,-5.863332400000001,-6.061267546031746
2022-01-28,model2,csi500,2021-12-13,482,-5.22043622406639,-5.994674686541491
2022-01-28,model2,sse50,2021-12-13,49,-7.477228571428572,-5.390187546031744
2022-02-07,model2,csi500,2021-12-13,496,-0.3286267741935484,-4.507177598746578
2022-02-07,model2,sse50,2021-12-13,50,-0.12333759999999992,-4.48796619047619
2022-02-08,model2,csi500,2021-12-13,496,2.572738427419355,-0.9921081902801937
2022-02-08,model2,sse50,2021-12-13,50,0.9922636,-2.202767523809523
2022-02-09,model2,csi500,2021-12-13,465,8.61380017204301,3.619303941756273
2022-02-09,model2,sse50,2021-12-13,50,1.4741492000000003,0.7810250666666679
2022-02-10,model2,csi500,2021-12-13,473,10.24739687103594,7.144645156832769
2022-02-10,model2,sse50,2021-12-13,50,3.0850898,1.8505008666666678
2022-02-11,model2,csi500,2021-12-13,482,-0.14795786307053935,6.2377463933361375
2022-02-11,model2,sse50,2021-12-13,49,-0.04609469387755102,1.5043814353741507
2022-02-14,model2,csi500,2021-12-13,487,-3.254199219712526,2.2817465960842918
2022-02-14,model2,sse50,2021-12-13,48,-1.081902708333333,0.6523641325963732
2022-02-15,model2,csi500,2021-12-13,476,-2.5417244327731088,-1.9812938385187246
2022-02-15,model2,sse50,2021-12-13,49,-2.05118693877551,-1.0597281136621302
2022-02-16,model2,csi500,2021-12-13,474,-0.02323255274261598,-1.9397187350760836
2022-02-16,model2,sse50,2021-12-13,48,0.06359291666666674,-1.0231655768140575
2022-02-17,model2,csi500,2021-12-13,484,-1.055833367768595,-1.2069301177614398
2022-02-17,model2,sse50,2021-12-13,46,-0.17120434782608684,-0.7195994566449756
2022-02-18,model2,csi500,2021-12-13,490,1.787197469387755,0.2360438496255147
2022-02-18,model2,sse50,2021-12-13,50,2.0214158,0.6379347896135279
2022-02-21,model2,csi500,2021-12-13,475,2.8577368842105266,1.196366995276562
2022-02-21,model2,sse50,2021-12-13,48,-0.0855383333333334,0.5882243729468611
2022-02-22,model2,csi500,2021-12-13,490,-1.0746908367346937,1.1900811722878626
2022-02-22,model2,sse50,2021-12-13,50,-2.9115686,-0.3252303777777765
2022-02-23,model2,csi500,2021-12-13,470,0.1524356595744682,0.645160569016767
2022-02-23,model2,sse50,2021-12-13,48,-1.7093545833333332,-1.5688205055555544
2022-02-24,model2,csi500,2021-12-13,494,-2.3981545951417003,-1.1068032574339755
2022-02-24,model2,sse50,2021-12-13,50,-6.0527603999999995,-3.5578945277777763
2022-02-25,model2,csi500,2021-12-13,482,-2.0249409958506224,-1.4235533104726183
2022-02-25,model2,sse50,2021-12-13,47,-9.980106808510639,-5.914073930614656
2022-02-28,model2,csi500,2021-12-13,480,-0.28284627083333336,-1.5686472872752188
2022-02-28,model2,sse50,2021-12-13,49,-8.154591224489796,-8.062486144333477
2022-03-01,model2,csi500,2021-12-13,477,1.3271862893081763,-0.32686699245859324
2022-03-01,model2,sse50,2021-12-13,49,2.887984285714286,-5.0822379157620485
2022-03-02,model2,csi500,2021-12-13,482,2.257322510373444,1.1005541762827622
2022-03-02,model2,sse50,2021-12-13,46,0.9182678260869568,-1.4494463708961838
2022-03-03,model2,csi500,2021-12-13,491,3.087788268839104,2.224099022840241
2022-03-03,model2,sse50,2021-12-13,50,1.5890606,1.7984375706004148
2022-03-04,model2,csi500,2021-12-13,488,-2.2792510040983602,1.0219532583713955
2022-03-04,model2,sse50,2021-12-13,49,-2.9457989795918365,-0.14615685116829255
2022-03-07,model2,csi500,2021-12-13,493,-8.149906734279918,-2.4471231565130585
2022-03-07,model2,sse50,2021-12-13,50,-9.6937028,-3.6834803931972786
2022-03-08,model2,csi500,2021-12-13,498,-15.761500522088353,-8.730219420155544
2022-03-08,model2,sse50,2021-12-13,49,-15.645617142857143,-9.42837297414966
2022-03-09,model2,csi500,2021-12-13,496,-21.764094657258063,-15.225167304542111
2022-03-09,model2,sse50,2021-12-13,50,-20.7511352,-15.363485047619049
2022-03-10,model2,csi500,2021-12-13,481,-5.299645925155926,-14.275080368167446
2022-03-10,model2,sse50,2021-12-13,48,-14.64041375,-17.01238869761905
2022-03-11,model2,csi500,2021-12-13,487,0.7125006365503079,-8.783746648621229
2022-03-11,model2,sse50,2021-12-13,48,-2.1902779166666666,-12.527275622222222
2022-03-14,model2,csi500,2021-12-13,496,-2.9257765927419355,-2.504307293782519
2022-03-14,model2,sse50,2021-12-13,49,-6.63060081632653,-7.820430827664399
2022-03-15,model2,csi500,2021-12-13,500,-7.085689459999999,-3.0996551387305438
2022-03-15,model2,sse50,2021-12-13,50,-10.874194,-6.565024244331066
2022-03-16,model2,csi500,2021-12-13,499,0.20716851703406822,-3.2680991785692903
2022-03-16,model2,sse50,2021-12-13,50,-0.20820200000000003,-5.904332272108843
2022-03-17,model2,csi500,2021-12-13,480,3.4242109375,-1.151436668488645
2022-03-17,model2,sse50,2021-12-13,50,2.794142,-2.7627513333333327
2022-03-18,model2,csi500,2021-12-13,496,4.567012358870968,2.7327972711350106
2022-03-18,model2,sse50,2021-12-13,50,3.64984,2.0785933333333335
2022-03-21,model2,csi500,2021-12-13,485,5.8965205154639175,4.6292479372782935
2022-03-21,model2,sse50,2021-12-13,49,0.7311644897959184,2.3917154965986396
2022-03-22,model2,csi500,2021-12-13,482,4.918048443983403,5.1271937727727614
2022-03-22,model2,sse50,2021-12-13,49,1.687024897959184,2.0226764625850344
2022-03-23,model2,csi500,2021-12-13,466,2.542772746781116,4.452447235409478
2022-03-23,model2,sse50,2021-12-13,47,0.5088708510638299,0.9756867462729774
2022-03-24,model2,csi500,2021-12-13,493,-2.258988093306288,1.733944365819409
2022-03-24,model2,sse50,2021-12-13,46,-1.339271956521739,0.2855412641670916
2022-03-25,model2,csi500,2021-12-13,471,-5.5869342675159235,-1.7677165380136997
2022-03-25,model2,sse50,2021-12-13,49,-7.663492857142857,-2.8312979875335884
2022-03-28,model2,csi500,2021-12-13,480,-3.3088698541666663,-3.71826407166296
2022-03-28,model2,sse50,2021-12-13,50,-5.853377399999999,-4.952047404554865
2022-03-29,model2,csi500,2021-12-13,492,-5.671791280487805,-4.8558651340568
2022-03-29,model2,sse50,2021-12-13,49,-8.609428367346938,-7.375432874829932
2022-03-30,model2,csi500,2021-12-13,494,1.819727267206478,-2.386977955815999
2022-03-30,model2,sse50,2021-12-13,50,1.66389,-4.266305255782313
2022-03-31,model2,csi500,2021-12-13,484,1.514186549586777,-0.7792924878981848
2022-03-31,model2,sse50,2021-12-13,48,1.4456083333333334,-1.8333100113378684
2022-04-01,model2,csi500,2021-12-13,484,1.9920787190082647,1.7753308452671719
2022-04-01,model2,sse50,2021-12-13,49,3.0668732653061226,2.058790532879818
2022-04-06,model2,csi500,2021-12-13,489,4.3565406748466255,2.6209353144805543
2022-04-06,model2,sse50,2021-12-13,48,5.180957291666667,3.2311462967687077
2022-04-07,model2,csi500,2021-12-13,498,-4.306548915662651,0.6806901593974116
2022-04-07,model2,sse50,2021-12-13,49,-3.1674034693877546,1.6934756958616781
2022-04-08,model2,csi500,2021-12-13,481,-7.022242390852391,-2.3240835438894734
2022-04-08,model2,sse50,2021-12-13,50,-4.061731,-0.6827257259070295
2022-04-11,model2,csi500,2021-12-13,498,-10.576306204819277,-7.301699170444775
2022-04-11,model2,sse50,2021-12-13,50,-9.449602800000001,-5.5595790897959185
2022-04-12,model2,csi500,2021-12-13,494,-0.7751811538461538,-6.124576583172608
2022-04-12,model2,sse50,2021-12-13,48,-0.23510708333333327,-4.582146961111111
2022-04-13,model2,csi500,2021-12-13,488,-1.7682370081967214,-4.373241455620718
2022-04-13,model2,sse50,2021-12-13,48,-0.7040233333333332,-3.4629110722222225
2022-04-14,model2,csi500,2021-12-13,475,0.5774557473684211,-0.6553208048914865
2022-04-14,model2,sse50,2021-12-13,46,1.7795434782608697,0.2801376871980677
2022-04-15,model2,csi500,2021-12-13,488,0.03324913934426234,-0.385844040494681
2022-04-15,model2,sse50,2021-12-13,49,2.7757297959183673,1.2837499802819679
2022-04-18,model2,csi500,2021-12-13,489,-0.47264926380368083,0.046018540969665754
2022-04-18,model2,sse50,2021-12-13,50,-1.3208828,1.0781301580597458
2022-04-19,model2,csi500,2021-12-13,485,0.6600844329896908,0.07356143617675565
2022-04-19,model2,sse50,2021-12-13,50,-3.917598,-0.8209170013605442
2022-04-20,model2,csi500,2021-12-13,489,-2.748555235173824,-0.8537066886626065
2022-04-20,model2,sse50,2021-12-13,49,-7.9306959183673476,-4.389725572789115
2022-04-21,model2,csi500,2021-12-13,497,-7.606559476861166,-3.2316767596817684
2022-04-21,model2,sse50,2021-12-13,50,-14.6055924,-8.81796210612245
2022-04-22,model2,csi500,2021-12-13,491,-7.991787576374746,-6.115634096136581
2022-04-22,model2,sse50,2021-12-13,50,-6.8012847999999995,-9.779191039455782
2022-04-25,model2,csi500,2021-12-13,499,-16.393800320641283,-10.664049124625734
2022-04-25,model2,sse50,2021-12-13,50,-12.405566799999999,-11.270814666666666
2022-04-26,model2,csi500,2021-12-13,493,-20.936094320486816,-15.107227405834285
2022-04-26,model2,sse50,2021-12-13,49,-7.627169387755101,-8.944673662585034
2022-04-27,model2,csi500,2021-12-13,494,-0.365341902834008,-12.565078847987373
2022-04-27,model2,sse50,2021-12-13,50,1.1829604,-6.283258595918366
2022-04-28,model2,csi500,2021-12-13,484,-0.10515404958677683,-7.135530090969202
2022-04-28,model2,sse50,2021-12-13,50,2.170052,-1.424718995918367
2022-04-29,model2,csi500,2021-12-13,499,3.8025016032064127,1.1106685502618736
2022-04-29,model2,sse50,2021-12-13,48,5.765333333333333,3.0394485777777778
2022-05-05,model2,csi500,2021-12-13,479,7.2771207933194155,3.658156115646348
2022-05-05,model2,sse50,2021-12-13,49,8.550822040816326,5.495402458049887
2022-05-06,model2,csi500,2021-12-13,496,1.1463681854838712,4.0753301940032305
2022-05-06,model2,sse50,2021-12-13,50,-2.3511538,3.988333858049886
2022-05-09,model2,csi500,2021-12-13,482,2.2257730497925317,3.5497540095319366
2022-05-09,model2,sse50,2021-12-13,50,-4.6100534,0.5298716136054417
2022-05-10,model2,csi500,2021-12-13,485,4.775447319587629,2.715862851621342
2022-05-10,model2,sse50,2021-12-13,49,-2.1761461224489795,-3.045784440816327
2022-05-11,model2,csi500,2021-12-13,471,3.466444777070064,3.489221715483406
2022-05-11,model2,sse50,2021-12-13,49,0.5016836734693877,-2.094838616326531
2022-05-12,model2,csi500,2021-12-13,481,4.069752390852391,4.103881495836693
2022-05-12,model2,sse50,2021-12-13,47,-1.3187931914893616,-0.9977518801563181
2022-05-13,model2,csi500,2021-12-13,479,5.751330939457203,4.429176035793216
2022-05-13,model2,sse50,2021-12-13,47,3.0883800000000003,0.7570901606600086
2022-05-16,model2,csi500,2021-12-13,473,2.3851590697674423,4.068747466692343
2022-05-16,model2,sse50,2021-12-13,49,-0.11935857142857134,0.5500760790273554
2022-05-17,model2,csi500,2021-12-13,477,1.3497853668763105,3.1620917920336495
2022-05-17,model2,sse50,2021-12-13,49,1.731549591836735,1.5668570068027208
2022-05-18,model2,csi500,2021-12-13,475,0.6141349052631581,1.4496931139689682
2022-05-18,model2,sse50,2021-12-13,48,0.447634375,0.6866084651360542
2022-05-19,model2,csi500,2021-12-13,482,-0.03172120331950183,0.6440663562733201
2022-05-19,model2,sse50,2021-12-13,48,-2.8172041666666665,-0.2126733999433109
2022-05-20,model2,csi500,2021-12-13,479,5.16311025052192,1.9151746508218566
2022-05-20,model2,sse50,2021-12-13,49,2.5397081632653062,0.05671279053287955
2022-05-23,model2,csi500,2021-12-13,484,6.48147076446281,3.870953270555074
2022-05-23,model2,sse50,2021-12-13,49,1.2743630612244898,0.3322890192743762
2022-05-24,model2,csi500,2021-12-13,499,-2.3951543086172347,3.0831422354558295
2022-05-24,model2,sse50,2021-12-13,50,-2.6088799999999996,0.4017304081632651
2022-05-25,model2,csi500,2021-12-13,494,0.12996186234817822,1.4054261060645825
2022-05-25,model2,sse50,2021-12-13,48,-0.5245031249999998,-0.6196733545918369
2022-05-26,model2,csi500,2021-12-13,487,2.935238049281314,0.22334853433741722
2022-05-26,model2,sse50,2021-12-13,47,-0.6024061702127659,-1.2452630984042556
2022-05-27,model2,csi500,2021-12-13,471,0.4184769639065819,1.1612256251786894
2022-05-27,model2,sse50,2021-12-13,48,0.5548172916666668,-0.1906973345153666
2022-05-30,model2,csi500,2021-12-13,474,2.4865646624472575,1.9467598918783822
2022-05-30,model2,sse50,2021-12-13,49,2.775631836734694,0.9093476527295313
2022-05-31,model2,csi500,2021-12-13,475,5.855955557894737,2.9203323947495234
2022-05-31,model2,sse50,2021-12-13,48,6.198970833333334,3.1764733205782316
2022-06-01,model2,csi500,2021-12-13,471,3.5146297452229303,3.9523833218549735
2022-06-01,model2,sse50,2021-12-13,49,0.3293155102040817,3.1013060600907028
2022-06-02,model2,csi500,2021-12-13,485,4.947049958762887,4.7725450872935165
2022-06-02,model2,sse50,2021-12-13,48,-0.0018933333333332608,2.175464336734694
2022-06-06,model2,csi500,2021-12-13,478,9.650135815899583,6.0372718399617975
2022-06-06,model2,sse50,2021-12-13,47,2.6439725531914893,0.990464910020746
2022-06-07,model2,csi500,2021-12-13,481,4.228014428274428,6.275066734312297
2022-06-07,model2,sse50,2021-12-13,46,3.645706304347826,2.095928508068661
2022-06-08,model2,csi500,2021-12-13,475,2.5583725684210528,5.478840937531686
2022-06-08,model2,sse50,2021-12-13,47,5.381095744680851,3.8902582007400555
2022-06-09,model2,csi500,2021-12-13,486,-1.7174541152263372,1.6896442938230456
2022-06-09,model2,sse50,2021-12-13,48,3.0941468750000003,4.040316308009559
2022-06-10,model2,csi500,2021-12-13,474,2.3401318987341773,1.0603501173096286
2022-06-10,model2,sse50,2021-12-13,50,6.458551600000001,4.977931406560284
2022-06-13,model2,csi500,2022-06-13,492,1.0416026016260163,0.5547601283779499
2022-06-13,model2,sse50,2022-06-13,49,0.09891408163265308,3.2172041855442184
2022-06-14,model2,csi500,2022-06-13,482,1.636753236514523,1.6728292456249034
2022-06-14,model2,sse50,2022-06-13,48,1.8809402083333335,2.8128019633219963
2022-06-15,model2,csi500,2022-06-13,485,1.6590666391752578,1.4458074924385969
2022-06-15,model2,sse50,2022-06-13,50,1.9807336,1.3201959633219955
2022-06-16,model2,csi500,2022-06-13,481,1.2618087318087319,1.5192095358328352
2022-06-16,model2,sse50,2022-06-13,50,-0.35684399999999994,1.1682766027777778
2022-06-17,model2,csi500,2022-06-13,473,2.008894270613108,1.6432565471990301
2022-06-17,model2,sse50,2022-06-13,47,1.9382493617021275,1.1873796539007093
2022-06-20,model2,csi500,2022-06-13,484,2.5434895041322316,1.938064168851355
2022-06-20,model2,sse50,2022-06-13,47,3.606380638297873,1.7292620000000003
2022-06-21,model2,csi500,2022-06-13,469,-1.56833460554371,0.9946830564005412
2022-06-21,model2,sse50,2022-06-13,47,0.5562651063829789,2.0336317021276598
2022-06-22,model2,csi500,2022-06-13,496,-6.254618770161291,-1.7598212905242587
2022-06-22,model2,sse50,2022-06-13,49,-3.0962402040816324,0.35546851353307307
2022-06-23,model2,csi500,2022-06-13,489,0.7768040081799593,-2.3487164558416826
2022-06-23,model2,sse50,2022-06-13,49,-0.12051510204081628,-0.8868300665798232
2022-06-24,model2,csi500,2022-06-13,463,2.534677041036717,-0.9810459069815404
2022-06-24,model2,sse50,2022-06-13,49,0.8325428571428573,-0.794737482993197
2022-06-27,model2,csi500,2022-06-13,462,1.7481577272727276,1.6865462588297992
2022-06-27,model2,sse50,2022-06-13,47,4.708704893617021,1.8069108829063543
2022-06-28,model2,csi500,2022-06-13,491,5.660501547861506,3.3144454387236486
2022-06-28,model2,sse50,2022-06-13,48,6.957123958333334,4.166123903031071
2022-06-29,model2,csi500,2022-06-13,493,0.5077283772819474,2.638795884138725
2022-06-29,model2,sse50,2022-06-13,49,-0.5955626530612245,3.690088732963044
2022-06-30,model2,csi500,2022-06-13,460,0.7226244130434785,2.296951446062309
2022-06-30,model2,sse50,2022-06-13,48,1.9839935416666667,2.7818516156462585
2022-07-01,model2,csi500,2022-06-13,481,-1.0237345945945944,0.0688727319102751
2022-07-01,model2,sse50,2022-06-13,47,0.6403176595744682,0.6762495160599702
2022-07-04,model2,csi500,2022-06-13,482,0.19260585062240676,-0.03616811030957179
2022-07-04,model2,sse50,2022-06-13,48,0.2947110416666669,0.9730074143026005
2022-07-05,model2,csi500,2022-06-13,487,-1.0211271457905544,-0.6174186299209161
2022-07-05,model2,sse50,2022-06-13,49,-0.9802457142857142,-0.015072337681526346
2022-07-06,model2,csi500,2022-06-13,494,-4.647350668016194,-1.8252906543947827
2022-07-06,model2,sse50,2022-06-13,50,-5.1583972,-1.9479772908730155
2022-07-07,model2,csi500,2022-06-13,458,-4.258703013100437,-3.3090602756357304
2022-07-07,model2,sse50,2022-06-13,46,-7.881788260869564,-4.673477058385092
2022-07-08,model2,csi500,2022-06-13,469,-3.483613773987207,-4.129889151701281
2022-07-08,model2,sse50,2022-06-13,48,-3.67714625,-5.572443903623188
2022-07-11,model2,csi500,2022-06-13,482,-6.1087228008298755,-4.6170131959725085
2022-07-11,model2,sse50,2022-06-13,49,-7.780455102040817,-6.44646320430346
2022-07-12,model2,csi500,2022-06-13,479,-7.7995558663883084,-5.7972974804018
2022-07-12,model2,sse50,2022-06-13,49,-6.1270277551020405,-5.861543035714287
2022-07-13,model2,csi500,2022-06-13,474,-3.0228197257383966,-5.643699464318863
2022-07-13,model2,sse50,2022-06-13,47,-3.686297234042553,-5.864593363728471
2022-07-14,model2,csi500,2022-06-13,484,-1.5674280785123966,-4.129934556879703
2022-07-14,model2,sse50,2022-06-13,50,-6.471966800000001,-5.428430596381531
2022-07-15,model2,csi500,2022-06-13,498,-4.703383634538152,-3.0978771462629844
2022-07-15,model2,sse50,2022-06-13,50,-12.35464,-7.504301344680852
2022-07-18,model2,csi500,2022-06-13,500,1.66575502,-1.5350188976835188
2022-07-18,model2,sse50,2022-06-13,50,0.1096920000000001,-6.2389716
2022-07-19,model2,csi500,2022-06-13,482,3.5446878838174274,0.16901975642642256
2022-07-19,model2,sse50,2022-06-13,48,-0.31717541666666665,-4.187374472222223
2022-07-20,model2,csi500,2022-06-13,472,4.701813707627119,3.3040855371481794
2022-07-20,model2,sse50,2022-06-13,47,0.014419148936170413,-0.06435475591016598
2022-07-21,model2,csi500,2022-06-13,485,2.0254801030927836,3.4239938981791074
2022-07-21,model2,sse50,2022-06-13,50,-3.4066392000000003,-1.2364651559101663
2022-07-22,model2,csi500,2022-06-13,486,-2.2157931069958847,1.5038335679080035
2022-07-22,model2,sse50,2022-06-13,48,-2.0837516666666667,-1.8253239059101662
2022-07-25,model2,csi500,2022-06-13,485,-5.695440639175257,-1.9619178810261222
2022-07-25,model2,sse50,2022-06-13,49,-3.2798044897959184,-2.9233984521541956
2022-07-26,model2,csi500,2022-06-13,490,0.45636444897959183,-2.4849564323971864
2022-07-26,model2,sse50,2022-06-13,48,1.7148145833333335,-1.2162471910430845
2022-07-27,model2,csi500,2022-06-13,470,1.3419075319148936,-1.2990562194269266
2022-07-27,model2,sse50,2022-06-13,49,-0.20208857142857137,-0.5890261592970527
2022-07-28,model2,csi500,2022-06-13,460,2.231188369565218,1.3431534501532314
2022-07-28,model2,sse50,2022-06-13,48,-0.00974812499999989,0.5009926289682535
2022-07-29,model2,csi500,2022-06-13,486,-0.9069153497942385,0.8887268505619547
2022-07-29,model2,sse50,2022-06-13,49,-3.6996971428571426,-1.3038446130952386
2022-08-01,model2,csi500,2022-06-13,486,-0.6322499794238682,0.23067434678236745
2022-08-01,model2,sse50,2022-06-13,48,-6.9139075000000005,-3.541117589285715
2022-08-02,model2,csi500,2022-06-13,499,-6.481966392785571,-2.673710574001229
2022-08-02,model2,sse50,2022-06-13,50,-15.631629199999999,-8.748411280952382
2022-08-03,model2,csi500,2022-06-13,491,-10.228170957230143,-5.780795776479863
2022-08-03,model2,sse50,2022-06-13,50,-16.2916924,-12.945743033333335
2022-08-04,model2,csi500,2022-06-13,475,-1.197860842105263,-5.969332730706995
2022-08-04,model2,sse50,2022-06-13,49,-3.816468571428571,-11.913263390476189
2022-08-05,model2,csi500,2022-06-13,493,3.38832953346856,-2.679234088622284
2022-08-05,model2,sse50,2022-06-13,49,2.8267387755102042,-5.760474065306123
2022-08-08,model2,csi500,2022-06-13,474,4.8958695147679325,2.362112735377074
2022-08-08,model2,sse50,2022-06-13,46,4.4509043478260875,1.153724850635907
2022-08-09,model2,csi500,2022-06-13,480,3.6673319375,3.983843661912162
2022-08-09,model2,sse50,2022-06-13,48,1.5041754166666668,2.927272846667653
2022-08-10,model2,csi500,2022-06-13,481,1.6230774220374222,3.395426291435116
2022-08-10,model2,sse50,2022-06-13,47,-4.0614463829787235,0.6312111271713435
2022-08-11,model2,csi500,2022-06-13,494,5.268779230769232,3.519729530102216
2022-08-11,model2,sse50,2022-06-13,50,1.5721900000000002,-0.32836032210401894
2022-08-12,model2,csi500,2022-06-13,478,3.7586320711297074,3.5501629079787844
2022-08-12,model2,sse50,2022-06-13,49,3.741068367346939,0.4172706614560718
2022-08-15,model2,csi500,2022-06-13,479,0.8846921503131525,3.3040344840706948
2022-08-15,model2,sse50,2022-06-13,49,0.2220408163265307,1.8450997278911565
2022-08-16,model2,csi500,2022-06-13,468,0.9378241880341882,1.8603828031590137
2022-08-16,model2,sse50,2022-06-13,50,-1.9642439999999999,0.6662883945578232
2022-08-17,model2,csi500,2022-06-13,477,2.642639203354298,1.4883851805672104
2022-08-17,model2,sse50,2022-06-13,50,2.8437174,0.3671714054421769
2022-08-18,model2,csi500,2022-06-13,491,-1.5443764562118125,0.6786956450588888
2022-08-18,model2,sse50,2022-06-13,49,-1.3345332653061224,-0.15168662176870742
2022-08-19,model2,csi500,2022-06-13,475,-4.981040610526316,-1.2942592877946126
2022-08-19,model2,sse50,2022-06-13,48,-3.6543514583333336,-0.7150557745464853
2022-08-22,model2,csi500,2022-06-13,475,-0.25847267368421045,-2.261296580140782
2022-08-22,model2,sse50,2022-06-13,47,-0.7673338297872337,-1.9187395178088966
2022-08-23,model2,csi500,2022-06-13,472,-0.6240904661016947,-1.9545345834374093
2022-08-23,model2,sse50,2022-06-13,48,-3.874394583333333,-2.7653599571513006
2022-08-24,model2,csi500,2022-06-13,495,-5.484520101010101,-2.1223610802653377
2022-08-24,model2,sse50,2022-06-13,48,-8.857347083333334,-4.4996918321513
2022-08-25,model2,csi500,2022-06-13,488,-2.9940753688524593,-3.03422864532142
2022-08-25,model2,sse50,2022-06-13,50,1.1304794,-3.8670874222222227
2022-08-26,model2,csi500,2022-06-13,479,-3.0245005636743216,-3.834365344512296
2022-08-26,model2,sse50,2022-06-13,50,-0.5352688,-2.7540454944444446
2022-08-29,model2,csi500,2022-06-13,477,-2.457737798742138,-2.825437910422975
2022-08-29,model2,sse50,2022-06-13,48,-2.50338125,-0.6360568833333335
2022-08-30,model2,csi500,2022-06-13,482,0.4167555186721992,-1.6884942812480892
2022-08-30,model2,sse50,2022-06-13,47,-1.857771063829787,-1.6321403712765958
2022-08-31,model2,csi500,2022-06-13,493,-2.4022191480730224,-1.4810671427143227
2022-08-31,model2,sse50,2022-06-13,50,0.7659394,-1.1984043046099293
2022-09-01,model2,csi500,2022-06-13,471,-5.035067048832271,-2.3401768927443674
2022-09-01,model2,sse50,2022-06-13,49,-0.6802691836734693,-0.5907002825010857
2022-09-02,model2,csi500,2022-06-13,460,-2.309536956521739,-3.248941051142347
2022-09-02,model2,sse50,2022-06-13,48,-5.122454583333334,-1.6789281223356014
2022-09-05,model2,csi500,2022-06-13,484,-0.13692956611570242,-2.49384452382324
2022-09-05,model2,sse50,2022-06-13,49,-3.5044163265306123,-3.102380031179139
2022-09-06,model2,csi500,2022-06-13,484,3.237911425619835,0.2638149676607953
2022-09-06,model2,sse50,2022-06-13,48,2.1058043750000004,-2.173688844954649
2022-09-07,model2,csi500,2022-06-13,480,2.454097333333334,1.851693064279153
2022-09-07,model2,sse50,2022-06-13,49,-0.906338775510204,-0.7683169090136056
2022-09-08,model2,csi500,2022-06-13,474,0.15689099156118164,1.9496332501714475
2022-09-08,model2,sse50,2022-06-13,45,-2.841593333333333,-0.5473759112811791
2022-09-09,model2,csi500,2022-06-13,480,2.4445843125,1.685190879131503
2022-09-09,model2,sse50,2022-06-13,50,4.3722844,0.20811743038548736
2022-09-13,model2,csi500,2022-06-13,479,0.5110570981210857,1.03751080072742
2022-09-13,model2,sse50,2022-06-13,50,5.610957,2.3805493555555555
2022-09-14,model2,csi500,2022-06-13,486,-3.385356646090535,-0.14323841182315222
2022-09-14,model2,sse50,2022-06-13,48,0.34014020833333336,3.441127202777777
2022-09-15,model2,csi500,2022-06-13,490,-7.806561775510205,-3.5602871078265537
2022-09-15,model2,sse50,2022-06-13,49,-3.1215677551020407,0.9431764844104306
2022-09-16,model2,csi500,2022-06-13,497,-14.128791448692153,-8.440236623430968
2022-09-16,model2,sse50,2022-06-13,50,-8.0203168,-3.6005814489229024
2022-09-19,model2,csi500,2022-06-13,483,-17.857091138716356,-13.264148120972907
2022-09-19,model2,sse50,2022-06-13,48,-12.286524166666666,-7.809469573922901
2022-09-20,model2,csi500,2022-06-13,465,-4.192310537634409,-12.05939770834764
2022-09-20,model2,sse50,2022-06-13,49,-7.648383673469388,-9.318408213378683
2022-09-21,model2,csi500,2022-06-13,488,-0.5840168032786885,-7.544472826543154
2022-09-21,model2,sse50,2022-06-13,47,-8.080051063829787,-9.33831963465528
2022-09-22,model2,csi500,2022-06-13,486,-1.6875839094650205,-2.154637083459375
2022-09-22,model2,sse50,2022-06-13,46,-5.425223478260869,-7.051219405186681
2022-09-23,model2,csi500,2022-06-13,475,-4.715838378947368,-2.3291463638970282
2022-09-23,model2,sse50,2022-06-13,47,-4.891408723404255,-6.13222775516497
2022-09-26,model2,csi500,2022-06-13,498,-7.663300702811245,-4.6889076637412135
2022-09-26,model2,sse50,2022-06-13,50,-5.8598496,-5.392160600555042
2022-09-27,model2,csi500,2022-06-13,493,0.42408931034482766,-3.985016590471264
2022-09-27,model2,sse50,2022-06-13,48,0.48737500000000006,-3.421294441134752
2022-09-28,model2,csi500,2022-06-13,496,-1.987204556451613,-3.0754719829726795
2022-09-28,model2,sse50,2022-06-13,50,-1.7462572,-2.3729106000000004
2022-09-29,model2,csi500,2022-06-13,478,-2.1950757531380756,-1.2527303330816226
2022-09-29,model2,sse50,2022-06-13,49,-3.5443355102040814,-1.601072570068027
2022-09-30,model2,csi500,2022-06-13,469,-2.8862809594882726,-2.356187089692656
2022-09-30,model2,sse50,2022-06-13,49,-1.3219065306122446,-2.204166413605442
2022-10-10,model2,csi500,2022-06-13,486,-7.271497613168724,-4.11761810859836
2022-10-10,model2,sse50,2022-06-13,48,-5.363813958333334,-3.4100186663832197
2022-10-11,model2,csi500,2022-06-13,484,-3.564427685950413,-4.574068752869139
2022-10-11,model2,sse50,2022-06-13,45,-7.85676711111111,-4.847495866685563
2022-10-12,model2,csi500,2022-06-13,498,3.7799088152610443,-2.3520054946193665
2022-10-12,model2,sse50,2022-06-13,50,0.13434559999999995,-4.362078489814815
2022-10-13,model2,csi500,2022-06-13,480,3.1212089583333333,1.112230029214652
2022-10-13,model2,sse50,2022-06-13,48,-1.6445029166666665,-3.122308142592592
2022-10-14,model2,csi500,2022-06-13,492,8.555805528455284,5.1523077673498845
2022-10-14,model2,sse50,2022-06-13,49,2.5815114285714285,0.3571180373015876
2022-10-17,model2,csi500,2022-06-13,483,15.03630397515528,8.90443948731463
2022-10-17,model2,sse50,2022-06-13,49,6.331082653061224,2.4226970549886624
2022-10-18,model2,csi500,2022-06-13,473,7.59506401691332,10.395724506841292
2022-10-18,model2,sse50,2022-06-13,47,-1.4214482978723404,2.497048594586771
2022-10-19,model2,csi500,2022-06-13,490,-1.4148426122448978,7.072175126607898
2022-10-19,model2,sse50,2022-06-13,50,-5.081471199999999,-0.05727894827037142
2022-10-20,model2,csi500,2022-06-13,469,-3.9616482089552236,0.7395243985710632
2022-10-20,model2,sse50,2022-06-13,47,-6.547004680851064,-4.3499747262411335
2022-10-21,model2,csi500,2022-06-13,459,-5.740416710239652,-3.7056358438132606
2022-10-21,model2,sse50,2022-06-13,49,-8.65297142857143,-6.760482436474163
2022-10-24,model2,csi500,2022-06-13,492,-9.251438089430895,-6.317834336208594
2022-10-24,model2,sse50,2022-06-13,50,-14.405652,-9.86854270314083
2022-10-25,model2,csi500,2022-06-13,476,-9.019626218487396,-8.003827006052651
2022-10-25,model2,sse50,2022-06-13,47,-6.576428936170212,-9.878350788247213
2022-10-26,model2,csi500,2022-06-13,480,0.3112322708333334,-5.986610679028323
2022-10-26,model2,sse50,2022-06-13,47,-3.3722651063829785,-8.11811534751773
2022-10-27,model2,csi500,2022-06-13,471,2.015994501061571,-2.2307998155308333
2022-10-27,model2,sse50,2022-06-13,49,-1.1235293877551018,-3.6907411434360973
2022-10-28,model2,csi500,2022-06-13,500,-2.482242,-0.05167174270170142
2022-10-28,model2,sse50,2022-06-13,47,-5.392008510638298,-3.295934334925459
2022-10-31,model2,csi500,2022-06-13,491,-2.3791255600814667,-0.9484576863399682
2022-10-31,model2,sse50,2022-06-13,50,-6.6390188,-4.384852232797798
2022-11-01,model2,csi500,2022-06-13,498,2.5601068674698797,-0.7670868975371987
2022-11-01,model2,sse50,2022-06-13,50,2.1168258,-3.3047338368794317
2022-11-02,model2,csi500,2022-06-13,457,4.468979299781182,1.5499868690565286
2022-11-02,model2,sse50,2022-06-13,48,3.2607483333333334,-0.42048155555555483
2022-11-03,model2,csi500,2022-06-13,472,2.8739400847457626,3.301008750665605
2022-11-03,model2,sse50,2022-06-13,48,1.6254791666666666,2.3343511000000006
2022-11-04,model2,csi500,2022-06-13,493,7.840168478701826,5.06102928774292
2022-11-04,model2,sse50,2022-06-13,50,7.240251799999999,4.042159766666667
2022-11-07,model2,csi500,2022-06-13,471,7.189115116772824,5.967741226740134
2022-11-07,model2,sse50,2022-06-13,47,6.058008936170213,4.974579967612294
2022-11-08,model2,csi500,2022-06-13,472,2.430435338983051,5.819906311485898
2022-11-08,model2,sse50,2022-06-13,50,1.3222846000000001,4.873515112056738
2022-11-09,model2,csi500,2022-06-13,471,0.49412061571125276,3.3712236904890394
2022-11-09,model2,sse50,2022-06-13,47,-2.65122,1.5763578453900717
2022-11-10,model2,csi500,2022-06-13,480,-1.3158984374999998,0.5362191723980981
2022-11-10,model2,sse50,2022-06-13,50,-2.1949334,-1.1746229333333327
2022-11-11,model2,csi500,2022-06-13,491,1.5649818329938903,0.24773467040171115
2022-11-11,model2,sse50,2022-06-13,50,3.1185786,-0.5758582666666662
2022-11-14,model2,csi500,2022-06-13,480,1.6446948750000001,0.6312594234979603
2022-11-14,model2,sse50,2022-06-13,48,5.090011041666667,2.0045520805555563
2022-11-15,model2,csi500,2022-06-13,491,6.379897291242363,3.196524666412081
2022-11-15,model2,sse50,2022-06-13,47,11.959476382978725,6.722688674881798
2022-11-16,model2,csi500,2022-06-13,480,2.843886458333334,3.6228262081918956
2022-11-16,model2,sse50,2022-06-13,48,5.495331041666667,7.514939488770686
2022-11-17,model2,csi500,2022-06-13,476,2.422814831932773,3.882199527169487
2022-11-17,model2,sse50,2022-06-13,49,2.599971224489796,6.684926216378397
2022-11-18,model2,csi500,2022-06-13,470,-0.07060855319148925,1.7320309123582025
2022-11-18,model2,sse50,2022-06-13,48,-2.2767775,1.939508255385488
2022-11-21,model2,csi500,2022-06-13,484,-2.0491599999999996,0.10101542624709155
2022-11-21,model2,sse50,2022-06-13,49,-4.879304897959184,-1.5187037244897954
2022-11-22,model2,csi500,2022-06-13,482,-4.33575560165975,-2.151841384950416
2022-11-22,model2,sse50,2022-06-13,50,-2.3357272,-3.163936532653061
2022-11-23,model2,csi500,2022-06-13,472,-4.628671313559322,-3.671195638406361
2022-11-23,model2,sse50,2022-06-13,48,-2.5143225,-3.2431181993197273
2022-11-24,model2,csi500,2022-06-13,480,-5.04681775,-4.67041488840636
2022-11-24,model2,sse50,2022-06-13,48,-5.237751666666667,-3.362600455555555
2022-11-25,model2,csi500,2022-06-13,479,-2.998650229645094,-4.224713097734809
2022-11-25,model2,sse50,2022-06-13,50,-0.7762088,-2.8427609888888887
2022-11-28,model2,csi500,2022-06-13,482,-5.489046244813278,-4.511504741486127
2022-11-28,model2,sse50,2022-06-13,50,-3.4326106,-3.148857022222222
2022-11-29,model2,csi500,2022-06-13,495,2.054008585858586,-2.144562629533265
2022-11-29,model2,sse50,2022-06-13,50,0.860736,-1.1160277999999997
2022-11-30,model2,csi500,2022-06-13,476,1.9375935084033615,-0.4991480501837802
2022-11-30,model2,sse50,2022-06-13,47,1.538052340425532,-0.3446074198581557
2022-12-01,model2,csi500,2022-06-13,470,1.9054050638297875,1.9656690526972416
2022-12-01,model2,sse50,2022-06-13,50,1.803824,1.4008707801418445
2022-12-02,model2,csi500,2022-06-13,466,1.20466017167382,1.6825529146356528
2022-12-02,model2,sse50,2022-06-13,46,-0.5730260869565218,0.9229500844896702
2022-12-05,model2,csi500,2022-06-13,488,2.87587012295082,1.9953117861514722
2022-12-05,model2,sse50,2022-06-13,50,2.1797566,1.1368515043478264
2022-12-06,model2,csi500,2022-06-13,478,1.8917376359832638,1.9907559768692977
2022-12-06,model2,sse50,2022-06-13,47,3.5859091489361705,1.7308798873265498
2022-12-07,model2,csi500,2022-06-13,485,0.26296847422680425,1.6768587443869591
2022-12-07,model2,sse50,2022-06-13,50,0.8063512000000003,2.190672316312057
2022-12-08,model2,csi500,2022-06-13,478,-1.7861265271966527,0.12285986100446822
2022-12-08,model2,sse50,2022-06-13,49,-0.5583851020408162,1.2779584156317851
2022-12-09,model2,csi500,2022-06-13,474,-3.7618302320675103,-1.7616627616791234
2022-12-09,model2,sse50,2022-06-13,45,1.7415855555555555,0.6631838845049134
2022-12-12,model2,csi500,2022-12-12,489,-3.8876188957055215,-3.1451918849898988
2022-12-12,model2,sse50,2022-12-12,50,-2.5311928,-0.4493307821617534
2022-12-13,model2,csi500,2022-12-12,483,-2.7990743892339545,-3.482841172335666
2022-12-13,model2,sse50,2022-12-12,47,-2.9686995744680846,-1.2527689396375095
2022-12-14,model2,csi500,2022-12-12,476,-3.243640567226891,-3.310111284055459
2022-12-14,model2,sse50,2022-12-12,49,-1.2325602040816326,-2.2441508595165724
2022-12-15,model2,csi500,2022-12-12,475,-2.5077030315789473,-2.8501393293466015
2022-12-15,model2,sse50,2022-12-12,50,-0.08998019999999986,-1.430413326183239
2022-12-16,model2,csi500,2022-12-12,474,-1.392944388185654,-2.3814293289971675
2022-12-16,model2,sse50,2022-12-12,47,0.3678736170212767,-0.3182222623534518
2022-12-19,model2,csi500,2022-12-12,498,-4.20025421686747,-2.7003005455440277
2022-12-19,model2,sse50,2022-12-12,50,-2.1891056,-0.6370707276595743
2022-12-20,model2,csi500,2022-12-12,470,-5.803842936170213,-3.7990138470744497
2022-12-20,model2,sse50,2022-12-12,49,-4.168991020408163,-1.996741001128962
2022-12-21,model2,csi500,2022-12-12,478,-7.606277217573222,-5.870124790203639
2022-12-21,model2,sse50,2022-12-12,49,-5.205390204081633,-3.8544956081632655
2022-12-22,model2,csi500,2022-12-12,482,-12.049439834024897,-8.48651999592278
2022-12-22,model2,sse50,2022-12-12,48,-4.524421666666666,-4.632934297052153
2022-12-23,model2,csi500,2022-12-12,478,-8.36269928870293,-9.339472113433686
2022-12-23,model2,sse50,2022-12-12,50,-3.290358,-4.3400566235827664
2022-12-26,model2,csi500,2022-12-12,472,-1.0841475,-7.165428874242611
2022-12-26,model2,sse50,2022-12-12,48,-1.0382416666666667,-2.9510071111111107
2022-12-27,model2,csi500,2022-12-12,480,1.5915700416666667,-2.618425582345424
2022-12-27,model2,sse50,2022-12-12,50,2.375338,-0.651087222222222
2022-12-28,model2,csi500,2022-12-12,472,0.36111504237288145,0.28951252801317917
2022-12-28,model2,sse50,2022-12-12,48,2.854594375,1.3972302361111113
2022-12-29,model2,csi500,2022-12-12,484,-0.9274535950413222,0.34174382966607175
2022-12-29,model2,sse50,2022-12-12,50,1.2023528,2.1440950583333334
2022-12-30,model2,csi500,2022-12-12,463,-0.9213484233261338,-0.49589565866486174
2022-12-30,model2,sse50,2022-12-12,49,0.4826342857142859,1.5131938202380955
2023-01-03,model2,csi500,2022-12-12,481,2.551600395010395,0.2342661255476428
2023-01-03,model2,sse50,2022-12-12,48,2.3926225000000003,1.3592031952380956
2023-01-04,model2,csi500,2022-12-12,474,2.6390267510548524,1.423092907579701
2023-01-04,model2,sse50,2022-12-12,49,1.874893673469388,1.5833834863945582
2023-01-05,model2,csi500,2022-12-12,458,4.966115917030568,3.3855810210319355
2023-01-05,model2,sse50,2022-12-12,48,5.327412916666667,3.1983096967120184
2023-01-06,model2,csi500,2022-12-12,479,2.5398484759916493,3.381663714692353
2023-01-06,model2,sse50,2022-12-12,48,5.023750416666666,4.075352335600908
2023-01-09,model2,csi500,2022-12-12,462,1.5035175974025976,3.003160663474935
2023-01-09,model2,sse50,2022-12-12,48,5.794653958333334,5.381939097222222
2023-01-10,model2,csi500,2022-12-12,476,-0.23964063025210075,1.2679084810473784
2023-01-10,model2,sse50,2022-12-12,50,2.7651304,4.527844925
2023-01-11,model2,csi500,2022-12-12,475,-3.7125600421052627,-0.8162276916515921
2023-01-11,model2,sse50,2022-12-12,46,-1.1361645652173913,2.4745399310386476
2023-01-12,model2,csi500,2022-12-12,467,-4.00399443254818,-2.6520650349685178
2023-01-12,model2,sse50,2022-12-12,50,-0.26678919999999995,0.4540588782608695
2023-01-13,model2,csi500,2022-12-12,483,0.3161859420289856,-2.466789510874823
2023-01-13,model2,sse50,2022-12-12,49,3.389453673469388,0.6621666360839988
2023-01-16,model2,csi500,2022-12-12,491,3.4132262729124236,-0.09152740586892734
2023-01-16,model2,sse50,2022-12-12,47,6.793749574468086,3.3054713493124908
2023-01-17,model2,csi500,2022-12-12,470,4.0965988936170215,2.6086703695194733
2023-01-17,model2,sse50,2022-12-12,48,6.1511297916666665,5.4447776798680465
2023-01-18,model2,csi500,2022-12-12,468,5.354243525641025,4.288022897390153
2023-01-18,model2,sse50,2022-12-12,49,2.237650816326531,5.060843394153761
2023-01-19,model2,csi500,2022-12-12,478,7.6371861087866115,5.696009509348215
2023-01-19,model2,sse50,2022-12-12,48,2.362505416666667,3.5837620082199546
2023-01-20,model2,csi500,2022-12-12,491,6.678187209775968,6.556538948067864
2023-01-20,model2,sse50,2022-12-12,48,2.476164375,2.3587735359977327
2023-01-30,model2,csi500,2022-12-12,474,6.75898289029536,7.024785402952642
2023-01-30,model2,sse50,2022-12-12,48,1.6943922916666667,2.1776873611111114
2023-01-31,model2,csi500,2022-12-12,485,6.497202948453609,6.644791016174975
2023-01-31,model2,sse50,2022-12-12,45,-0.7849457777777776,1.1285369629629631
2023-02-01,model2,csi500,2022-12-12,490,10.10758324489796,7.787923027882305
2023-02-01,model2,sse50,2022-12-12,47,2.6296259574468084,1.179690823778566
2023-02-02,model2,csi500,2022-12-12,474,5.114457405063291,7.239747866138283
2023-02-02,model2,sse50,2022-12-12,47,-0.307245744680851,0.5124781449960599
2023-02-03,model2,csi500,2022-12-12,488,-0.009497950819672038,5.070847566380523
2023-02-03,model2,sse50,2022-12-12,49,-5.385201632653062,-1.0209404732957015
2023-02-06,model2,csi500,2022-12-12,477,-2.130696855345912,0.9914208662992317
2023-02-06,model2,sse50,2022-12-12,50,-9.114063199999999,-4.93550352577797
2023-02-07,model2,csi500,2022-12-12,475,-0.48647648421052614,-0.8755570967920407
2023-02-07,model2,sse50,2022-12-12,48,-4.474736666666666,-6.324667166439909
2023-02-08,model2,csi500,2022-12-12,490,-4.3088545918367345,-2.3086759771310614
2023-02-08,model2,sse50,2022-12-12,49,-6.092663673469388,-6.560487846712017
2023-02-09,model2,csi500,2022-12-12,490,1.0848896734693878,-1.2368138008592948
2023-02-09,model2,sse50,2022-12-12,46,1.9895326086956522,-2.859289243813467
2023-02-10,model2,csi500,2022-12-12,468,1.3211423504273505,-0.634274189313336
2023-02-10,model2,sse50,2022-12-12,46,0.5693413043478261,-1.1779299201419697
2023-02-13,model2,csi500,2022-12-12,471,2.216644692144374,1.5408922386803667
2023-02-13,model2,sse50,2022-12-12,49,0.035833877551020486,0.864902596864833
2023-02-14,model2,csi500,2022-12-12,472,3.3251929872881356,2.287660009953283
2023-02-14,model2,sse50,2022-12-12,49,2.5396042857142858,1.0482598225377109
2023-02-15,model2,csi500,2022-12-12,485,0.37048851546391776,1.9707753982988052
2023-02-15,model2,sse50,2022-12-12,47,-1.994971063829787,0.19348903314517307
2023-02-16,model2,csi500,2022-12-12,493,-4.5834462474645035,-0.2959215815708207
2023-02-16,model2,sse50,2022-12-12,47,-5.335640425531915,-1.5970024012158055
2023-02-17,model2,csi500,2022-12-12,476,-6.945744348739495,-3.719567360246698
2023-02-17,model2,sse50,2022-12-12,47,-8.135719574468084,-5.155443687943262
2023-02-20,model2,csi500,2022-12-12,497,0.5359969215291751,-3.6643978915582784
2023-02-20,model2,sse50,2022-12-12,50,1.830618,-3.880247333333333
2023-02-21,model2,csi500,2022-12-12,478,2.5187846652719665,-1.2969875873127887
2023-02-21,model2,sse50,2022-12-12,47,4.4025617021276595,-0.634179957446808
2023-02-22,model2,csi500,2022-12-12,475,1.3093456,1.454709062267043
2023-02-22,model2,sse50,2022-12-12,49,0.7959740816326532,2.3430512612534375
2023-02-23,model2,csi500,2022-12-12,470,0.31728310638297885,1.381804457218311
2023-02-23,model2,sse50,2022-12-12,46,-0.3374867391304346,1.6203496815432927
2023-02-24,model2,csi500,2022-12-12,471,-2.3092661995753714,-0.22754583106413495
2023-02-24,model2,sse50,2022-12-12,50,-6.8428868,-2.1281331524992604
2023-02-27,model2,csi500,2022-12-12,481,-5.652743076923077,-2.5482420567051607
2023-02-27,model2,sse50,2022-12-12,48,-11.423950833333334,-6.201441457487923
2023-02-28,model2,csi500,2022-12-12,482,-0.10139004149377585,-2.687799772664079
2023-02-28,model2,sse50,2022-12-12,47,-0.5067259574468086,-6.2578545302600475
2023-03-01,model2,csi500,2022-12-12,456,2.101194078947368,-1.2176463464898324
2023-03-01,model2,sse50,2022-12-12,48,3.20725625,-2.9078068469267144
2023-03-02,model2,csi500,2022-12-12,475,0.7538556210526318,0.9178865528354039
2023-03-02,model2,sse50,2022-12-12,47,2.006546808510638,1.5690257003546098
2023-03-03,model2,csi500,2022-12-12,485,1.714798907216495,1.523282869072161
2023-03-03,model2,sse50,2022-12-12,49,4.78454224489796,3.332781767802866
2023-03-06,model2,csi500,2022-12-12,477,0.6453902935010484,1.0380149405900543
2023-03-06,model2,sse50,2022-12-12,50,-0.18607519999999977,2.201671284469533
2023-03-07,model2,csi500,2022-12-12,491,-5.74463932790224,-1.128150042394903
2023-03-07,model2,sse50,2022-12-12,49,-5.228191836734694,-0.20990826394557782
2023-03-08,model2,csi500,2022-12-12,474,-3.5586358438818566,-2.8859616260943532
2023-03-08,model2,sse50,2022-12-12,49,-9.711448775510203,-5.041905270748298
2023-03-09,model2,csi500,2022-12-12,477,-4.340501991614255,-4.547925721132788
2023-03-09,model2,sse50,2022-12-12,48,-16.831530833333336,-10.59039048185941
2023-03-10,model2,csi500,2022-12-12,496,-8.486891592741935,-5.462009809412687
2023-03-10,model2,sse50,2022-12-12,50,-24.357075599999998,-16.96668506961451
2023-03-13,model2,csi500,2022-12-12,483,-4.273796749482401,-5.700396777946202
2023-03-13,model2,sse50,2022-12-12,49,-3.45122,-14.879942144444444
2023-03-14,model2,csi500,2022-12-12,491,-5.867203197556008,-6.209297179926786
2023-03-14,model2,sse50,2022-12-12,49,-3.474816326530612,-10.427703975510203
2023-03-15,model2,csi500,2022-12-12,485,-1.442190206185567,-3.8610633844079962
2023-03-15,model2,sse50,2022-12-12,49,-1.0192326530612246,-2.648422993197278
2023-03-16,model2,csi500,2022-12-12,492,-3.1875785365853657,-3.498990646775651
2023-03-16,model2,sse50,2022-12-12,50,-2.2516195999999997,-2.2485561931972775
2023-03-17,model2,csi500,2022-12-12,482,-1.7354587759336098,-2.1217425062348516
2023-03-17,model2,sse50,2022-12-12,48,-2.338292083333333,-1.8697147787981845
2023-03-20,model2,csi500,2022-12-12,489,-1.7768724948875254,-2.2333032691355044
2023-03-20,model2,sse50,2022-12-12,50,-3.9599952000000003,-2.84996896111111
2023-03-21,model2,csi500,2022-12-12,485,1.4111302061855673,-0.7004003548785267
2023-03-21,model2,sse50,2022-12-12,47,-0.22699234042553185,-2.1750932079196206
2023-03-22,model2,csi500,2022-12-12,474,3.6943850843881854,1.1095475985620715
2023-03-22,model2,sse50,2022-12-12,49,1.128249387755102,-1.0195793842234755
2023-03-23,model2,csi500,2022-12-12,474,4.31784976793249,3.141121686168743
2023-03-23,model2,sse50,2022-12-12,49,1.5528718367346939,0.818042961354756
2023-03-24,model2,csi500,2022-12-12,472,2.9442076906779664,3.6521475143328765
2023-03-24,model2,sse50,2022-12-12,49,0.6451322448979592,1.1087511564625863
2023-03-27,model2,csi500,2022-12-12,481,1.0962690644490647,2.786108841019836
2023-03-27,model2,sse50,2022-12-12,49,-2.1133510204081634,0.028217687074831115
2023-03-28,model2,csi500,2022-12-12,472,-2.9096242372881354,0.37695083927962775
2023-03-28,model2,sse50,2022-12-12,49,-3.4237608163265305,-1.630659863945577
2023-03-29,model2,csi500,2022-12-12,479,-6.2020330271398745,-2.6717960666596525
2023-03-29,model2,sse50,2022-12-12,48,-5.532763333333333,-3.6899583900226745
2023-03-30,model2,csi500,2022-12-12,473,-2.3247572304439745,-3.8121381649573323
2023-03-30,model2,sse50,2022-12-12,49,0.5865204081632653,-2.790001247165531
2023-03-31,model2,csi500,2022-12-12,468,0.7316966025641027,-2.598364551673253
2023-03-31,model2,sse50,2022-12-12,48,2.3672408333333332,-0.8596673639455767
2023-04-03,model2,csi500,2022-12-12,482,1.9375540871369297,0.11483115308568181
2023-04-03,model2,sse50,2022-12-12,48,3.376595625,2.110118955498868
2023-04-04,model2,csi500,2022-12-12,480,1.5029682708333334,1.3907396535114511
2023-04-04,model2,sse50,2022-12-12,48,3.7983616666666666,3.1807327083333354
2023-04-06,model2,csi500,2022-12-12,487,0.23661402464065726,1.2257121275369693
2023-04-06,model2,sse50,2022-12-12,50,0.6713664000000001,2.615441230555557
2023-04-07,model2,csi500,2022-12-12,477,0.8063435849056606,0.8486419601265464
2023-04-07,model2,sse50,2022-12-12,48,2.148421875,2.206049980555557
2023-04-10,model2,csi500,2022-12-12,483,-0.24964575569358166,0.26443728461757465
2023-04-10,model2,sse50,2022-12-12,49,-0.14384020408163253,0.891982690306124
2023-04-11,model2,csi500,2022-12-12,482,-0.9032819294605808,-0.11552803341617135
2023-04-11,model2,sse50,2022-12-12,48,0.22263604166666684,0.7424059041950128
2023-04-12,model2,csi500,2022-12-12,476,-0.5399371218487394,-0.5642882690009714
2023-04-12,model2,sse50,2022-12-12,49,0.6728738775510206,0.2505565717120198
2023-04-13,model2,csi500,2022-12-12,484,-1.289082458677686,-0.9107671699956729
2023-04-13,model2,sse50,2022-12-12,50,-2.5316896,-0.5453932269274361
2023-04-14,model2,csi500,2022-12-12,472,-0.7095563771186439,-0.8461919858816938
2023-04-14,model2,sse50,2022-12-12,47,-2.286199574468085,-1.3816717656390198
2023-04-17,model2,csi500,2022-12-12,477,1.650009853249476,-0.11620966084895534
2023-04-17,model2,sse50,2022-12-12,50,3.0775112,-0.5801259914893602
2023-04-18,model2,csi500,2022-12-12,477,-0.4868923689727462,0.1511870357193579
2023-04-18,model2,sse50,2022-12-12,50,2.9955704,1.2622940085106398
2023-04-19,model2,csi500,2022-12-12,481,-2.8727292515592517,-0.5698705890941781
2023-04-19,model2,sse50,2022-12-12,49,-4.12114081632653,0.6506469278911581
2023-04-20,model2,csi500,2022-12-12,483,-5.62072784679089,-2.993449822440967
2023-04-20,model2,sse50,2022-12-12,49,-4.956871836734694,-2.0274807510204065
2023-04-21,model2,csi500,2022-12-12,495,-11.176913353535353,-6.556790150628502
2023-04-21,model2,sse50,2022-12-12,50,-8.9247096,-6.000907417687073
2023-04-24,model2,csi500,2022-12-12,485,-15.393354783505155,-10.730331994610468
2023-04-24,model2,sse50,2022-12-12,50,-17.447539199999998,-10.443040212244895
2023-04-25,model2,csi500,2022-12-12,487,-16.38673069815195,-14.318999611730822
2023-04-25,model2,sse50,2022-12-12,50,-16.9539168,-14.442055199999999
2023-04-26,model2,csi500,2022-12-12,480,-5.257044770833334,-12.345710084163484
2023-04-26,model2,sse50,2022-12-12,49,-6.129882448979592,-13.510446149659861
2023-04-27,model2,csi500,2022-12-12,482,-1.2232060995850622,-7.622327189523452
2023-04-27,model2,sse50,2022-12-12,48,-3.816145833333333,-8.966648360770973
2023-04-28,model2,csi500,2022-12-12,489,3.2512903271983644,-1.0763201810733474
2023-04-28,model2,sse50,2022-12-12,49,2.599418367346939,-2.4488699716553275
2023-05-04,model2,csi500,2022-12-12,484,4.998850185950413,2.3423114711879016
2023-05-04,model2,sse50,2022-12-12,48,2.5027064583333334,0.42865966411564765
2023-05-05,model2,csi500,2022-12-12,483,1.6337474120082818,3.2946293083856832
2023-05-05,model2,sse50,2022-12-12,48,1.063133541666667,2.055086122448981
2023-05-08,model2,csi500,2022-12-12,477,2.5941006079664577,3.0755660686417143
2023-05-08,model2,sse50,2022-12-12,50,4.9737988,2.846546266666668
2023-05-09,model2,csi500,2022-12-12,490,-1.5556502653061224,0.8907325848895354
2023-05-09,model2,sse50,2022-12-12,50,3.2265302000000005,3.0878208472222233
2023-05-10,model2,csi500,2022-12-12,485,-3.31486787628866,-0.7588058445427784
2023-05-10,model2,sse50,2022-12-12,49,-2.966094693877551,1.7447447687074842
2023-05-11,model2,csi500,2022-12-12,480,-3.2348609791666667,-2.70179304025382
2023-05-11,model2,sse50,2022-12-12,50,-3.2040256,-0.9811966979591826
2023-05-12,model2,csi500,2022-12-12,484,-5.428534421487603,-3.9927544256476466
2023-05-12,model2,sse50,2022-12-12,49,-8.640321020408162,-4.936813771428571
2023-05-15,model2,csi500,2022-12-12,483,-0.8697246790890268,-3.1777066932477696
2023-05-15,model2,sse50,2022-12-12,50,-1.7758573999999998,-4.54006800680272
2023-05-16,model2,csi500,2022-12-12,489,-2.1624917791411042,-2.820250293239249
2023-05-16,model2,sse50,2022-12-12,49,-0.9502381632653063,-3.7888055278911548
2023-05-17,model2,csi500,2022-12-12,470,-1.782172425531915,-1.6047962945873524
2023-05-17,model2,sse50,2022-12-12,47,-1.1123738297872339,-1.2794897976841788
2023-05-18,model2,csi500,2022-12-12,477,-2.1108932704402514,-2.018519158371094
2023-05-18,model2,sse50,2022-12-12,48,-3.307216458333333,-1.7899428171286234
2023-05-19,model2,csi500,2022-12-12,490,-2.548205979591837,-2.147090558521338
2023-05-19,model2,sse50,2022-12-12,50,-3.6590483999999996,-2.6928795627068545
2023-05-22,model2,csi500,2022-12-12,467,-2.47843096359743,-2.37917673787651
2023-05-22,model2,sse50,2022-12-12,50,-0.07486679999999998,-2.3470438861111096
2023-05-23,model2,csi500,2022-12-12,490,-6.291363775510204,-3.772666906233161
2023-05-23,model2,sse50,2022-12-12,50,-3.3923528,-2.3754226666666654
2023-05-24,model2,csi500,2022-12-12,482,-11.095918112033196,-6.621904283713614
2023-05-24,model2,sse50,2022-12-12,49,-7.658233469387755,-3.7084843564625842
2023-05-25,model2,csi500,2022-12-12,479,-9.303462025052191,-8.896914637531866
2023-05-25,model2,sse50,2022-12-12,48,-9.430180833333333,-6.826922367573694
2023-05-26,model2,csi500,2022-12-12,474,-2.9461866244725736,-7.781855587185991
2023-05-26,model2,sse50,2022-12-12,49,-9.400522040816327,-8.829645447845804
2023-05-29,model2,csi500,2022-12-12,483,-3.101126335403727,-5.116924994976168
2023-05-29,model2,sse50,2022-12-12,48,-10.413174583333333,-9.74795915249433
2023-05-30,model2,csi500,2022-12-12,471,-0.4304912526539277,-2.1592680708434133
2023-05-30,model2,sse50,2022-12-12,49,-8.424472653061224,-9.412723092403626
2023-05-31,model2,csi500,2022-12-12,477,-1.1145674842767295,-1.5487283574447988
2023-05-31,model2,sse50,2022-12-12,49,-10.074426734693878,-9.63735799036281
2023-06-01,model2,csi500,2022-12-12,470,0.5791923404255322,-0.32195546550171245
2023-06-01,model2,sse50,2022-12-12,50,-8.6726852,-9.057194862585034
2023-06-02,model2,csi500,2022-12-12,478,1.6274448744769876,0.36402324354192594
2023-06-02,model2,sse50,2022-12-12,48,0.2565341666666668,-6.163525922675736
2023-06-05,model2,csi500,2022-12-12,464,1.3049483620689657,1.1705285256571576
2023-06-05,model2,sse50,2022-12-12,50,-2.2950136,-3.570388211111109
2023-06-06,model2,csi500,2022-12-12,495,-3.8885959797979797,-0.3187342477506796
2023-06-06,model2,sse50,2022-12-12,48,-6.6691424999999995,-2.9025406444444424
2023-06-07,model2,csi500,2022-12-12,478,-4.30332949790795,-2.295659038545659
2023-06-07,model2,sse50,2022-12-12,46,-5.7553213043478255,-4.90649246811594
2023-06-08,model2,csi500,2022-12-12,488,-4.1258935655737705,-4.105939681093237
2023-06-08,model2,sse50,2022-12-12,49,-2.516783265306122,-4.980415689884647
2023-06-09,model2,csi500,2022-12-12,487,-1.8785474948665297,-3.4359235194494206
2023-06-09,model2,sse50,2022-12-12,50,-0.03488740000000002,-2.768997323217981
2023-06-12,model2,csi500,2023-06-12,488,0.42912950819672135,-1.858437184081197
2023-06-12,model2,sse50,2023-06-12,49,0.5414489795918368,-0.6700738952380934
2023-06-13,model2,csi500,2023-06-12,479,0.09461286012526116,-0.4516017088481865
2023-06-13,model2,sse50,2023-06-12,47,2.7121595744680853,1.0729070513533092
2023-06-14,model2,csi500,2023-06-12,474,-0.9065788185654007,-0.12761215008114354
2023-06-14,model2,sse50,2023-06-12,50,2.3280126000000005,1.8605403846866426
2023-06-15,model2,csi500,2023-06-12,481,1.873594261954262,0.35387610117137
2023-06-15,model2,sse50,2023-06-12,50,4.9443864,3.328186191489364
2023-06-16,model2,csi500,2023-06-12,473,2.7096250951374206,1.2255468461754233
2023-06-16,model2,sse50,2023-06-12,49,6.932561632653062,4.734986877551023
2023-06-19,model2,csi500,2023-06-12,491,0.25740786150712847,1.6135424061995998
2023-06-19,model2,sse50,2023-06-12,50,0.4526870000000002,4.109878344217689
2023-06-20,model2,csi500,2023-06-12,489,-1.8581646216768914,0.36962277832254836
2023-06-20,model2,sse50,2023-06-12,48,-2.947624583333333,1.4792080164399117
2023-06-21,model2,csi500,2023-06-12,491,-8.62300281059063,-3.407919856920135
2023-06-21,model2,sse50,2023-06-12,49,-6.8977146938775515,-3.130884092403626
2023-06-26,model2,csi500,2023-06-12,493,-14.524644361054767,-8.3352705977741
2023-06-26,model2,sse50,2023-06-12,50,-13.3645456,-7.736628292403626
2023-06-27,model2,csi500,2023-06-12,491,-1.0796686150712829,-8.075771928905564
2023-06-27,model2,sse50,2023-06-12,48,-6.202191666666667,-8.82148398684807
2023-06-28,model2,csi500,2023-06-12,473,-0.5039683298097252,-5.369427101978595
2023-06-28,model2,sse50,2023-06-12,50,-3.598358,-7.721698422222221
2023-06-29,model2,csi500,2023-06-12,476,-0.5928622899159662,-0.7254997449323289
2023-06-29,model2,sse50,2023-06-12,47,-5.169615744680851,-4.990055137115837
2023-06-30,model2,csi500,2023-06-12,487,3.328374414784394,0.7438479316862301
2023-06-30,model2,sse50,2023-06-12,48,-2.132635833333333,-3.633536526004726
2023-07-03,model2,csi500,2023-06-12,486,5.191085864197531,2.642199329688649
2023-07-03,model2,sse50,2023-06-12,50,3.7285924,-1.1912197260047255
2023-07-04,model2,csi500,2023-06-12,463,3.601647041036717,4.040369106672877
2023-07-04,model2,sse50,2023-06-12,49,2.773865918367347,1.4566074950113403
2023-07-05,model2,csi500,2023-06-12,480,0.8927128333333335,3.2284819128558566
2023-07-05,model2,sse50,2023-06-12,47,0.10017063829787243,2.200876318888409
2023-07-06,model2,csi500,2023-06-12,479,-3.0836867223382045,0.4702243840106111
2023-07-06,model2,sse50,2023-06-12,49,-4.481195918367347,-0.5357197872340401
2023-07-07,model2,csi500,2023-06-12,463,-4.023852764578834,-2.071608884527906
2023-07-07,model2,sse50,2023-06-12,48,-8.030086458333333,-4.137037246134267
2023-07-10,model2,csi500,2023-06-12,456,-0.48448802631578947,-2.53067583774428
2023-07-10,model2,sse50,2023-06-12,48,-3.2607964583333335,-5.257359611678002
2023-07-11,model2,csi500,2023-06-12,477,1.6531274633123691,-0.9517377758607556
2023-07-11,model2,sse50,2023-06-12,49,0.45539387755102045,-3.611829679705213
2023-07-12,model2,csi500,2023-06-12,487,-1.1909524845995891,-0.007437682534340666
2023-07-12,model2,sse50,2023-06-12,50,-1.6112163999999998,-1.4722063269274352
2023-07-13,model2,csi500,2023-06-12,488,2.04175881147541,0.8346445967293925
2023-07-13,model2,sse50,2023-06-12,50,4.6071458000000005,1.1504410925170094
2023-07-14,model2,csi500,2023-06-12,476,0.9459158403361345,0.5989073890706477
2023-07-14,model2,sse50,2023-06-12,45,3.5438262222222225,2.1799185407407435
2023-07-17,model2,csi500,2023-06-12,483,-1.2585780952380952,0.5763655188578123
2023-07-17,model2,sse50,2023-06-12,49,-3.861345714285714,1.4298754359788386
2023-07-18,model2,csi500,2023-06-12,471,-1.0756519957537154,-0.46277141688522955
2023-07-18,model2,sse50,2023-06-12,47,-3.134534468085106,-1.1506846533828636
2023-07-19,model2,csi500,2023-06-12,482,-0.5391671784232364,-0.9577990898050199
2023-07-19,model2,sse50,2023-06-12,48,-1.22413,-2.7400033941236046
2023-07-20,model2,csi500,2023-06-12,483,-3.6176588819875777,-1.7441593520548473
2023-07-20,model2,sse50,2023-06-12,50,-4.1452056,-2.8346233560283665
2023-07-21,model2,csi500,2023-06-12,469,-2.8135399360341147,-2.323455332148314
2023-07-21,model2,sse50,2023-06-12,45,-2.4287666666666667,-2.5993674222222194
2023-07-24,model2,csi500,2023-06-12,476,-2.1815077731092436,-2.8709021970436495
2023-07-24,model2,sse50,2023-06-12,48,-5.683431666666666,-4.0858013111111084
2023-07-25,model2,csi500,2023-06-12,497,2.9013917102615694,-0.6978853329606006
2023-07-25,model2,sse50,2023-06-12,50,1.509342,-2.2009521111111083
2023-07-26,model2,csi500,2023-06-12,485,4.0478147422680415,1.589232893140118
2023-07-26,model2,sse50,2023-06-12,49,3.1709836734693875,-0.33436866439909085
2023-07-27,model2,csi500,2023-06-12,476,1.354286386554622,2.7678309463614066
2023-07-27,model2,sse50,2023-06-12,49,0.06628571428571438,1.58220379591837
2023-07-28,model2,csi500,2023-06-12,495,4.336651696969697,3.246250941930782
2023-07-28,model2,sse50,2023-06-12,50,4.983158599999999,2.7401426625850362
2023-07-31,model2,csi500,2023-06-12,488,5.915850143442623,3.868929408988976
2023-07-31,model2,sse50,2023-06-12,49,6.594557551020409,3.8813339551020434
2023-08-01,model2,csi500,2023-06-12,478,4.015494121338913,4.755998653917073
2023-08-01,model2,sse50,2023-06-12,49,0.9720081632653063,4.183241438095241
2023-08-02,model2,csi500,2023-06-12,476,0.9666015966386555,3.6326486204733928
2023-08-02,model2,sse50,2023-06-12,48,-2.4154954166666665,1.7170234325396851
2023-08-03,model2,csi500,2023-06-12,470,1.9625959148936172,2.3148972109570574
2023-08-03,model2,sse50,2023-06-12,48,0.5103656250000003,-0.3110405428004509
2023-08-04,model2,csi500,2023-06-12,474,1.2874406751054854,1.4055460622125817
2023-08-04,model2,sse50,2023-06-12,48,-0.22199458333333325,-0.7090414583333308
2023-08-07,model2,csi500,2023-06-12,485,-1.108658556701031,0.7137926777660194
2023-08-07,model2,sse50,2023-06-12,48,-1.0193772916666666,-0.24366874999999744
2023-08-08,model2,csi500,2023-06-12,481,-3.1571276299376296,-0.9927818371777294
2023-08-08,model2,sse50,2023-06-12,50,-1.2311195999999995,-0.8241638249999973
2023-08-09,model2,csi500,2023-06-12,483,-5.911630393374741,-3.3924721933378046
2023-08-09,model2,sse50,2023-06-12,47,-3.750792553191489,-2.000429814952716
2023-08-10,model2,csi500,2023-06-12,472,-3.638377775423729,-4.2357119329120385
2023-08-10,model2,sse50,2023-06-12,49,-0.5409404081632653,-1.8409508537849157
2023-08-11,model2,csi500,2023-06-12,500,-8.383039360000001,-5.977682509599496
2023-08-11,model2,sse50,2023-06-12,49,-6.238369387755101,-3.5100341163699498
2023-08-14,model2,csi500,2023-06-12,473,-6.323240507399578,-6.114885880941107
2023-08-14,model2,sse50,2023-06-12,49,-8.904357959183674,-5.227889251700678
2023-08-15,model2,csi500,2023-06-12,481,-7.661420561330561,-7.455900142910051
2023-08-15,model2,sse50,2023-06-12,45,-8.933336888888888,-8.025354745275886
2023-08-16,model2,csi500,2023-06-12,479,-9.493775949895616,-7.826145672875256
2023-08-16,model2,sse50,2023-06-12,48,-11.402333333333333,-9.74667606046863
2023-08-17,model2,csi500,2023-06-12,482,-1.6854701867219917,-6.280222232649394
2023-08-17,model2,sse50,2023-06-12,47,-2.5859302127659576,-7.640533478329392
2023-08-18,model2,csi500,2023-06-12,489,-4.060982474437628,-5.080076203685083
2023-08-18,model2,sse50,2023-06-12,50,-2.8741872,-5.6208169153664285
2023-08-21,model2,csi500,2023-06-12,484,-7.312545247933885,-4.352999303031173
2023-08-21,model2,sse50,2023-06-12,50,-6.7979404,-4.086019270921984
2023-08-22,model2,csi500,2023-06-12,483,-5.491110766045548,-5.621546162805692
2023-08-22,model2,sse50,2023-06-12,49,-3.403967755102041,-4.358698451700679
2023-08-23,model2,csi500,2023-06-12,491,-10.228224236252546,-7.677293416743997
2023-08-23,model2,sse50,2023-06-12,49,-7.629736734693878,-5.94388162993197
2023-08-24,model2,csi500,2023-06-12,494,-6.582529028340081,-7.433954676879396
2023-08-24,model2,sse50,2023-06-12,50,-2.775292,-4.6029988299319715
2023-08-25,model2,csi500,2023-06-12,479,-5.578902233820459,-7.463218499471033
2023-08-25,model2,sse50,2023-06-12,49,-0.9118306122448979,-3.7722864489795893
2023-08-28,model2,csi500,2023-06-12,487,-0.32067694045174533,-4.1607027342041
2023-08-28,model2,sse50,2023-06-12,50,3.202094,-0.16167620408163078
2023-08-29,model2,csi500,2023-06-12,490,3.7252996734693875,-0.7247598336009439
2023-08-29,model2,sse50,2023-06-12,49,5.149765714285714,2.4800097006802737
2023-08-30,model2,csi500,2023-06-12,491,3.136311099796334,2.180311277604654
2023-08-30,model2,sse50,2023-06-12,48,2.1478575,3.49990573809524
2023-08-31,model2,csi500,2023-06-12,488,0.8979700409836067,2.5865269380831046
2023-08-31,model2,sse50,2023-06-12,49,-1.6202865306122447,1.8924455612244915
2023-09-01,model2,csi500,2023-06-12,476,0.9154760084033615,1.6499190497277627
2023-09-01,model2,sse50,2023-06-12,49,1.2615667346938777,0.5963792346938795
2023-09-04,model2,csi500,2023-06-12,492,4.078569878048781,1.964005309145245
2023-09-04,model2,sse50,2023-06-12,50,4.4113966,1.3508922680272129
2023-09-05,model2,csi500,2023-06-12,486,0.49429979423868325,1.8294485602302706
2023-09-05,model2,sse50,2023-06-12,49,0.552601224489796,2.0751881863945596
2023-09-06,model2,csi500,2023-06-12,481,-0.4250014553014551,1.3826227389953318
2023-09-06,model2,sse50,2023-06-12,50,-0.8637100000000001,1.3667626081632671
2023-09-07,model2,csi500,2023-06-12,491,-5.639839327902241,-1.8568469963216756
2023-09-07,model2,sse50,2023-06-12,48,-5.4577366666666665,-1.9229484807256216
2023-09-08,model2,csi500,2023-06-12,472,-7.43778686440678,-4.50087588253683
2023-09-08,model2,sse50,2023-06-12,48,-10.27003125,-5.530492638888887
2023-09-11,model2,csi500,2023-06-12,488,0.776021618852459,-4.100534857818858
2023-09-11,model2,sse50,2023-06-12,46,-0.5910139130434783,-5.439593943236713
2023-09-12,model2,csi500,2023-06-12,469,0.7377660980810236,-1.974666382491104
2023-09-12,model2,sse50,2023-06-12,48,0.5751179166666666,-3.4286424154589348
2023-09-13,model2,csi500,2023-06-12,473,-2.2102020507399573,-0.23213811126882966
2023-09-13,model2,sse50,2023-06-12,48,-0.40911208333333327,-0.14166935990337928
2023-09-14,model2,csi500,2023-06-12,482,-2.940732863070539,-1.471056271909829
2023-09-14,model2,sse50,2023-06-12,49,0.5953489795918367,0.2537849376417257
2023-09-15,model2,csi500,2023-06-12,476,-3.66154743697479,-2.9374941169284337
2023-09-15,model2,sse50,2023-06-12,49,-2.3442683673469387,-0.7193438236961427
2023-09-18,model2,csi500,2023-06-12,479,-1.147470229645094,-2.583250176563479
2023-09-18,model2,sse50,2023-06-12,47,0.478846595744681,-0.4233575973368046
2023-09-19,model2,csi500,2023-06-12,476,-2.5462447899159666,-2.4517541521786215
2023-09-19,model2,sse50,2023-06-12,49,0.030290816326530624,-0.61171031842524
2023-09-20,model2,csi500,2023-06-12,473,-5.248227378435518,-2.980647465998864
2023-09-20,model2,sse50,2023-06-12,48,-2.2967872916666665,-0.5958832931984827
2023-09-21,model2,csi500,2023-06-12,477,-7.597365849056604,-5.1306126724693675
2023-09-21,model2,sse50,2023-06-12,49,-9.172428571428572,-3.812975015589567
2023-09-22,model2,csi500,2023-06-12,487,-0.007709671457905454,-4.284434299650013
2023-09-22,model2,sse50,2023-06-12,50,1.4166820000000002,-3.350844621031744
2023-09-25,model2,csi500,2023-06-12,492,-0.40759603658536586,-2.6708905190332968
2023-09-25,model2,sse50,2023-06-12,49,1.2573936734693878,-2.166117632653059
2023-09-26,model2,csi500,2023-06-12,472,-2.9217849576271187,-1.1123635552234683
2023-09-26,model2,sse50,2023-06-12,49,-2.6107142857142858,0.021120462585036155
2023-09-27,model2,csi500,2023-06-12,465,-1.3260117419354835,-1.551797578715994
2023-09-27,model2,sse50,2023-06-12,48,-1.4135387499999998,-0.9222864540816306
2023-09-28,model2,csi500,2023-06-12,470,0.5403434893617022,-1.2358177367336383
2023-09-28,model2,sse50,2023-06-12,48,-2.344348125,-2.1228670535714262
2023-10-09,model2,csi500,2023-06-12,489,-2.3248669120654393,-1.0368450548797452
2023-10-09,model2,sse50,2023-06-12,47,-3.9747017021276596,-2.5775295257092177
2023-10-10,model2,csi500,2023-06-12,476,-3.313464264705882,-1.6993292291365447
2023-10-10,model2,sse50,2023-06-12,50,-6.4663204,-4.261790075709218
2023-10-11,model2,csi500,2023-06-12,483,-2.4242495652173908,-2.6875269139962423
2023-10-11,model2,sse50,2023-06-12,49,-3.8393534693877553,-4.7601251905051365
2023-10-12,model2,csi500,2023-06-12,489,1.5552671370143152,-1.394148897636324
2023-10-12,model2,sse50,2023-06-12,50,3.4474850000000004,-2.286062956462583
2023-10-13,model2,csi500,2023-06-12,483,-0.9047303933747411,-0.5912376071926105
2023-10-13,model2,sse50,2023-06-12,47,1.807826170212766,0.47198590027500575
2023-10-16,model2,csi500,2023-06-12,473,-3.9490543551797037,-1.0995058705133816
2023-10-16,model2,sse50,2023-06-12,47,-2.198313404255319,1.0189992553191511
2023-10-17,model2,csi500,2023-06-12,467,-2.011546017130621,-2.288443588561694
2023-10-17,model2,sse50,2023-06-12,49,1.0131738775510204,0.2075622145028245
2023-10-18,model2,csi500,2023-06-12,492,-6.423911077235772,-4.128170483182037
2023-10-18,model2,sse50,2023-06-12,49,-0.6756726530612241,-0.6202707265885056
2023-10-19,model2,csi500,2023-06-12,492,-12.133104959349595,-6.856187351238668
2023-10-19,model2,sse50,2023-06-12,50,-9.0789656,-2.9138214585033992
2023-10-20,model2,csi500,2023-06-12,477,-12.5639006918239,-10.37363890946976
2023-10-20,model2,sse50,2023-06-12,50,-11.0724688,-6.942369017687073
2023-10-23,model2,csi500,2023-06-12,498,-17.708328995983937,-14.135111549052482
2023-10-23,model2,sse50,2023-06-12,49,-16.001587346938773,-12.051007248979587
2023-10-24,model2,csi500,2023-06-12,494,-4.100927611336032,-11.457719099714629
2023-10-24,model2,sse50,2023-06-12,48,-4.17541125,-10.416489132312922
2023-10-25,model2,csi500,2023-06-12,485,0.4145435670103092,-7.131571013436559
2023-10-25,model2,sse50,2023-06-12,50,-2.088838,-7.421945532312922
2023-10-26,model2,csi500,2023-06-12,470,1.9409318723404259,-0.5818173906617715
2023-10-26,model2,sse50,2023-06-12,45,3.55116,-0.9043630833333309
2023-10-27,model2,csi500,2023-06-12,485,8.04883501030928,3.468103483219999
2023-10-27,model2,sse50,2023-06-12,49,6.846352857142858,2.769558285714288
2023-10-30,model2,csi500,2023-06-12,491,10.652962403258657,6.880909761969448
2023-10-30,model2,sse50,2023-06-12,49,6.57852,5.658677619047622
2023-10-31,model2,csi500,2023-06-12,467,5.888463683083512,8.19675369888381
2023-10-31,model2,sse50,2023-06-12,48,1.7306852083333333,5.051852688492066
2023-11-01,model2,csi500,2023-06-12,465,2.2416272688172043,6.2610177850531175
2023-11-01,model2,sse50,2023-06-12,49,0.5750602040816327,2.961421804138324
2023-11-02,model2,csi500,2023-06-12,479,-3.540601837160751,1.5298297049133158
2023-11-02,model2,sse50,2023-06-12,50,-2.0081588,0.09919553747165777
2023-11-03,model2,csi500,2023-06-12,473,-1.191388329809725,-0.8301209660510965
2023-11-03,model2,sse50,2023-06-12,50,0.07977720000000005,-0.4511071319727866
2023-11-06,model2,csi500,2023-06-12,495,1.9062317777777777,-0.9419194630642386
2023-11-06,model2,sse50,2023-06-12,49,2.7781836734693877,0.28326735782313167
2023-11-07,model2,csi500,2023-06-12,471,0.3351476008492571,0.3499970162724307
2023-11-07,model2,sse50,2023-06-12,47,1.2934936170212767,1.3838181634968905
2023-11-08,model2,csi500,2023-06-12,488,-1.309858913934426,0.310506821564197
2023-11-08,model2,sse50,2023-06-12,50,0.2999038000000001,1.457193696830224
2023-11-09,model2,csi500,2023-06-12,467,-1.8943131049250532,-0.9563414726700801
2023-11-09,model2,sse50,2023-06-12,50,0.33104240000000035,0.6414799390070948
2023-11-10,model2,csi500,2023-06-12,467,-3.5185066167023553,-2.2408928785206172
2023-11-10,model2,sse50,2023-06-12,46,-3.441756304347826,-0.9369367014492728
2023-11-13,model2,csi500,2023-06-12,482,-1.2917676556016595,-2.234862459076362
2023-11-13,model2,sse50,2023-06-12,50,-5.0864026,-2.732372168115939
2023-11-14,model2,csi500,2023-06-12,462,0.5606882683982686,-1.4165286679685882
2023-11-14,model2,sse50,2023-06-12,46,-4.282563695652174,-4.270240866666665
2023-11-15,model2,csi500,2023-06-12,468,2.5241108333333333,0.5976771487099747
2023-11-15,model2,sse50,2023-06-12,49,0.8042632653061225,-2.8549010101153485
2023-11-16,model2,csi500,2023-06-12,485,-0.9632523298969071,0.7071822572782255
2023-11-16,model2,sse50,2023-06-12,50,-2.2417596,-1.9066866767820148
2023-11-17,model2,csi500,2023-06-12,464,-0.25816327586206883,0.4342317425247797
2023-11-17,model2,sse50,2023-06-12,47,-3.8012782978723405,-1.7462582108554034
2023-11-20,model2,csi500,2023-06-12,471,1.1629329511677284,-0.019494218197088593
2023-11-20,model2,sse50,2023-06-12,43,-1.98915488372093,-2.677397593864421
2023-11-21,model2,csi500,2023-06-12,463,-0.37982974082073423,0.17497997816163569
2023-11-21,model2,sse50,2023-06-12,43,-0.7591767441860464,-2.1832033085931033
2023-11-22,model2,csi500,2023-06-12,484,-4.475796260330578,-1.2308976833278675
2023-11-22,model2,sse50,2023-06-12,49,-4.357962857142857,-2.368764828349942
2023-11-23,model2,csi500,2023-06-12,484,0.2743567975206613,-1.5270897345435566
2023-11-23,model2,sse50,2023-06-12,46,-1.7433004347826084,-2.2868133453705015
2023-11-24,model2,csi500,2023-06-12,476,-1.1537395168067228,-1.7850596598722195
2023-11-24,model2,sse50,2023-06-12,47,-3.482919574468085,-3.194727622131181
2023-11-27,model2,csi500,2023-06-12,475,-2.8086872,-1.2293566397620268
2023-11-27,model2,sse50,2023-06-12,49,-6.237993877551021,-3.821404628933902
2023-11-28,model2,csi500,2023-06-12,466,0.37069087982832627,-1.197245278992805
2023-11-28,model2,sse50,2023-06-12,49,-5.755118367346939,-5.158677273122013
2023-11-29,model2,csi500,2023-06-12,490,-2.2262673061224487,-1.554754542098047
2023-11-29,model2,sse50,2023-06-12,50,-8.8059948,-6.933035681632652
2023-11-30,model2,csi500,2023-06-12,467,-3.24979852248394,-1.7017916495926937
2023-11-30,model2,sse50,2023-06-12,48,-4.954068333333333,-6.505060500226755
2023-12-01,model2,csi500,2023-06-12,470,-0.9543149574468084,-2.1434602620177388
2023-12-01,model2,sse50,2023-06-12,47,-4.911462127659575,-6.2238417536643
2023-12-04,model2,csi500,2023-06-12,467,-2.7160660813704496,-2.3067265204337386
2023-12-04,model2,sse50,2023-06-12,49,-8.164024489795919,-6.009851650262941
2023-12-05,model2,csi500,2023-06-12,498,-9.159160401606426,-4.276513813474568
2023-12-05,model2,sse50,2023-06-12,50,-13.1339948,-8.736493805818496
2023-12-06,model2,csi500,2023-06-12,459,-4.51582734204793,-5.463684608341609
2023-12-06,model2,sse50,2023-06-12,47,-7.8588902127659575,-9.71896983418729
2023-12-07,model2,csi500,2023-06-12,471,-2.716145583864119,-5.463711109172832
2023-12-07,model2,sse50,2023-06-12,49,-9.290802040816327,-10.094562351194094
2023-12-08,model2,csi500,2023-06-12,476,-2.844560441176471,-3.3588444556961803
2023-12-08,model2,sse50,2023-06-12,48,-4.361977083333334,-7.170556445638538
2023-12-11,model2,csi500,2023-12-11,486,2.3652299176954736,-1.0651587024483786
2023-12-11,model2,sse50,2023-12-11,48,1.58722,-4.021853041383218
2023-12-12,model2,csi500,2023-12-11,477,2.642022431865828,0.720897302794937
2023-12-12,model2,sse50,2023-12-11,50,2.4637219999999997,-0.1036783611111088
2023-12-13,model2,csi500,2023-12-11,489,-2.7707737832310837,0.7454928554433996
2023-12-13,model2,sse50,2023-12-11,47,-1.016645744680851,1.0114320851063854
2023-12-14,model2,csi500,2023-12-11,460,-4.618124413043478,-1.5822919214695848
2023-12-14,model2,sse50,2023-12-11,47,-2.9161389361702126,-0.48968756028368543
2023-12-15,model2,csi500,2023-12-11,479,-7.154501294363257,-4.847799830212613
2023-12-15,model2,sse50,2023-12-11,50,-6.342021599999999,-3.424935426950352
2023-12-18,model2,csi500,2023-12-11,490,-12.710766897959184,-8.161130868455313
2023-12-18,model2,sse50,2023-12-11,49,-10.770251836734694,-6.676137457634966
2023-12-19,model2,csi500,2023-12-11,467,-9.827254004282656,-9.897507398868372
2023-12-19,model2,sse50,2023-12-11,48,-5.822363333333333,-7.644878923356006
2023-12-20,model2,csi500,2023-12-11,477,-12.573113039832286,-11.703711314024716
2023-12-20,model2,sse50,2023-12-11,48,-8.349984791666666,-8.314199987244896
2023-12-21,model2,csi500,2023-12-11,468,-4.772695683760683,-9.057687575958548
2023-12-21,model2,sse50,2023-12-11,46,2.2112889130434783,-3.9870197373188376
2023-12-22,model2,csi500,2023-12-11,476,-4.433362542016806,-7.259723755203265
2023-12-22,model2,sse50,2023-12-11,49,4.478417551020407,-0.5534261092009247
2023-12-25,model2,csi500,2023-12-11,477,-2.9193315513626836,-4.041796592380064
2023-12-25,model2,sse50,2023-12-11,49,4.666619591836735,3.7854420186335425
2023-12-26,model2,csi500,2023-12-11,488,-5.628109631147541,-4.32693457484235
2023-12-26,model2,sse50,2023-12-11,49,0.39828979591836744,3.1811089795918384
2023-12-27,model2,csi500,2023-12-11,477,-2.7517115094339624,-3.7663842306480695
2023-12-27,model2,sse50,2023-12-11,46,1.5696489130434783,2.211519433599529
2023-12-28,model2,csi500,2023-12-11,490,2.1737123673469387,-2.0687029244115283
2023-12-28,model2,sse50,2023-12-11,49,1.3519251020408165,1.1066212703342229
2023-12-29,model2,csi500,2023-12-11,476,3.8975673529411767,1.1065227369513775
2023-12-29,model2,sse50,2023-12-11,47,1.7657134042553193,1.5624291397798735
2024-01-02,model2,csi500,2023-12-11,476,2.7660141596638654,2.9457646266506536
2024-01-02,model2,sse50,2023-12-11,49,-0.9994632653061225,0.7060584136633398
2024-01-03,model2,csi500,2023-12-11,483,2.8790396894409938,3.180873734015338
2024-01-03,model2,sse50,2023-12-11,50,-0.9672463999999996,-0.06699875368359887
2024-01-04,model2,csi500,2023-12-11,477,-2.460183647798742,1.0616234004353655
2024-01-04,model2,sse50,2023-12-11,50,-3.7317127999999995,-1.8994741551020384
2024-01-05,model2,csi500,2023-12-11,486,-9.84256072016461,-3.1412348928407927
2024-01-05,model2,sse50,2023-12-11,49,-9.447296734693877,-4.715418644897956
2024-01-08,model2,csi500,2023-12-11,495,-19.38600818181818,-10.562917516593851
2024-01-08,model2,sse50,2023-12-11,49,-14.607766530612246,-9.262258688435372
2024-01-09,model2,csi500,2023-12-11,469,-11.049373240938165,-13.42598071430699
2024-01-09,model2,sse50,2023-12-11,47,-7.389528936170213,-10.481530733825444
2024-01-10,model2,csi500,2023-12-11,472,-9.357574512711864,-13.264318645156076
2024-01-10,model2,sse50,2023-12-11,48,-7.6021616666666665,-9.866485711149707
2024-01-11,model2,csi500,2023-12-11,485,0.30042482474226817,-6.702174309635926
2024-01-11,model2,sse50,2023-12-11,50,-2.4427002,-5.811463600945625
2024-01-12,model2,csi500,2023-12-11,478,1.5195428870292886,-2.5125356003134414
2024-01-12,model2,sse50,2023-12-11,47,-0.1400036170212766,-3.3949551612293125
2024-01-15,model2,csi500,2023-12-11,473,-0.19429591966173354,0.5418905973699352
2024-01-15,model2,sse50,2023-12-11,48,0.3571879166666667,-0.7418386334515349
2024-01-16,model2,csi500,2023-12-11,476,-1.2417556302521007,0.027830445705145628
2024-01-16,model2,sse50,2023-12-11,49,2.829089591836735,1.0154246304940433
2024-01-17,model2,csi500,2023-12-11,499,-8.090919238476953,-3.1756569294636017
2024-01-17,model2,sse50,2023-12-11,50,-3.373601,-0.06244116383219778
2024-01-18,model2,csi500,2023-12-11,481,-9.674834137214138,-6.335836335314403
2024-01-18,model2,sse50,2023-12-11,48,0.727908125,0.061132238945580064
2024-01-19,model2,csi500,2023-12-11,483,-11.811897681159419,-9.859217018950176
2024-01-19,model2,sse50,2023-12-11,49,1.8106781632653062,-0.27833823724489615
2024-01-22,model2,csi500,2023-12-11,500,-17.93658532,-13.141105712791193
2024-01-22,model2,sse50,2023-12-11,47,-1.1562717021276596,0.46077152871255067
2024-01-23,model2,csi500,2023-12-11,492,-2.2845688617886175,-10.677683954316018
2024-01-23,model2,sse50,2023-12-11,47,-2.0994502127659573,-0.4816812505427685
2024-01-24,model2,csi500,2023-12-11,490,2.247169795918367,-5.991328128623422
2024-01-24,model2,sse50,2023-12-11,50,2.2524290000000002,-0.3344309716312039
2024-01-25,model2,csi500,2023-12-11,500,5.870641600000001,1.9444141780432442
2024-01-25,model2,sse50,2023-12-11,50,5.4331846,1.8620544624113495
2024-01-26,model2,csi500,2023-12-11,485,6.947130927835051,5.021647441251134
2024-01-26,model2,sse50,2023-12-11,50,7.0042226,4.896612066666669
2024-01-29,model2,csi500,2023-12-11,487,1.1378495482546205,4.651874025363218
2024-01-29,model2,sse50,2023-12-11,50,6.6438278,6.360411666666669
2024-01-30,model2,csi500,2023-12-11,495,-6.7731647474747465,0.4372719095383024
2024-01-30,model2,sse50,2023-12-11,47,-5.402915744680851,2.748378218439718
2024-01-31,model2,csi500,2023-12-11,495,-14.518292424242425,-6.717869207820857
2024-01-31,model2,sse50,2023-12-11,50,-8.665512,-2.4748666482269486
2024-02-01,model2,csi500,2023-12-11,483,-19.0376583436853,-13.443038505134163
2024-02-01,model2,sse50,2023-12-11,48,-8.493485,-7.520637581560282
2024-02-02,model2,csi500,2023-12-11,494,-24.039484089068825,-19.198478285665526
2024-02-02,model2,sse50,2023-12-11,46,-9.802966086956522,-8.987321028985505
2024-02-05,model2,csi500,2023-12-11,495,-23.19228507070707,-22.089809167820402
2024-02-05,model2,sse50,2023-12-11,48,-4.324858333333333,-7.54043647342995
2024-02-06,model2,csi500,2023-12-11,500,2.6497981,-14.860657019925306
2024-02-06,model2,sse50,2023-12-11,50,3.911612,-3.4054041400966173
2024-02-07,model2,csi500,2023-12-11,500,7.24018382,-4.434101050235696
2024-02-07,model2,sse50,2023-12-11,49,7.46201612244898,2.3495899297052167
2024-02-08,model2,csi500,2023-12-11,485,6.59896550515464,5.496315808384874
2024-02-08,model2,sse50,2023-12-11,49,9.234394285714286,6.869340802721091
2024-02-19,model2,csi500,2023-12-11,488,3.3801742008196722,5.7397745086580985
2024-02-19,model2,sse50,2023-12-11,50,10.0577568,8.918055736054422
2024-02-20,model2,csi500,2023-12-11,478,1.3553603765690379,3.778166694181111
2024-02-20,model2,sse50,2023-12-11,49,6.127703265306123,8.47328478367347
2024-02-21,model2,csi500,2023-12-11,471,0.27989384288747354,1.6718094734253885
2024-02-21,model2,sse50,2023-12-11,48,5.9659545833333345,7.3838048828798195
2024-02-22,model2,csi500,2023-12-11,471,2.4799745222929936,1.3717429139164956
2024-02-22,model2,sse50,2023-12-11,49,10.051082040816326,7.381579963151928
2024-02-23,model2,csi500,2023-12-11,467,3.94245017130621,2.2341061788288865
2024-02-23,model2,sse50,2023-12-11,50,9.9597742,8.658936941383221
2024-02-26,model2,csi500,2023-12-11,485,3.6795528041237113,3.367325832574299
2024-02-26,model2,sse50,2023-12-11,50,-0.46824,6.514205413605443
2024-02-27,model2,csi500,2023-12-11,498,9.556550261044178,5.726184412158027
2024-02-27,model2,sse50,2023-12-11,48,2.3105406250000002,3.9340249416666677
2024-02-28,model2,csi500,2023-12-11,493,-0.6466141176470588,4.196496315840271
2024-02-28,model2,sse50,2023-12-11,47,-2.227148510638298,-0.12828262854609815
2024-02-29,model2,csi500,2023-12-11,498,1.965600903614458,3.6251790156705197
2024-02-29,model2,sse50,2023-12-11,48,1.3557333333333335,0.47970848256501303
2024-03-01,model2,csi500,2023-12-11,476,2.5797570588235295,1.2995812815969703
2024-03-01,model2,sse50,2023-12-11,50,3.0293200000000002,0.719301607565013
2024-03-04,model2,csi500,2023-12-11,496,0.4711362500000002,1.6721647374793231
2024-03-04,model2,sse50,2023-12-11,49,2.915513469387755,2.4335222675736974
2024-03-05,model2,csi500,2023-12-11,481,-1.876918004158004,0.39132510155516914
2024-03-05,model2,sse50,2023-12-11,49,5.515469795918367,3.8201010884353757
2024-03-06,model2,csi500,2023-12-11,476,-2.598093025210084,-1.3346249264560353
2024-03-06,model2,sse50,2023-12-11,50,2.0866162000000004,3.5058664884353754
2024-03-07,model2,csi500,2023-12-11,487,-7.761040184804928,-4.078683738057678
2024-03-07,model2,sse50,2023-12-11,49,-1.097757551020408,2.1681094816326545
2024-03-08,model2,csi500,2023-12-11,473,-1.220256913319239,-3.8597967077780897
2024-03-08,model2,sse50,2023-12-11,48,-1.8422881249999996,-0.28447649200680125
2024-03-11,model2,csi500,2023-12-11,491,3.866119714867617,-1.7050591277521896
2024-03-11,model2,sse50,2023-12-11,50,0.5145732000000001,-0.8084908253401347
2024-03-12,model2,csi500,2023-12-11,489,2.4264931697341514,1.6907853237608368
2024-03-12,model2,sse50,2023-12-11,50,0.5247432000000001,-0.2676572416666653
2024-03-13,model2,csi500,2023-12-11,482,1.3259361618257264,2.5395163488091588
2024-03-13,model2,sse50,2023-12-11,50,-4.6072296,-1.1893043999999988
2024-03-14,model2,csi500,2023-12-11,476,-1.6146228151260502,0.712602172144603
2024-03-14,model2,sse50,2023-12-11,50,-5.939053599999999,-3.340513333333332
2024-03-15,model2,csi500,2023-12-11,487,0.5608247433264888,0.0907126966753821
2024-03-15,model2,sse50,2023-12-11,47,-7.614986382978723,-6.053756527659573
2024-03-18,model2,csi500,2023-12-11,480,3.938785625,0.9616625177334733
2024-03-18,model2,sse50,2023-12-11,48,0.3791166666666666,-4.39164110543735
2024-03-19,model2,csi500,2023-12-11,495,0.48853163636363645,1.662714001563369
2024-03-19,model2,sse50,2023-12-11,50,-0.6161961999999999,-2.6173553054373513
2024-03-20,model2,csi500,2023-12-11,464,0.49794719827586215,1.6417548198798266
2024-03-20,model2,sse50,2023-12-11,49,-0.16400632653061215,-0.13369528662131397
2024-03-21,model2,csi500,2023-12-11,481,-1.4918642619542617,-0.16846180910492725
2024-03-21,model2,sse50,2023-12-11,46,0.35379369565217406,-0.14213627695947814
2024-03-22,model2,csi500,2023-12-11,496,-7.258093124999999,-2.7506700628928056
2024-03-22,model2,sse50,2023-12-11,50,-3.2823611999999995,-1.0308579436261447
2024-03-25,model2,csi500,2023-12-11,490,-11.422771591836735,-6.724242992930338
2024-03-25,model2,sse50,2023-12-11,50,-3.7499743999999997,-2.2261806347826076
2024-03-26,model2,csi500,2023-12-11,476,-9.25319443277311,-9.311353049869954
2024-03-26,model2,sse50,2023-12-11,50,0.026586600000000304,-2.335249666666665
2024-03-27,model2,csi500,2023-12-11,495,-14.845764888888889,-11.84057697116625
2024-03-27,model2,sse50,2023-12-11,50,-1.5648597999999998,-1.7627491999999985
2024-03-28,model2,csi500,2023-12-11,477,-1.530592536687631,-8.543183952783215
2024-03-28,model2,sse50,2023-12-11,49,0.35291061224489817,-0.3951208625850326
2024-03-29,model2,csi500,2023-12-11,485,2.7997850103092783,-4.52552413842242
2024-03-29,model2,sse50,2023-12-11,49,1.7441312244897962,0.17739401224489937
2024-04-01,model2,csi500,2023-12-11,498,5.49729953815261,2.2554973372580798
2024-04-01,model2,sse50,2023-12-11,49,3.6234285714285717,1.9068234693877564
2024-04-02,model2,csi500,2023-12-11,484,5.739565433884297,4.678883327448723
2024-04-02,model2,sse50,2023-12-11,49,2.9056944897959185,2.75775142857143
2024-04-03,model2,csi500,2023-12-11,484,6.09414035123967,5.77700177442552
2024-04-03,model2,sse50,2023-12-11,49,0.9942165306122451,2.5077798639455797
2024-04-08,model2,csi500,2023-12-11,487,-2.5934188090349073,3.0800956586963473
2024-04-08,model2,sse50,2023-12-11,50,-2.8428967999999997,0.3523380734693891
2024-04-09,model2,csi500,2023-12-11,486,-0.44336543209876533,1.0191187033686597
2024-04-09,model2,sse50,2023-12-11,50,-4.1686096,-2.005763289795917
2024-04-10,model2,csi500,2023-12-11,486,-2.8659173868312755,-1.9675672093216552
2024-04-10,model2,sse50,2023-12-11,49,-8.01454,-5.008682133333332
2024-04-11,model2,csi500,2023-12-11,486,-1.1012760699588475,-1.470186296296302
2024-04-11,model2,sse50,2023-12-11,48,-3.856521666666667,-5.346557088888887
2024-04-12,model2,csi500,2023-12-11,487,-2.8058972895277203,-2.2576969154392867
2024-04-12,model2,sse50,2023-12-11,48,-6.318862916666666,-6.063308194444443
2024-04-15,model2,csi500,2023-12-11,488,-0.7801902049180327,-1.5624545214682062
2024-04-15,model2,sse50,2023-12-11,50,0.875734,-3.0998835277777768
2024-04-16,model2,csi500,2023-12-11,495,-6.218437797979798,-3.2681750974751895
2024-04-16,model2,sse50,2023-12-11,47,-1.3609929787234045,-2.268040631796689
2024-04-17,model2,csi500,2023-12-11,496,1.9649889717741937,-1.6778796770412179
2024-04-17,model2,sse50,2023-12-11,50,4.1379846,1.2175752070921997
2024-04-18,model2,csi500,2023-12-11,489,2.9235776687116566,-0.44329038583132174
2024-04-18,model2,sse50,2023-12-11,50,5.738581,2.8385242070921994
2024-04-19,model2,csi500,2023-12-11,483,0.5065039130434784,1.798356851176437
2024-04-19,model2,sse50,2023-12-11,49,2.6083963265306123,4.161653975510205
2024-04-22,model2,csi500,2023-12-11,491,-1.0621393686354377,0.7893140710398932
2024-04-22,model2,sse50,2023-12-11,49,-1.2500163265306121,2.365653666666668
2024-04-23,model2,csi500,2023-12-11,492,-3.967382601626016,-1.5076726857393308
2024-04-23,model2,sse50,2023-12-11,48,-3.6159858333333332,-0.7525352777777764
2024-04-24,model2,csi500,2023-12-11,474,-1.8835940506329114,-2.3043720069647944
2024-04-24,model2,sse50,2023-12-11,48,-1.06613875,-1.9773803032879804
2024-04-25,model2,csi500,2023-12-11,483,-0.26051838509316766,-2.0371650124507044
2024-04-25,model2,sse50,2023-12-11,46,2.2185713043478263,-0.8211844263285011
2024-04-26,model2,csi500,2023-12-11,493,3.228217687626775,0.36136841730022606
2024-04-26,model2,sse50,2023-12-11,48,4.78991375,1.9807821014492768
2024-04-29,model2,csi500,2023-12-11,492,7.315801829268293,3.4278337106006274
2024-04-29,model2,sse50,2023-12-11,48,6.962356458333333,4.65694717089372
2024-04-30,model2,csi500,2023-12-11,486,4.154985308641976,4.899668275179009
2024-04-30,model2,sse50,2023-12-11,48,-0.20112875,3.850380486111112
2024-05-06,model2,csi500,2023-12-11,486,6.70157779835391,6.05745497875472
2024-05-06,model2,sse50,2023-12-11,50,0.1769492000000001,2.312725636111112
2024-05-07,model2,csi500,2023-12-11,477,4.1259854926624735,4.994182866552781
2024-05-07,model2,sse50,2023-12-11,47,2.8644825531914897,0.9467676677304978
2024-05-08,model2,csi500,2023-12-11,494,-1.3147683805668016,3.1709316368165212
2024-05-08,model2,sse50,2023-12-11,49,-1.5856273469387756,0.4852681354175726
2024-05-09,model2,csi500,2023-12-11,494,2.2959557692307695,1.7023909604421412
2024-05-09,model2,sse50,2023-12-11,48,0.8730331250000001,0.7172961104175726
2024-05-10,model2,csi500,2023-12-11,483,1.4425153002070392,0.8079008962903297
2024-05-10,model2,sse50,2023-12-11,49,1.1625973469387756,0.15000104166666786
2024-05-13,model2,csi500,2023-12-11,483,-0.2796693167701862,1.1529339175558684
2024-05-13,model2,sse50,2023-12-11,50,1.1914426000000002,1.0756910239795932
2024-05-14,model2,csi500,2023-12-11,471,-0.9516300212314224,0.07040532073513761
2024-05-14,model2,sse50,2023-12-11,49,-3.4484681632653063,-0.3648094054421757
2024-05-15,model2,csi500,2023-12-11,490,-6.04964069387755,-2.426980010626392
2024-05-15,model2,sse50,2023-12-11,48,-8.241667083333333,-3.499564215532878
2024-05-16,model2,csi500,2023-12-11,483,-9.534395879917184,-5.511888865008725
2024-05-16,model2,sse50,2023-12-11,50,-8.4495456,-6.713226948866212
2024-05-17,model2,csi500,2023-12-11,495,0.45893874747474755,-5.041699275440002
2024-05-17,model2,sse50,2023-12-11,50,0.8066744,-5.294846094444442
2024-05-20,model2,csi500,2023-12-11,479,1.3044009603340292,-2.590352057369475
2024-05-20,model2,sse50,2023-12-11,49,0.2647134693877552,-2.45938591020408
2024-05-21,model2,csi500,2023-12-11,492,-0.8653944105691057,0.2993150990798844
2024-05-21,model2,sse50,2023-12-11,50,-1.3983847999999997,-0.10899897687074638
2024-05-22,model2,csi500,2023-12-11,478,-0.8935062133891213,-0.15149988787473853
2024-05-22,model2,sse50,2023-12-11,49,1.8814740816326532,0.24926758367347138
2024-05-23,model2,csi500,2023-12-11,499,-5.611224809619238,-2.456708477859161
2024-05-23,model2,sse50,2023-12-11,50,-3.8108677999999996,-1.1092595061224468
2024-05-24,model2,csi500,2023-12-11,481,-9.027277380457381,-5.177336134488586
2024-05-24,model2,sse50,2023-12-11,48,-9.475552500000001,-3.8016487394557807
2024-05-27,model2,csi500,2023-12-11,479,-2.0891752400835073,-5.575892476720047
2024-05-27,model2,sse50,2023-12-11,49,-2.9814995918367346,-5.422639963945577
2024-05-28,model2,csi500,2023-12-11,494,-4.704704777327935,-5.273719132622947
2024-05-28,model2,sse50,2023-12-11,49,-4.89989387755102,-5.785648656462583
2024-05-29,model2,csi500,2023-12-11,470,-2.977504468085106,-3.257128161832189
2024-05-29,model2,sse50,2023-12-11,50,-0.7465633999999999,-2.8759856231292495
2024-05-30,model2,csi500,2023-12-11,481,-2.306229625779626,-3.329479623730895
2024-05-30,model2,sse50,2023-12-11,50,-3.5934944,-3.0799838925170047
2024-05-31,model2,csi500,2023-12-11,468,-2.527481773504274,-2.603738622456341
2024-05-31,model2,sse50,2023-12-11,47,-6.551328085106383,-3.630461961702126
2024-06-03,model2,csi500,2023-12-11,494,-4.78642931174089,-3.206713570341602
2024-06-03,model2,sse50,2023-12-11,49,-4.048671428571429,-4.731164637892602
2024-06-04,model2,csi500,2023-12-11,479,1.3500247599164927,-1.9879621084428962
2024-06-04,model2,sse50,2023-12-11,47,0.3179510638297873,-3.4273494832826734
2024-06-05,model2,csi500,2023-12-11,494,-1.2828337651821862,-1.5730794390022005
2024-06-05,model2,sse50,2023-12-11,49,-1.2511673469387754,-1.6606292372268043
2024-06-06,model2,csi500,2023-12-11,497,-5.051782555331991,-1.661530520199234
2024-06-06,model2,sse50,2023-12-11,48,-0.6448295833333333,-0.5260152888141056
2024-06-07,model2,csi500,2023-12-11,489,-3.6742979141104293,-3.336304744874875
2024-06-07,model2,sse50,2023-12-11,47,-1.0995336170212764,-0.998510182431127
2024-06-11,model2,csi500,2023-12-11,484,-1.7173404958677687,-3.4811403217700687
2024-06-11,model2,sse50,2023-12-11,50,-4.999147799999999,-2.2478370001182015
2024-06-12,model2,csi500,2023-12-11,472,-1.5897604237288134,-2.32713294456901
2024-06-12,model2,sse50,2023-12-11,50,-5.0488284,-3.7158366056737573
2024-06-13,model2,csi500,2023-12-11,485,-2.777634804123711,-2.0282452412401035
2024-06-13,model2,sse50,2023-12-11,50,-5.847580399999999,-5.298518866666665
2024-06-14,model2,csi500,2023-12-11,488,-0.9707690163934426,-1.7793880814153284
2024-06-14,model2,sse50,2023-12-11,50,0.8755944000000001,-3.3402714666666653
2024-06-17,model2,csi500,2024-06-17,473,-1.0576550739957715,-1.6020196315043143
2024-06-17,model2,sse50,2024-06-17,48,-1.0238616666666667,-1.9986158888888876
2024-06-18,model2,csi500,2024-06-17,478,-0.2368433891213388,-0.7550891598368569
2024-06-18,model2,sse50,2024-06-17,50,2.0315918,0.6277748444444456
2024-06-19,model2,csi500,2024-06-17,488,-5.620934569672132,-2.3051443442630863
2024-06-19,model2,sse50,2024-06-17,49,1.7208316326530613,0.9095205886621326
2024-06-20,model2,csi500,2024-06-17,498,-9.087582971887551,-4.981786976893679
2024-06-20,model2,sse50,2024-06-17,49,-2.147238367346939,0.5350616884353755
2024-06-21,model2,csi500,2024-06-17,473,-6.615143890063425,-7.107887143874375
2024-06-21,model2,sse50,2024-06-17,48,-1.9164083333333333,-0.7809383560090689
2024-06-24,model2,csi500,2024-06-17,494,-11.23753536437247,-8.980087408774487
2024-06-24,model2,sse50,2024-06-17,49,-1.3575626530612246,-1.8070697845804975
2024-06-25,model2,csi500,2024-06-17,483,-11.891325155279503,-9.914668136571805
2024-06-25,model2,sse50,2024-06-17,48,-3.3292764583333327,-2.201082481575962
2024-06-26,model2,csi500,2024-06-17,492,-0.24629398373983738,-7.791718167797275
2024-06-26,model2,sse50,2024-06-17,48,1.8107156250000003,-0.9587078287981846
2024-06-27,model2,csi500,2024-06-17,495,-2.9920894949494947,-5.043236211322951
2024-06-27,model2,sse50,2024-06-17,49,1.4034646938775508,-0.038365379818592706
2024-06-28,model2,csi500,2024-06-17,483,-2.4862118840579708,-1.908198454249107
2024-06-28,model2,sse50,2024-06-17,49,2.897997346938776,2.03739255527211
2024-07-01,model2,csi500,2024-06-17,492,1.3492226422764229,-1.3763595789103533
2024-07-01,model2,sse50,2024-06-17,49,3.7408202040816323,2.6807607482993205
2024-07-02,model2,csi500,2024-06-17,481,-0.8370924532224532,-0.6580272316680063
2024-07-02,model2,sse50,2024-06-17,47,3.3818348936170217,3.3402174815458117
2024-07-03,model2,csi500,2024-06-17,472,-3.2093810169491523,-0.8990836092984001
2024-07-03,model2,sse50,2024-06-17,49,-2.3899330612244896,1.5775740121580561
2024-07-04,model2,csi500,2024-06-17,498,-7.020694558232932,-3.6890560094681852
2024-07-04,model2,sse50,2024-06-17,49,-3.298039183673469,-0.7687124504269777
2024-07-05,model2,csi500,2024-06-17,480,-4.2294618125,-4.819845795894033
2024-07-05,model2,sse50,2024-06-17,49,-3.7113240816326534,-3.1330987755102027
2024-07-08,model2,csi500,2024-06-17,499,-7.439796072144288,-6.229984147625746
2024-07-08,model2,sse50,2024-06-17,49,-5.221552244897959,-4.0769718367346925
2024-07-09,model2,csi500,2024-06-17,484,-0.8753469421487603,-4.1815349422643555
2024-07-09,model2,sse50,2024-06-17,50,-1.068854,-3.3339101088435363
2024-07-10,model2,csi500,2024-06-17,477,-0.962481928721174,-3.0925416476714136
2024-07-10,model2,sse50,2024-06-17,50,1.5657472000000001,-1.5748863482993183
2024-07-11,model2,csi500,2024-06-17,496,2.5718106451612908,0.2446605914304462
2024-07-11,model2,sse50,2024-06-17,48,5.144318541666666,1.88040391388889
2024-07-12,model2,csi500,2024-06-17,481,2.913076361746362,1.507468359395487
2024-07-12,model2,sse50,2024-06-17,49,7.148881632653062,4.619649124773244
2024-07-15,model2,csi500,2024-06-17,479,0.17841519832985403,1.8877674017458297
2024-07-15,model2,sse50,2024-06-17,50,1.9820892,4.7584297914399105
2024-07-16,model2,csi500,2024-06-17,472,-0.8322798728813557,0.7530705623982809
2024-07-16,model2,sse50,2024-06-17,48,3.660591875,4.263854235884355
2024-07-17,model2,csi500,2024-06-17,477,-3.0485564570230603,-1.2341403771915267
2024-07-17,model2,sse50,2024-06-17,47,2.6610395744680853,2.76790688315603
2024-07-18,model2,csi500,2024-06-17,472,-0.7540091737288135,-1.5449485012110824
2024-07-18,model2,sse50,2024-06-17,47,4.699365744680851,3.67366573138298
2024-07-19,model2,csi500,2024-06-17,483,0.1599934161490684,-1.214190738200941
2024-07-19,model2,sse50,2024-06-17,49,6.909671836734693,4.756692385294545
2024-07-22,model2,csi500,2024-06-17,478,-0.8002792677824266,-0.46476500845406316
2024-07-22,model2,sse50,2024-06-17,48,3.296634791666667,4.9685574576940725
2024-07-23,model2,csi500,2024-06-17,491,-7.6768116293279025,-2.7723658269870928
2024-07-23,model2,sse50,2024-06-17,48,-4.5734924999999995,1.8776047094671213
2024-07-24,model2,csi500,2024-06-17,490,-11.786842938775509,-6.754644611961953
2024-07-24,model2,sse50,2024-06-17,49,-5.944688571428571,-2.407182093253967
2024-07-25,model2,csi500,2024-06-17,480,-7.889080479166666,-9.117578349090032
2024-07-25,model2,sse50,2024-06-17,49,-8.309869387755102,-6.27601681972789
2024-07-26,model2,csi500,2024-06-17,487,1.62355340862423,-6.0174566697726535
2024-07-26,model2,sse50,2024-06-17,50,-3.4879636,-5.9141738530612225
2024-07-29,model2,csi500,2024-06-17,474,0.5190265400843883,-1.9155001768193554
2024-07-29,model2,sse50,2024-06-17,50,-0.9054287999999999,-4.234420595918366
2024-07-30,model2,csi500,2024-06-17,475,0.7714148421052633,0.9713315969379547
2024-07-30,model2,sse50,2024-06-17,45,-1.0883337777777777,-1.827242059259258
2024-07-31,model2,csi500,2024-06-17,498,6.3949075301204825,2.561782970770039
2024-07-31,model2,sse50,2024-06-17,50,1.3667726,-0.20899665925925803
2024-08-01,model2,csi500,2024-06-17,469,2.8478391897654585,3.3380538539970623
2024-08-01,model2,sse50,2024-06-17,50,0.3800396000000001,0.21949280740740865
2024-08-02,model2,csi500,2024-06-17,480,-1.8476399791666667,2.465035580239752
2024-08-02,model2,sse50,2024-06-17,49,-1.641730612244898,0.03502719591836856
2024-08-05,model2,csi500,2024-06-17,485,-5.740861505154639,-1.5802207648519548
2024-08-05,model2,sse50,2024-06-17,50,-4.724397199999999,-1.9953627374149647
2024-08-06,model2,csi500,2024-06-17,480,-0.8127227499999999,-2.800408078107108
2024-08-06,model2,sse50,2024-06-17,48,-5.968235833333334,-4.111454548526075
2024-08-07,model2,csi500,2024-06-17,477,-0.7618024109014675,-2.438462222018708
2024-08-07,model2,sse50,2024-06-17,49,-5.572191020408162,-5.42160801791383
2024-08-08,model2,csi500,2024-06-17,484,0.2619842768595042,-0.4375136280139937
2024-08-08,model2,sse50,2024-06-17,48,-2.5213370833333335,-4.687254645691609
2024-08-09,model2,csi500,2024-06-17,477,-1.9898766247379456,-0.8298982529266422
2024-08-09,model2,sse50,2024-06-17,49,-3.0914379591836734,-3.7283220209750545
2024-08-12,model2,csi500,2024-06-17,477,-4.384781446540881,-2.0375579314731134
2024-08-12,model2,sse50,2024-06-17,48,-3.0766991666666663,-2.8964914030612228
2024-08-13,model2,csi500,2024-06-17,479,-0.9491932567849686,-2.441283776021271
2024-08-13,model2,sse50,2024-06-17,50,-0.011338599999999739,-2.0598252419501115
2024-08-14,model2,csi500,2024-06-17,487,-4.183198973305955,-3.1723912255439406
2024-08-14,model2,sse50,2024-06-17,48,-3.0276152083333336,-2.038550991666665
2024-08-15,model2,csi500,2024-06-17,486,-0.6117434567901233,-1.9147118956270217
2024-08-15,model2,sse50,2024-06-17,50,3.4434456000000004,0.13483059722222382
2024-08-16,model2,csi500,2024-06-17,489,-2.1492049079754603,-2.314715779357185
2024-08-16,model2,sse50,2024-06-17,50,4.390413,1.602081130555557
2024-08-19,model2,csi500,2024-06-17,484,-1.9060931611570247,-1.5556805086408751
2024-08-19,model2,sse50,2024-06-17,47,6.646018085106384,4.826625561702129
2024-08-20,model2,csi500,2024-06-17,495,-6.283204323232323,-3.4461674641216082
2024-08-20,model2,sse50,2024-06-17,49,4.007640816326531,5.0146906338109725
2024-08-21,model2,csi500,2024-06-17,479,-8.720885407098121,-5.636727630495829
2024-08-21,model2,sse50,2024-06-17,46,-3.639201956521739,2.3381523149703938
2024-08-22,model2,csi500,2024-06-17,492,-13.858170406504065,-9.620753378944842
2024-08-22,model2,sse50,2024-06-17,48,-6.747475208333333,-2.1263454495095124
2024-08-23,model2,csi500,2024-06-17,466,-9.11847982832618,-10.565845213976127
2024-08-23,model2,sse50,2024-06-17,48,-2.8175508333333332,-4.401409332729467
2024-08-26,model2,csi500,2024-06-17,480,-3.2231036250000002,-8.733251286610086
2024-08-26,model2,sse50,2024-06-17,46,-1.1218160869565217,-3.5622807095410614
2024-08-27,model2,csi500,2024-06-17,489,-4.190370163599182,-5.510651205641793
2024-08-27,model2,sse50,2024-06-17,48,-0.4047116666666666,-1.4480261956521723
2024-08-28,model2,csi500,2024-06-17,478,-2.9047742468619244,-3.439416011820375
2024-08-28,model2,sse50,2024-06-17,50,-3.807387,-1.777971584541061
2024-08-29,model2,csi500,2024-06-17,484,1.4922712396694215,-1.8676243902639007
2024-08-29,model2,sse50,2024-06-17,48,-3.4194341666666666,-2.5438442777777763
2024-08-30,model2,csi500,2024-06-17,488,5.097521639344262,1.2283395440505807
2024-08-30,model2,sse50,2024-06-17,50,-0.9460331999999998,-2.7242847888888875
2024-09-02,model2,csi500,2024-06-17,488,-0.0832961270491803,2.168832250654829
2024-09-02,model2,sse50,2024-06-17,50,-3.5320408,-2.632502722222221
2024-09-03,model2,csi500,2024-06-17,479,1.4553838622129436,2.156536458169336
2024-09-03,model2,sse50,2024-06-17,49,-3.547659183673469,-2.6752443945578217
2024-09-04,model2,csi500,2024-06-17,480,0.6724805833333334,0.6815227728323596
2024-09-04,model2,sse50,2024-06-17,47,-5.064681914893617,-4.048127299522361
2024-09-05,model2,csi500,2024-06-17,474,1.6246765822784812,1.2508470092749135
2024-09-05,model2,sse50,2024-06-17,47,-4.319065957446808,-4.310469018671297
2024-09-06,model2,csi500,2024-06-17,483,-3.102115714285714,-0.2683195162246392
2024-09-06,model2,sse50,2024-06-17,46,-3.295895652173913,-4.226547841504778
2024-09-09,model2,csi500,2024-06-17,476,-6.976076785714286,-2.8178386392405117
2024-09-09,model2,sse50,2024-06-17,49,-6.219228979591836,-4.61139686307085
2024-09-10,model2,csi500,2024-06-17,485,-7.101288082474227,-5.726493527491415
2024-09-10,model2,sse50,2024-06-17,49,-3.6913171428571427,-4.402147258207629
2024-09-11,model2,csi500,2024-06-17,481,-5.6452134511434515,-6.574192773110661
2024-09-11,model2,sse50,2024-06-17,49,-1.9454330612244897,-3.951993061224488
2024-09-12,model2,csi500,2024-06-17,476,-4.237183067226891,-5.661228200281529
2024-09-12,model2,sse50,2024-06-17,46,-3.0500530434782607,-2.895601082519962
2024-09-13,model2,csi500,2024-06-17,486,-6.021759588477366,-5.301385368949242
2024-09-13,model2,sse50,2024-06-17,48,-2.886759375,-2.627415159900915
2024-09-18,model2,csi500,2024-06-17,476,-5.467815924369748,-5.242252860024673
2024-09-18,model2,sse50,2024-06-17,49,2.7375936734693878,-1.066406248336289
2024-09-19,model2,csi500,2024-06-17,495,2.2311086464646466,-3.0861556221274955
2024-09-19,model2,sse50,2024-06-17,48,5.207847083333333,1.6862271272675755
2024-09-20,model2,csi500,2024-06-17,481,0.1997773596673598,-1.0123099727459197
2024-09-20,model2,sse50,2024-06-17,47,6.700677021276596,4.882039259359774
2024-09-23,model2,csi500,2024-06-17,478,-0.9262249790794979,0.5015536756841635
2024-09-23,model2,sse50,2024-06-17,47,6.01938914893617,5.975971084515368
2024-09-24,model2,csi500,2024-06-17,500,5.41724764,1.5636000068626148
2024-09-24,model2,sse50,2024-06-17,50,10.759514200000002,7.8265267900709246
2024-09-25,model2,csi500,2024-06-17,491,6.979168961303462,3.8233972074079823
2024-09-25,model2,sse50,2024-06-17,49,14.527698163265306,10.435533837400493
2024-09-26,model2,csi500,2024-06-17,499,13.026979498997996,8.474465366767147
2024-09-26,model2,sse50,2024-06-17,50,21.521119000000002,15.602777121088437
2024-09-27,model2,csi500,2024-06-17,496,25.61732997983871,15.207826146713385
2024-09-27,model2,sse50,2024-06-17,50,22.7771744,19.608663854421774
2024-09-30,model2,csi500,2024-06-17,499,35.82184977955912,24.822053086131934
2024-09-30,model2,sse50,2024-06-17,50,32.322756600000005,25.540350000000004
2024-10-08,model2,csi500,2024-06-17,497,36.76370348088531,32.73429441342771
2024-10-08,model2,sse50,2024-06-17,50,29.5818442,28.2272584
2024-10-09,model2,csi500,2024-06-17,499,1.8213044088176353,24.802285889754017
2024-10-09,model2,sse50,2024-06-17,50,2.3495584000000003,21.418053066666673
2024-10-10,model2,csi500,2024-06-17,496,-1.222817258064516,12.454063543879473
2024-10-10,model2,sse50,2024-06-17,50,0.9437746000000001,10.958392400000001
2024-10-11,model2,csi500,2024-06-17,499,-4.698561743486973,-1.3666915309112895
2024-10-11,model2,sse50,2024-06-17,48,-1.83500375,0.48610975000000245
2024-10-14,model2,csi500,2024-06-17,495,-0.5102832121212121,-2.143887404557572
2024-10-14,model2,sse50,2024-06-17,50,-0.10990999999999994,-0.3337130499999976
2024-10-15,model2,csi500,2024-06-17,494,-3.2108017206477735,-2.806548892085324
2024-10-15,model2,sse50,2024-06-17,50,-3.0339191999999997,-1.6596109833333308
2024-10-16,model2,csi500,2024-06-17,489,-4.1090818200409,-2.6100555842699666
2024-10-16,model2,sse50,2024-06-17,49,-5.139857346938776,-2.7612288489795893
2024-10-17,model2,csi500,2024-06-17,493,-5.849774462474645,-4.389886001054444
2024-10-17,model2,sse50,2024-06-17,50,-10.587159199999999,-6.253645248979589
2024-10-18,model2,csi500,2024-06-17,496,1.870999697580645,-2.695952194978305
2024-10-18,model2,sse50,2024-06-17,48,1.0249416666666666,-4.900691626757367
2024-10-21,model2,csi500,2024-06-17,488,3.3751805532786885,-0.20119807053844196
2024-10-21,model2,sse50,2024-06-17,50,1.5929904,-2.6564090444444415
2024-10-22,model2,csi500,2024-06-17,490,3.6971558775510207,2.981112042803447
2024-10-22,model2,sse50,2024-06-17,48,2.32059375,1.6461752722222247
2024-10-23,model2,csi500,2024-06-17,490,5.769190897959184,4.280509109596293
2024-10-23,model2,sse50,2024-06-17,48,4.629191875,2.847592008333336
2024-10-24,model2,csi500,2024-06-17,476,-0.479326344537815,2.995673476990792
2024-10-24,model2,sse50,2024-06-17,49,-1.5721630612244897,1.792540854591839
2024-10-25,model2,csi500,2024-06-17,490,1.24077206122449,2.176878871548615
2024-10-25,model2,sse50,2024-06-17,50,-3.8778289999999997,-0.2736000620748273
2024-10-28,model2,csi500,2024-06-17,494,4.076322955465587,1.6125895573840825
2024-10-28,model2,sse50,2024-06-17,48,-2.0583214583333334,-2.502771173185938
2024-10-29,model2,csi500,2024-06-17,494,-1.0137854655870444,1.4344365170343394
2024-10-29,model2,sse50,2024-06-17,49,-4.279478979591836,-3.4052098126417203
2024-10-30,model2,csi500,2024-06-17,485,-1.6278164329896907,0.47824035229627904
2024-10-30,model2,sse50,2024-06-17,48,-10.75636625,-5.69805556264172
2024-10-31,model2,csi500,2024-06-17,490,0.37507108163265324,-0.7555102723146988
2024-10-31,model2,sse50,2024-06-17,50,-9.1291312,-8.054992143197275
2024-11-01,model2,csi500,2024-06-17,490,-1.624087224489796,-0.9589441919489493
2024-11-01,model2,sse50,2024-06-17,50,-1.6917563999999998,-7.192417949999997
2024-11-04,model2,csi500,2024-06-17,486,2.44339012345679,0.39812466019987763
2024-11-04,model2,sse50,2024-06-17,46,2.7367413043478264,-2.6947154318840547
2024-11-05,model2,csi500,2024-06-17,494,7.777070991902834,2.865457963623271
2024-11-05,model2,sse50,2024-06-17,50,6.618842000000001,2.554608968115945
2024-11-06,model2,csi500,2024-06-17,486,5.108433806584363,5.10963164064799
2024-11-06,model2,sse50,2024-06-17,49,3.821702448979592,4.3924285844424755
2024-11-07,model2,csi500,2024-06-17,495,8.938053414141415,7.274519404209532
2024-11-07,model2,sse50,2024-06-17,50,8.284803,6.241782482993201
2024-11-08,model2,csi500,2024-06-17,496,4.4735461290322585,6.17334444991934
2024-11-08,model2,sse50,2024-06-17,49,0.9124577551020409,4.339654401360547
2024-11-11,model2,csi500,2024-06-17,490,4.357308510204082,5.922969351125914
2024-11-11,model2,sse50,2024-06-17,49,-1.7977673469387754,2.4664978027210913
2024-11-12,model2,csi500,2024-06-17,494,-0.5724634210526313,2.752797072727898
2024-11-12,model2,sse50,2024-06-17,50,-5.123407599999999,-2.0029057306122415
2024-11-13,model2,csi500,2024-06-17,478,-1.8749068200836818,0.6366460896892517
2024-11-13,model2,sse50,2024-06-17,50,-1.9919088,-2.9710279156462556
2024-11-14,model2,csi500,2024-06-17,499,-7.127872284569138,-3.1917475085684885
2024-11-14,model2,sse50,2024-06-17,49,-4.392249795918367,-3.8358553986394526
2024-11-15,model2,csi500,2024-06-17,493,-12.706421784989859,-7.236400296547564
2024-11-15,model2,sse50,2024-06-17,49,-7.832747346938776,-4.738968647619045
2024-11-18,model2,csi500,2024-06-17,489,-16.626294642126787,-12.153529570561934
2024-11-18,model2,sse50,2024-06-17,49,-7.60622081632653,-6.610405986394555
2024-11-19,model2,csi500,2024-06-17,488,0.18407532786885247,-9.716213699749268
2024-11-19,model2,sse50,2024-06-17,49,-2.4412285714285713,-5.96006557823129
2024-11-20,model2,csi500,2024-06-17,480,2.9872728125,-4.4849821672526495
2024-11-20,model2,sse50,2024-06-17,46,-3.8050008695652178,-4.617483419106771
2024-11-21,model2,csi500,2024-06-17,477,0.8150551153039833,1.328801085224274
2024-11-21,model2,sse50,2024-06-17,48,-1.43926375,-2.5618310636645933
2024-11-22,model2,csi500,2024-06-17,500,-4.41413336,-0.20393514406534363
2024-11-22,model2,sse50,2024-06-17,50,-6.411785999999999,-3.885350206521736
2024-11-25,model2,csi500,2024-06-17,480,-4.939124270833333,-2.8460675051764546
2024-11-25,model2,sse50,2024-06-17,47,-7.703334893617021,-5.184794881205671
2024-11-26,model2,csi500,2024-06-17,480,-6.529557583333333,-5.294271738055561
2024-11-26,model2,sse50,2024-06-17,50,-5.304357199999999,-6.473159364539003
2024-11-27,model2,csi500,2024-06-17,497,1.9391599597585514,-3.176507298136043
2024-11-27,model2,sse50,2024-06-17,50,3.5616000000000003,-3.1486973645390037
2024-11-28,model2,csi500,2024-06-17,483,0.8973028157349897,-1.2310316026132688
2024-11-28,model2,sse50,2024-06-17,49,1.4258767346938774,-0.1056268217687042
2024-11-29,model2,csi500,2024-06-17,486,3.330942016460906,2.055801597318144
2024-11-29,model2,sse50,2024-06-17,50,1.9005946,2.2960237782312958
2024-12-02,model2,csi500,2024-06-17,493,7.776851643002029,4.0016988250659695
2024-12-02,model2,sse50,2024-06-17,46,2.9823195652173915,2.1029302999704256
2024-12-03,model2,csi500,2024-06-17,472,4.951108262711864,5.352967307391594
2024-12-03,model2,sse50,2024-06-17,50,3.5440692,2.8089944550724666
2024-12-04,model2,csi500,2024-06-17,494,-1.213212004048583,3.838249300555099
2024-12-04,model2,sse50,2024-06-17,49,0.06451632653061232,2.196968363916004
2024-12-05,model2,csi500,2024-06-17,483,-1.3118089233954449,0.8086957784226074
2024-12-05,model2,sse50,2024-06-17,48,-3.8035220833333336,-0.06497885226757116
2024-12-06,model2,csi500,2024-06-17,495,2.811709919191919,0.09556299724929233
2024-12-06,model2,sse50,2024-06-17,50,1.6103066000000001,-0.7095663856009043
2024-12-09,model2,csi500,2024-06-17,491,1.3457517718940937,0.9485509225635179
2024-12-09,model2,sse50,2024-06-17,48,2.2986047916666665,0.03512976944444709
2024-12-10,model2,csi500,2024-06-17,479,1.5754972442588726,1.910986311781624
2024-12-10,model2,sse50,2024-06-17,50,2.4968630000000003,2.1352581305555582
2024-12-11,model2,csi500,2024-06-17,486,3.773764897119342,2.231671304424098
2024-12-11,model2,sse50,2024-06-17,46,1.2139708695652174,2.0031462204106307
2024-12-12,model2,csi500,2024-06-17,475,5.026033368421053,3.458431836599751
2024-12-12,model2,sse50,2024-06-17,49,2.4704144897959184,2.060416119787048
2024-12-13,model2,csi500,2024-06-17,497,-1.4086015492957746,2.463732238748202
2024-12-13,model2,sse50,2024-06-17,50,-1.5110188,0.7244555197870479
2024-12-16,model2,csi500,2024-12-16,489,-4.272151063394683,-0.21823974808980662
2024-12-16,model2,sse50,2024-12-16,50,-2.9942144,-0.6782729034013579
2024-12-17,model2,csi500,2024-12-16,493,-9.0441738336714,-4.908308815453958
2024-12-17,model2,sse50,2024-12-16,48,-3.105317916666667,-2.53685037222222
2024-12-18,model2,csi500,2024-12-16,477,-5.601124528301886,-6.305816475122661
2024-12-18,model2,sse50,2024-12-16,46,-1.856173913043478,-2.6519020765700456
2024-12-19,model2,csi500,2024-12-16,476,-5.136261554621848,-6.593853305531717
2024-12-19,model2,sse50,2024-12-16,50,-3.1381788,-2.6998902099033786
2024-12-20,model2,csi500,2024-12-16,483,-2.0546047826086955,-4.263996955177482
2024-12-20,model2,sse50,2024-12-16,49,-5.6134257142857145,-3.5359261424430612
2024-12-23,model2,csi500,2024-12-16,495,-5.304274848484849,-4.165047061905136
2024-12-23,model2,sse50,2024-12-16,50,-2.3868297999999997,-3.7128114380952355
2024-12-24,model2,csi500,2024-12-16,491,1.354137433808554,-2.001580732428335
2024-12-24,model2,sse50,2024-12-16,50,4.825839200000001,-1.0581387714285686
2024-12-25,model2,csi500,2024-12-16,488,-0.2581336270491803,-1.4027570139084966
2024-12-25,model2,sse50,2024-12-16,50,5.697337200000001,2.712115533333337
2024-12-26,model2,csi500,2024-12-16,471,-0.7815582802547769,0.10481517550152748
2024-12-26,model2,sse50,2024-12-16,49,1.5033895918367346,4.008855330612248
2024-12-27,model2,csi500,2024-12-16,490,0.7331767346938777,-0.10217172420336458
2024-12-27,model2,sse50,2024-12-16,50,0.4095296000000001,2.5367521306122476
2024-12-30,model2,csi500,2024-12-16,482,0.18574377593361005,0.0457874101242322
2024-12-30,model2,sse50,2024-12-16,49,1.8913706122448979,1.2680966013605466
2024-12-31,model2,csi500,2024-12-16,499,-5.2940587975951905,-1.458379428989239
2024-12-31,model2,sse50,2024-12-16,50,-2.6657831999999995,-0.12162766258503144
2025-01-02,model2,csi500,2024-12-16,497,-9.957168873239436,-5.02182796496701
2025-01-02,model2,sse50,2024-12-16,50,-7.5758932,-2.783435262585032
2025-01-03,model2,csi500,2024-12-16,495,-17.753234404040402,-11.001487358291682
2025-01-03,model2,sse50,2024-12-16,49,-10.675218367346938,-6.97229825578231
2025-01-06,model2,csi500,2024-12-16,482,-13.435544937759337,-13.715316071679728
2025-01-06,model2,sse50,2024-12-16,47,-13.725271914893616,-10.658794494080182
2025-01-07,model2,csi500,2024-12-16,490,-2.3240282653061226,-11.170935869035292
2025-01-07,model2,sse50,2024-12-16,48,-9.035016666666667,-11.145168982969073
2025-01-08,model2,csi500,2024-12-16,490,-2.237737306122449,-5.999103503062639
2025-01-08,model2,sse50,2024-12-16,50,-5.1261735999999996,-9.295487393853426
2025-01-09,model2,csi500,2024-12-16,488,-3.5916654918032784,-2.71781035441062
2025-01-09,model2,sse50,2024-12-16,50,-6.307638399999999,-6.8229428888888854
2025-01-10,model2,csi500,2024-12-16,495,-8.153060666666667,-4.660821154864135
2025-01-10,model2,sse50,2024-12-16,49,-7.971258367346938,-6.468356789115643
2025-01-13,model2,csi500,2024-12-16,490,-2.7554080204081632,-4.83337805962604
2025-01-13,model2,sse50,2024-12-16,49,-6.282515918367347,-6.853804228571424
2025-01-14,model2,csi500,2024-12-16,499,4.5682634669338675,-2.113401740046991
2025-01-14,model2,sse50,2024-12-16,50,2.341726,-3.9706827619047593
2025-01-15,model2,csi500,2024-12-16,486,1.1258998353909464,0.9795850939722133
2025-01-15,model2,sse50,2024-12-16,49,2.339265918367347,-0.5338413333333302
2025-01-16,model2,csi500,2024-12-16,482,1.4676684439834025,2.387277248769402
2025-01-16,model2,sse50,2024-12-16,50,1.597004,2.092665306122452
2025-01-17,model2,csi500,2024-12-16,469,3.4038538592750536,1.9991407128831307
2025-01-17,model2,sse50,2024-12-16,48,0.17198791666666668,1.3694192783446741
2025-01-20,model2,csi500,2024-12-16,475,2.8037104842105265,2.558410929156324
2025-01-20,model2,sse50,2024-12-16,48,-0.16867249999999986,0.5334398055555586
2025-01-21,model2,csi500,2024-12-16,489,1.2823746625766872,2.4966463353540855
2025-01-21,model2,sse50,2024-12-16,48,-0.9568295833333332,-0.3178380555555525
2025-01-22,model2,csi500,2024-12-16,486,-1.3478775925925925,0.9127358513982035
2025-01-22,model2,sse50,2024-12-16,50,-5.6547164,-2.260072827777775
2025-01-23,model2,csi500,2024-12-16,474,-2.4966904008438817,-0.8540644436199326
2025-01-23,model2,sse50,2024-12-16,50,-1.4209983999999998,-2.6775147944444413
2025-01-24,model2,csi500,2024-12-16,488,1.7009134221311475,-0.714551523768446
2025-01-24,model2,sse50,2024-12-16,47,2.409865106382979,-1.5552832312056708
2025-01-27,model2,csi500,2024-12-16,488,0.5019518647540985,-0.09794170465288221
2025-01-27,model2,sse50,2024-12-16,49,1.9628828571428574,0.9839165211752817
2025-02-05,model2,csi500,2024-12-16,487,-0.77426977412731,0.4761985042526417
2025-02-05,model2,sse50,2024-12-16,50,-0.7564812,1.2054222545086148
2025-02-06,model2,csi500,2024-12-16,483,3.085143498964803,0.9376085298638603
2025-02-06,model2,sse50,2024-12-16,48,1.3783997916666666,0.8616004829365109
2025-02-07,model2,csi500,2024-12-16,495,5.957914585858585,2.756262770232022
2025-02-07,model2,sse50,2024-12-16,48,3.0853152083333337,1.235744600000003
2025-02-10,model2,csi500,2024-12-16,472,8.978726313559322,6.0072614661275665
2025-02-10,model2,sse50,2024-12-16,46,3.7472376086956527,2.736984202898554
2025-02-11,model2,csi500,2024-12-16,490,2.5482632448979596,5.828301381438618
2025-02-11,model2,sse50,2024-12-16,47,0.48037106382978745,2.437641293619594
2025-02-12,model2,csi500,2024-12-16,466,4.323671974248928,5.2835538442354
2025-02-12,model2,sse50,2024-12-16,49,2.5374861224489798,2.2550315983248095
2025-02-13,model2,csi500,2024-12-16,480,0.08470256250000004,2.3188792605489597
2025-02-13,model2,sse50,2024-12-16,48,0.49843645833333344,1.17209788153737
2025-02-14,model2,csi500,2024-12-16,475,0.2953716000000001,1.5679153789163063
2025-02-14,model2,sse50,2024-12-16,46,3.6817836956521743,2.2392354254781655
2025-02-17,model2,csi500,2025-02-17,486,-0.34653884773662547,0.011178438254455266
2025-02-17,model2,sse50,2024-12-16,49,1.9789963265306123,2.053072160172043
2025-02-18,model2,csi500,2025-02-17,497,-4.642806559356137,-1.5646579356975903
2025-02-18,model2,sse50,2024-12-16,48,-0.18296916666666663,1.8259369518387096
2025-02-19,model2,csi500,2025-02-17,480,-0.4157513749999999,-1.8016989273642572
2025-02-19,model2,sse50,2024-12-16,49,-1.9831718367346935,-0.062381558956913
2025-02-20,model2,csi500,2025-02-17,480,-0.5359953958333333,-1.8648511100631595
2025-02-20,model2,sse50,2024-12-16,50,-4.4768104,-2.2143171344671173
2025-02-21,model2,csi500,2025-02-17,482,0.24115043568464747,-0.2368654450495649
2025-02-21,model2,sse50,2024-12-16,46,-2.536110869565217,-2.9986977020999674
2025-02-24,model2,csi500,2025-02-17,477,0.6317097693920335,0.11228826974777957
2025-02-24,model2,sse50,2024-12-16,50,-1.2573436,-2.756754956521736
2025-02-25,model2,csi500,2025-02-17,490,-2.669403102040816,-0.5988476323213814
2025-02-25,model2,sse50,2024-12-16,50,-7.055451400000001,-3.6163019565217365
2025-02-26,model2,csi500,2025-02-17,494,0.6374985627530365,-0.4667315899652517
2025-02-26,model2,sse50,2024-12-16,50,-0.23331839999999993,-2.848704466666664
2025-02-27,model2,csi500,2025-02-17,482,0.348149398340249,-0.5612517136491798
2025-02-27,model2,sse50,2024-12-16,49,0.42455489795918366,-2.2880716340136025
2025-02-28,model2,csi500,2025-02-17,494,-4.663793825910932,-1.226048621605885
2025-02-28,model2,sse50,2024-12-16,50,-5.7842628000000005,-1.8643421006802692
2025-03-03,model2,csi500,2025-02-17,474,-3.4329255907172995,-2.5828566727626634
2025-03-03,model2,sse50,2024-12-16,48,-4.478289166666666,-3.2793323562358245
2025-03-04,model2,csi500,2025-02-17,474,0.3117120886075949,-2.5950024426735485
2025-03-04,model2,sse50,2024-12-16,49,-3.426164897959183,-4.562905621541947
2025-03-05,model2,csi500,2025-02-17,483,-0.6049153002070393,-1.2420429341055843
2025-03-05,model2,sse50,2024-12-16,48,0.959151875,-2.31510072987528
2025-03-06,model2,csi500,2025-02-17,489,3.836557709611452,1.1811181660039995
2025-03-06,model2,sse50,2024-12-16,49,4.974508163265306,0.8358317134353775
2025-03-07,model2,csi500,2025-02-17,491,3.1445859877800406,2.1254094657281484
2025-03-07,model2,sse50,2024-12-16,50,4.233569,3.3890763460884386
2025-03-10,model2,csi500,2025-02-17,486,1.0962401028806588,2.692461266757381
2025-03-10,model2,sse50,2024-12-16,49,1.4361406122448983,3.5480725918367377
2025-03-11,model2,csi500,2025-02-17,482,2.776144481327801,2.3389901906628308
2025-03-11,model2,sse50,2024-12-16,50,1.3026260000000005,2.3241118707483026
2025-03-12,model2,csi500,2025-02-17,482,-0.8699802904564314,1.0008014312506732
2025-03-12,model2,sse50,2024-12-16,48,-3.31515375,-0.19212904591836408
2025-03-13,model2,csi500,2025-02-17,486,-3.7690147119341564,-0.6209501736875984
2025-03-13,model2,sse50,2024-12-16,47,-6.26142425531915,-2.7579840017730466
2025-03-14,model2,csi500,2025-02-17,489,2.9021311656441715,-0.5789546122488084
2025-03-14,model2,sse50,2024-12-16,50,2.5327012,-2.34795893510638
2025-03-17,model2,csi500,2025-02-17,475,2.389431642105263,0.507516031938423
2025-03-17,model2,sse50,2024-12-16,50,2.027172,-0.5671836851063802
2025-03-18,model2,csi500,2025-02-17,470,1.8315242340425533,2.3743623472639928
2025-03-18,model2,sse50,2024-12-16,49,-0.6160334693877549,1.314613243537418
2025-03-19,model2,csi500,2025-02-17,482,0.08139325726141092,1.4341163778030726
2025-03-19,model2,sse50,2024-12-16,48,-0.5452870833333333,0.2886171490929736
2025-03-20,model2,csi500,2025-02-17,487,-3.2524608418891168,-0.44651445019505376
2025-03-20,model2,sse50,2024-12-16,49,-4.4266008163265305,-1.8626404563492034
2025-03-21,model2,csi500,2025-02-17,482,-8.141736763485477,-3.7709347827043973
2025-03-21,model2,sse50,2024-12-16,49,-9.499982448979592,-4.823956782879816
2025-03-24,model2,csi500,2025-02-17,484,-8.021803429752065,-6.472000345042223
2025-03-24,model2,sse50,2024-12-16,50,-5.98134,-6.6359744217687044
2025-03-25,model2,csi500,2025-02-17,492,-4.461019959349594,-6.874853384195714
2025-03-25,model2,sse50,2024-12-16,49,-3.166914285714286,-6.216078911564623
2025-03-26,model2,csi500,2025-02-17,468,-1.8520477991452993,-4.778290396082323
2025-03-26,model2,sse50,2024-12-16,48,0.3237039583333334,-2.941516775793648
2025-03-27,model2,csi500,2025-02-17,475,-0.4929335999999999,-2.2686671194983004
2025-03-27,model2,sse50,2024-12-16,48,1.216451041666667,-0.5422530952380922
2025-03-28,model2,csi500,2025-02-17,475,-3.426910231578947,-1.9239638769080851
2025-03-28,model2,sse50,2024-12-16,49,-2.985289387755102,-0.48171146258503095
2025-03-31,model2,csi500,2025-02-17,487,-6.787461457905544,-3.5691017631615
2025-03-31,model2,sse50,2024-12-16,50,-5.159407,-2.3094151153628086
2025-04-01,model2,csi500,2025-02-17,484,-1.2450889876033058,-3.819820225695935
2025-04-01,model2,sse50,2024-12-16,48,-5.108553958333333,-4.417750115362809
2025-04-02,model2,csi500,2025-02-17,480,0.022319187500000007,-2.670077086002953
2025-04-02,model2,sse50,2024-12-16,49,-3.9739179591836735,-4.747292972505666
2025-04-03,model2,csi500,2025-02-17,477,-1.1171088888888887,-0.7799595629974011
2025-04-03,model2,sse50,2024-12-16,50,-4.1964876,-4.426319839172333
2025-04-07,model2,csi500,2025-02-17,500,-5.18664116,-2.0938102871296325
2025-04-07,model2,sse50,2024-12-16,50,-9.41214,-5.860848519727888
2025-04-08,model2,csi500,2025-02-17,495,-3.3375246666666665,-3.2137582385185213
2025-04-08,model2,sse50,2024-12-16,48,-1.1906654166666666,-4.93309767222222
2025-04-09,model2,csi500,2025-02-17,487,1.1266029363449692,-2.4658542967739017
2025-04-09,model2,sse50,2024-12-16,50,0.3080699999999999,-3.431578472222219
2025-04-10,model2,csi500,2025-02-17,493,4.993402677484788,0.9274936490543606
2025-04-10,model2,sse50,2024-12-16,48,1.9719625,0.36312236111111407
2025-04-11,model2,csi500,2025-02-17,470,6.056429659574468,4.058811757801405
2025-04-11,model2,sse50,2024-12-16,49,1.6805208163265308,1.3201844387755133
2025-04-14,model2,csi500,2025-02-17,486,9.261618456790123,6.770483597949791
2025-04-14,model2,sse50,2024-12-16,49,2.889956938775511,2.18081341836735
2025-04-15,model2,csi500,2025-02-17,488,2.823600040983607,6.0472160524493965
2025-04-15,model2,sse50,2024-12-16,48,0.9131108333333334,1.8278628628117948
2025-04-16,model2,csi500,2025-02-17,489,-2.7070330879345605,3.12606180327972
2025-04-16,model2,sse50,2024-12-16,50,5.3045105999999995,3.0358594573696176
2025-04-17,model2,csi500,2025-02-17,469,-3.048840106609808,-0.9774243845202562
2025-04-17,model2,sse50,2024-12-16,44,3.4929075,3.236842977777781
2025-04-18,model2,csi500,2025-02-17,469,-2.6042870575692967,-2.7867200840378907
2025-04-18,model2,sse50,2024-12-16,46,0.7493708695652176,3.1822629898550754
2025-04-21,model2,csi500,2025-02-17,477,2.3230233333333334,-1.1100346102819263
2025-04-21,model2,sse50,2024-12-16,49,-2.4603742857142854,0.5939680279503139
2025-04-22,model2,csi500,2025-02-17,467,2.065675182012848,0.5948038192589592
2025-04-22,model2,sse50,2024-12-16,49,-3.6623028571428575,-1.7911020910973052
2025-04-23,model2,csi500,2025-02-17,473,1.0744861733615223,1.8210615629025657
2025-04-23,model2,sse50,2024-12-16,48,-6.102078958333333,-4.074918700396823
2025-04-24,model2,csi500,2025-02-17,476,0.499588655462185,1.2132500036121827
2025-04-24,model2,sse50,2024-12-16,49,-1.3823067346938775,-3.715562850056686
2025-04-25,model2,csi500,2025-02-17,485,0.33770855670103106,0.6372611285082438
2025-04-25,model2,sse50,2024-12-16,48,-0.4146814583333332,-2.633022383786845
2025-04-28,model2,csi500,2025-02-17,488,-2.344454774590164,-0.5023858541423183
2025-04-28,model2,sse50,2024-12-16,49,0.2987520408163267,-0.4994120507369581
2025-04-29,model2,csi500,2025-02-17,484,-1.9623529545454546,-1.323033057478198
2025-04-29,model2,sse50,2024-12-16,50,-1.8334305999999998,-0.6497866725056655
2025-04-30,model2,csi500,2025-02-17,482,-0.7617131742738589,-1.6895069678031616
2025-04-30,model2,sse50,2024-12-16,48,-2.0554504166666665,-1.1967096586167767
2025-05-06,model2,csi500,2025-02-17,487,4.301868049281314,0.5259339734873311
2025-05-06,model2,sse50,2024-12-16,49,1.181727142857143,-0.9023846246031711
2025-05-07,model2,csi500,2025-02-17,473,5.1076011205074,2.8825853318382832
2025-05-07,model2,sse50,2024-12-16,49,3.8841612244897963,1.0034793168934275
2025-05-08,model2,csi500,2025-02-17,467,5.6226604496788015,5.010709873155836
2025-05-08,model2,sse50,2024-12-16,49,4.445654081632653,3.170514149659867
2025-05-09,model2,csi500,2025-02-17,490,0.553225530612245,3.761162366932813
2025-05-09,model2,sse50,2024-12-16,48,1.022341041666667,3.117385449263042
2025-05-12,model2,csi500,2025-02-17,478,2.271171548117155,2.8156858428027314
2025-05-12,model2,sse50,2024-12-16,50,4.4766028,3.31486597443311
2025-05-13,model2,csi500,2025-02-17,481,1.4723445114345115,1.4322471967213015
2025-05-13,model2,sse50,2024-12-16,48,1.2550804166666667,2.2513414194444477
2025-05-14,model2,csi500,2025-02-17,474,1.051826983122363,1.5984476808913408
2025-05-14,model2,sse50,2024-12-16,49,7.3831038775510205,4.371595698072565
2025-05-15,model2,csi500,2025-02-17,488,-2.5159673975409835,0.002734699005294624
2025-05-15,model2,sse50,2024-12-16,50,3.7189910000000004,4.119058431405899
2025-05-16,model2,csi500,2025-02-17,474,-3.801863924050633,-1.7553347794897534
2025-05-16,model2,sse50,2024-12-16,50,-1.06268,3.3464716258503433
2025-05-19,model2,csi500,2025-02-17,480,-1.3339180416666665,-2.5505831210860967
2025-05-19,model2,sse50,2024-12-16,49,-1.636075714285714,0.3400784285714317
2025-05-20,model2,csi500,2025-02-17,473,0.6459151374207189,-1.4966222760988626
2025-05-20,model2,sse50,2024-12-16,49,-0.38275673469387744,-1.0271708163265276
2025-05-21,model2,csi500,2025-02-17,464,0.9896426724137931,0.10054658938927948
2025-05-21,model2,sse50,2024-12-16,48,-1.2145770833333334,-1.0778031774376384
2025-05-22,model2,csi500,2025-02-17,493,-3.2810910141987826,-0.5485110681214259
2025-05-22,model2,sse50,2024-12-16,50,-0.8416935999999999,-0.8130091393424005
2025-05-23,model2,csi500,2025-02-17,488,-7.097022397540984,-3.129490246441994
2025-05-23,model2,sse50,2024-12-16,50,-5.397697399999999,-2.4846560277777745
2025-05-26,model2,csi500,2025-02-17,477,-2.8895005660377358,-4.4225379925925035
2025-05-26,model2,sse50,2024-12-16,47,-6.942686170212766,-4.394025723404252
2025-05-27,model2,csi500,2025-02-17,470,-2.6881092553191492,-4.224877406299292
2025-05-27,model2,sse50,2024-12-16,45,-8.556058222222223,-6.965480597478326
2025-05-28,model2,csi500,2025-02-17,480,-3.0984877916666664,-2.892032537674519
2025-05-28,model2,sse50,2024-12-16,48,-8.56484875,-8.021197714144993
2025-05-29,model2,csi500,2025-02-17,487,2.1131159137577002,-1.2244937110760408
2025-05-29,model2,sse50,2024-12-16,49,-0.6413355102040815,-5.920747494142098
2025-05-30,model2,csi500,2025-02-17,486,0.889444156378601,-0.031975907176790774
2025-05-30,model2,sse50,2024-12-16,48,-1.8999808333333332,-3.702055031179134
2025-06-03,model2,csi500,2025-02-17,475,1.2316542736842107,1.4114047812735013
2025-06-03,model2,sse50,2024-12-16,46,-2.2217795652173913,-1.5876986362515986
2025-06-04,model2,csi500,2025-02-17,475,3.33017412631579,1.8170908521261981
2025-06-04,model2,sse50,2024-12-16,47,-0.5729178723404256,-1.5648927569637132
2025-06-05,model2,csi500,2025-02-17,477,2.1266593081761007,2.2294959027253647
2025-06-05,model2,sse50,2024-12-16,46,-1.287087391304348,-1.3605949429540514
2025-06-06,model2,csi500,2025-02-17,478,0.9527995606694563,2.136544331720447
2025-06-06,model2,sse50,2024-12-16,49,0.9070277551020409,-0.3176591695142406
2025-06-09,model2,csi500,2025-02-17,475,3.250176,2.1098782896151835
2025-06-09,model2,sse50,2024-12-16,48,-0.12781604166666655,-0.1692918926229876
2025-06-10,model2,csi500,2025-02-17,487,-0.8673354414784393,1.1118800397303368
2025-06-10,model2,sse50,2024-12-16,49,-1.192144693877551,-0.13764432681405533
2025-06-11,model2,csi500,2025-02-17,469,0.41835215351812377,0.9337309040132258
2025-06-11,model2,sse50,2024-12-16,47,2.5792278723404256,0.41975571226540626
2025-06-12,model2,csi500,2025-02-17,474,0.20522345991561192,-0.08125327601490358
2025-06-12,model2,sse50,2024-12-16,48,0.811664375,0.7329158511542951
2025-06-13,model2,csi500,2025-02-17,488,-3.5308101844262296,-0.9690781903308338
2025-06-13,model2,sse50,2024-12-16,47,1.274156595744681,1.5550162810283723
2025-06-16,model2,csi500,2025-06-16,484,-2.353090185950413,-1.8928923034870124
2025-06-16,model2,sse50,2025-06-16,49,2.1140967346938777,1.399972568479523
2025-06-17,model2,csi500,2025-06-16,474,-1.7559881856540085,-2.546629518676886
2025-06-17,model2,sse50,2025-06-16,50,1.5550050000000002,1.6477527768128566
2025-06-18,model2,csi500,2025-06-16,486,-3.242595164609053,-2.4505578454044943
2025-06-18,model2,sse50,2025-06-16,46,-0.5196269565217392,1.049824926057383
2025-06-19,model2,csi500,2025-06-16,496,-6.487052903225806,-3.8285454178296248
2025-06-19,model2,sse50,2025-06-16,48,-1.9688197916666665,-0.31114724939613164
2025-06-20,model2,csi500,2025-06-16,474,-7.3780078902953585,-5.7025519860434075
2025-06-20,model2,sse50,2025-06-16,50,4.006754,0.5061024172705348
2025-06-23,model2,csi500,2025-06-16,476,-2.3447799789915966,-5.403280257504257
2025-06-23,model2,sse50,2025-06-16,48,3.1210577083333333,1.7196639722222258
2025-06-24,model2,csi500,2025-06-16,495,3.3697800202020205,-2.1176692830283144
2025-06-24,model2,sse50,2025-06-16,49,5.297133469387756,4.1416483925737
2025-06-25,model2,csi500,2025-06-16,487,7.161623552361396,2.728874531190604
2025-06-25,model2,sse50,2025-06-16,50,11.1650756,6.5277555925737
2025-06-26,model2,csi500,2025-06-16,488,2.7560519467213114,4.429151839761573
2025-06-26,model2,sse50,2025-06-16,49,7.368485102040816,7.943564723809527
2025-06-27,model2,csi500,2025-06-16,469,3.354752601279318,4.424142700120673
2025-06-27,model2,sse50,2025-06-16,50,-0.19081419999999993,6.114248834013608
2025-06-30,model2,csi500,2025-06-16,470,3.453254659574468,3.1880197358583633
2025-06-30,model2,sse50,2025-06-16,47,0.7814580851063831,2.6530429957157367
2025-07-01,model2,csi500,2025-06-16,479,1.8254713361169104,2.87782619899023
2025-07-01,model2,sse50,2025-06-16,49,1.7973122448979593,0.7959853766681176
2025-07-02,model2,csi500,2025-06-16,478,-0.0026056485355647994,1.758706782385269
2025-07-02,model2,sse50,2025-06-16,48,1.6891089583333334,1.4226264294458957
2025-07-03,model2,csi500,2025-06-16,466,0.24771100858369113,0.6901922320550099
2025-07-03,model2,sse50,2025-06-16,47,1.2431640425531916,1.5765284152614985
2025-07-04,model2,csi500,2025-06-16,479,-1.3647217536534444,-0.3732054645351084
2025-07-04,model2,sse50,2025-06-16,49,1.329891836734694,1.4207216125404099
2025-07-07,model2,csi500,2025-06-16,480,-1.5655232291666665,-0.8941779914121423
2025-07-07,model2,sse50,2025-06-16,49,1.5068091836734696,1.3599550209871218
2025-07-08,model2,csi500,2025-06-16,485,2.5677549072164947,-0.12083002520120771
2025-07-08,model2,sse50,2025-06-16,50,2.3142318000000004,1.7169776068027247
2025-07-09,model2,csi500,2025-06-16,480,1.599922875,0.867384851016607
2025-07-09,model2,sse50,2025-06-16,48,1.9578504166666668,1.9262971334467158
2025-07-10,model2,csi500,2025-06-16,491,3.2204266395112016,2.4627014739092297
2025-07-10,model2,sse50,2025-06-16,49,1.4374185714285717,1.903166929365083
2025-07-11,model2,csi500,2025-06-16,485,5.841065608247423,3.553805040919539
2025-07-11,model2,sse50,2025-06-16,49,0.7870022448979593,1.3940904109977363
2025-07-14,model2,csi500,2025-06-16,484,2.6231868388429755,3.8948930288671977
2025-07-14,model2,sse50,2025-06-16,50,-0.6550889999999998,0.5231106054421805
2025-07-15,model2,csi500,2025-06-16,495,-0.6817998989898989,2.5941508493668306
2025-07-15,model2,sse50,2025-06-16,48,-0.9552020833333331,-0.2744296128117876
2025-07-16,model2,csi500,2025-06-16,473,-0.44455422832980956,0.49894423717442
2025-07-16,model2,sse50,2025-06-16,46,-4.238803043478261,-1.9496980422705275
2025-07-17,model2,csi500,2025-06-16,476,2.6190253781512602,0.4975570836105149
2025-07-17,model2,sse50,2025-06-16,47,-2.738436170212766,-2.644147099008117
2025-07-18,model2,csi500,2025-06-16,481,2.6103177962577964,1.5949296486930802
2025-07-18,model2,sse50,2025-06-16,49,2.1078326530612244,-1.623135520209931
2025-07-21,model2,csi500,2025-06-16,482,3.901989356846473,3.043777510418508
2025-07-21,model2,sse50,2025-06-16,50,3.1306352000000004,0.8333438942828231
2025-07-22,model2,csi500,2025-06-16,487,8.199682854209446,4.903996669104569
2025-07-22,model2,sse50,2025-06-16,50,6.8240048,4.020824217687078
2025-07-23,model2,csi500,2025-06-16,484,2.0015702685950414,4.701080826550318
2025-07-23,model2,sse50,2025-06-16,48,4.551390416666667,4.835343472222227
2025-07-24,model2,csi500,2025-06-16,495,4.047166040404041,4.7494730544028405
2025-07-24,model2,sse50,2025-06-16,47,5.552638510638299,5.64267790910166
2025-07-25,model2,csi500,2025-06-16,478,2.0460813807531384,2.698272563250738
2025-07-25,model2,sse50,2025-06-16,49,1.575790816326531,3.8932732478771688
2025-07-28,model2,csi500,2025-06-16,483,-0.21543053830227732,1.959272294284965
2025-07-28,model2,sse50,2025-06-16,48,-1.288650833333333,1.9465928312105023
2025-07-29,model2,csi500,2025-06-16,485,0.03672676288659812,0.6224592017791507
2025-07-29,model2,sse50,2025-06-16,50,-3.7996277999999997,-1.170829272335597
2025-07-30,model2,csi500,2025-06-16,484,-1.6627045867768595,-0.6138027873975153
2025-07-30,model2,sse50,2025-06-16,50,0.9075496000000001,-1.3935763444444407
2025-07-31,model2,csi500,2025-06-16,496,-6.359941794354838,-2.661973206081702
2025-07-31,model2,sse50,2025-06-16,48,-4.253094166666666,-2.3817241222222183
2025-08-01,model2,csi500,2025-06-16,475,-5.127549557894737,-4.383398646342147
2025-08-01,model2,sse50,2025-06-16,49,-7.993554693877551,-3.7796997535147354
2025-08-04,model2,csi500,2025-06-16,469,-0.6060004264392324,-4.031163926229604
2025-08-04,model2,sse50,2025-06-16,44,0.302249090909091,-3.981466589878371
2025-08-05,model2,csi500,2025-06-16,477,2.4492115094339626,-1.0947794916333378
2025-08-05,model2,sse50,2025-06-16,49,3.988074693877551,-1.2344103030302993
2025-08-06,model2,csi500,2025-06-16,475,4.580770063157895,2.1413270487175393
2025-08-06,model2,sse50,2025-06-16,47,4.320658085106383,2.870327289964345
2025-08-07,model2,csi500,2025-06-16,476,2.476868718487395,3.1689500970264155
2025-08-07,model2,sse50,2025-06-16,47,4.23510744680851,4.1812800752641515
2025-08-08,model2,csi500,2025-06-16,480,0.9624136041666669,2.67335079527065
2025-08-08,model2,sse50,2025-06-16,48,3.0086983333333337,3.8548212884160793
2025-08-11,model2,csi500,2025-06-16,472,2.402046779661017,1.9471097007716907
2025-08-11,model2,sse50,2025-06-16,46,-2.887364782608696,1.4521469991777192
2025-08-12,model2,csi500,2025-06-16,475,1.4655139368421055,1.6099914402232607
2025-08-12,model2,sse50,2025-06-16,48,0.4490570833333334,0.1901302113526603
2025-08-13,model2,csi500,2025-06-16,475,2.553871494736842,2.1404774037466527
2025-08-13,model2,sse50,2025-06-16,47,-0.47975999999999985,-0.9726892330917841
2025-08-14,model2,csi500,2025-06-16,494,-1.001091882591093,1.006097849662616
2025-08-14,model2,sse50,2025-06-16,47,-1.071281914893617,-0.3673282771867579
2025-08-15,model2,csi500,2025-06-16,490,2.699625734693878,1.4174684489465401
2025-08-15,model2,sse50,2025-06-16,48,1.8374791666666672,0.09547908392435334
2025-08-18,model2,csi500,2025-06-16,477,4.697873333333334,2.1321357284787044
2025-08-18,model2,sse50,2025-06-16,45,0.16324711111111126,0.30981478762805703
2025-08-19,model2,csi500,2025-06-16,472,2.0128487288135597,3.136782598946922
2025-08-19,model2,sse50,2025-06-16,49,-5.671822040816327,-1.223698587679513
2025-08-20,model2,csi500,2025-06-16,491,4.728914480651731,3.8132121809328727
2025-08-20,model2,sse50,2025-06-16,45,2.0361511111111112,-1.1574746061980317
2025-08-21,model2,csi500,2025-06-16,486,3.7055186625514405,3.4824272906722418
2025-08-21,model2,sse50,2025-06-16,49,5.849637142857143,0.7379887377173125
2025-08-22,model2,csi500,2025-06-16,475,3.7746316,4.069688247734388
2025-08-22,model2,sse50,2025-06-16,50,8.527970400000001,5.471252884656089
2025-08-25,model2,csi500,2025-06-16,491,6.173344052953157,4.551164771834864
2025-08-25,model2,sse50,2025-06-16,50,14.782357,9.719988180952384
2025-08-26,model2,csi500,2025-06-16,484,5.074877603305786,5.007617752086312
2025-08-26,model2,sse50,2025-06-16,48,7.542170208333334,10.284165869444449
2025-08-27,model2,csi500,2025-06-16,499,-1.4236928256513024,3.274842943535878
2025-08-27,model2,sse50,2025-06-16,50,-2.0054038,6.7730411361111145
2025-08-28,model2,csi500,2025-06-16,489,0.6338466462167691,1.4283438079570818
2025-08-28,model2,sse50,2025-06-16,48,-3.115260625,0.8071685944444483
2025-08-29,model2,csi500,2025-06-16,489,-0.18686730061349685,-0.3255711600160121
2025-08-29,model2,sse50,2025-06-16,48,-1.389379375,-2.170014599999996
2025-09-01,model2,csi500,2025-06-16,492,0.2044684959349595,0.21714928051274185
2025-09-01,model2,sse50,2025-06-16,47,-1.505678085106383,-2.003439361702124
2025-09-02,model2,csi500,2025-06-16,490,-3.3445786734693876,-1.108992492715977
2025-09-02,model2,sse50,2025-06-16,49,0.8872444897959184,-0.6692709901034849
2025-09-03,model2,csi500,2025-06-16,498,-7.249029578313253,-3.4630465852825623
2025-09-03,model2,sse50,2025-06-16,48,-2.32465625,-0.981029948436818
2025-09-04,model2,csi500,2025-06-16,475,-10.135729221052632,-6.909779157611759
2025-09-04,model2,sse50,2025-06-16,47,-5.811781489361702,-2.416397749855258
2025-09-05,model2,csi500,2025-06-16,492,1.5136905284552844,-5.290356090303535
2025-09-05,model2,sse50,2025-06-16,48,0.14115666666666674,-2.6650936908983422
2025-09-08,model2,csi500,2025-06-16,484,3.842065826446281,-1.5933242887170238
2025-09-08,model2,sse50,2025-06-16,49,0.27767877551020415,-1.7976486823949402
2025-09-09,model2,csi500,2025-06-16,488,1.6726853278688527,2.342813894256804
2025-09-09,model2,sse50,2025-06-16,50,0.11252640000000012,0.17712061405896026
2025-09-10,model2,csi500,2025-06-16,477,-0.9752041928721173,1.5131823204810038
2025-09-10,model2,sse50,2025-06-16,48,-1.7550170833333334,-0.45493730260770643
2025-09-11,model2,csi500,2025-06-16,484,2.528077314049587,1.0751861496821056
2025-09-11,model2,sse50,2025-06-16,50,2.4555312000000002,0.2710135055555589
2025-09-12,model2,csi500,2025-06-16,492,1.4350051016260164,0.9959594076011603
2025-09-12,model2,sse50,2025-06-16,50,-0.8065988000000001,-0.03536156111110781
2025-09-15,model2,csi500,2025-06-16,487,-0.8202891581108829,1.0475977525215716
2025-09-15,model2,sse50,2025-06-16,49,-2.0733873469387754,-0.14148498231292184
2025-09-16,model2,csi500,2025-06-16,486,0.24139751028806597,0.2853711512677313
2025-09-16,model2,sse50,2025-06-16,48,-4.938704166666667,-2.606230104535144
2025-09-17,model2,csi500,2025-06-16,484,1.1515828305785125,0.19089706091856337
2025-09-17,model2,sse50,2025-06-16,47,-4.810578936170213,-3.9408901499252154
2025-09-18,model2,csi500,2025-06-16,498,-3.2062063855421683,-0.6044086815585318
2025-09-18,model2,sse50,2025-06-16,50,-10.6777936,-6.809025567612289
2025-09-19,model2,csi500,2025-06-16,490,-2.9583087959183674,-1.6709774502940096
2025-09-19,model2,sse50,2025-06-16,50,-7.9350008,-7.807791112056734
2025-09-22,model2,csi500,2025-06-16,491,-2.5745632382892056,-2.913026139916582
2025-09-22,model2,sse50,2025-06-16,50,-4.5190492,-7.71061453333333
2025-09-23,model2,csi500,2025-06-16,490,-5.566072816326531,-3.69964828351137
2025-09-23,model2,sse50,2025-06-16,48,-2.328132708333333,-4.927394236111108
2025-09-24,model2,csi500,2025-06-16,483,1.9105993995859214,-2.0766788850099407
2025-09-24,model2,sse50,2025-06-16,49,2.6570916326530614,-1.3966967585600871
2025-09-25,model2,csi500,2025-06-16,490,1.2316482653061225,-0.8079417171448308
2025-09-25,model2,sse50,2025-06-16,49,1.802235918367347,0.7103982808956953
2025-09-26,model2,csi500,2025-06-16,476,-1.5742906932773109,0.5226523238715759
2025-09-26,model2,sse50,2025-06-16,48,-0.6544981249999999,1.2682764753401397
2025-09-29,model2,csi500,2025-06-16,487,1.4893023203285423,0.3822199641191162
2025-09-29,model2,sse50,2025-06-16,48,0.6844731250000001,0.6107369727891193
2025-09-30,model2,csi500,2025-06-16,481,2.303849750519751,0.7396204591903256
2025-09-30,model2,sse50,2025-06-16,49,-0.36367040816326507,-0.11123180272108474
2025-10-09,model2,csi500,2025-06-16,496,3.4530063911290325,2.41538615399244
2025-10-09,model2,sse50,2025-06-16,48,1.5755483333333336,0.6321170167233597
2025-10-10,model2,csi500,2025-06-16,489,2.664449959100205,2.807102033582994
2025-10-10,model2,sse50,2025-06-16,44,-1.1784063636363635,0.011157187177905184
2025-10-13,model2,csi500,2025-06-16,491,-0.6989309164969448,1.806175144577429
2025-10-13,model2,sse50,2025-06-16,49,-3.274458367346939,-0.9591054658833195
2025-10-14,model2,csi500,2025-06-16,486,-4.689461213991769,-0.9079807237961713
2025-10-14,model2,sse50,2025-06-16,50,1.3789316000000003,-1.0246443769944305
2025-10-15,model2,csi500,2025-06-16,481,0.998332182952183,-1.463353315845512
2025-10-15,model2,sse50,2025-06-16,49,2.215295510204082,0.10658958095238469
2025-10-16,model2,csi500,2025-06-16,492,-1.18023831300813,-1.6237891146825738
2025-10-16,model2,sse50,2025-06-16,49,4.899170408163266,2.831132506122453
2025-10-17,model2,csi500,2025-06-16,497,-5.752243400402414,-1.9780498434861222
2025-10-17,model2,sse50,2025-06-16,50,-2.3790922,1.578457906122453
2025-10-20,model2,csi500,2025-06-16,483,-3.876472525879917,-3.6029847464301556
2025-10-20,model2,sse50,2025-06-16,50,-1.2331311999999999,0.42898233605442576
2025-10-21,model2,csi500,2025-06-16,488,1.9637307172131147,-2.5549950696897405
2025-10-21,model2,sse50,2025-06-16,50,3.0612972000000003,-0.18364206666666272
2025-10-22,model2,csi500,2025-06-16,484,-0.16960078512396687,-0.6941141979302582
2025-10-22,model2,sse50,2025-06-16,49,1.3354067346938778,1.0545242448979633
2025-10-23,model2,csi500,2025-06-16,491,0.8918382077393076,0.89532271327615
2025-10-23,model2,sse50,2025-06-16,49,4.5417469387755105,2.9794836244898
2025-10-24,model2,csi500,2025-06-16,490,2.221922387755102,0.9813866034568125
2025-10-24,model2,sse50,2025-06-16,48,5.751769791666667,3.876307821712022
2025-10-27,model2,csi500,2025-06-16,482,3.3966491078838175,2.1701365677927407
2025-10-27,model2,sse50,2025-06-16,50,7.092047,5.795187910147397
2025-10-28,model2,csi500,2025-06-16,491,1.0302322810590634,2.2162679255659925
2025-10-28,model2,sse50,2025-06-16,50,2.6667978,5.170204863888893
2025-10-29,model2,csi500,2025-06-16,488,4.1743107786885245,2.867064055877133
2025-10-29,model2,sse50,2025-06-16,49,3.7685138775510207,4.509119559183678
2025-10-30,model2,csi500,2025-06-16,494,-0.24992022267206468,1.6515409456918393
2025-10-30,model2,sse50,2025-06-16,48,1.8946175,2.776643059183677
2025-10-31,model2,csi500,2025-06-16,488,-1.0900199999999998,0.944790185338818
2025-10-31,model2,sse50,2025-06-16,49,-1.0936842857142857,1.523149030612249
2025-11-03,model2,csi500,2025-06-16,487,-0.8086498357289527,-0.7161966861336744
2025-11-03,model2,sse50,2025-06-16,49,-0.05318999999999974,0.24924773809524206
2025-11-04,model2,csi500,2025-06-16,488,-5.863379159836065,-2.5873496651883414
2025-11-04,model2,sse50,2025-06-16,49,-3.130335918367347,-1.4257367346938736
2025-11-05,model2,csi500,2025-06-16,484,-6.454085309917355,-4.375371435160793
2025-11-05,model2,sse50,2025-06-16,50,-4.401977,-2.5285009727891117
2025-11-06,model2,csi500,2025-06-16,483,1.3221619668737061,-3.66510083429324
2025-11-06,model2,sse50,2025-06-16,47,0.6181251063829787,-2.304729270661452
2025-11-07,model2,csi500,2025-06-16,482,0.563801950207469,-1.5227071309453952
2025-11-07,model2,sse50,2025-06-16,49,-0.6364636734693876,-1.4734385223621322
2025-11-10,model2,csi500,2025-06-16,490,2.841359612244898,1.575774509775356
2025-11-10,model2,sse50,2025-06-16,49,2.188061836734694,0.7232410898827655
2025-11-11,model2,csi500,2025-06-16,486,1.4172908847736627,1.6074841490753418
2025-11-11,model2,sse50,2025-06-16,48,-0.5677795833333333,0.3279395266439948
2025-11-12,model2,csi500,2025-06-16,485,-2.6069761443298964,0.5505581175628865
2025-11-12,model2,sse50,2025-06-16,50,-2.1668788,-0.1821988488662094
2025-11-13,model2,csi500,2025-06-16,484,1.7409458264462812,0.1837535222966807
2025-11-13,model2,sse50,2025-06-16,49,2.5340344897959186,-0.06687463117913446
2025-11-14,model2,csi500,2025-06-16,479,-1.2003462839248433,-0.6887922006028213
2025-11-14,model2,sse50,2025-06-16,50,-0.602959,-0.07860110340135669
2025-11-17,model2,csi500,2025-06-16,489,-2.8062542944785274,-0.7552182506523649
2025-11-17,model2,sse50,2025-06-16,49,-4.575383673469388,-0.8814360612244861
2025-11-18,model2,csi500,2025-06-16,491,-5.240424439918534,-3.08234167277397
2025-11-18,model2,sse50,2025-06-16,49,-7.869004081632652,-4.34911558503401
2025-11-19,model2,csi500,2025-06-16,484,-7.617279049586776,-5.221319261327948
2025-11-19,model2,sse50,2025-06-16,50,-2.2057480000000003,-4.88337858503401
2025-11-20,model2,csi500,2025-06-16,480,-10.484644208333332,-7.7807825659462155
2025-11-20,model2,sse50,2025-06-16,48,-3.505076666666667,-4.5266095827664365
2025-11-21,model2,csi500,2025-06-16,497,-15.055087545271629,-11.052336934397246
2025-11-21,model2,sse50,2025-06-16,50,-6.8693352,-4.193386622222218
2025-11-24,model2,csi500,2025-06-16,488,-6.099507704918033,-10.546413152841
2025-11-24,model2,sse50,2025-06-16,49,-6.363015102040816,-5.579142322902491
2025-11-25,model2,csi500,2025-06-16,473,0.11850414376321348,-7.012030368808818
2025-11-25,model2,sse50,2025-06-16,47,-1.4254646808510636,-4.8859383276306225
2025-11-26,model2,csi500,2025-06-16,485,-0.8335562061855669,-2.2715199224467972
2025-11-26,model2,sse50,2025-06-16,47,-0.3457212765957446,-2.7114003531625372
2025-11-27,model2,csi500,2025-06-16,468,-0.9641014316239316,-0.5597178313487635
2025-11-27,model2,sse50,2025-06-16,47,-0.14870893617021275,-0.6399649645390032
2025-11-28,model2,csi500,2025-06-16,483,2.313781055900621,0.17204113936370571
2025-11-28,model2,sse50,2025-06-16,50,0.8307204,0.11209672907801808
2025-12-01,model2,csi500,2025-06-16,481,5.053796278586279,2.134491967620988
2025-12-01,model2,sse50,2025-06-16,49,3.1861442857142865,1.2893852498480285
2025-12-02,model2,csi500,2025-06-16,481,0.8372988981288982,2.734958744205264
2025-12-02,model2,sse50,2025-06-16,48,-1.2195945833333333,0.9324233674603214
2025-12-03,model2,csi500,2025-06-16,487,-0.6243533880903489,1.755580596208274
2025-12-03,model2,sse50,2025-06-16,49,-3.531146326530612,-0.5215322080498824
2025-12-04,model2,csi500,2025-06-16,480,-2.4431502291666667,-0.7434015730427076
2025-12-04,model2,sse50,2025-06-16,49,-1.7281973469387755,-2.159646085600903
2025-12-05,model2,csi500,2025-06-16,489,1.2995626380368097,-0.5893136597400704
2025-12-05,model2,sse50,2025-06-16,50,-0.013243999999999723,-1.757529224489792
2025-12-08,model2,csi500,2025-06-16,483,1.7292370807453419,0.19521649653849313
2025-12-08,model2,sse50,2025-06-16,48,-0.40768708333333326,-0.7163761434240322
2025-12-09,model2,csi500,2025-06-16,489,-2.019925746421268,0.33629132412029267
2025-12-09,model2,sse50,2025-06-16,49,-2.507661632653061,-0.9761975719954608
2025-12-10,model2,csi500,2025-06-16,486,0.20895561728395076,-0.027244349463993667
2025-12-10,model2,sse50,2025-06-16,48,-3.5188441666666663,-2.1447309608843494
2025-12-11,model2,csi500,2025-06-16,495,-2.917144767676768,-1.5760382989380304
2025-12-11,model2,sse50,2025-06-16,50,-4.0753248,-3.367276866439905
2025-12-12,model2,csi500,2025-06-16,483,-0.12213532091097298,-0.9434414904345986
2025-12-12,model2,sse50,2025-06-16,48,0.5865760416666667,-2.335864308333329
2025-12-15,model2,csi500,2025-12-15,482,-0.20326006224066387,-1.0808467169428033
2025-12-15,model2,sse50,2025-12-15,49,-1.4771122448979592,-1.6552870010770935
2025-12-16,model2,csi500,2025-12-15,496,-3.5716367137096774,-1.2990106989537733
2025-12-16,model2,sse50,2025-12-15,50,-5.1419500000000005,-2.010828734410427
2025-12-17,model2,csi500,2025-12-15,487,1.269570924024641,-0.8351086173085687
2025-12-17,model2,sse50,2025-12-15,50,0.6929284000000001,-1.9753779482993157
2025-12-18,model2,csi500,2025-12-15,479,1.1850257411273486,-0.3723466828525644
2025-12-18,model2,sse50,2025-12-15,47,1.6971678723404255,-0.9172845758865208
2025-12-19,model2,csi500,2025-12-15,489,2.433455541922291,1.629350735691425
2025-12-19,model2,sse50,2025-12-15,49,2.9276828571428575,1.7725930431610983
2025-12-22,model2,csi500,2025-12-15,478,3.7192744769874477,2.4459185866790274
2025-12-22,model2,sse50,2025-12-15,48,2.015894375,2.2135817014944315
2025-12-23,model2,csi500,2025-12-15,490,1.5125024081632654,2.5550774756909997
2025-12-23,model2,sse50,2025-12-15,48,0.465875,1.8031507440476229
2025-12-24,model2,csi500,2025-12-15,486,3.9935355349794244,3.0751041400433774
2025-12-24,model2,sse50,2025-12-15,48,-0.2861799999999998,0.7318631250000038
2025-12-25,model2,csi500,2025-12-15,477,4.484999371069183,3.3303457714039557
2025-12-25,model2,sse50,2025-12-15,46,0.44737934782608707,0.20902478260869958
2025-12-26,model2,csi500,2025-12-15,475,3.6778184210526317,4.0521177757004105
2025-12-26,model2,sse50,2025-12-15,47,-2.33206,-0.7236202173913003
2025-12-29,model2,csi500,2025-12-15,481,-0.04876787941787929,2.7046833042346434
2025-12-29,model2,sse50,2025-12-15,49,-2.66666693877551,-1.5171158636498037
2025-12-30,model2,csi500,2025-12-15,475,-1.555865684210526,0.691061619141407
2025-12-30,model2,sse50,2025-12-15,49,-3.6756387755102042,-2.8914552380952343
2025-12-31,model2,csi500,2025-12-15,485,-3.160127443298969,-1.5882536689757931
2025-12-31,model2,sse50,2025-12-15,46,-5.858816956521739,-4.067040890269148
2026-01-05,model2,csi500,2025-12-15,496,2.0982681854838714,-0.8725749806752097
2026-01-05,model2,sse50,2025-12-15,49,1.2933155102040816,-2.7470467406092833
2026-01-06,model2,csi500,2025-12-15,496,6.026997076612903,1.6550459395992665
2026-01-06,model2,sse50,2025-12-15,50,5.636124,0.3568741845607845
2026-01-07,model2,csi500,2025-12-15,492,4.370662764227642,4.165309342108137
2026-01-07,model2,sse50,2025-12-15,49,2.388251020408164,3.105896843537419
2026-01-08,model2,csi500,2025-12-15,484,2.8452032024793388,4.414287681106626
2026-01-08,model2,sse50,2025-12-15,49,-1.0656285714285714,2.3195821496598676
2026-01-09,model2,csi500,2025-12-15,492,5.956812479674797,4.3908928154605915
2026-01-09,model2,sse50,2025-12-15,49,0.07795408163265319,0.4668588435374191
2026-01-12,model2,csi500,2026-01-12,488,5.781523934426231,4.861179872193453
2026-01-12,model2,sse50,2025-12-15,48,1.8940093750000002,0.3021116284013645
2026-01-13,model2,csi500,2026-01-12,485,0.829161175257732,4.189165863119585
2026-01-13,model2,sse50,2025-12-15,47,1.6364125531914897,1.2027920032747181
2026-01-14,model2,csi500,2026-01-12,491,0.3725194093686356,2.3277348396841977
2026-01-14,model2,sse50,2025-12-15,49,-2.2700967346938774,0.42010839783254134
2026-01-15,model2,csi500,2026-01-12,487,-0.26394059548254606,0.3125799963812721
2026-01-15,model2,sse50,2025-12-15,50,-4.274796,-1.6361600605007922
2026-01-16,model2,csi500,2026-01-12,484,-2.1119606611570245,-0.6677939490903134
2026-01-16,model2,sse50,2025-12-15,49,-8.27717306122449,-4.9406885986394515
2026-01-19,model2,csi500,2026-01-12,475,0.9151943157894739,-0.4869023136167006
2026-01-19,model2,sse50,2025-12-15,47,-11.712364680851064,-8.088111247358514
2026-01-20,model2,csi500,2026-01-12,489,-0.02377067484662574,-0.40684567340472716
2026-01-20,model2,sse50,2025-12-15,50,-1.6987959999999998,-7.2294445806918475
2026-01-21,model2,csi500,2026-01-12,480,0.6305070416666668,0.5073102275365032
2026-01-21,model2,sse50,2025-12-15,50,-3.6518976,-5.6876860936170175
2026-01-22,model2,csi500,2026-01-12,492,2.8658943902439025,1.1575435856879794
2026-01-22,model2,sse50,2025-12-15,48,-3.076725833333333,-2.809139811111107
2026-01-23,model2,csi500,2026-01-12,480,6.058708,3.1850364773035214
2026-01-23,model2,sse50,2025-12-15,49,-4.400831836734694,-3.709818423356005
2026-01-26,model2,csi500,2026-01-12,487,2.87919772073922,3.934600036994373
2026-01-26,model2,sse50,2025-12-15,49,-2.6397977551020406,-3.3724518083900192
2026-01-27,model2,csi500,2026-01-12,495,-0.044019494949494815,2.964628741929907
2026-01-27,model2,sse50,2025-12-15,50,-7.198110000000001,-4.746246530612241
2026-01-28,model2,csi500,2026-01-12,492,-0.4957643495934958,0.7798046253987413
2026-01-28,model2,sse50,2025-12-15,49,-8.616502448979592,-6.151470068027208
2026-01-29,model2,csi500,2026-01-12,487,-2.1065027515400407,-0.8820955320276789
2026-01-29,model2,sse50,2025-12-15,49,-2.0574804081632654,-5.957364285714282
2026-01-30,model2,csi500,2026-01-12,491,-6.474529653767821,-3.0255989183004544
2026-01-30,model2,sse50,2025-12-15,47,-0.08758063829787212,-3.587187831813573
2026-02-02,model2,csi500,2026-01-12,499,-11.66077382765531,-6.747268744321059
2026-02-02,model2,sse50,2025-12-15,50,-4.3420808,-2.162380615487042
2026-02-03,model2,csi500,2026-01-12,496,0.27562594758064524,-5.953225844614163
2026-02-03,model2,sse50,2025-12-15,50,-0.7413683999999999,-1.7236766127659537
2026-02-04,model2,csi500,2026-01-12,497,2.3471528973843054,-3.0126649942301214
2026-02-04,model2,sse50,2025-12-15,50,2.0690336,-1.0048051999999963
2026-02-05,model2,csi500,2026-01-12,490,-0.11763055102040808,0.8350494313148458
2026-02-05,model2,sse50,2025-12-15,50,2.000528,1.109397733333337
2026-02-06,model2,csi500,2026-01-12,488,-1.2424266188524589,0.3290319091704777
2026-02-06,model2,sse50,2025-12-15,49,-1.073622244897959,0.9986464517006839
2026-02-09,model2,csi500,2026-01-12,494,2.5988498785425103,0.4129309028898793
2026-02-09,model2,sse50,2025-12-15,47,3.2669940425531916,1.3979665992184145
2026-02-10,model2,csi500,2026-01-12,487,1.5322673511293634,0.9628968702731365
2026-02-10,model2,sse50,2025-12-15,50,2.3742590000000003,1.5225435992184144
2026-02-11,model2,csi500,2026-01-12,485,0.7145528453608248,1.615223358344231
2026-02-11,model2,sse50,2025-12-15,46,1.4003180434782612,2.347190362010488
2026-02-12,model2,csi500,2026-01-12,488,1.2231990368852461,1.1566730777918097
2026-02-12,model2,sse50,2025-12-15,49,0.9259144897959188,1.566830511091397
2026-02-13,model2,csi500,2026-01-12,500,-4.44239248,-0.8348801992513114
2026-02-13,model2,sse50,2025-12-15,50,-7.3953106,-1.6896926889086032
2026-02-24,model2,csi500,2026-01-12,489,-1.5372462985685071,-1.585479913894422
2026-02-24,model2,sse50,2025-12-15,49,-6.555234081632652,-4.341543397278908
2026-02-25,model2,csi500,2026-01-12,493,2.369191318458418,-1.2034824867033647
2026-02-25,model2,sse50,2025-12-15,47,-5.491033829787234,-6.480526170473293
2026-02-26,model2,csi500,2026-01-12,486,0.9848255967078192,0.605590205532575
2026-02-26,model2,sse50,2025-12-15,48,-8.374535625,-6.806934512139958
2026-02-27,model2,csi500,2026-01-12,491,3.155489592668024,2.1698355026114187
2026-02-27,model2,sse50,2025-12-15,48,-7.401050000000001,-7.088873151595742
2026-03-02,model2,csi500,2026-01-12,492,3.377549654471545,2.505954947949128
2026-03-02,model2,sse50,2025-12-15,48,-4.925707291666667,-6.90043097222222
2026-03-03,model2,csi500,2026-01-12,498,-5.35714297188755,0.39196542508400495
2026-03-03,model2,sse50,2025-12-15,49,-6.1408783673469385,-6.1558785530045315
2026-03-04,model2,csi500,2026-01-12,495,-9.301759434343435,-3.760450917253148
2026-03-04,model2,sse50,2025-12-15,50,-10.1230104,-7.0631986863378655
2026-03-05,model2,csi500,2026-01-12,483,-4.160316583850932,-6.273072996693974
2026-03-05,model2,sse50,2025-12-15,50,-2.2003095999999998,-6.154732789115644
2026-03-06,model2,csi500,2026-01-12,492,0.3900614227642277,-4.3573381984767146
2026-03-06,model2,sse50,2025-12-15,48,-0.547935,-4.290418333333331
2026-03-09,model2,csi500,2026-01-12,488,-1.2139317622950818,-1.661395641127264
2026-03-09,model2,sse50,2025-12-15,49,-3.1094179591836735,-1.9525541863945548
2026-03-10,model2,csi500,2026-01-12,490,2.279490530612245,0.48520673036046186
2026-03-10,model2,sse50,2025-12-15,49,0.5897971428571429,-1.0225186054421738
2026-03-11,model2,csi500,2026-01-12,484,1.7641001033057853,0.9432196238743144
2026-03-11,model2,sse50,2025-12-15,50,2.6756596000000004,0.052012927891159556
2026-03-12,model2,csi500,2026-01-12,487,0.34024332648870653,1.4612779868022436
2026-03-12,model2,sse50,2025-12-15,46,1.9977908695652176,1.7544158708074564
2026-03-13,model2,csi500,2026-01-12,487,-3.0507030595482543,-0.31545320991792264
2026-03-13,model2,sse50,2025-12-15,49,-1.6106485714285714,1.0209339660455516
2026-03-16,model2,csi500,2026-01-12,486,-4.433708086419753,-2.381389273159769
2026-03-16,model2,sse50,2025-12-15,48,-1.8545197916666663,-0.4891258311766704
2026-03-17,model2,csi500,2026-01-12,489,-9.770041145194273,-5.751484097054096
2026-03-17,model2,sse50,2025-12-15,49,-3.0390681632653056,-2.168078842120178
2026-03-18,model2,csi500,2026-01-12,483,-5.494100248447205,-6.565949826687079
2026-03-18,model2,sse50,2025-12-15,47,-2.873544255319149,-2.589044070083704
2026-03-19,model2,csi500,2026-01-12,497,-9.162301730382293,-8.142147708007926
2026-03-19,model2,sse50,2025-12-15,49,-5.479887346938775,-3.7974999218410734
2026-03-20,model2,csi500,2026-01-12,492,-11.029036504065042,-8.561812827631515
2026-03-20,model2,sse50,2025-12-15,49,-7.357494693877551,-5.236975432045155
2026-03-23,model2,csi500,2026-01-12,499,-16.389527074148294,-12.193621769531878
2026-03-23,model2,sse50,2025-12-15,50,-13.530385999999998,-8.789256013605439
2026-03-24,model2,csi500,2026-01-12,497,0.366647263581489,-9.017305438210618
2026-03-24,model2,sse50,2025-12-15,50,-4.6391868,-8.509022497959181
2026-03-25,model2,csi500,2026-01-12,496,3.9458268951612903,-4.025684305135174
2026-03-25,model2,sse50,2025-12-15,50,1.9742552,-5.398439199999996
2026-03-26,model2,csi500,2026-01-12,490,0.27483938775510214,1.5291045154992926
2026-03-26,model2,sse50,2025-12-15,50,-0.6764919999999998,-1.1138078666666642
2026-03-27,model2,csi500,2026-01-12,487,1.5310167761806983,1.9172276863656954
2026-03-27,model2,sse50,2025-12-15,48,2.2963762500000002,1.198046483333336
2026-03-30,model2,csi500,2026-01-12,483,1.837041138716356,1.214299100884051
2026-03-30,model2,sse50,2025-12-15,50,2.2221760000000006,1.2806867500000028
2026-03-31,model2,csi500,2026-01-12,493,-2.5136082352941176,0.2848165598676444
2026-03-31,model2,sse50,2025-12-15,50,-3.0716782,0.4822913500000026
2026-04-01,model2,csi500,2026-01-12,489,1.8822043149284253,0.4018790727835535
2026-04-01,model2,sse50,2025-12-15,49,-0.049623877551020185,-0.29970869251700416
2026-04-02,model2,csi500,2026-01-12,492,-0.4494871341463414,-0.360297018170679
2026-04-02,model2,sse50,2025-12-15,50,1.4631752,-0.552708959183671
2026-04-03,model2,csi500,2026-01-12,497,-3.9475922334004023,-0.8382916842061072
2026-04-03,model2,sse50,2025-12-15,50,-2.6150241999999997,-0.40049095918367095
2026-04-07,model2,csi500,2026-01-12,485,-2.3345903092783504,-2.2438898922750323
2026-04-07,model2,sse50,2025-12-15,50,-3.598392,-1.5834136666666643
2026-04-08,model2,csi500,2026-01-12,498,3.4845433132530124,-0.9325464098085813
2026-04-08,model2,sse50,2025-12-15,49,1.6277395918367348,-1.5285588693877525
2026-04-09,model2,csi500,2026-01-12,490,1.656498387755102,0.9354837972432536
2026-04-09,model2,sse50,2025-12-15,49,-0.5833367346938774,-0.8513297142857118
2026-04-10,model2,csi500,2026-01-12,486,2.34471633744856,2.495252679485557
2026-04-10,model2,sse50,2025-12-15,48,-0.937655208333333,0.03558254960317716
2026-04-13,model2,csi500,2026-01-12,489,2.0461697955010227,2.0157948402348933
2026-04-13,model2,sse50,2025-12-15,48,1.3519252083333335,-0.05635557823128997
2026-04-14,model2,csi500,2026-01-12,487,2.9204737577002056,2.4371199635499283
2026-04-14,model2,sse50,2025-12-15,48,1.9690497916666667,0.7944399305555581
2026-04-15,model2,csi500,2026-01-12,491,0.3757201221995927,1.7807878918002726
2026-04-15,model2,sse50,2025-12-15,50,2.0765138000000003,1.7991629333333359
2026-04-16,model2,csi500,2026-01-12,485,2.289888082474227,1.8620273207913407
2026-04-16,model2,sse50,2025-12-15,46,2.537795652173913,2.1944530812801957
2026-04-17,model2,csi500,2026-01-12,483,1.6552279089026916,1.4402787045255028
2026-04-17,model2,sse50,2025-12-15,48,0.377957291666667,1.6640889146135291
2026-04-20,model2,csi500,2026-01-12,484,1.7704087809917357,1.9051749241228837
2026-04-20,model2,sse50,2025-12-15,50,0.3309648000000003,1.0822392479468625
2026-04-21,model2,csi500,2026-01-12,491,0.11214364562118143,1.179260111838535
2026-04-21,model2,sse50,2025-12-15,48,-2.9362479166666664,-0.742441941666664
2026-04-22,model2,csi500,2026-01-12,482,1.6751044605809131,1.185885629064609
2026-04-22,model2,sse50,2025-12-15,47,-2.3158087234042553,-1.6403639466903048
2026-04-23,model2,csi500,2026-01-12,495,-1.2688107878787878,0.1728124394411011
2026-04-23,model2,sse50,2025-12-15,48,-0.4108252083333332,-1.887627282801416
2026-04-24,model2,csi500,2026-01-12,491,-3.996949877800407,-1.1968854016994284
2026-04-24,model2,sse50,2025-12-15,49,-3.5968855102040815,-2.1078398139805543
2026-04-27,model2,csi500,2026-01-12,489,-3.5754333333333332,-2.9470646663375106
2026-04-27,model2,sse50,2025-12-15,48,-6.555523333333333,-3.5210780172902467
2026-04-28,model2,csi500,2026-01-12,489,-4.046101329243354,-3.872828180125699
2026-04-28,model2,sse50,2025-12-15,50,-5.3984384,-5.183615747845803
2026-04-29,model2,csi500,2026-01-12,492,0.6641977439024391,-2.3191123062247505
2026-04-29,model2,sse50,2025-12-15,49,1.6827883673469388,-3.4237244553287955
2026-04-30,model2,csi500,2026-01-12,491,-0.02667537678207736,-1.1361929873743317
2026-04-30,model2,sse50,2025-12-15,47,-0.31253297872340424,-1.3427276704588194
2026-05-06,model2,csi500,2026-01-12,486,3.48205646090535,1.3731929426752363
2026-05-06,model2,sse50,2025-12-15,50,-0.06141499999999988,0.4362801295411806
2026-05-07,model2,csi500,2026-01-12,490,4.613659367346939,2.6896801504900694
2026-05-07,model2,sse50,2025-12-15,49,-1.1420842857142854,-0.5053440881458942
2026-05-08,model2,csi500,2026-01-12,483,4.420871739130435,4.17219585579424
2026-05-08,model2,sse50,2025-12-15,48,-4.7366649999999995,-1.9800547619047595
2026-05-11,model2,csi500,2026-01-12,492,4.484191524390244,4.5062408769558715
2026-05-11,model2,sse50,2025-12-15,47,-0.6646023404255318,-2.1811172087132698
2026-05-12,model2,csi500,2026-01-12,492,0.8257558943089433,3.2436063859432065
2026-05-12,model2,sse50,2025-12-15,49,-0.2081028571428572,-1.8697900658561268
2026-05-13,model2,csi500,2026-01-12,487,1.2545357084188915,2.188161042372692
2026-05-13,model2,sse50,2025-12-15,49,-0.8558765306122448,-0.5761939093935422
2026-05-14,model2,csi500,2026-01-12,492,-3.5205894918699183,-0.48009929638069543
2026-05-14,model2,sse50,2025-12-15,49,-4.599521224489796,-1.8878335374149635
2026-05-15,model2,csi500,2026-01-12,489,-8.196582392638037,-3.487545392029689
2026-05-15,model2,sse50,2025-12-15,50,-8.6156404,-4.690346051700678
2026-05-18,model2,csi500,2026-01-12,493,-9.447843123732252,-7.055005002746737
2026-05-18,model2,sse50,2025-12-15,48,-12.461320416666666,-8.558827347052151
2026-05-19,model2,csi500,2026-01-12,490,-1.650067244897959,-6.431497587089416
2026-05-19,model2,sse50,2025-12-15,48,-7.582110624999999,-9.553023813888887
2026-05-20,model2,csi500,2026-01-12,495,-1.8993808484848484,-4.332430405705021
2026-05-20,model2,sse50,2025-12-15,50,-9.790032199999999,-9.944487747222219
2026-05-21,model2,csi500,2026-01-12,497,-5.546940845070423,-3.0321296461510783
2026-05-21,model2,sse50,2025-12-15,50,-9.7980856,-9.05674280833333
2026-05-22,model2,csi500,2026-01-12,487,-3.3973198973305956,-3.6145471969619565
2026-05-22,model2,sse50,2025-12-15,47,-8.88834340425532,-9.49215373475177
2026-05-25,model2,csi500,2026-01-12,488,-0.9051385860655737,-3.283133109488865
2026-05-25,model2,sse50,2025-12-15,49,-3.657529387755102,-7.447986130670138
2026-05-26,model2,csi500,2026-01-12,486,-1.3670323662551438,-1.8898302832171054
2026-05-26,model2,sse50,2025-12-15,49,-3.3908024489795916,-5.312225080330002
2026-05-27,model2,csi500,2026-01-12,494,-3.452361781376518,-1.9081775778990797
2026-05-27,model2,sse50,2025-12-15,48,-5.410645625,-4.152992487244895
2026-05-28,model2,csi500,2026-01-12,489,-4.261985460122699,-3.0271265359181214
2026-05-28,model2,sse50,2025-12-15,47,-7.371424680851064,-5.39095758494355
2026-05-29,model2,csi500,2026-01-12,491,-4.856403279022403,-4.190250173507208
2026-05-29,model2,sse50,2025-12-15,49,-2.2993408163265308,-5.027137040725862
2026-06-01,model2,csi500,2026-01-12,496,-2.408746491935484,-3.842378410360197
2026-06-01,model2,sse50,2025-12-15,48,-3.9045827083333333,-4.52511606850364
2026-06-02,model2,csi500,2026-01-12,490,-2.7865768775510205,-3.3505755495029703
2026-06-02,model2,sse50,2025-12-15,50,0.8500992,-1.7846081082199523
2026-06-03,model2,csi500,2026-01-12,492,-3.2047105894308943,-2.8000113196391343
2026-06-03,model2,sse50,2025-12-15,50,-2.3178796,-1.7907877027777754
2026-06-04,model2,csi500,2026-01-12,496,-5.211268165322581,-3.734185210768166
2026-06-04,model2,sse50,2025-12-15,50,-6.707114799999999,-2.7249650666666643
2026-06-05,model2,csi500,2026-01-12,493,-5.721892738336714,-4.712623831030064
2026-06-05,model2,sse50,2025-12-15,48,-6.9229891666666665,-5.31599452222222
2026-06-08,model2,csi500,2026-01-12,499,-11.78843012024048,-7.57386367463326
2026-06-08,model2,sse50,2025-12-15,50,-8.786706,-7.472269988888886
2026-06-09,model2,csi500,2026-01-12,485,-3.8788005773195877,-7.129707811965595
2026-06-09,model2,sse50,2025-12-15,48,-5.0287862500000005,-6.912827138888886
2026-06-10,model2,csi500,2026-01-12,493,-2.926592393509128,-6.1979410303564
2026-06-10,model2,sse50,2025-12-15,49,0.675974693877551,-4.379839185374148
2026-06-11,model2,csi500,2026-01-12,496,-3.346368387096774,-3.3839204526418314
2026-06-11,model2,sse50,2025-12-15,49,-0.6502651020408161,-1.6676922193877528
2026-06-12,model2,csi500,2026-01-12,497,1.2131709456740443,-1.6865966116439537
2026-06-12,model2,sse50,2025-12-15,50,4.894093000000001,1.6399341972789143
2026-06-15,model2,csi500,2026-06-15,496,5.398123870967742,1.0883088098483364
2026-06-15,model2,sse50,2026-06-15,49,1.941914081632653,2.061913993197282
2026-06-16,model2,csi500,2026-06-15,492,3.6372855691056913,3.416193461915825
2026-06-16,model2,sse50,2026-06-15,50,-0.6602780000000001,2.05857636054422
2026-06-17,model2,csi500,2026-06-15,493,1.6329691277890468,3.5561261892874927
2026-06-17,model2,sse50,2026-06-15,50,-3.3489521999999994,-0.6891053727891131
2026-06-18,model2,csi500,2026-06-15,495,-1.1830285858585856,1.3624087036787167
2026-06-18,model2,sse50,2026-06-15,50,-8.814569,-4.274599733333331
2026-06-22,model2,csi500,2026-06-15,494,-0.01856109311740871,0.14379314960434994
2026-06-22,model2,sse50,2026-06-15,49,4.645705918367348,-2.505938427210882
2026-06-23,model2,csi500,2026-06-15,494,-1.734131821862348,-0.9785738336127817
2026-06-23,model2,sse50,2026-06-15,50,-0.45672,-1.5418610272108817
2026-06-24,model2,csi500,2026-06-15,491,-2.861879103869654,-1.5381906729498045
2026-06-24,model2,sse50,2026-06-15,48,-2.5350104166666667,0.5513251672335627
2026-06-25,model2,csi500,2026-06-15,492,-4.168176219512195,-2.9213957150813994
2026-06-25,model2,sse50,2026-06-15,50,-2.8617116,-1.9511473388888867
2026-06-26,model2,csi500,2026-06-15,500,-8.98514054,-5.338398621127284
2026-06-26,model2,sse50,2026-06-15,50,-7.7637472,-4.38682307222222
2026-06-29,model2,csi500,2026-06-15,488,-4.195543422131148,-5.782953393881115
2026-06-29,model2,sse50,2026-06-15,49,-1.1534204081632653,-3.9262930693877522
2026-06-30,model2,csi500,2026-06-15,495,-0.007103595959595888,-4.395929186030249
2026-06-30,model2,sse50,2026-06-15,50,-0.9799553999999999,-3.2990410027210864
2026-07-01,model2,csi500,2026-06-15,497,2.4652141649899395,-0.5791442843669358
2026-07-01,model2,sse50,2026-06-15,49,1.6360291836734695,-0.16578220816326258
2026-07-02,model2,csi500,2026-06-15,492,0.5062531300813009,0.9881212330372137
2026-07-02,model2,sse50,2026-06-15,49,0.3378053061224491,0.33129302993197557
2026-07-03,model2,csi500,2026-06-15,492,1.8629754878048783,1.6114809276253717
2026-07-03,model2,sse50,2026-06-15,49,1.3377008163265307,1.103845102040819
2026-07-06,model2,csi500,2026-06-15,489,1.9698929856850718,1.4463738678570826
2026-07-06,model2,sse50,2026-06-15,50,5.1207722,2.265426107482996
2026-07-07,model2,csi500,2026-06-15,498,-4.3220910642570285,-0.16307419692236058
2026-07-07,model2,sse50,2026-06-15,49,1.0395059183673472,2.4993263115646287
2026-07-08,model2,csi500,2026-06-15,493,-6.234034807302232,-2.8620776286247307
2026-07-08,model2,sse50,2026-06-15,50,-0.010868399999999773,2.0498032394557852
2026-07-09,model2,csi500,2026-06-15,487,-2.3287424435318274,-4.294956105030363
2026-07-09,model2,sse50,2026-06-15,49,1.3608822448979594,0.796506587755105
2026-07-10,model2,csi500,2026-06-15,493,-0.7361455983772819,-3.099640949737115
2026-07-10,model2,sse50,2026-06-15,50,0.6311124,0.6603754149659893
2026-07-13,model2,csi500,2026-06-15,492,-3.5033369308943088,-2.189408324267807
2026-07-13,model2,sse50,2026-06-15,48,-0.6234041666666666,0.45619682607710027
2026-07-14,model2,csi500,2026-06-15,497,-0.014545271629778521,-1.4180092669671243
2026-07-14,model2,sse50,2026-06-15,49,1.112568979591837,0.3734257376417261
2026-07-15,model2,csi500,2026-06-15,494,2.3537522267206477,-0.38804332526781443
2026-07-15,model2,sse50,2026-06-15,48,5.207264375,1.898809729308393
2026-07-16,model2,csi500,2026-06-15,494,0.07108981781376537,0.8034322576348769
2026-07-16,model2,sse50,2026-06-15,50,1.6848756000000003,2.668236318197282
2026-07-17,model2,csi500,2026-06-15,496,-6.460703870967741,-1.3452872754777772
2026-07-17,model2,sse50,2026-06-15,50,-1.4565921999999998,1.8118492583333363
2026-07-20,model2,csi500,2026-06-15,499,-5.385943907815631,-3.92518598698987
2026-07-20,model2,sse50,2026-06-15,50,3.4002722,1.209518533333336
2026-07-21,model2,csi500,2026-06-15,486,2.3598600205761313,-3.1622625860690814
2026-07-21,model2,sse50,2026-06-15,49,3.109903265306123,1.6845277551020434
2026-07-22,model2,csi500,2026-06-15,487,2.1144328952772073,-0.3038836639874319
2026-07-22,model2,sse50,2026-06-15,49,2.993784897959184,3.1679867877551047
2026-07-23,model2,csi500,2026-06-15,493,3.208427261663286,2.5609067258388736
2026-07-23,model2,sse50,2026-06-15,47,4.438201914893617,3.513963359386311
2026-07-24,model2,csi500,2026-06-15,497,-3.1059712676056335,0.7389629631116189
2026-07-24,model2,sse50,2026-06-15,47,0.8136887234042556,2.748558512085688
2026-07-27,model2,csi500,2026-06-15,492,0.6710579268292683,0.2578379736289726
2026-07-27,model2,sse50,2026-06-15,50,-0.7410144,1.5036254127659603
2026-07-28,model2,csi500,2026-06-15,490,-0.02635291836734695,-0.8204220863812384
2026-07-28,model2,sse50,2026-06-15,50,0.23225020000000002,0.1016415078014215
2026-07-29,model2,csi500,2026-06-15,499,1.5537421843687376,0.7328157309435519
2026-07-29,model2,sse50,2026-06-15,49,-0.16609428571428564,-0.22495282857142554
2026-07-30,model2,csi500,2026-06-15,491,3.334921853360489,1.6207703731206256
2026-07-30,model2,sse50,2026-06-15,50,2.2623756,0.7761771714285745
2026-07-31,model2,csi500,2026-06-15,483,4.877295279503105,3.2553197724107767
2026-07-31,model2,sse50,2026-06-15,50,1.7908932000000002,1.295724838095241
2026-08-03,model2,csi500,2026-06-15,495,5.993505454545455,4.7352408624696825
2026-08-03,model2,sse50,2026-06-15,50,-0.22167099999999987,1.2771992666666698
2026-08-04,model2,csi500,2026-06-15,494,3.045832510121458,4.638877748056672
2026-08-04,model2,sse50,2026-06-15,48,-2.119710208333333,-0.18349600277777448
2026-08-05,model2,csi500,2026-06-15,488,5.295490225409837,4.778276063358915
2026-08-05,model2,sse50,2026-06-15,49,-2.3356891836734692,-1.5590234640022642
2026-08-06,model2,csi500,2026-06-15,493,0.002598438133874602,2.781307057888389
2026-08-06,model2,sse50,2026-06-15,50,-2.1550713999999997,-2.2034902640022644
2026-08-07,model2,csi500,2026-06-15,489,0.8686440695296525,2.0555775776911203
2026-08-07,model2,sse50,2026-06-15,49,1.261996530612245,-1.0762546843537384
2026-08-10,model2,csi500,2026-06-15,488,4.873501106557377,1.9149145380736339
2026-08-10,model2,sse50,2026-06-15,46,2.252785434782609,0.45323685513162104
2026-08-11,model2,csi500,2026-06-15,492,-0.5048932520325203,1.745750641351502
2026-08-11,model2,sse50,2026-06-15,49,-2.6639795918367346,0.28360079118604276
2026-08-12,model2,csi500,2026-06-15,485,-0.14874103092783497,1.4066222745323398
2026-08-12,model2,sse50,2026-06-15,49,-4.371374285714285,-1.5941894809228006
2026-08-13,model2,csi500,2026-06-15,485,-2.2477867010309276,-0.9671403279970953
2026-08-13,model2,sse50,2026-06-15,49,-4.563075102040816,-3.8661429931972755
2026-08-14,model2,csi500,2026-06-15,488,-3.63972231557377,-2.012083349177512
2026-08-14,model2,sse50,2026-06-15,50,-4.3871628,-4.440537395918365
2026-08-17,model2,csi500,2026-06-15,485,0.10244816494845366,-1.9283536172187492
2026-08-17,model2,sse50,2026-06-15,49,-1.0144004081632652,-3.321546103401358
2026-08-18,model2,csi500,2026-06-15,489,-1.0936689570552145,-1.5436477025601778
2026-08-18,model2,sse50,2026-06-15,49,-1.1543008163265305,-2.185288008163262
2026-08-19,model2,csi500,2026-06-15,495,-5.002235515151515,-1.9978187690860925
2026-08-19,model2,sse50,2026-06-15,50,-1.4869481999999998,-1.2185498081632622
2026-08-20,model2,csi500,2026-06-15,487,-1.248348254620123,-2.4480842422756184
2026-08-20,model2,sse50,2026-06-15,50,-1.1495111999999998,-1.263586738775507
2026-08-21,model2,csi500,2026-06-15,480,-0.9033699583333333,-2.3846512427016577
2026-08-21,model2,sse50,2026-06-15,48,-1.635785208333333,-1.4240815361111079
2026-08-24,model2,csi500,2026-06-15,489,-3.1940501635991816,-1.7819227921842131
2026-08-24,model2,sse50,2026-06-15,50,-2.5977482,-1.7943482027777746
2026-08-25,model2,csi500,2026-06-15,491,-0.8341111812627291,-1.6438437677317486
2026-08-25,model2,sse50,2026-06-15,48,-0.3387168749999998,-1.5240834277777744
2026-08-26,model2,csi500,2026-06-15,487,1.1900258726899386,-0.946045157390658
2026-08-26,model2,sse50,2026-06-15,50,4.4502832,0.5046060416666697
2026-08-27,model2,csi500,2026-06-15,483,3.8161493374741204,1.3906880096337761
2026-08-27,model2,sse50,2026-06-15,50,4.256175600000001,2.7892473083333367
2026-08-28,model2,csi500,2026-06-15,489,2.565301799591002,2.523825669918353
2026-08-28,model2,sse50,2026-06-15,47,3.1398387234042557,3.9487658411347546
2026-08-31,model2,csi500,2026-06-15,486,1.5358133127572018,2.639088149940774
2026-08-31,model2,sse50,2026-06-15,48,2.6909427083333335,3.3623190105791996
2026-09-01,model2,csi500,2026-06-15,485,1.169105257731959,1.7567401233600537
2026-09-01,model2,sse50,2026-06-15,45,3.5639266666666667,3.1315693661347552
2026-09-02,model2,csi500,2026-06-15,496,-3.765876209677419,-0.3536525463960866
2026-09-02,model2,sse50,2026-06-15,49,-0.5795218367346937,1.8917825127551051
2026-09-03,model2,csi500,2026-06-15,479,-3.811129728601253,-2.135966893515571
2026-09-03,model2,sse50,2026-06-15,48,-3.2251849999999997,-0.08026005668933929
2026-09-04,model2,csi500,2026-06-15,482,-3.5166860580912864,-3.69789733212332
2026-09-04,model2,sse50,2026-06-15,50,-3.112605,-2.305770612244895
2026-09-07,model2,csi500,2026-06-15,487,-2.1121651334702256,-3.1466603067209227
2026-09-07,model2,sse50,2026-06-15,50,-3.3917984000000003,-3.24319613333333
2026-09-08,model2,csi500,2026-06-15,491,0.2281818940936864,-1.8002230991559423
2026-09-08,model2,sse50,2026-06-15,49,-1.4510926530612245,-2.651832017687072
2026-09-09,model2,csi500,2026-06-15,485,0.06456731958762897,-0.6064719732629706
2026-09-09,model2,sse50,2026-06-15,49,-0.38555306122448973,-1.7428147047619016
2026-09-10,model2,csi500,2026-06-15,492,-3.1350255691056907,-0.9474254518081257
2026-09-10,model2,sse50,2026-06-15,49,-1.8822602040816323,-1.2396353061224459
2026-09-11,model2,csi500,2026-06-15,498,-8.369537128514056,-3.813331792677373
2026-09-11,model2,sse50,2026-06-15,49,-6.401212244897959,-2.889675170068024
2026-09-14,model2,csi500,2026-06-15,481,-5.665476798336798,-5.723346498652183
2026-09-14,model2,sse50,2026-06-15,49,-4.326408775510204,-4.203293741496595
2026-09-15,model2,csi500,2026-06-15,491,-6.484286191446029,-6.839766706098961
2026-09-15,model2,sse50,2026-06-15,50,-6.6205175999999994,-5.782712873469385
2026-09-16,model2,csi500,2026-06-15,477,-2.1221146750524107,-4.75729255494508
2026-09-16,model2,sse50,2026-06-15,48,-5.809692500000001,-5.585539625170065
2026-09-17,model2,csi500,2026-06-15,489,-2.537364049079754,-3.714588305192732
2026-09-17,model2,sse50,2026-06-15,48,-7.439889583333333,-6.623366561111108
2026-09-18,model2,csi500,2026-06-15,489,2.020278629856851,-0.8797333647584386
2026-09-18,model2,sse50,2026-06-15,50,-1.7078316,-4.985804561111109
2026-09-21,model2,csi500,2026-06-15,481,4.301485966735966,1.2614668491710204
2026-09-21,model2,sse50,2026-06-15,50,1.164916,-2.660935061111108
2026-09-22,model2,csi500,2026-06-15,480,2.9688531250000003,3.0968725738642724
2026-09-22,model2,sse50,2026-06-15,48,1.978020625,0.4783683416666697
2026-09-23,model2,csi500,2026-06-15,487,-0.12665597535934284,2.381227705458874
2026-09-23,model2,sse50,2026-06-15,49,-0.8246185714285715,0.7727726845238124
2026-09-24,model2,csi500,2026-06-15,488,-6.000713155737705,-1.0528386686990163
2026-09-24,model2,sse50,2026-06-15,50,-4.6086944,-1.1517641154761875
2026-09-28,model2,csi500,2026-06-15,488,-12.485523852459016,-6.204297661185355
2026-09-28,model2,sse50,2026-06-15,50,-8.3677644,-4.600359123809521
2026-09-29,model2,csi500,2026-06-15,485,-6.923782164948453,-8.470006391048392
2026-09-29,model2,sse50,2026-06-15,50,-6.5697735999999995,-6.515410799999998
2026-09-30,model2,csi500,2026-06-15,487,-1.984347638603696,-7.131217885337056
2026-09-30,model2,sse50,2026-06-15,50,1.6023740000000002,-4.445054666666664
