date,model,sse50_sentiment,csi500_sentiment,signal_value,raw_direction,direction
2015-04-16,model1,,,,0,0
2015-04-17,model1,,,,0,0
2015-04-20,model1,4.2529308311594205,0.7728682849687719,,0,0
2015-04-21,model1,4.020142353268263,1.486484145843467,-0.9464043387658522,-1,-1
2015-04-22,model1,4.850037472108844,3.9474480808193966,-1.631068816135349,-1,-1
2015-04-23,model1,4.73892436462585,6.312173350649046,-2.4758383773126433,-1,-1
2015-04-24,model1,3.251156291098567,7.254861458984792,-2.4304561818630295,-1,-1
2015-04-27,model1,1.7886269577652338,5.827237138521336,-0.034905012869876684,-1,-1
2015-04-28,model1,0.6246298149080909,2.6902944941397595,1.9729455015244335,1,1
2015-04-29,model1,0.8369762274376417,0.7355857360815096,2.1670551705878007,1,1
2015-04-30,model1,-0.3419550170068029,-0.49904935434243053,0.0557038459794954,1,1
2015-05-04,model1,-0.39573119565217413,0.9596677871204958,-1.5124933201082975,-1,-1
2015-05-05,model1,-2.2884176298925367,-0.3531902313383439,-0.579828415781523,-1,-1
2015-05-06,model1,-5.159703049393671,-3.024669787697482,-0.19980586314199567,-1,-1
2015-05-07,model1,-8.255401745045845,-7.0603597650262655,0.9399912816766092,1,1
2015-05-08,model1,-7.665164662657333,-5.501622247203745,-0.9685004354340094,-1,-1
2015-05-11,model1,-3.5272837842190015,-1.0086828708526063,-0.35505849791280664,-1,-1
2015-05-12,model1,1.1294253900310827,5.128480101887318,-1.4804537984898403,-1,-1
2015-05-13,model1,2.402351493090664,7.746424786024908,-1.3450185810780082,-1,-1
2015-05-14,model1,0.8146855510616785,8.15266156558548,-1.993902721589559,-1,-1
2015-05-15,model1,-2.8625959420289853,6.206744145860633,-1.7313640733658162,-1,-1
2015-05-18,model1,-7.843569956830095,3.9446117627871367,-2.7188416317276127,-1,-1
2015-05-19,model1,-6.724908008017267,3.3226219044724465,1.7406518071275179,1,1
2015-05-20,model1,-3.888154384828862,4.889514278160369,1.2698612495004826,1,1
2015-05-21,model1,1.7813403669441874,8.29853632766317,2.260472702270248,1,1
2015-05-22,model1,3.8293786517900408,10.014366842564556,0.33220776994446766,1,1
2015-05-25,model1,8.034242169302118,12.52503516052858,1.6941951995480533,1,1
2015-05-26,model1,11.11595614408541,13.56976528508911,2.0369838502227626,1,1
2015-05-27,model1,9.11162625462963,13.890571411394376,-2.3251360157610463,-1,-1
2015-05-28,model1,2.66079584535067,8.658455066035877,-1.218714063920462,-1,-1
2015-05-29,model1,-4.349038576549492,2.583965540558806,-0.935344896423091,-1,-1
2015-06-01,model1,-4.175903709528214,-0.20474945130904118,2.961849858889125,1,1
2015-06-02,model1,-1.1162720351526365,2.5310802057339417,0.32380201733259417,1,1
2015-06-03,model1,2.717188979340117,4.945117428773104,1.4194237914535912,1,1
2015-06-04,model1,3.8869891304347832,4.538969769148967,1.5759478107188025,1,1
2015-06-05,model1,2.5132934135060134,2.8849200796043473,0.2803539726158504,1,1
2015-06-08,model1,1.9655462283208287,0.2598374451864404,2.0773354492327223,1,1
2015-06-09,model1,-0.01148328447596488,-1.2036998533816337,-0.5134922142287195,-1,-1
2015-06-10,model1,0.6509227947716453,-0.40086262303550146,-0.140431151098522,-1,-1
2015-06-11,model1,0.3283566466234971,2.2535550150336685,-2.976983786217318,-1,-1
2015-06-12,model1,-0.18198138647342957,4.917928964267386,-3.174711982330644,-1,-1
2015-06-15,model1,-3.8007432705314006,4.533177399400135,-3.2340103191907206,-1,-1
2015-06-16,model1,-8.008334140096617,1.5819980808069047,-1.2564115509719853,-1,-1
2015-06-17,model1,-8.483808806763285,-0.44214181060723695,1.5486652247474728,1,1
2015-06-18,model1,-7.833011370747251,-2.33769568448585,2.5463513098946473,1,1
2015-06-19,model1,-7.703589295508274,-3.945422654412392,1.737149045165519,1,1
2015-06-23,model1,-6.343170989952719,-5.551048509405743,2.9660441605489063,1,1
2015-06-24,model1,-2.7687068498817964,-4.366807826562591,2.3902234572277705,1,1
2015-06-25,model1,0.8468343444444445,-2.7913126836377784,2.040046051401428,1,1
2015-06-26,model1,-1.1395929833333331,-3.538419429320895,-1.2393205820946611,-1,-1
2015-06-29,model1,-6.201400799999999,-7.933578414793071,-0.6666488311944905,-1,-1
2015-06-30,model1,-5.2897812,-6.493668089517129,-0.5282907252759426,-1,-1
2015-07-01,model1,-3.6641497333333337,-4.330877687265188,-0.5371589355852748,-1,-1
2015-07-02,model1,-0.7117673333333334,-1.3894647753339562,0.01096948806876874,1,1
2015-07-03,model1,-3.563278789115646,-4.327762489405598,0.08678625828932862,1,1
2015-07-06,model1,-8.887213605442176,-10.665985795029188,1.0142884892970612,1,1
2015-07-07,model1,-12.019435872108843,-22.891145252376475,9.092937190680619,1,1
2015-07-08,model1,-8.241680714572144,-19.998666278453577,0.8852761836138008,1,1
2015-07-09,model1,-0.39012982578184613,-12.19055869329698,0.04344330363370119,1,1
2015-07-10,model1,9.366063922366303,3.85613618448302,-6.290501129631849,-1,-1
2015-07-13,model1,14.46126592431562,10.233006054549042,-1.2816678681167044,-1,-1
2015-07-14,model1,12.73317628663446,12.477004302251052,-3.9720878853831696,-1,-1
2015-07-15,model1,7.174021671819646,9.33945167010958,-2.4216019826733435,-1,-1
2015-07-16,model1,0.7509764503854456,2.9368757682975293,-0.020469319622148596,-1,-1
2015-07-17,model1,0.7843447230858303,0.9567948098915894,2.013449231106325,1,1
2015-07-20,model1,0.8971482645824288,3.407061495168678,-2.3374631437804902,-1,-1
2015-07-21,model1,1.3076574149659865,8.275866069955773,-4.458295424403538,-1,-1
2015-07-22,model1,-0.5740916258503399,14.161158015094713,-7.7670409859552665,-1,-1
2015-07-23,model1,1.007922765986395,20.103806540631506,-4.360634133700058,-1,-1
2015-07-24,model1,1.1699815333333337,15.96634078687041,4.299524521108036,1,1
2015-07-27,model1,1.112001866666667,7.37231261379424,8.536048506409502,1,1
2015-07-28,model1,-1.3112698666666665,-1.082751669908905,6.031792550369811,1,1
2015-07-29,model1,-0.9223596283687945,-0.8960645814336586,0.20222314982262557,1,1
2015-07-30,model1,0.12335037163120555,0.369114681103715,-0.21946926253737353,-1,-1
2015-07-31,model1,0.6039774438534278,1.4309366312395684,-0.5811948779136312,-1,-1
2015-08-03,model1,0.5701638123582765,0.4683027142195302,0.9288202855248869,1,1
2015-08-04,model1,2.96965114569161,2.085247437696799,0.7825426098560646,1,1
2015-08-05,model1,3.5220956734693876,2.3493564166674683,0.2883355488071082,1,1
2015-08-06,model1,3.0033302978723406,3.201389425353399,-1.3707983842829776,-1,-1
2015-08-07,model1,1.7607037052797476,3.637285853744508,-1.6785230209837019,-1,-1
2015-08-10,model1,3.284200399157299,6.830335449836119,-1.66955290221406,-1,-1
2015-08-11,model1,3.6985374754346183,9.513241284090872,-2.268568757977434,-1,-1
2015-08-12,model1,2.8772695006513236,9.625212612242375,-0.9332393029347976,-1,-1
2015-08-13,model1,2.273207653995995,9.02077988578314,0.00037087980390637654,1,1
2015-08-14,model1,1.6479043886898728,6.94194506570008,1.4535315547769385,1,1
2015-08-17,model1,0.35372502409296996,6.881557736957745,-1.2337920358545686,-1,-1
2015-08-18,model1,-4.245974693877552,3.109979476651605,-0.8281214576643818,-1,-1
2015-08-19,model1,-4.9090421768707495,1.7736839531160562,0.6732280405423514,1,1
2015-08-20,model1,-4.945007578231293,-0.3654576860856468,2.103176237841159,1,1
2015-08-21,model1,-3.2679556054421774,-0.8813948399066024,2.1929891266100716,1,1
2015-08-24,model1,-6.09026436462585,-3.977100499342567,0.27339690025229224,1,1
2015-08-25,model1,-11.980141475736962,-10.086437105418327,0.21945949496464667,1,1
2015-08-26,model1,-17.10923412879819,-13.540433576006563,-1.6750961824729895,-1,-1
2015-08-27,model1,-12.906269328798189,-10.714550125406843,1.3770813494002798,1,1
2015-08-28,model1,-3.98977755102041,-2.994011625697856,1.1959532780687923,1,1
2015-08-31,model1,6.513586199999999,1.5664795742833355,5.942872551039217,1,1
2015-09-01,model1,13.310827799999998,0.3091543071893185,8.054566867094017,1,1
2015-09-02,model1,21.536374,-1.4695258915220775,10.004226398711396,1,1
2015-09-07,model1,17.701192666666667,-1.3312894941814133,-3.9734177306739955,-1,-1
2015-09-08,model1,10.6032866,1.272790389968139,-9.70198595081622,-1,-1
2015-09-09,model1,2.2671132666666653,5.31898381776998,-12.382366761135176,-1,-1
2015-09-10,model1,3.806898195918366,6.934886805875614,-0.07611805885393341,-1,-1
2015-09-11,model1,4.583289912585033,7.587079072689376,0.12419944985290465,1,1
2015-09-14,model1,4.95060169809228,2.7778130631881877,5.176577795008435,1,1
2015-09-15,model1,3.981844263285024,-1.6240677593032473,3.4331233876841796,1,1
2015-09-16,model1,4.769726346618357,-3.2583113017515046,2.4221256257815895,1,1
2015-09-17,model1,2.743921781400965,-2.3585633920127878,-2.9255524749561084,-1,-1
2015-09-18,model1,1.5208271014492742,0.2199478581230544,-3.8016059300875327,-1,-1
2015-09-21,model1,0.14456696256038523,1.4474036812220594,-2.603715961987894,-1,-1
2015-09-22,model1,1.0894682514903884,3.1781077714833423,-0.7858028013312798,-1,-1
2015-09-23,model1,1.2954666247527367,4.305002804239614,-0.920896659493923,-1,-1
2015-09-24,model1,0.03032843030829239,4.648249350716319,-1.6083847409211496,-1,-1
2015-09-25,model1,-2.078722687074831,2.6880727741817423,-0.148874540848547,-1,-1
2015-09-28,model1,-3.625397654540078,1.8472641398394962,-0.7058663331230008,-1,-1
2015-09-29,model1,-5.5483302239845225,0.09435768009129998,-0.1700261096962481,-1,-1
2015-09-30,model1,-6.695458439009663,-0.07805067217671253,-0.9747198627571277,-1,-1
2015-10-08,model1,-9.60566179546973,0.39928715570280193,-3.3875411843395824,-1,-1
2015-10-09,model1,-9.014649929728991,2.3367881617631387,-1.3464891403195973,-1,-1
2015-10-12,model1,-5.320868469661153,6.31231122265586,-0.281741600824883,-1,-1
2015-10-13,model1,1.4366221702127648,12.344450940153171,0.7253509223766059,1,1
2015-10-14,model1,3.799299086037681,12.780090665423465,1.9270371905546222,1,1
2015-10-15,model1,4.530090504477397,12.744594639500392,0.7662874443627898,1,1
2015-10-16,model1,5.452146165114779,8.268194281053935,5.398456019083838,1,1
2015-10-19,model1,5.834939471512084,6.333871229736605,2.317116357714635,1,1
2015-10-20,model1,5.662187245178443,4.662844270929674,1.4982747324732903,1,1
2015-10-21,model1,3.137990677938807,2.0046624694057265,0.13398523428431153,1,1
2015-10-22,model1,2.8495109742351037,1.701301895787798,0.014880869914225103,1,1
2015-10-23,model1,2.0574216436622947,1.2587232050704722,-0.34951063985548325,-1,-1
2015-10-26,model1,1.3989776581550484,2.3848288376788087,-1.7845496181155829,-1,-1
2015-10-27,model1,-0.5158354175293317,3.7470545664280017,-3.277038804433573,-1,-1
2015-10-28,model1,-4.598125301127215,2.509604705863633,-2.8448400230335142,-1,-1
2015-10-29,model1,-9.36823445314695,1.7375041064902659,-3.9980085526463682,-1,-1
2015-10-30,model1,-11.450038010459204,-0.5267007095658244,0.18240125874383617,1,1
2015-11-02,model1,-11.79178451321728,-1.5632969157071488,0.6948497033832486,1,1
2015-11-03,model1,-10.685000541586076,-2.744910051863414,2.2883971077874694,1,1
2015-11-04,model1,-6.4502229787234056,-0.25356083570413723,1.7434283467033937,1,1
2015-11-05,model1,-0.5673336170212776,1.831576287296351,3.79775223870164,1,1
2015-11-06,model1,8.21915184397163,5.520531836067711,5.097529912221549,1,1
2015-11-09,model1,14.824136029846336,8.271934478278716,3.853581543663701,1,1
2015-11-10,model1,21.180499079491725,12.182391046942355,2.4459064809817495,1,1
2015-11-11,model1,17.749184487293146,14.630551350418434,-5.879474895674658,-1,-1
2015-11-12,model1,9.439766015070923,11.550221678728972,-5.229088800532761,-1,-1
2015-11-13,model1,-1.6199551325757575,6.470913432723516,-5.980412901641224,-1,-1
2015-11-16,model1,-1.94592437016441,3.172452514964913,2.9724916801699504,1,1
2015-11-17,model1,-0.7209929206963248,1.8823935336745194,2.5149904307584787,1,1
2015-11-18,model1,1.0748133924349885,1.0533182055862502,2.6248816412195826,1,1
2015-11-19,model1,1.3489462781717894,0.07093641761986591,1.2565146737031851,1,1
2015-11-20,model1,1.1918415648148153,0.8687645675011643,-0.9549328632382724,-1,-1
2015-11-23,model1,0.7889297167422528,1.8060685069633537,-1.340215787534752,-1,-1
2015-11-24,model1,-1.4111407277021915,1.7998728901775178,-2.1938748276586084,-1,-1
2015-11-25,model1,-1.4957515752078603,2.5048316797271344,-0.7895696370552854,-1,-1
2015-11-26,model1,-1.6958931812415783,2.809122918150696,-0.5044328444572794,-1,-1
2015-11-27,model1,-3.360441650902729,0.9871843622375825,0.1573900862519626,1,1
2015-11-30,model1,-6.093497403638605,-2.2957262234392943,0.5498548329410005,1,1
2015-12-01,model1,-5.749148051187173,-3.134595686610331,1.1832188156224692,1,1
2015-12-02,model1,-1.9585720907852806,-2.2936657700911565,2.9496460438827174,1,1
2015-12-03,model1,3.407068120567376,0.8796182801675277,2.192356161093972,1,1
2015-12-04,model1,3.433195833333334,2.1399392041962337,-1.234193211262748,-1,-1
2015-12-07,model1,1.2044811237373743,3.7043467126988667,-3.793122218098593,-1,-1
2015-12-08,model1,-4.130515126262626,1.5226140628121687,-3.1532636001133025,-1,-1
2015-12-09,model1,-4.483623548248442,-0.2772421120963762,1.446747752922729,1,1
2015-12-10,model1,-4.135141536643025,-2.718020592156572,2.7892604916656123,1,1
2015-12-11,model1,-3.0684045921985814,-3.6392427990220404,1.9879591513099122,1,1
2015-12-14,model1,-0.702149670212766,-1.5926580552523484,0.3196701782161231,1,1
2015-12-15,model1,-0.05066314539007075,1.501901417118222,-2.443072947547875,-1,-1
2015-12-16,model1,0.4767442836879436,4.024204564023516,-1.99489571782728,-1,-1
2015-12-17,model1,-0.8715835829787232,5.473891957607093,-2.798015260250244,-1,-1
2015-12-18,model1,-0.24342118396546386,5.053656907722073,1.04839744889828,1,1
2015-12-21,model1,2.2159642202898553,5.314965427923565,2.198076884053827,1,1
2015-12-22,model1,3.4127983647343,4.126954178086771,2.384845394281239,1,1
2015-12-23,model1,4.459853774376417,2.4798176146587836,2.694191973070104,1,1
2015-12-24,model1,2.7880801077097512,0.4075558352477467,0.4004881127443709,1,1
2015-12-25,model1,2.216415904006048,-0.828003909496998,0.6638955410410412,1,1
2015-12-28,model1,-0.24829359259259207,-2.1064103517693917,-1.1863030543262463,-1,-1
2015-12-29,model1,0.11710378835978875,-1.7195502903256863,-0.021462680491324604,-1,-1
2015-12-30,model1,-0.3677126560846558,-1.3031288065324762,-0.9012379282376546,-1,-1
2015-12-31,model1,-0.02684076719576689,-0.44022283910371757,-0.5220340785398698,-1,-1
2016-01-04,model1,-2.235853681481481,-2.3259889059945187,-0.32324684739491305,-1,-1
2016-01-05,model1,-2.2911299777777776,-3.0546042850834625,0.6733390827926473,1,1
2016-01-06,model1,-0.29984119999999975,-1.0612642280362843,-0.002051279269400297,-1,-1
2016-01-07,model1,1.3584060000000004,0.7502221147845489,-0.15323914282083306,-1,-1
2016-01-08,model1,0.35071405555555596,-0.09019612763265172,-0.1672737020272439,-1,-1
2016-01-11,model1,-2.9431392777777767,-3.8022077386928683,0.41815827772688374,1,1
2016-01-12,model1,-5.591277944444443,-5.301247053893877,-1.149099351465658,-1,-1
2016-01-13,model1,-10.875262933333332,-8.377863496525991,-2.207368546256774,-1,-1
2016-01-14,model1,-8.726126266666666,-5.5749044021095635,-0.6538224277497626,-1,-1
2016-01-15,model1,-5.935306266666667,-3.769195883105823,0.9851114809962587,1,1
2016-01-18,model1,0.36299219444444447,0.7622647109986774,1.7668378670066112,1,1
2016-01-19,model1,1.531547261111111,2.4129398473067383,-0.48212006964139453,-1,-1
2016-01-20,model1,1.9805905805555553,3.42004611040004,-0.5580629436488573,-1,-1
2016-01-21,model1,0.6778127861111112,2.365577498586434,-0.24830918263083812,-1,-1
2016-01-22,model1,-1.6021972728036173,-0.1682530456224763,0.2538204852941819,1,1
2016-01-25,model1,-3.316678954566902,-1.852651146043301,-0.03008358134245981,-1,-1
2016-01-26,model1,-6.312135887900236,-4.478238740283785,-0.3698693390928498,-1,-1
2016-01-27,model1,-9.924370228985508,-7.885905916991585,-0.20456716437747158,-1,-1
2016-01-28,model1,-14.16378721360544,-12.648644679400377,0.5233217777888592,1,1
2016-01-29,model1,-9.669268013605441,-9.04650580750108,0.8923803281007014,1,1
2016-02-01,model1,-5.329236013605441,-4.930559126278983,0.22408531877790416,1,1
2016-02-02,model1,0.980701333333334,1.7717094135069178,-0.39233119284712625,-1,-1
2016-02-03,model1,1.987459872340426,4.228486747881305,-1.4500187953672947,-1,-1
2016-02-04,model1,4.406534326241135,8.324888812115386,-1.6773276103333723,-1,-1
2016-02-05,model1,3.8478527984633573,8.034600145753204,-0.26839286141559615,-1,-1
2016-02-15,model1,3.493472659456265,7.292604342335369,0.38761566441074313,1,1
2016-02-16,model1,3.5656523960317466,6.248064381833102,1.1167196970777482,1,1
2016-02-17,model1,6.86302899325397,9.24480239209632,0.3006385869590056,1,1
2016-02-18,model1,6.255659559240364,8.664510061585839,-0.027077103503124533,-1,-1
2016-02-19,model1,3.8892522576530624,7.263644223277981,-0.9655414632794441,-1,-1
2016-02-22,model1,1.5787692970521547,5.382366175630385,-0.42920491295331153,-1,-1
2016-02-23,model1,0.9824876643990935,4.358661029147662,0.42742351382966215,1,1
2016-02-24,model1,1.6397138095238102,3.6766797621330967,1.3392074121392818,1,1
2016-02-25,model1,0.2472276190476196,0.6251560813856302,1.659037490271276,1,1
2016-02-26,model1,0.22290380952381014,-1.7091540194516484,2.3099862913134688,1,1
2016-02-29,model1,-0.8449097959183668,-6.409769326598571,3.632801701704746,1,1
2016-03-01,model1,0.4396741496598646,-5.24061761729675,0.1154322362764102,1,1
2016-03-02,model1,3.9078122448979595,-1.654541852106579,-0.117937669952076,-1,-1
2016-03-03,model1,8.503828297808013,3.3905722660486575,-0.4490980652451828,-1,-1
2016-03-04,model1,14.462322447467875,3.3066645384577757,6.042401877250743,1,1
2016-03-07,model1,15.307859272864704,2.336516485682024,1.815684878172581,1,1
2016-03-08,model1,13.74746304138322,1.0074811479930532,-0.2313608937925129,-1,-1
2016-03-09,model1,10.388937191043084,0.46034082699901574,-2.811385529346099,-1,-1
2016-03-10,model1,5.721414135487528,-2.164417366178372,-2.042764862378168,-1,-1
2016-03-11,model1,3.2144208446712015,-2.8017421246173484,-1.86966853237735,-1,-1
2016-03-14,model1,0.47669801473922896,-0.8050446274769048,-4.734420327072416,-1,-1
2016-03-15,model1,1.7173832925170067,1.5725717225126523,-1.1369310722117794,-1,-1
2016-03-16,model1,3.791208666666666,1.104257719957258,2.5421393767050535,1,1
2016-03-17,model1,6.008562269503546,0.2481540571731405,3.0734572656209975,1,1
2016-03-18,model1,7.808412994141228,1.6109982827503018,0.43700649906052025,1,1
2016-03-21,model1,9.769387414431083,5.1996656783866895,-1.6276929753465321,-1,-1
2016-03-22,model1,7.647267714371981,8.195418528347309,-5.1178725500197215,-1,-1
2016-03-23,model1,5.552780323067633,12.01643809082851,-5.915506953785549,-1,-1
2016-03-24,model1,0.09783543611111127,10.365352194464323,-3.8038589905923352,-1,-1
2016-03-25,model1,-0.3005594296296295,7.9678894454136815,1.9990678833099012,1,1
2016-03-28,model1,-1.312249162962963,2.260033531739101,4.696166180341247,1,1
2016-03-29,model1,-1.9085220296296297,-0.13348162837734737,1.7972422934497816,1,1
2016-03-30,model1,-2.1064824,-0.7519783993032574,0.42053640055553976,1,1
2016-03-31,model1,-1.427352231884058,-0.22758134350296388,0.15473311231564857,1,1
2016-04-01,model1,0.5178486191797719,1.0419918967424,0.675627610818466,1,1
2016-04-05,model1,2.1763334858464387,2.088790018671306,0.6116867447377607,1,1
2016-04-06,model1,3.255701273286052,3.8401484006669206,-0.671990594556001,-1,-1
2016-04-07,model1,2.2038204222222224,3.777086196671513,-0.9888186470684222,-1,-1
2016-04-08,model1,-1.3487437777777778,1.6968190436652828,-1.47229704699377,-1,-1
2016-04-11,model1,-3.0896790666666667,0.21421215570720223,-0.25832840093080844,-1,-1
2016-04-12,model1,-3.663871095652174,0.20974766384672963,-0.5697275371250348,-1,-1
2016-04-13,model1,-1.1382111364685004,1.221643411465639,1.5137642115647647,1,1
2016-04-14,model1,0.12509867093890703,1.3589789799328065,1.1259742389402398,1,1
2016-04-15,model1,0.8949389268747687,1.3337680819697024,0.7950511538989657,1,1
2016-04-18,model1,-1.8603691711977934,-0.5123206941970798,-0.9092193219057796,-1,-1
2016-04-19,model1,-6.561318948975572,-3.070115299940696,-2.143155172034162,-1,-1
2016-04-20,model1,-12.656281733749054,-6.944578648264457,-2.2204994364497215,-1,-1
2016-04-21,model1,-17.25341130500509,-11.2332971653889,-0.30841105413159475,-1,-1
2016-04-22,model1,-12.280647601301391,-9.42186732952892,3.1613338678437213,1,1
2016-04-25,model1,-4.231061260532525,-5.239027258902175,3.8667462701421202,1,1
2016-04-26,model1,4.52123859776055,1.4419783151338554,2.0712942842570436,1,1
2016-04-27,model1,3.7979212789199703,1.8459921355165438,-1.1273311392232679,-1,-1
2016-04-28,model1,2.11626542190016,1.0363796227794166,-0.8720433442826832,-1,-1
2016-04-29,model1,-0.91517465378422,-0.22518277273264142,-1.769877680172322,-1,-1
2016-05-03,model1,-0.008200390499195779,0.7218989873629379,-0.04010749681055503,-1,-1
2016-05-04,model1,0.8471418231097619,3.1467435429184936,-1.5695023419465979,-1,-1
2016-05-05,model1,2.654631518087854,6.0297977118231465,-1.0755644739265606,-1,-1
2016-05-06,model1,0.3680548457522533,3.9472972366743164,-0.2040761971867706,-1,-1
2016-05-09,model1,-2.5191985318778687,0.22043918674646612,0.8396046722977282,1,1
2016-05-10,model1,-4.617963371783497,-4.170170421366088,2.2918447682069263,1,1
2016-05-11,model1,-4.052292339544515,-6.064655492556224,2.460156103429118,1,1
2016-05-12,model1,-0.9473101449275374,-4.633614842628375,1.6739415446891277,1,1
2016-05-13,model1,0.6707989275362306,-2.9529753492063495,-0.06253042095825734,-1,-1
2016-05-16,model1,3.5418722759661825,1.3382468596743298,-1.4201488604507273,-1,-1
2016-05-17,model1,3.7440494675925913,2.76841430850409,-1.2279902572033516,-1,-1
2016-05-18,model1,2.984600032809983,1.8931963522316895,0.11576852148979255,1,1
2016-05-19,model1,0.7087406974925226,-0.5067764494288743,0.12411346634310316,1,1
2016-05-20,model1,2.1283287715665966,-0.24184701195595318,1.1546586366011529,1,1
2016-05-23,model1,4.890005003450654,2.645674954220365,-0.12584573429226031,-1,-1
2016-05-24,model1,5.120245501593174,3.665915085239788,-0.7899996328769037,-1,-1
2016-05-25,model1,1.730955477952512,1.39590945266116,-1.1192843910620338,-1,-1
2016-05-26,model1,-1.810282782917053,-1.4184744425522275,-0.7268543656561777,-1,-1
2016-05-27,model1,-3.008076431853224,-2.129702970884447,-0.4865651206039514,-1,-1
2016-05-30,model1,-0.982253123188407,-1.3305086001390878,1.2266289379194575,1,1
2016-05-31,model1,2.4025932072463756,1.4770518808693074,0.5772858494263873,1,1
2016-06-01,model1,3.458047101185769,3.444402608296192,-0.9118968334874908,-1,-1
2016-06-02,model1,3.0078661238539226,6.025477383826779,-3.0312557528624335,-1,-1
2016-06-03,model1,0.350261909965034,5.869326008219178,-2.501452838281288,-1,-1
2016-06-06,model1,-1.9946458527686861,4.756204183054287,-1.2317859375688287,-1,-1
2016-06-07,model1,-5.686240311761231,2.350950377895557,-1.2863406538338151,-1,-1
2016-06-08,model1,-9.366034070230064,-0.4653023975071224,-0.8635409830661542,-1,-1
2016-06-13,model1,-11.455501729804533,-4.100703264426493,1.5459332073449024,1,1
2016-06-14,model1,-8.478422013492477,-5.224922761606945,4.101299213492508,1,1
2016-06-15,model1,-3.14796290780142,-2.9592680334978456,3.064804377581958,1,1
2016-06-16,model1,1.813416598828244,0.71435900568315,1.287752467448668,1,1
2016-06-17,model1,4.279767256038646,2.6658451109083345,0.5148645519852173,1,1
2016-06-20,model1,3.2865568014931914,2.335138540148435,-0.662503883785555,-1,-1
2016-06-21,model1,1.2352069595959583,0.790083040133084,-0.5062943418818819,-1,-1
2016-06-22,model1,0.24489701160541477,0.782760728395857,-0.9829876362533165,-1,-1
2016-06-23,model1,0.6265682237266269,0.2452428329672065,0.9191891075498626,1,1
2016-06-24,model1,1.0289766281793171,0.5870849317990187,0.06056630562087806,1,1
2016-06-27,model1,0.20902028138528037,0.7689920903234455,-1.0018635053184637,-1,-1
2016-06-28,model1,0.9060530020703923,2.305702518487468,-0.8396777074789108,-1,-1
2016-06-29,model1,4.099325961254066,3.779593897148277,1.7193815805228647,1,1
2016-06-30,model1,6.8259709782608695,3.4032231605527543,3.1030157536023264,1,1
2016-07-01,model1,8.508197045454544,1.1954296234505692,3.8900196042958597,1,1
2016-07-04,model1,10.043548045454544,1.5268775391255047,1.2039030843250649,1,1
2016-07-05,model1,8.901601994729907,2.4706334672545944,-2.085701978853727,-1,-1
2016-07-06,model1,7.0384400683229815,4.301281464455356,-3.693809923607687,-1,-1
2016-07-07,model1,5.674933841050255,4.445831918329647,-1.5080566811470177,-1,-1
2016-07-08,model1,3.5751580040197894,3.1604381652791655,-0.8143820839799836,-1,-1
2016-07-11,model1,1.487505233457019,1.0445927344424584,0.02819266027393663,1,1
2016-07-12,model1,0.5120606988249842,0.42020677957991115,-0.3510585797694875,-1,-1
2016-07-13,model1,1.6952509199134196,1.3847252933559904,0.21867170731235608,1,1
2016-07-14,model1,2.9919203769841265,2.8785428235940302,-0.19714807316733296,-1,-1
2016-07-15,model1,1.5489251388888883,2.232750247870946,-0.7972026623721538,-1,-1
2016-07-18,model1,0.4331528089569156,0.6666783204596518,0.45029959747932136,1,1
2016-07-19,model1,-0.4142811564625856,-0.32352121149463553,0.14276556653478611,1,1
2016-07-20,model1,-1.178518982549542,-0.8074430890860125,-0.2803159484955793,-1,-1
2016-07-21,model1,-0.9079372533927632,-0.5403611073833782,0.0034997474541443863,1,1
2016-07-22,model1,-1.302055536791229,-1.3123451614584913,0.3778657706766474,1,1
2016-07-25,model1,-1.7412794498347075,-1.1278728070173243,-0.6236962674846456,-1,-1
2016-07-26,model1,-0.8669513490595134,0.49005437987671324,-0.7435990861188434,-1,-1
2016-07-27,model1,0.24072949275362263,0.9240013017585088,0.6737339199313406,1,1
2016-07-28,model1,1.627651972624798,0.6743517837796662,1.6365719978500182,1,1
2016-07-29,model1,0.08111984084185231,-1.7198285721659277,0.8476482241626482,1,1
2016-08-01,model1,-2.036239724375539,-3.636491983466256,-0.20069615391706286,-1,-1
2016-08-02,model1,-2.2943628764637976,-2.7819599902361762,-1.1126551453183384,-1,-1
2016-08-03,model1,-1.4183327288078358,-0.6289049501355995,-1.277024892444615,-1,-1
2016-08-04,model1,0.34302890239783806,3.20496788608641,-2.0725112050163355,-1,-1
2016-08-05,model1,1.1657659665231337,3.452898507555337,0.5748064426563684,1,1
2016-08-08,model1,3.84111444001182,4.299794008071985,1.828452972972038,1,1
2016-08-09,model1,7.3435412441802965,5.392083457236058,2.4101373550044034,1,1
2016-08-10,model1,8.08768488927486,5.653284831413385,0.4829422709172366,1,1
2016-08-11,model1,6.135943834695765,2.8633926313430607,0.8381511454912296,1,1
2016-08-12,model1,5.022338599321616,0.8885821902896772,0.8612052056792341,1,1
2016-08-15,model1,7.941835131381249,1.895215411472017,1.9128633108772934,1,1
2016-08-16,model1,7.35840469659864,4.502470875886693,-3.190685899197285,-1,-1
2016-08-17,model1,4.62915385770975,5.955598557507052,-4.18237852050925,-1,-1
2016-08-18,model1,-1.048560231481482,5.167935799071538,-4.890051330755718,-1,-1
2016-08-19,model1,-2.6403290193602698,3.8582161921636966,-0.28204918097094667,-1,-1
2016-08-22,model1,-4.809967230811517,0.730339175116534,0.9582388055959155,1,1
2016-08-23,model1,-4.023079675255961,-0.919337954312244,2.4365646849843334,1,1
2016-08-24,model1,-4.067609826771112,-1.9463046504378239,0.9824365446104293,1,1
2016-08-25,model1,-3.629902841679204,-2.07431070866537,0.5657130433194542,1,1
2016-08-26,model1,-4.669633042737405,-2.353058270864748,-0.760982638858823,-1,-1
2016-08-29,model1,-5.053140911854103,-1.5607160203515267,-1.1758501196299196,-1,-1
2016-08-30,model1,-2.995831676235507,-0.5066709709830554,1.0032641862501248,1,1
2016-08-31,model1,-0.4004397714736019,0.4957847434113886,1.5929361903674613,1,1
2016-09-01,model1,0.9707490370370362,-0.815077780305431,2.6820513322274575,1,1
2016-09-02,model1,1.8843106524822684,-2.2322548436708405,2.3307386788106417,1,1
2016-09-05,model1,1.3635589064505222,-3.50562231107245,0.7526157213698632,1,1
2016-09-06,model1,2.5844959762179642,-1.2423860804723412,-1.0422991608326668,-1,-1
2016-09-07,model1,3.1076255055538766,1.2799578259047888,-1.9992143770412176,-1,-1
2016-09-08,model1,3.8417738349189565,3.6564094813857735,-1.6423033261159046,-1,-1
2016-09-09,model1,2.925787518774703,2.2276552557313694,0.5127679095101505,1,1
2016-09-12,model1,0.8935453091787432,-0.45859321829926153,0.6540062644346709,1,1
2016-09-13,model1,-3.1122018432602814,-3.7693797258862545,-0.6949606448520314,-1,-1
2016-09-14,model1,-5.995069916032406,-5.520463856659835,-1.1317839419985445,-1,-1
2016-09-19,model1,-4.864126523175263,-3.132325253392127,-1.2571952104105644,-1,-1
2016-09-20,model1,-2.180938832857451,-0.5031229736316963,0.053985410557381375,1,1
2016-09-21,model1,0.8378745350719731,1.8517674730144495,0.663922921283278,1,1
2016-09-22,model1,0.8166269815868107,1.2704799972089498,0.5600399223203374,1,1
2016-09-23,model1,0.6263883524381817,-0.3965730479211889,1.4768144159815098,1,1
2016-09-26,model1,-1.648324835231195,-3.884114560989442,1.2128283253988763,1,1
2016-09-27,model1,-1.906439980158731,-4.146263499493163,0.004033793576184719,1,1
2016-09-28,model1,-1.8231779757683224,-3.3883648553189682,-0.6746366397837857,-1,-1
2016-09-29,model1,-0.07620117021276684,-0.4790363152688148,-1.1623517344945977,-1,-1
2016-09-30,model1,0.07252041708882051,0.4610869689682801,-0.7914016969355075,-1,-1
2016-10-10,model1,2.1453754761904755,2.740753948043056,-0.20681191997312087,-1,-1
2016-10-11,model1,5.127802548262548,5.462979568129306,0.26020145198582245,1,1
2016-10-12,model1,5.554791736154759,7.1836697139238845,-1.2937009579023675,-1,-1
2016-10-13,model1,4.216336413157344,6.654141181796372,-0.8089267908699025,-1,-1
2016-10-14,model1,2.4657109244186035,4.403114671356218,0.5004010217014132,1,1
2016-10-17,model1,1.2759465058139523,0.3418826086743107,2.871467644077256,1,1
2016-10-18,model1,2.0433082590714156,-0.40637269613842414,1.5156170580701982,1,1
2016-10-19,model1,3.3478233424047494,-0.47620568603913266,1.3743480732340423,1,1
2016-10-20,model1,5.339046430260047,0.8978477843964584,0.6171696174197063,1,1
2016-10-21,model1,6.543832592592591,-0.46284096366239974,2.5654749103914023,1,1
2016-10-24,model1,7.500298230890464,-0.16683502495382085,0.660459699589294,1,1
2016-10-25,model1,6.272994165233899,0.8686283346850371,-2.2627674252954226,-1,-1
2016-10-26,model1,2.900589775950998,1.4490597168994723,-3.952835771497336,-1,-1
2016-10-27,model1,-1.1308994337754454,0.6558945953258284,-3.2383240881528,-1,-1
2016-10-28,model1,-2.245711904761906,-1.619540406260407,1.160622530599775,1,1
2016-10-31,model1,-1.4821958961852937,-2.849440740029434,1.9934163423456392,1,1
2016-11-01,model1,1.2732993419099448,-1.8081372282312393,1.7141917262970436,1,1
2016-11-02,model1,2.8164219155900074,-0.3894535240446535,0.12443886949347682,1,1
2016-11-03,model1,4.796599829307568,1.8499616003226638,-0.2592372106497569,-1,-1
2016-11-04,model1,4.117161384863123,1.5155131749643074,-0.3449900190860886,-1,-1
2016-11-07,model1,4.562883903381642,1.3200477432089126,0.6411879502739135,1,1
2016-11-08,model1,4.336386222222221,0.661964992293162,0.43158506975633004,1,1
2016-11-09,model1,2.3673432083333323,-0.5966436285361372,-0.7104343930595896,-1,-1
2016-11-10,model1,0.9799858009259249,-0.35859415961252433,-1.6254068763310203,-1,-1
2016-11-11,model1,0.42549126191883263,0.02318014075377602,-0.9362688393733927,-1,-1
2016-11-14,model1,3.2271547769897544,1.9886701253596872,0.8361735304650106,1,1
2016-11-15,model1,4.325534571994061,3.9317690093859454,-0.8447190890219514,-1,-1
2016-11-16,model1,3.0417210489856497,4.13068539267745,-1.4827299062999164,-1,-1
2016-11-17,model1,1.7350644737295422,3.13307890183496,-0.30905008441361703,-1,-1
2016-11-18,model1,0.8465370648560473,0.23504921422099198,2.009502278740473,1,1
2016-11-21,model1,2.130744106463388,-1.2168450518543958,2.7361013076827283,1,1
2016-11-22,model1,3.294452682952921,-0.8229576254129962,0.7698211500481336,1,1
2016-11-23,model1,4.299800248447204,-0.22808389902561368,0.41047383910690083,1,1
2016-11-24,model1,4.13836897255907,-0.2314382286959434,-0.15807694621780427,-1,-1
2016-11-25,model1,4.67939762292139,-0.8146825622317078,1.1242729838980838,1,1
2016-11-28,model1,4.5237899155831345,-0.7368269360068037,-0.2334633335631594,-1,-1
2016-11-29,model1,5.2914900842198564,-1.0641621960800638,1.095035428709982,1,1
2016-11-30,model1,3.2561666956144144,-1.8876879133369577,-1.211797671348548,-1,-1
2016-12-01,model1,2.9882313949668657,-1.4839645948514342,-0.6716586191330722,-1,-1
2016-12-02,model1,0.9420480411449591,-1.5332005495763914,-1.9969473990969493,-1,-1
2016-12-05,model1,0.03394579624699986,-1.1626646811358887,-1.278638113338462,-1,-1
2016-12-06,model1,-1.9146592577153807,-1.8166769881185303,-1.294592746979739,-1,-1
2016-12-07,model1,-1.028571628085751,-0.02074487222141208,-0.9098444862674886,-1,-1
2016-12-08,model1,-0.9801109014972432,0.7677951465503766,-0.7400792921832808,-1,-1
2016-12-09,model1,0.7533560365231082,1.101826337494732,1.3994357470759962,1,1
2016-12-12,model1,0.3316544325926471,-1.6547691094703205,2.334893843034591,1,1
2016-12-13,model1,0.17403301415293093,-3.3333268768738002,1.5209363489637635,1,1
2016-12-14,model1,-1.3634597394702574,-5.338052916456483,0.46723328595949476,1,1
2016-12-15,model1,-2.699480283687945,-3.049215463045184,-3.624857997628987,-1,-1
2016-12-16,model1,-3.3295202777777795,-0.18497006107485467,-3.494285396060164,-1,-1
2016-12-19,model1,-3.259603194444446,3.0895431920578544,-3.204596169799376,-1,-1
2016-12-20,model1,-3.559203194444446,3.072174428997851,-0.2822312369399964,-1,-1
2016-12-21,model1,-2.6061118500000013,2.7995560883944086,1.225709685047887,1,1
2016-12-22,model1,-2.347959368115943,2.2280352247356747,0.8296733455427923,1,1
2016-12-23,model1,-2.306633136231885,1.328609417311843,0.9407520393078896,1,1
2016-12-26,model1,-1.085918786231885,0.15020882541333302,2.3991149418985103,1,1
2016-12-27,model1,-0.17262123023715523,-0.3921565751477721,1.455662956555835,1,1
2016-12-28,model1,0.8572001265312691,-0.7712417983125647,1.4089065799332168,1,1
2016-12-29,model1,-1.0489740308761382,-1.5698947683831623,-1.1075211873368094,-1,-1
2016-12-30,model1,-1.1126152429973504,-1.732088494073894,0.09855251356951955,1,1
2017-01-03,model1,0.892034946127945,0.24796211852531247,0.024599576526088685,1,1
2017-01-04,model1,5.395858722329678,3.4560206823020323,1.2957652124250139,1,1
2017-01-05,model1,7.3928357677842245,5.872982523653957,-0.4199847958973786,-1,-1
2017-01-06,model1,5.841755453774563,5.573520023480671,-1.2516178138363756,-1,-1
2017-01-09,model1,3.2715428096179173,4.370140152940251,-1.3668327736162253,-1,-1
2017-01-10,model1,1.2767402096823919,2.339697031630189,0.03564052137453655,1,1
2017-01-11,model1,0.36825032167185157,0.23573736664111347,1.1954697769785352,1,1
2017-01-12,model1,-1.8135365140769408,-3.2532975776979742,1.307248108590295,1,1
2017-01-13,model1,-0.8898804857081467,-7.280917845025418,4.951276295696238,1,1
2017-01-16,model1,2.573252293144207,-12.876071069442077,9.058286003269012,1,1
2017-01-17,model1,6.755222811662725,-11.120753948291979,2.426653397368421,1,1
2017-01-18,model1,10.316737421591803,-7.145335010749847,-0.4139043276130545,-1,-1
2017-01-19,model1,10.993670886426317,-0.1937128967841025,-6.27468864913123,-1,-1
2017-01-20,model1,11.649928145685578,2.044280316457334,-1.5817359539821756,-1,-1
2017-01-23,model1,8.58000648611111,5.05403819448028,-6.079679537597414,-1,-1
2017-01-24,model1,5.804685057971013,6.784249071031023,-4.505532304690839,-1,-1
2017-01-25,model1,3.538097132045088,6.8912903538005414,-2.373629208695444,-1,-1
2017-01-26,model1,3.8527555764895323,6.14360514064919,1.0623436575957959,1,1
2017-02-03,model1,2.9354920504334117,4.7073067854747395,0.51903482911833,1,1
2017-02-06,model1,0.9820181158942208,4.067381146962924,-1.313548296027375,-1,-1
2017-02-07,model1,-1.965606401013992,2.5896054850808654,-1.4698488550261546,-1,-1
2017-02-08,model1,-1.8238993088154105,3.767998522374979,-1.036685945095532,-1,-1
2017-02-09,model1,-0.7261205689176699,5.1792362598526305,-0.3134589975799109,-1,-1
2017-02-10,model1,2.0819233333333322,6.1130655340126365,1.874214628090996,1,1
2017-02-13,model1,6.223611489361701,6.489779701076394,3.764973988964612,1,1
2017-02-14,model1,7.09410105920444,5.007565699301357,2.3527035716177753,1,1
2017-02-15,model1,4.94000510175763,2.277573623310591,0.5758961185439562,1,1
2017-02-16,model1,0.8600528723404245,0.6342676514550837,-2.4366462575616983,-1,-1
2017-02-17,model1,-1.5488492713793824,-1.118122269414015,-0.6565122228507083,-1,-1
2017-02-20,model1,-0.7214478381642522,0.2148948974158217,-0.5056157336147065,-1,-1
2017-02-21,model1,0.48847107142857044,1.8183836244271465,-0.39356981741850205,-1,-1
2017-02-22,model1,2.2814569880952367,4.43421201101295,-0.8228424699191377,-1,-1
2017-02-23,model1,1.1680518854382325,5.299125953418222,-1.9783190450622758,-1,-1
2017-02-24,model1,-0.28130510976294903,4.949173701648714,-1.099404743431674,-1,-1
2017-02-27,model1,-2.646457776429616,2.5661071951711403,0.017913839810907106,1,1
2017-02-28,model1,-2.469034403570591,1.149400283182836,1.5941302848473293,1,1
2017-03-01,model1,-2.3638899906380892,0.04292909389893085,1.2116156022164069,1,1
2017-03-02,model1,-2.6046764114418717,-0.3884214485841196,0.190564121679268,1,1
2017-03-03,model1,-3.4081310084760434,-0.3331080984737444,-0.858767947144547,-1,-1
2017-03-06,model1,-3.245261341070279,0.8258637138396976,-0.9961021449076775,-1,-1
2017-03-07,model1,-0.8948155869331625,2.615297905734589,0.5610115622422249,1,1
2017-03-08,model1,1.0218819415898102,2.4650820310615136,2.066913403196048,1,1
2017-03-09,model1,0.9678705072463757,-0.3526319618233938,2.763702558541473,1,1
2017-03-10,model1,-0.45151979073342213,-2.75321715047817,0.9811948906749783,1,1
2017-03-13,model1,0.056760246237888,-2.1129059766190124,-0.13203113688784773,-1,-1
2017-03-14,model1,1.7192156858514147,-0.48596093333973994,0.035510396334254235,1,1
2017-03-15,model1,4.018881808120619,1.111589161941843,0.702116026987621,1,1
2017-03-16,model1,4.30976722134974,1.9543996690724004,-0.551925093901436,-1,-1
2017-03-17,model1,2.2697764257271427,1.509654575178522,-1.5952457017287192,-1,-1
2017-03-20,model1,-0.17519025908235766,1.3353351502717359,-2.270647259902714,-1,-1
2017-03-21,model1,-2.3436266331958326,-0.05185223266250406,-0.7812489911792351,-1,-1
2017-03-22,model1,-3.9206387854609943,-0.3691563273602864,-1.2597080575673794,-1,-1
2017-03-23,model1,-3.688910321076166,-0.6112592901793109,0.4738314272038528,1,1
2017-03-24,model1,-1.7993214261486292,0.8029587579627647,0.47537084678546115,1,1
2017-03-27,model1,0.8156082192414417,1.4546463227979294,1.963242080554906,1,1
2017-03-28,model1,0.6418938714153547,1.435066654675787,-0.15413467970394468,-1,-1
2017-03-29,model1,-1.8871187735121815,-0.8675427178668347,-0.2264032723849141,-1,-1
2017-03-30,model1,-4.228963738051188,-3.735607679194396,0.5262199967885546,1,1
2017-03-31,model1,-4.389243812056739,-4.690188109476032,0.7943003562760853,1,1
2017-04-05,model1,-1.258453867612295,-2.843815227322922,1.2844170622913338,1,1
2017-04-06,model1,1.6593527375886508,0.5683735526834552,-0.49438217480543134,-1,-1
2017-04-07,model1,3.5989921363636355,2.4099374176869848,0.09807553377145517,1,1
2017-04-10,model1,1.391121464968836,1.6685868065989713,-1.466520060306786,-1,-1
2017-04-11,model1,0.3315564279317989,1.575789469351923,-0.9667676997899888,-1,-1
2017-04-12,model1,-0.7878294862096152,0.28257845726783165,0.1738250979426772,1,1
2017-04-13,model1,-0.8060464107744121,0.2508678677592758,0.013493664943759032,1,1
2017-04-14,model1,-1.9309433737373751,-1.2355127020782888,0.36148360687460146,1,1
2017-04-17,model1,-1.8996873261183274,-2.0810767717362997,0.8768201172770587,1,1
2017-04-18,model1,-2.761912609385785,-4.622867863387721,1.6795658083839633,1,1
2017-04-19,model1,-3.694856628709456,-7.21679663875004,1.6609847560386481,1,1
2017-04-20,model1,-4.797747140974969,-8.461328220061423,0.1416410690458707,1,1
2017-04-21,model1,-2.377123903162057,-8.475404842103666,2.434699859855155,1,1
2017-04-24,model1,1.7623218939393928,-8.619112125116667,4.283153080114451,1,1
2017-04-25,model1,4.502483046932741,-7.719954122834751,1.8410031507114324,1,1
2017-04-26,model1,4.27949492644212,-6.054921726068751,-1.8880205172566207,-1,-1
2017-04-27,model1,4.517809623411818,-2.6694144949012877,-3.1471925341977656,-1,-1
2017-04-28,model1,5.816961747930431,0.331048495562175,-1.701310865944849,-1,-1
2017-05-02,model1,5.467832028353712,2.3971207781373676,-2.4152020021519123,-1,-1
2017-05-03,model1,3.690391701754385,3.3791431005356807,-2.75946264899764,-1,-1
2017-05-04,model1,1.1774846363636355,2.0549443014865383,-1.1887082663416066,-1,-1
2017-05-05,model1,1.0202691548821539,-0.8214982157676965,2.7192270357727533,1,1
2017-05-08,model1,2.645886161323378,-4.45903824918959,5.263157039863118,1,1
2017-05-09,model1,4.556103080515297,-4.610830725495049,2.0620093954973773,1,1
2017-05-10,model1,4.727261747181964,-4.2942523888651065,-0.1454196699632755,-1,-1
2017-05-11,model1,4.849692181964572,-2.6743079022423983,-1.4975140518400996,-1,-1
2017-05-12,model1,5.955772785829306,-3.2051445564032157,1.636917258025551,1,1
2017-05-15,model1,6.287887452495974,-2.6092480349387537,-0.2637818547977946,-1,-1
2017-05-16,model1,6.0173155651441945,0.5278105334019504,-3.407630455692483,-1,-1
2017-05-17,model1,2.838107739057238,3.764587077753698,-6.415984370438704,-1,-1
2017-05-18,model1,1.12276396127946,5.934167464625169,-3.884924164649249,-1,-1
2017-05-19,model1,-2.035162629629631,5.1522507400026925,-2.3760098662866143,-1,-1
2017-05-22,model1,-2.5082837037037047,2.0028641735928665,2.676265492335752,1,1
2017-05-23,model1,0.5823519401103221,-2.1596405414975686,7.253140358904462,1,1
2017-05-24,model1,5.263874970413353,-3.852049998692993,6.373932487498455,1,1
2017-05-25,model1,10.575257058980181,-2.1011873946582122,3.560519484532048,1,1
2017-05-26,model1,14.781790559947298,1.1274030471965832,0.9779430591123215,1,1
2017-05-31,model1,18.391796090250327,0.9756507781286511,3.761757799370961,1,1
2017-06-01,model1,20.181790227272725,-1.9555535753800275,4.7211984905310755,1,1
2017-06-02,model1,13.855278247004932,-2.5281251729055714,-5.753940382742249,-1,-1
2017-06-05,model1,5.725657084772855,-0.9358077502000395,-9.72193858493761,-1,-1
2017-06-06,model1,-0.8747905086027616,2.500821621307199,-10.037076964882855,-1,-1
2017-06-07,model1,-0.1416878212642604,6.973421246400812,-3.7394969377551117,-1,-1
2017-06-08,model1,2.624647280361756,9.197934127445928,0.5418222205809005,1,1
2017-06-09,model1,5.164239760981911,9.61422258509675,2.1233040229693327,1,1
2017-06-12,model1,5.86275628875969,5.1666287757585065,5.146110337116022,1,1
2017-06-13,model1,4.796312280823181,3.034559418013839,1.0656253498081587,1,1
2017-06-14,model1,1.5637349693362186,1.8454353529747662,-2.04345324644789,-1,-1
2017-06-15,model1,-0.6978216594516606,3.2076700924017616,-3.6237913682148744,-1,-1
2017-06-16,model1,-2.5808656515151527,3.729634530104338,-2.4050084297660685,-1,-1
2017-06-19,model1,-0.38772171212121326,5.183628296631163,0.7391501728671148,1,1
2017-06-20,model1,1.4966044242424232,4.7636627299437855,2.304291703051014,1,1
2017-06-21,model1,2.8704174639249627,3.3794427687948816,2.7580330008314435,1,1
2017-06-22,model1,2.6082232215007206,-0.09192177776231218,3.2091703041329516,1,1
2017-06-23,model1,3.2730523713323705,-2.3419009902642878,2.9148083623336256,1,1
2017-06-26,model1,4.92692049056456,-1.3756221462444718,0.6875892752123731,1,1
2017-06-27,model1,5.557942193306261,1.0052681180719436,-1.7498685615747136,-1,-1
2017-06-28,model1,4.857721982868552,2.6963117240978782,-2.3912638164636446,-1,-1
2017-06-29,model1,3.348219577922077,2.2876837833747654,-1.1008744642233617,-1,-1
2017-06-30,model1,2.172159769119768,2.1857661718957364,-1.07414219732328,-1,-1
2017-07-03,model1,1.40804146103896,3.0791511074663305,-1.6575032436514021,-1,-1
2017-07-04,model1,-0.355947946775448,3.024814810532606,-1.7096531108806836,-1,-1
2017-07-05,model1,-0.26064669585157496,3.7900865464633426,-0.6699704850068635,-1,-1
2017-07-06,model1,-0.015292630195009371,3.567400930607891,0.46803968151201736,1,1
2017-07-07,model1,2.10099608179068,4.104307091713913,1.5793825508796666,1,1
2017-07-10,model1,2.469673957129433,3.000524086965972,1.472460880086694,1,1
2017-07-11,model1,3.5442341771871533,0.8812752653422553,3.1938090416814373,1,1
2017-07-12,model1,3.9372137120708737,-1.4747739042772832,2.749028704503259,1,1
2017-07-13,model1,5.376708230589393,-2.5520785612253234,2.5167991754665593,1,1
2017-07-14,model1,7.297129608831746,-2.308268691810697,1.676611508827727,1,1
2017-07-17,model1,9.502024030960007,-3.2943243142364307,3.1909500445539942,1,1
2017-07-18,model1,8.52847269590402,-3.0547546961634935,-1.2131209531289242,-1,-1
2017-07-19,model1,7.058334964763918,-0.8566094529035002,-3.668282974400095,-1,-1
2017-07-20,model1,5.5341770859760375,3.101885516337966,-5.482652848029346,-1,-1
2017-07-21,model1,4.793410742621908,5.571535226532113,-3.210416053548277,-1,-1
2017-07-24,model1,3.957994375461935,7.595533363666796,-2.8594145042946555,-1,-1
2017-07-25,model1,1.013718011825572,6.815745090190514,-2.1644880901600816,-1,-1
2017-07-26,model1,-0.7582057998590566,4.543493401279727,0.5003278772261592,1,1
2017-07-27,model1,-2.36427710711769,1.8676586507297863,1.0697634432913072,1,1
2017-07-28,model1,-0.7830443798449624,1.617002983333725,1.8318883946687887,1,1
2017-07-31,model1,0.4694540697674407,2.8677239219793247,0.0017775109668034528,1,1
2017-08-01,model1,2.2811444039621005,2.8709520715265797,1.8084621846474047,1,1
2017-08-02,model1,3.6028918282045246,1.4388975889846163,2.7538019067843873,1,1
2017-08-03,model1,3.690845239057238,-0.07397354634382336,1.600824546181153,1,1
2017-08-04,model1,1.5181617893217882,-1.8435840996774144,-0.40307289640185884,-1,-1
2017-08-07,model1,-0.1898748984865275,-0.6756994509712214,-2.8759213365145087,-1,-1
2017-08-08,model1,-0.7756145108896283,0.2315116406899195,-1.4929507040642416,-1,-1
2017-08-09,model1,-0.4267275880902055,1.8255104703651757,-1.2451119068758332,-1,-1
2017-08-10,model1,0.04565559020436819,1.0935611863467096,1.2043324623130398,1,1
2017-08-11,model1,-0.5978410936888272,-0.7183783541222856,1.1684428565757998,1,1
2017-08-14,model1,-0.41108308527131876,-0.4612048915306472,-0.07041545417412992,-1,-1
2017-08-15,model1,-0.24820316279069857,0.7895965385691706,-1.0879215076191977,-1,-1
2017-08-16,model1,0.7959511638086276,3.0803897297280716,-1.2466388645595747,-1,-1
2017-08-17,model1,1.49635138603085,4.35957703142796,-0.5787870794776657,-1,-1
2017-08-18,model1,2.002125485329484,5.326477089714836,-0.4611259589882424,-1,-1
2017-08-21,model1,2.5551755945613372,6.253233035769587,-0.3737058368228978,-1,-1
2017-08-22,model1,2.890691790328533,4.466945012282669,2.121804219254114,1,1
2017-08-23,model1,3.075306202305445,1.800230921290692,2.8513285029688893,1,1
2017-08-24,model1,1.625610465871337,-1.8805361829265124,2.231071367783096,1,1
2017-08-25,model1,2.3979982298464924,-1.7700518339704285,0.6619034150190715,1,1
2017-08-28,model1,2.865940288769051,0.42649240453531867,-1.7286021795831883,-1,-1
2017-08-29,model1,3.947959076144466,2.719201081216291,-1.2106898893055575,-1,-1
2017-08-30,model1,2.1714365069745054,3.391652481897817,-2.4489739698514863,-1,-1
2017-08-31,model1,0.2905705810485797,2.792878225276128,-1.2820916693042368,-1,-1
2017-09-01,model1,-1.4340652020202036,3.1739137019786363,-2.1056712597712917,-1,-1
2017-09-04,model1,-1.6543716296296311,3.3096294721193296,-0.3560221977501208,-1,-1
2017-09-05,model1,-1.4248430956072367,3.038806573568605,0.5003514325731189,1,1
2017-09-06,model1,-0.07350687180897021,3.2040056449499716,1.1861371524169,1,1
2017-09-07,model1,-1.126954225630877,2.079685094060886,0.07087319706717854,1,1
2017-09-08,model1,-2.3955173774983893,1.503731673106375,-0.692609730913001,-1,-1
2017-09-11,model1,-3.367670278545333,1.09625403180216,-0.5646752597427287,-1,-1
2017-09-12,model1,-2.2667562821739,0.9864610786160123,1.210706949557581,1,1
2017-09-13,model1,-1.2232581892885241,1.5724240054702288,0.4575351660311592,1,1
2017-09-14,model1,-0.764154238287834,1.0713306353644967,0.9601973211064222,1,1
2017-09-15,model1,-0.6305104416839211,0.7874747217851024,0.4174997101833072,1,1
2017-09-18,model1,-0.6439337025534864,0.7541231988193119,0.019928262096225224,1,1
2017-09-19,model1,-0.3088807487922718,0.5520816819193943,0.5370944706611321,1,1
2017-09-20,model1,-1.0896116771791304,1.327390679680206,-1.5560399261476703,-1,-1
2017-09-21,model1,-1.3067755177588407,0.466868404029205,0.6433584350712906,1,1
2017-09-22,model1,-1.0946540415683645,-0.5627109082905165,1.2417007885101976,1,1
2017-09-25,model1,0.6165955078502403,-3.238871391873206,4.387410033001294,1,1
2017-09-26,model1,3.341061282407406,-3.990688146164666,3.476282528848626,1,1
2017-09-27,model1,2.74301859158615,-2.5214599252563823,-2.06727091172954,-1,-1
2017-09-28,model1,0.6113691078904981,-0.25570335938671557,-4.397406049565319,-1,-1
2017-09-29,model1,-1.8493664476650575,1.7065854978671418,-4.423024412809413,-1,-1
2017-10-09,model1,-3.3690156906499475,1.6459160819862133,-1.4589798271039616,-1,-1
2017-10-10,model1,-2.8370730094905277,2.382058990459719,-0.2042002273140857,-1,-1
2017-10-11,model1,-3.323415067691586,1.7252759262802169,0.1704410059784438,1,1
2017-10-12,model1,-2.3454331435472753,0.9584503963313233,1.7448074540932041,1,1
2017-10-13,model1,-2.6912833675261947,0.5220484373818559,0.09055173497054803,1,1
2017-10-16,model1,-3.421617975991803,-0.39393936659355694,0.18565319550980464,1,1
2017-10-17,model1,-3.2182219766658844,-0.6579507776977366,0.4674074104300981,1,1
2017-10-18,model1,-1.9263295334840664,-2.1139698682474157,2.7479115337314974,1,1
2017-10-19,model1,-0.9808280858190104,-3.7786285034315394,2.6101600828491796,1,1
2017-10-20,model1,-0.3768916411396586,-2.9290561610183024,-0.24563589773388528,-1,-1
2017-10-23,model1,-0.5816984255599486,-0.9630848367871844,-2.170778108651408,-1,-1
2017-10-24,model1,1.1432611165307083,1.6421172007034028,-0.8802424953999304,-1,-1
2017-10-25,model1,2.343526110083255,2.4813333722007633,0.3610488220551864,1,1
2017-10-26,model1,3.230385673758864,3.0177245700869038,0.3504683657894683,1,1
2017-10-27,model1,2.677024539007091,2.85462552078384,-0.39026208544870933,-1,-1
2017-10-30,model1,2.0829870833333324,0.4964524990039932,1.7641355661060882,1,1
2017-10-31,model1,1.2455101283533752,-1.0699468381859645,0.7289223822100004,1,1
2017-11-01,model1,0.10659232048748235,-1.6491181516351194,-0.5597464944167378,-1,-1
2017-11-02,model1,1.1013832674571795,-1.8815722719320298,1.2272450672666075,1,1
2017-11-03,model1,3.1742408333333323,-3.515908472747533,3.707193766691656,1,1
2017-11-06,model1,4.712723434343433,-2.860385565149428,0.8829596934119954,1,1
2017-11-07,model1,5.805857904040402,-0.3610897441312894,-1.4061613513211695,-1,-1
2017-11-08,model1,6.5003293236714965,2.6499437839580775,-2.3165621084582724,-1,-1
2017-11-09,model1,8.074659740338163,4.76647225650395,-0.5421980558792061,-1,-1
2017-11-10,model1,6.431273430814353,5.179784430308353,-2.056698483328213,-1,-1
2017-11-13,model1,3.6433218258189783,4.422974691177918,-2.03114186586494,-1,-1
2017-11-14,model1,0.10883745081897844,1.573621188308988,-0.6851308721310696,-1,-1
2017-11-15,model1,-1.0712056237151832,-0.8170656836902722,1.2106437974650983,1,1
2017-11-16,model1,-1.6579535114734316,-2.3906058073178524,0.9867922358693317,1,1
2017-11-17,model1,-0.026827880804497273,-4.5187399241322765,3.7592597474833584,1,1
2017-11-20,model1,2.0912782940336156,-4.756365212440192,2.3557314631460287,1,1
2017-11-21,model1,5.7122433242268515,-4.1048002988624015,2.969400116615445,1,1
2017-11-22,model1,8.149158560874703,-1.914794339502463,0.24690927728791312,1,1
2017-11-23,model1,5.7461673256501165,-2.3543527117968353,-1.9634328629302142,-1,-1
2017-11-24,model1,2.1491155371013635,-2.7181926078662086,-3.2332118924793796,-1,-1
2017-11-27,model1,-1.4874466614801964,-3.8934469029643686,-2.4613079034834,-1,-1
2017-11-28,model1,-1.2378415286299551,-1.7220254533753103,-1.9218163167388167,-1,-1
2017-11-29,model1,-0.9006280734145357,0.11012996904184336,-1.4949419672017341,-1,-1
2017-11-30,model1,-0.8818214319645751,1.8111959091167498,-1.6822592986249458,-1,-1
2017-12-01,model1,-1.7681363595008068,2.136732396227177,-1.211851414646659,-1,-1
2017-12-04,model1,-1.2159466372785845,0.9948686820746194,1.6940534363747801,1,1
2017-12-05,model1,0.6339275664251193,-0.7470988812132062,3.5918417669915295,1,1
2017-12-06,model1,3.3416773490338145,-2.045686839116621,4.006337740512111,1,1
2017-12-07,model1,3.1268490458937186,-2.318653956078308,0.05813881382159103,1,1
2017-12-08,model1,1.7660363567684225,0.4211002629509766,-4.100566908154581,-1,-1
2017-12-11,model1,1.8211180355123837,3.7699806976560475,-3.2937987559611095,-1,-1
2017-12-12,model1,1.233340147754135,4.565410432279064,-1.3832076223812653,-1,-1
2017-12-13,model1,0.4224164598108728,4.402438135513266,-0.6479513911774637,-1,-1
2017-12-14,model1,-2.7774698610508053,2.121575559088242,-0.9190237444366542,-1,-1
2017-12-15,model1,-5.134082836819126,1.285956928263869,-1.520994344943948,-1,-1
2017-12-18,model1,-7.690315626417235,-0.2930602206061194,-0.9772156407281207,-1,-1
2017-12-19,model1,-5.447706452020203,-0.15391750622429198,2.103466460015205,1,1
2017-12-20,model1,-1.5944514242424261,-0.06954968680342803,3.7688872083569125,1,1
2017-12-21,model1,4.618025538720537,0.5795558161463662,5.563371460013169,1,1
2017-12-22,model1,6.213402824074073,0.03960487217221553,2.135328229327687,1,1
2017-12-25,model1,6.3390309510581995,-0.9058411605769624,1.0710741597333042,1,1
2017-12-26,model1,4.326143015873015,-0.7115381666974693,-2.2071909290646774,-1,-1
2017-12-27,model1,2.152400885258357,-1.0549649342840344,-1.830315363028093,-1,-1
2017-12-28,model1,1.2795583554964522,0.4614633210789698,-2.389270785124909,-1,-1
2017-12-29,model1,0.8823754017927485,1.7037231380724338,-1.6394427706971677,-1,-1
2018-01-02,model1,2.067211004629628,4.0590806352513225,-1.1705218943420093,-1,-1
2018-01-03,model1,3.98729260185185,6.885458453670634,-0.9062962211970897,-1,-1
2018-01-04,model1,5.27515722222222,8.776692357109788,-0.6033692830687833,-1,-1
2018-01-05,model1,6.537219758454104,8.47084414999521,1.5679107433464612,1,1
2018-01-08,model1,6.146369133454105,6.789399914038069,1.290593610957142,1,1
2018-01-09,model1,4.386318786231882,3.704784168192752,1.3245653986230947,1,1
2018-01-10,model1,2.858863528911563,0.6920673827478039,1.4852615281246284,1,1
2018-01-11,model1,2.3664467514292933,-0.8732764206252535,1.0729270258907877,1,1
2018-01-12,model1,3.3691329967996637,-1.3908139299466553,1.5202237546917723,1,1
2018-01-15,model1,4.041529731493541,-1.9063382330919916,1.1879210378392135,1,1
2018-01-16,model1,5.718627107380065,-2.1231132304732294,1.8938723732677623,1,1
2018-01-17,model1,7.429258709231918,-1.8459545772985202,1.433472948677143,1,1
2018-01-18,model1,8.843457542848698,-0.1854142526176036,-0.24634149106413572,-1,-1
2018-01-19,model1,9.363160833333332,0.438665573193639,-0.10437653532660918,-1,-1
2018-01-22,model1,8.624814790189125,2.0140041994671685,-2.3136846694177358,-1,-1
2018-01-23,model1,8.460514391946495,3.0164361775545143,-1.1667323763299766,-1,-1
2018-01-24,model1,6.754073534520191,4.173598619036953,-2.863603298908743,-1,-1
2018-01-25,model1,4.786117364307423,3.5559727669124253,-1.3503303180882393,-1,-1
2018-01-26,model1,2.7137726931056094,3.086062766168423,-1.6024346704578116,-1,-1
2018-01-29,model1,0.6695760047281306,0.8140535717855703,0.22781250600537373,1,1
2018-01-30,model1,-0.7229922680260064,-0.7921290056794152,0.21361430471084875,1,1
2018-01-31,model1,-1.6986799777765735,-3.0085982601015764,1.240781544671594,1,1
2018-02-01,model1,-0.4381254875283463,-5.5247813966640775,3.7767376268107284,1,1
2018-02-02,model1,2.9081462604030954,-6.691127537213437,4.5126178884808015,1,1
2018-02-05,model1,7.168743414598107,-5.012353410458079,2.581823027439653,1,1
2018-02-06,model1,10.280632164598108,-3.1085618777388895,1.2080972172808115,1,1
2018-02-07,model1,7.544425542800453,-3.314960527039372,-2.529807972497173,-1,-1
2018-02-08,model1,1.749902606292516,-3.2924046216152676,-5.817078841932041,-1,-1
2018-02-09,model1,-6.019612740929706,-2.4292842411540376,-8.632635727683454,-1,-1
2018-02-12,model1,-9.57945856150794,0.4370193871294002,-6.426149448861671,-1,-1
2018-02-13,model1,-9.99908005652455,1.5484466846521965,-1.5310487925394065,-1,-1
2018-02-14,model1,-7.827248676139061,2.972696753850554,0.747581311187131,1,1
2018-02-22,model1,-3.0113125458199135,4.245224833432285,3.543408050737417,1,1
2018-02-23,model1,1.985467287595888,5.06444395076672,4.177560716081366,1,1
2018-02-26,model1,6.543612643321512,7.202204282103878,2.420385024388466,1,1
2018-02-27,model1,5.406387367594199,7.0251599459971645,-0.9601809396205994,-1,-1
2018-02-28,model1,1.198894131235826,7.452611612969317,-4.634944903330526,-1,-1
2018-03-01,model1,-0.7222382993197294,8.398867641293334,-2.8673884588795726,-1,-1
2018-03-02,model1,0.2889661962657389,8.922707348817893,0.48736478806090955,1,1
2018-03-05,model1,2.564922127659573,7.702152791403333,3.4965104888083935,1,1
2018-03-06,model1,3.9573430304373507,5.661800217115832,3.4327734770652785,1,1
2018-03-07,model1,3.0134546941489346,3.471735226956446,1.2461766538709704,1,1
2018-03-08,model1,1.9083097296099274,2.914471184833966,-0.5478809224165275,-1,-1
2018-03-09,model1,-1.0205080526004744,2.971468507100361,-2.9858151044767967,-1,-1
2018-03-12,model1,-1.6891026729708447,5.068031342268387,-2.7651574555383966,-1,-1
2018-03-13,model1,-2.951521112687157,5.6355765580257,-1.8299636554736247,-1,-1
2018-03-14,model1,-4.748459063186506,3.586908304495447,0.2517303030309037,1,1
2018-03-15,model1,-3.6075006455348118,0.7946702291204725,3.933196493026669,1,1
2018-03-16,model1,-2.9000845332175444,-1.4532973157983076,2.9553836572360472,1,1
2018-03-19,model1,-1.2328914810633493,-2.4515468815534196,2.6654426179093074,1,1
2018-03-20,model1,-0.03438977893568973,-1.6507230461588234,0.3976778667330634,1,1
2018-03-21,model1,0.5401080853262942,-0.8672143112917801,-0.2090108706050594,-1,-1
2018-03-22,model1,-0.18529028182346416,-0.4391440971281659,-1.1534685813133725,-1,-1
2018-03-23,model1,-2.3095414643390235,-2.9057704980839603,0.34237521844023533,1,1
2018-03-26,model1,-2.6703491335896694,-2.191125009584203,-1.075453157750403,-1,-1
2018-03-27,model1,-2.8172226118505392,0.036038510521707146,-2.37403699836678,-1,-1
2018-03-28,model1,-2.0275553315217407,3.385236803995523,-2.5595310131450173,-1,-1
2018-03-29,model1,0.20283964353494857,5.467881534561253,0.14775024449095886,1,1
2018-03-30,model1,2.480364614241085,7.87988911140284,-0.1344826061354505,-1,-1
2018-04-02,model1,3.1327133642410847,8.595848057977657,-0.06361019657481659,-1,-1
2018-04-03,model1,1.9408798046433329,7.218815079171326,0.18519941920857907,1,1
2018-04-04,model1,-1.2126057981935465,2.5793718222941844,1.4859576540402624,1,1
2018-04-09,model1,-3.4188185759713243,0.5293972187699554,-0.15623817425354902,-1,-1
2018-04-10,model1,-2.6207252884824164,-0.09369511016464653,1.42118561642351,1,1
2018-04-11,model1,0.5876263818027193,0.9592841957023941,2.155372364418095,1,1
2018-04-12,model1,1.8331215901360525,0.7362923131128518,1.4684870909228755,1,1
2018-04-13,model1,-1.517915085034015,-1.2726703763484257,-1.3420739857087898,-1,-1
2018-04-16,model1,-7.027905833333335,-3.7374561449964445,-3.0452049796513014,-1,-1
2018-04-17,model1,-15.563478852040818,-7.653294380707592,-4.6197347829963356,-1,-1
2018-04-18,model1,-22.748445456650746,-9.205665110837977,-5.632595874479543,-1,-1
2018-04-19,model1,-19.966950197391487,-7.412018419044247,0.9878485674655293,1,1
2018-04-20,model1,-13.440940201733651,-4.5153290519633,3.629320628576888,1,1
2018-04-23,model1,-3.491182500184946,-3.2223899170324053,8.656818566617812,1,1
2018-04-24,model1,0.7057004718483114,-2.266318094368961,3.2408111493698137,1,1
2018-04-25,model1,3.8745436941733193,0.05672647894701388,0.845798649009033,1,1
2018-04-26,model1,2.622730769003251,1.3298441946989705,-2.524930640922025,-1,-1
2018-04-27,model1,0.22209052382184524,0.35820553936351773,-1.4290015898459532,-1,-1
2018-05-02,model1,-1.173595889992524,-1.1663832465266648,0.12890237207581312,1,1
2018-05-03,model1,-0.7701552763002386,-0.31608277890695297,-0.44685985392742644,-1,-1
2018-05-04,model1,-1.0844740376051483,0.7879988612590753,-1.418400401470938,-1,-1
2018-05-07,model1,0.5354845439551356,3.6220012109124107,-1.2140437680930516,-1,-1
2018-05-08,model1,3.2224598557163646,6.159736640288835,0.1492398823848049,1,1
2018-05-09,model1,4.995490100607133,6.723815383946878,1.208951501232725,1,1
2018-05-10,model1,4.008198301767675,5.16240902903438,0.5741145560730407,1,1
2018-05-11,model1,0.6030790656565634,1.6174043165995862,0.13988547632368187,1,1
2018-05-14,model1,-1.6253887744107767,-1.2715293548362336,0.6604658313684793,1,1
2018-05-15,model1,-2.9367978389694067,-1.920895181642086,-0.6620432377527776,-1,-1
2018-05-16,model1,-4.386621857881936,-1.3917808948719455,-1.97893830568267,-1,-1
2018-05-17,model1,-7.408597413437491,-0.6427736105198871,-3.770982839907613,-1,-1
2018-05-18,model1,-5.731765305949569,-0.540840558030251,1.5748990549982858,1,1
2018-05-21,model1,-2.8494946708754227,0.5673292506254113,1.774100826418484,1,1
2018-05-22,model1,0.5255674031986508,2.6811984243314115,1.2611929003680737,1,1
2018-05-23,model1,-1.6682124224514674,2.104294190674546,-1.6168755919932525,-1,-1
2018-05-24,model1,-5.946444207695209,0.104223020603129,-2.2781606151723253,-1,-1
2018-05-25,model1,-9.434583416449419,-3.551490155485047,0.16757396733396623,1,1
2018-05-28,model1,-9.621312364953889,-6.047771810977352,2.309552706987835,1,1
2018-05-29,model1,-7.89900511253843,-8.238791168226976,3.9133266096650834,1,1
2018-05-30,model1,-6.951091968599035,-9.704385586031394,2.4135075617438133,1,1
2018-05-31,model1,-5.354339993540054,-8.24604498001121,0.13841136903879558,1,1
2018-06-01,model1,-3.4020709657622756,-6.34640734697518,0.05263139474174938,1,1
2018-06-04,model1,-0.8817836046511646,-3.597532134083497,-0.2285878517805724,-1,-1
2018-06-05,model1,-0.1684834444444462,-1.0966015070076234,-1.787630466869155,-1,-1
2018-06-06,model1,-0.945660418439718,1.3053886015571328,-3.179167082560028,-1,-1
2018-06-07,model1,-1.3688188551322245,2.091877714401995,-1.2096475495373689,-1,-1
2018-06-08,model1,-4.58089041068778,-0.5087109051749729,-0.6114829359785872,-1,-1
2018-06-11,model1,-4.8597026033591755,-3.90738527422538,3.1198621763790113,1,1
2018-06-12,model1,-3.0419178287981885,-3.7369962252885514,1.6473957256241585,1,1
2018-06-13,model1,0.08566463496992822,-3.1823608817212996,2.572947120200865,1,1
2018-06-14,model1,2.482158801636595,-1.687782385811289,0.9019156707566562,1,1
2018-06-15,model1,3.5882664915458924,-2.91206102652624,2.3303863306242483,1,1
2018-06-19,model1,4.598126136621314,-5.646642931867285,3.7444415504164663,1,1
2018-06-20,model1,3.6487694699546473,-5.517719262741377,-1.0782803357925745,-1,-1
2018-06-21,model1,0.6866341921768694,-5.455760804284576,-3.0240937362345783,-1,-1
2018-06-22,model1,0.37939999999999846,-1.4078469291805475,-4.3551480672809,-1,-1
2018-06-25,model1,-0.775600623582768,-0.9089905408103242,-1.65385701195299,-1,-1
2018-06-26,model1,-1.4688282738095253,0.8077366770264519,-2.4099548680635334,-1,-1
2018-06-27,model1,-4.9504841071428585,0.5093199144670834,-3.1832390707739644,-1,-1
2018-06-28,model1,-6.6023825898402855,-0.3740158838427939,-0.7685626843875497,-1,-1
2018-06-29,model1,-3.8553092333487533,0.26630931788026063,2.1067481547684777,1,1
2018-07-02,model1,-1.5483240377705216,0.2585575769744706,2.314736936484022,1,1
2018-07-03,model1,0.630447633521492,1.593218049279943,0.8441111989865413,1,1
2018-07-04,model1,-0.8108851324359548,0.5620742280883392,-0.4101889447658431,-1,-1
2018-07-05,model1,-0.9209862411347535,-1.1308892674020914,1.582862386791632,1,1
2018-07-06,model1,0.023156888297870548,-2.6712868091414705,2.4845406711720033,1,1
2018-07-09,model1,3.8058374542263693,-1.7513223391767514,2.86271609596378,1,1
2018-07-10,model1,5.545659227276015,1.1011950198844753,-1.1126955860115815,-1,-1
2018-07-11,model1,6.011746935609349,2.9604741417104345,-1.393191413492625,-1,-1
2018-07-12,model1,5.821185234929078,4.852892059034783,-2.0829796180046194,-1,-1
2018-07-13,model1,6.3457371498226935,6.2927147482496375,-0.9152707743212387,-1,-1
2018-07-16,model1,5.556604927600471,6.783727137229312,-1.280144611201897,-1,-1
2018-07-17,model1,1.2507968026004712,4.864058956362202,-2.38613994413289,-1,-1
2018-07-18,model1,-4.283242430555558,1.9351256992056465,-2.605105975999474,-1,-1
2018-07-19,model1,-10.238712251773052,-1.2035491015083386,-2.816795020503509,-1,-1
2018-07-20,model1,-8.530559773031555,-2.0383443043430187,2.5429476815761767,1,1
2018-07-23,model1,-3.013347608915909,-0.5424081669071511,4.021276026679779,1,1
2018-07-24,model1,5.724782244897958,4.168552666183582,4.027169020723133,1,1
2018-07-25,model1,5.418226780045351,6.977722304139907,-3.1157251028089323,-1,-1
2018-07-26,model1,2.8931790603741487,7.8782599974286205,-3.4255854129599155,-1,-1
2018-07-27,model1,-1.6101201325757586,4.991064759124527,-1.6161039546458138,-1,-1
2018-07-30,model1,-2.568909157519069,0.29509110890425383,3.737184625276963,1,1
2018-07-31,model1,-1.8021489677042544,-3.205428315884985,4.267279614604053,1,1
2018-08-01,model1,-1.8442348087679532,-5.55977394292929,2.3122597859806064,1,1
2018-08-02,model1,-3.7902641965230557,-7.525127441669355,0.01932411098496223,1,1
2018-08-03,model1,-7.644745696917066,-10.230054805859966,-1.1495541362033985,-1,-1
2018-08-06,model1,-11.700753011321089,-12.609435995588195,-1.6766261246757947,-1,-1
2018-08-07,model1,-8.436866888872109,-8.55761021368568,-0.7879396594535351,-1,-1
2018-08-08,model1,-4.523288947057086,-4.502852531548699,-0.14117974032195768,-1,-1
2018-08-09,model1,1.9287410204081616,1.5027618062283519,0.4464156296881967,1,1
2018-08-10,model1,2.2850836416268616,3.193090865640928,-1.3339864381938762,-1,-1
2018-08-13,model1,3.2470168298354785,6.005939986557443,-1.8509159327078986,-1,-1
2018-08-14,model1,3.1551150389796017,7.195362355508673,-1.2813241598071068,-1,-1
2018-08-15,model1,0.5478552517455588,4.507341843464518,0.08076072481011254,1,1
2018-08-16,model1,-0.7996240815877745,0.8661881165385071,2.2936743935926778,1,1
2018-08-17,model1,-2.890761814541422,-3.8965570458014227,2.6716074293862824,1,1
2018-08-20,model1,-1.7328392063492082,-4.570049728131978,1.8314152905227687,1,1
2018-08-21,model1,-0.2886582341269861,-2.9125678257291487,-0.21330093018060703,-1,-1
2018-08-22,model1,0.9072055753968233,-0.36067196628213355,-1.356032049923206,-1,-1
2018-08-23,model1,1.143972526828559,1.6297166678498003,-1.7536216827001982,-1,-1
2018-08-24,model1,0.7080927323841147,1.304189407440292,-0.11035253403493595,-1,-1
2018-08-27,model1,2.931936677962346,2.7081277837286364,0.8199055692898869,1,1
2018-08-28,model1,4.679286236438922,3.731465841434396,0.7240115007708163,1,1
2018-08-29,model1,4.896945176864453,3.6942845330573473,0.25484024880258005,1,1
2018-08-30,model1,2.099917891150168,0.9589749509685106,-0.061717703625448816,-1,-1
2018-08-31,model1,0.2800031598699745,-3.427327113248069,2.5663873329363858,1,1
2018-09-03,model1,-1.1602961250000021,-5.924897533820864,1.057271135702818,1,1
2018-09-04,model1,0.8627859416666647,-4.076474910545342,0.1746594433911457,1,1
2018-09-05,model1,0.4890802555555534,-1.6472587696441279,-2.8029218270123257,-1,-1
2018-09-06,model1,-0.3977088869565237,-0.05781965697258721,-2.4762282551836177,-1,-1
2018-09-07,model1,-2.145517669935247,-0.8810401185871274,-0.9245883213641832,-1,-1
2018-09-10,model1,-2.414722747713025,-2.0482087530919904,0.8979635567270852,1,1
2018-09-11,model1,-2.019512901891255,-2.8437740186604743,1.1907751113902538,1,1
2018-09-12,model1,-1.8056245189125317,-3.191995097208364,0.5621094615266131,1,1
2018-09-13,model1,-1.2698796578014204,-2.198401601733251,-0.4578486343640018,-1,-1
2018-09-14,model1,-1.3797817500000018,-2.2378460745822575,-0.07045761934957473,-1,-1
2018-09-17,model1,-2.28371140957447,-3.908947032355058,0.7671712981983323,1,1
2018-09-18,model1,-1.0515173534520212,-3.05666843018463,0.37991545395202064,1,1
2018-09-19,model1,2.4142098687702007,-0.07088750353559774,0.4799462955731899,1,1
2018-09-20,model1,4.258440152458145,3.3577114383760764,-1.5843686582237297,-1,-1
2018-09-21,model1,5.927968379669029,5.8366085662143545,-0.8093689006273945,-1,-1
2018-09-25,model1,5.98799593017408,7.119925177643053,-1.2232890609236478,-1,-1
2018-09-26,model1,7.219739898653198,7.7422874891942355,0.609381656927936,1,1
2018-09-27,model1,5.921976217171715,4.497825744656576,1.9466980630561768,1,1
2018-09-28,model1,5.648911342403626,1.7686516411139495,2.4561092287745376,1,1
2018-10-08,model1,3.1366760164777006,-1.067003028559687,0.32341934374771064,1,1
2018-10-09,model1,1.1850179333333315,-2.0157596465652285,-1.0029014651388275,-1,-1
2018-10-10,model1,-0.24335446462585253,-3.35927327674011,-0.08485876778430268,-1,-1
2018-10-11,model1,-1.1422216496598663,-4.8203938927456305,0.5622534309715068,1,1
2018-10-12,model1,-1.1338426183673491,-6.172625120556961,1.3606102591038476,1,1
2018-10-15,model1,-2.9941815183673497,-8.844736556569845,0.811772536012884,1,1
2018-10-16,model1,-3.25406962777778,-11.881490219552665,2.7768655535723896,1,1
2018-10-17,model1,-3.540137706689345,-12.715064172358131,0.5475058738939009,1,1
2018-10-18,model1,-5.289321973356011,-13.316248320157747,-1.1480001188670501,-1,-1
2018-10-19,model1,-3.4411243401360565,-7.358548313010249,-4.109502373927544,-1,-1
2018-10-22,model1,-0.9833197278911587,-1.7463571612590538,-3.154386539506297,-1,-1
2018-10-23,model1,1.649840938775508,2.8552661488304776,-1.968462643422864,-1,-1
2018-10-24,model1,1.5366599574468063,2.7267213248559656,0.015363842645810255,1,1
2018-10-25,model1,1.001108757446806,2.4411698245930573,-0.2499996997370919,-1,-1
2018-10-26,model1,1.5644597296690284,3.2893338130388106,-0.28481301622353095,-1,-1
2018-10-29,model1,0.5922393504535123,2.5573868960099078,-0.24027346218661327,-1,-1
2018-10-30,model1,-0.5139038577097529,1.4638479311020347,-0.012604243255392111,-1,-1
2018-10-31,model1,0.12067871173469132,2.0400369569106673,0.05839354363581162,1,1
2018-11-01,model1,1.3592638001700657,3.558455434092289,-0.2798333887462474,-1,-1
2018-11-02,model1,2.661897065476188,5.779918137729436,-0.9188294383310245,-1,-1
2018-11-05,model1,2.1175173432539656,7.0474342557175405,-1.811895840210327,-1,-1
2018-11-06,model1,0.7178866071428548,7.5659107588300785,-1.918107239223649,-1,-1
2018-11-07,model1,-3.5182995833333357,4.544001693166653,-1.2142771248127646,-1,-1
2018-11-08,model1,-9.161813254629632,-0.2066183140758362,-0.8928936640538065,-1,-1
2018-11-09,model1,-15.54796401851852,-3.9105543751593888,-2.6822147028053362,-1,-1
2018-11-12,model1,-12.799227828042328,-2.97461490177728,1.8127967170940833,1,1
2018-11-13,model1,-6.005483309523811,1.2090157335341676,2.6101138832070703,1,1
2018-11-14,model1,1.6613941904761882,5.466253091436762,3.4096401420974045,1,1
2018-11-15,model1,3.622682866666665,9.094369962998558,-1.6668281953713189,-1,-1
2018-11-16,model1,3.1551174424242405,10.977973087026191,-2.3511685482700577,-1,-1
2018-11-19,model1,4.045229286395872,10.45156196833031,1.4165229626675129,1,1
2018-11-20,model1,1.860909045579545,5.0861475173457045,3.181094210168278,1,1
2018-11-21,model1,0.832472233710858,1.0204704421052642,3.0372402633717535,1,1
2018-11-22,model1,-0.6190177435941066,-0.7011944620737642,0.27017492687406386,1,1
2018-11-23,model1,-1.7978199694444468,-1.3509230193471786,-0.529073668576926,-1,-1
2018-11-26,model1,-4.748102816666669,-3.156915423747236,-1.1442904428221643,-1,-1
2018-11-27,model1,-8.339148356802724,-4.607654055690566,-2.1403069081927253,-1,-1
2018-11-28,model1,-6.341246075951659,-2.7860948815435975,0.17634310670409636,1,1
2018-11-29,model1,-3.884052992618326,-1.9891664487759175,1.6602646505656533,1,1
2018-11-30,model1,0.7170588808510621,-0.6986855069786965,3.3106309316721667,1,1
2018-12-03,model1,1.3099151027777758,-0.25217485324231115,0.1463455681903284,1,1
2018-12-04,model1,2.7068668805555536,1.7410154540676779,-0.5962385295322112,-1,-1
2018-12-05,model1,3.682463611111109,4.5785230379114825,-1.8619108532882493,-1,-1
2018-12-06,model1,2.3779350568181803,3.9300530048681446,-0.6560585212495909,-1,-1
2018-12-07,model1,0.7098171240016428,2.3611149986788504,-0.09917992662724329,-1,-1
2018-12-10,model1,-2.0855832232205795,-1.2792924443410925,0.8450070957977207,1,1
2018-12-11,model1,-1.1821016586619497,-1.8914423171771861,1.5156314373947235,1,1
2018-12-12,model1,-1.4581783830558142,-2.4530673560455516,0.285548314474501,1,1
2018-12-13,model1,0.4726069655836416,-0.9783662636065521,0.4560842562004561,1,1
2018-12-14,model1,-0.27272481412650335,-1.2980058820758023,-0.4256921612408948,-1,-1
2018-12-17,model1,0.7123533986394541,-1.0222718715495023,0.7093442022396574,1,1
2018-12-18,model1,-0.3275083063829804,-1.9062588594025263,-0.1558747171694106,-1,-1
2018-12-19,model1,-1.814994385294545,-2.86189350520041,-0.5318514331136805,-1,-1
2018-12-20,model1,-5.590240996405655,-2.9514957352597118,-3.6856443810518087,-1,-1
2018-12-21,model1,-10.143008939668066,-3.190188810681374,-4.314074867840748,-1,-1
2018-12-24,model1,-9.64780193853428,-0.7906418387885328,-1.904339970759056,-1,-1
2018-12-25,model1,-5.740249041708885,0.6557266844349686,2.4611843736018946,1,1
2018-12-26,model1,-1.0361898927727136,1.461620783475784,3.8981650498953555,1,1
2018-12-27,model1,-1.9160809625126662,-0.9979115565915562,1.5796412703273872,1,1
2018-12-28,model1,-3.2217771926713965,-3.3757627609758245,1.072154974225538,1,1
2019-01-02,model1,-5.785220930851065,-6.159104940463004,0.21989844130751024,1,1
2019-01-03,model1,-5.257778630952383,-6.587494342819906,0.9558317022555851,1,1
2019-01-04,model1,-2.5754891354875302,-3.749649078567176,-0.15555576878787747,-1,-1
2019-01-07,model1,1.095184735285417,1.3753766818509996,-1.4543518896452285,-1,-1
2019-01-08,model1,2.8870225772307054,5.707579731381007,-2.5403652075847187,-1,-1
2019-01-09,model1,1.8940992623214086,5.577243374325428,-0.8625869578537173,-1,-1
2019-01-10,model1,0.6638796290768063,3.179579729291867,1.1674440117889586,1,1
2019-01-11,model1,0.8524884943250332,1.831601787231909,1.5365868073081845,1,1
2019-01-14,model1,-0.23320987511941116,0.7079093129543805,0.0379941048330843,1,1
2019-01-15,model1,0.6848235942683439,1.6433880152101823,-0.017445232868046667,-1,-1
2019-01-16,model1,1.7559643744101878,1.5947165023729013,1.1198122929791248,1,1
2019-01-17,model1,2.206291235016248,1.2075601994573824,0.8374831635215791,1,1
2019-01-18,model1,2.88232463921126,0.42439542366169464,1.4591981799906997,1,1
2019-01-21,model1,3.9612226487703097,0.3587678630791055,1.1445255701416388,1,1
2019-01-22,model1,3.562258765034997,-0.057834847607895735,0.017638826951688613,1,1
2019-01-23,model1,1.448649459479442,-1.1193942769910128,-1.0520498761724384,-1,-1
2019-01-24,model1,-1.5809060807050113,-1.6550759631378513,-2.4938738540376146,-1,-1
2019-01-25,model1,-0.7171410466914058,-1.455164900303407,0.6638539711791612,1,1
2019-01-28,model1,-0.5290017466914059,-2.1809273251732235,0.9139017248698164,1,1
2019-01-29,model1,0.3610407469954629,-4.693588425477112,3.4027035939907577,1,1
2019-01-30,model1,0.20828240135933607,-7.389687813679283,2.5433410425660443,1,1
2019-01-31,model1,1.7755259414953908,-10.222366709293654,4.399922435750425,1,1
2019-02-01,model1,2.032571858445504,-6.940353651225091,-3.0249671411184504,-1,-1
2019-02-11,model1,3.5990808655377022,-1.1724095653008968,-4.201435078831995,-1,-1
2019-02-12,model1,4.982348025401648,7.003623830399742,-6.792766235836693,-1,-1
2019-02-13,model1,8.683355905673757,13.544579964125665,-2.839948253453814,-1,-1
2019-02-14,model1,11.125428588888887,18.030882790247247,-2.0442301429064518,-1,-1
2019-02-15,model1,7.910559252154194,15.37602747016755,-0.5600140166549963,-1,-1
2019-02-18,model1,3.8735593854875265,10.229768240278297,1.109259363222586,1,1
2019-02-19,model1,-0.015742598639458077,4.5912113093495455,1.7492549468017669,1,1
2019-02-20,model1,0.6903804880952359,3.686694380773327,1.6106400153109126,1,1
2019-02-21,model1,-0.42792924523809744,1.2225754396896942,1.345809207750299,1,1
2019-02-22,model1,-0.4266766361111132,1.4172698100795416,-0.19344176126286317,-1,-1
2019-02-25,model1,1.776844313888887,3.8878499364454817,-0.2670591763659398,-1,-1
2019-02-26,model1,3.15931254722222,5.9598348485223545,-0.6895166787435398,-1,-1
2019-02-27,model1,3.7007247680272086,5.598729884596842,0.9025171847305016,1,1
2019-02-28,model1,1.6831359693877532,3.9230709432903232,-0.341929857332937,-1,-1
2019-03-01,model1,1.04708653605442,2.394612122441521,0.892409387515469,1,1
2019-03-04,model1,0.4265879958049867,2.108932665636839,-0.3348190834447511,-1,-1
2019-03-05,model1,0.6902736314814795,3.269348239459834,-0.8967299381465026,-1,-1
2019-03-06,model1,1.586993173510465,6.250896080293804,-2.084828298804984,-1,-1
2019-03-07,model1,0.6554878957326873,9.39151813169853,-4.072127329182505,-1,-1
2019-03-08,model1,-1.501438474637683,7.566331737137336,-0.33173997580917547,-1,-1
2019-03-11,model1,-2.1868036166666687,5.681560922865756,1.1994056722425939,1,1
2019-03-12,model1,-1.2117918394557843,3.1218574786513518,3.534715221425289,1,1
2019-03-13,model1,0.013034560544215626,2.34539898866355,2.0012848899878017,1,1
2019-03-14,model1,-1.0101409364254812,-0.3909577636737236,1.7131812553675767,1,1
2019-03-15,model1,-1.2021457043771064,-2.5551976738674975,1.9722351422421487,1,1
2019-03-18,model1,1.7758718956228938,-1.179625504314183,1.6024454304466857,1,1
2019-03-19,model1,2.8925272048374886,0.7992232700241381,-0.8621934651237264,-1,-1
2019-03-20,model1,2.86829749167752,2.0758628201789193,-1.3008692633147496,-1,-1
2019-03-21,model1,-0.2305138277669244,2.4197893003630355,-3.442737799628561,-1,-1
2019-03-22,model1,-2.31821990100473,2.735000355888271,-2.402917128763041,-1,-1
2019-03-25,model1,-6.850882247104021,2.70492662008021,-4.50258861029123,-1,-1
2019-03-26,model1,-12.211828794326243,-0.017323879388142355,-2.6386960477538692,-1,-1
2019-03-27,model1,-15.441313472222225,-2.3282145221892994,-0.9185940350948254,-1,-1
2019-03-28,model1,-14.793028440338167,-4.920957062711186,3.2410275724059443,1,1
2019-03-29,model1,-7.800555240338167,-2.677403159834834,4.748919297123647,1,1
2019-04-01,model1,-0.5819844347826111,1.082876761775953,3.4582908839447697,1,1
2019-04-02,model1,3.533767134751771,4.551427185545621,0.647201145764714,1,1
2019-04-03,model1,4.135260868085104,6.257594613562467,-1.104673694683513,-1,-1
2019-04-04,model1,4.1400190014184375,5.656483954694155,0.6058687922016448,1,1
2019-04-08,model1,4.53370364897959,3.9743333019134557,2.0758353003418524,1,1
2019-04-09,model1,3.008233350428865,1.1281980054478227,1.3206649979149079,1,1
2019-04-10,model1,0.8871912880175178,-0.6265452588449606,-0.36629879811856414,-1,-1
2019-04-11,model1,-1.5777890776287409,-1.485364887515941,-1.6061607369752782,-1,-1
2019-04-12,model1,-2.8159214753743123,-2.6776291770567577,-0.04586810820475473,-1,-1
2019-04-15,model1,-5.058985355820108,-5.69736541394812,0.776672356445566,1,1
2019-04-16,model1,-2.886606772486774,-4.243811909367675,0.7188250787528898,1,1
2019-04-17,model1,-0.8786943022774345,-2.110912691944223,-0.12498674721411263,-1,-1
2019-04-18,model1,1.535459715579708,0.6564043239214626,-0.35316299800854356,-1,-1
2019-04-19,model1,2.3812323128019304,0.7545211768952186,0.7476557442484664,1,1
2019-04-22,model1,0.8769945606575945,-0.6110336140601408,-0.1386829611889766,-1,-1
2019-04-23,model1,-0.8467457865646276,-2.650095568603592,0.31532160732122905,1,1
2019-04-24,model1,-3.4904385078178577,-3.6317926326208663,-1.661995657235956,-1,-1
2019-04-25,model1,-5.686484129586565,-4.976366620244872,-0.8514716341447013,-1,-1
2019-04-26,model1,-9.214682740697675,-5.139464396973469,-3.365100834382514,-1,-1
2019-04-29,model1,-9.98895758888889,-7.379218802511865,1.465479557347181,1,1
2019-04-30,model1,-7.302120833333334,-5.582223025108518,0.8898409781522094,1,1
2019-05-06,model1,-3.573263816666669,-4.393229205421392,2.5398631969795393,1,1
2019-05-07,model1,-3.125324953287983,-1.9596324044343711,-1.9856579376083348,-1,-1
2019-05-08,model1,-3.530239953287983,-0.7903905831477211,-1.57415682128665,-1,-1
2019-05-09,model1,-4.521389780238338,0.9572409659794726,-2.7387813760775486,-1,-1
2019-05-10,model1,-1.836782841462828,4.217750353078897,-0.5759024483239146,-1,-1
2019-05-13,model1,-0.7818385303517169,5.743387659907559,-0.47069299571755074,-1,-1
2019-05-14,model1,1.8389430299319711,6.991452797468118,1.372716422723129,1,1
2019-05-15,model1,2.6287077833333314,7.021703316633285,0.7595142342361929,1,1
2019-05-16,model1,5.4664940277777765,7.518985289902761,2.3405042711749693,1,1
2019-05-17,model1,4.475436427777777,5.21678090128776,1.3111467886150017,1,1
2019-05-20,model1,1.9375094975056675,1.3591120049178123,1.3197419660978378,1,1
2019-05-21,model1,-0.6510842666666683,-0.9501117342679054,-0.2793700249866178,-1,-1
2019-05-22,model1,0.01801753623188237,-0.33397629009760127,0.05296635872824651,1,1
2019-05-23,model1,-0.3689947086660769,-0.2810856428446254,-0.43990289215093514,-1,-1
2019-05-24,model1,-1.6951143960303845,-1.888483686273397,0.28127835606446405,1,1
2019-05-27,model1,-0.6328905717180507,-0.9990608280293133,0.17280096606825024,1,1
2019-05-28,model1,3.039727459834996,0.5410581650181849,2.1324990385055487,1,1
2019-05-29,model1,6.094939460124475,2.347332480567409,1.2489376847402545,1,1
2019-05-30,model1,6.015458312346214,1.9817155000272255,0.28613583276192345,1,1
2019-05-31,model1,2.764789942074346,0.639096199674702,-1.9080490699193449,-1,-1
2019-06-03,model1,0.11708161554373338,-2.5548385038385564,0.5462263769826459,1,1
2019-06-04,model1,-1.8650160440307346,-6.3493587678615215,1.8124226044484972,1,1
2019-06-05,model1,-3.6972209745862905,-10.219445873603918,2.037882175186841,1,1
2019-06-06,model1,-7.4636702338455505,-14.203262087900162,0.2173669550369839,1,1
2019-06-10,model1,-7.154172787037038,-13.00766831145095,-0.8860963296407007,-1,-1
2019-06-11,model1,-3.2418002388510985,-7.12294100037094,-1.9723547628940699,-1,-1
2019-06-12,model1,1.5277696870748276,-0.2607177924603476,-2.092653281984666,-1,-1
2019-06-13,model1,2.5985533907785316,2.3988942926460353,-1.588828381402679,-1,-1
2019-06-14,model1,1.17144861150512,0.6024796058958685,0.3693099074767552,1,1
2019-06-17,model1,0.6600829235618576,-0.8991767027325611,0.9902906206851673,1,1
2019-06-18,model1,0.5474857383766724,-2.719972843371323,1.7081989554535764,1,1
2019-06-19,model1,-0.7279765027580796,-4.129569045914809,0.13413396140873424,1,1
2019-06-20,model1,-0.4918214814814839,-2.5153028973509755,-1.3781111272872377,-1,-1
2019-06-21,model1,0.12256783333333073,0.598414331601469,-2.4993279141376297,-1,-1
2019-06-24,model1,1.9848504999999976,3.454316129138558,-0.9936191308704221,-1,-1
2019-06-25,model1,1.510574366666664,2.2872570013356563,0.692782994469568,1,1
2019-06-26,model1,0.7320683249999976,0.11511795557516491,1.3936330040938252,1,1
2019-06-27,model1,1.2540436148550702,-0.5808807894226714,1.217974034852909,1,1
2019-06-28,model1,1.4889532759661812,-1.1497073352391718,0.8037362069276114,1,1
2019-07-01,model1,2.0522838315217364,-0.6839372523104763,0.09756047262685974,1,1
2019-07-02,model1,1.2818222453703678,-0.8504897053886767,-0.6039091330731682,-1,-1
2019-07-03,model1,0.43197595568782843,-0.910516998483834,-0.7898189965873821,-1,-1
2019-07-04,model1,-1.3876568359788382,-2.539317379135246,-0.19083241101525483,-1,-1
2019-07-05,model1,-2.893702623015875,-2.9971120668302036,-1.0482510993420793,-1,-1
2019-07-08,model1,-4.748164261111113,-4.070511570573802,-0.7810621343516395,-1,-1
2019-07-09,model1,-5.673544157092201,-4.1388705180757235,-0.8570209484791667,-1,-1
2019-07-10,model1,-8.387450229787236,-5.7658588273597475,-1.0869177634110105,-1,-1
2019-07-11,model1,-11.942060357565014,-6.403315185315773,-2.917153769821753,-1,-1
2019-07-12,model1,-10.85544532210402,-6.156781152278758,0.8400810024239798,1,1
2019-07-15,model1,-6.446196124408986,-3.2933537353977513,1.5458217808140269,1,1
2019-07-16,model1,-0.17452470301418666,0.7256594275725577,2.25265825842449,1,1
2019-07-17,model1,0.6555438612096115,2.5942456907871687,-1.038517698990813,-1,-1
2019-07-18,model1,-0.9194300971237217,0.6359860147247932,0.3832857177290423,1,1
2019-07-19,model1,-1.186235924074076,-1.4789679265548532,1.8481481143292922,1,1
2019-07-22,model1,-1.1187070414893638,-4.658970226009784,3.2475311820396433,1,1
2019-07-23,model1,-0.1421373163120589,-3.91326209002942,0.23086158919694055,1,1
2019-07-24,model1,0.4468979432624092,-2.140282493397214,-1.1839443370577376,-1,-1
2019-07-25,model1,1.3364607643814006,1.1121186386443436,-2.362838310922567,-1,-1
2019-07-26,model1,3.3127260126083513,2.856535132315886,0.23184875455540843,1,1
2019-07-29,model1,3.336225454483159,3.0561863773149565,-0.17615180312426304,-1,-1
2019-07-30,model1,3.2285841241732562,3.182375220990496,-0.23383017398544226,-1,-1
2019-07-31,model1,1.0992394979912237,2.108279253611015,-1.0552486588025514,-1,-1
2019-08-01,model1,-0.8532514810090722,0.8971972764472683,-0.7414090018365496,-1,-1
2019-08-02,model1,-2.486959628813649,0.09808764624681997,-0.8345985176041282,-1,-1
2019-08-05,model1,-5.128453859369205,-1.3844827970079032,-1.1589237873008327,-1,-1
2019-08-06,model1,-6.239439839974213,-3.6069780768526507,1.1115092992397395,1,1
2019-08-07,model1,-8.237942658156031,-7.104085220476644,1.4986043254421744,1,1
2019-08-08,model1,-6.33089469873574,-7.556906035695744,2.3598687746393914,1,1
2019-08-09,model1,-5.832296869565219,-8.108753377250599,1.050445170725376,1,1
2019-08-12,model1,-2.4795880804495734,-4.665790346629515,-0.09025424150543815,-1,-1
2019-08-13,model1,-0.9377831174208838,-2.449739063343942,-0.6742463202568829,-1,-1
2019-08-14,model1,0.5257128571428545,0.04787493286007146,-1.0341180216402754,-1,-1
2019-08-15,model1,0.8316854013605415,1.1382572898445504,-0.7844098127667921,-1,-1
2019-08-16,model1,1.3043108391952498,2.281525125316628,-0.6706423976373692,-1,-1
2019-08-19,model1,3.1789691385149776,5.221814295624356,-1.0656308709880005,-1,-1
2019-08-20,model1,4.961231471848311,6.453332699358005,0.550743929599685,1,1
2019-08-21,model1,5.600915415440592,6.147479999041567,0.945536643908718,1,1
2019-08-22,model1,3.8148529622092995,3.864622933840197,0.4967946119700781,1,1
2019-08-23,model1,0.5437961466064625,0.6445292911214078,-0.050963172884047836,-1,-1
2019-08-26,model1,-1.0381682008069215,-0.5314677046618518,-0.40596735163012454,-1,-1
2019-08-27,model1,0.3532079334523379,0.9595883087976093,-0.0996798792002016,-1,-1
2019-08-28,model1,0.8901743490551746,2.9141404932372956,-1.4175857688368496,-1,-1
2019-08-29,model1,-0.6366406962962993,2.883051877833507,-1.495726429947685,-1,-1
2019-08-30,model1,-4.67677606666667,-0.24972078109403206,-0.9073627114428313,-1,-1
2019-09-02,model1,-4.482589931972792,-0.7831593128144622,0.7276246664143077,1,1
2019-09-03,model1,-2.7530437242433234,-0.10198826798200573,1.0483751628970124,1,1
2019-09-04,model1,1.7317123202011213,2.853166795393143,1.5296009810692954,1,1
2019-09-05,model1,4.014277925932776,4.268241126688945,0.8674912744358521,1,1
2019-09-06,model1,6.247750884869973,4.67995690384443,1.8217571817817122,1,1
2019-09-09,model1,4.57176995153664,4.4745106846580756,-1.4705347141469778,-1,-1
2019-09-10,model1,1.1892589716553263,2.940183741162819,-1.848184036386057,-1,-1
2019-09-11,model1,-4.2391005918367375,0.8472745963207635,-3.3354504186500087,-1,-1
2019-09-12,model1,-5.4512325170068054,-0.9640295877036346,0.5991722588543302,1,1
2019-09-16,model1,-6.627126099773245,-2.243390638655544,0.10346746818546926,1,1
2019-09-17,model1,-7.409240347392292,-3.659755505621139,0.634250619346548,1,1
2019-09-18,model1,-9.67554543640662,-5.8224815961400616,-0.10357899849540564,-1,-1
2019-09-19,model1,-10.193352601939502,-5.567571364437431,-0.7727173972355112,-1,-1
2019-09-20,model1,-7.978097772309872,-3.799553494198454,0.44723695939065244,1,1
2019-09-23,model1,-6.846402024792141,-2.4950177773549354,-0.17283996932578782,-1,-1
2019-09-24,model1,-7.35746352139078,-3.3741832657471362,0.36810399179356157,1,1
2019-09-25,model1,-8.448656838963672,-5.639345188525393,1.1739686052053657,1,1
2019-09-26,model1,-8.27030150563034,-9.123261642091476,3.6622717868994155,1,1
2019-09-27,model1,-6.869314244465005,-9.269317521564593,1.5470431406384515,1,1
2019-09-30,model1,-6.381484482447668,-8.504776931034483,-0.2767108285127735,-1,-1
2019-10-08,model1,-4.3843182293864436,-4.707721557048959,-1.7998891209242993,-1,-1
2019-10-09,model1,-1.7562358306878327,-2.4430535846921626,0.3634144263418144,1,1
2019-10-10,model1,1.2551300332225892,1.1808643058372799,-0.6125520266190208,-1,-1
2019-10-11,model1,3.815168400569528,3.9631827750039847,-0.22228010181976554,-1,-1
2019-10-14,model1,5.299029416725991,5.948878100136921,-0.5018343089764734,-1,-1
2019-10-15,model1,4.595336367630384,4.871655492246307,0.37352955879500627,1,1
2019-10-16,model1,0.6714415174349858,2.038374555023682,-1.0906139129727723,-1,-1
2019-10-17,model1,-3.067029868434579,-2.4293874174272854,0.7292905865814023,1,1
2019-10-18,model1,-6.9177959573234675,-6.486746936678517,0.2065934303623438,1,1
2019-10-21,model1,-8.055867872217085,-8.409130710148851,0.7843118585767161,1,1
2019-10-22,model1,-7.879775092829003,-6.451709963691918,-1.78132796706885,-1,-1
2019-10-23,model1,-6.79945053171789,-3.591514944417391,-1.779870458163415,-1,-1
2019-10-24,model1,-6.008196347320728,-0.840518927858081,-1.9597418321621474,-1,-1
2019-10-25,model1,-5.1734491991725795,-0.27205616253771225,0.26628438282777933,1,1
2019-10-28,model1,-2.217380165725867,1.7739427534464867,0.9100701174625137,1,1
2019-10-29,model1,-0.6532564285714308,2.1211896050077153,1.2168768855932077,1,1
2019-10-30,model1,-1.4556260385005089,0.8017049272233585,0.5171150678552787,1,1
2019-10-31,model1,-4.245815833058332,-1.9356589041241101,-0.05282596321035449,-1,-1
2019-11-01,model1,-2.6698139127068585,-1.7046253573343213,1.3449683735616846,1,1
2019-11-04,model1,0.22986166018518261,-1.050532383100029,2.245582598657749,1,1
2019-11-05,model1,4.146802152383764,0.8970577840534925,1.9693503250450601,1,1
2019-11-06,model1,3.3971471708078007,0.09151609922685029,0.05588670325067846,1,1
2019-11-07,model1,1.7261175967337266,0.3834612665605475,-1.9629747414077714,-1,-1
2019-11-08,model1,-2.138660039682542,-0.8075768005486365,-2.6737395693070845,-1,-1
2019-11-11,model1,-6.9727355553288,-2.173846728078844,-3.4678055881160508,-1,-1
2019-11-12,model1,-10.927333755811892,-4.227148379695343,-1.901296548866593,-1,-1
2019-11-13,model1,-12.329831617391307,-5.897986162995629,0.2683399217208713,1,1
2019-11-14,model1,-11.40059855072464,-4.901258284057693,-0.06749481227126886,-1,-1
2019-11-15,model1,-10.927755140490982,-4.565900993144789,0.13748611932075328,1,1
2019-11-18,model1,-7.3055467346938805,-2.4400426507651516,1.4963500634174642,1,1
2019-11-19,model1,-2.225765102040819,0.08104986835315693,2.5586891135347525,1,1
2019-11-20,model1,1.3020941858445483,1.9451074933713162,1.663801662867208,1,1
2019-11-21,model1,1.5216810565928476,2.8511028654553336,-0.6864085013357182,-1,-1
2019-11-22,model1,-0.3412605760602137,1.3350677274925211,-0.3469064946902487,-1,-1
2019-11-25,model1,0.4721848040816304,0.6841146468914282,1.464398460742937,1,1
2019-11-26,model1,0.8301215696969674,-1.4938351445131837,2.535886557019949,1,1
2019-11-27,model1,0.6052135141414117,-2.4854551413442003,0.7667119412754609,1,1
2019-11-28,model1,-1.5748458477633502,-3.3401324010581743,-1.3253821021907881,-1,-1
2019-11-29,model1,-4.865584654195014,-2.12117675931249,-4.509694448177348,-1,-1
2019-12-02,model1,-7.2076981632653085,-1.129673237582322,-3.333617030800463,-1,-1
2019-12-03,model1,-5.585284961644234,0.8557010439602598,-0.3629610799215075,-1,-1
2019-12-04,model1,-2.302371068171952,2.3061461070076037,1.8324688304249381,1,1
2019-12-05,model1,1.274245206598826,4.91258307455418,0.9701793072242015,1,1
2019-12-06,model1,2.4381571292013544,7.001763913366297,-0.925268916209588,-1,-1
2019-12-09,model1,2.442177101449273,7.749562436279516,-0.7437785506653003,-1,-1
2019-12-10,model1,2.333320072463766,7.165205882203243,0.47549952509076565,1,1
2019-12-11,model1,0.8613782207832233,4.62161553038233,1.0716485001403702,1,1
2019-12-12,model1,-0.898596308202284,2.0917074806661753,0.7699335207306477,1,1
2019-12-13,model1,-1.0167733226950375,0.07891328856700806,1.8946171776064138,1,1
2019-12-16,model1,0.4258923510638275,0.831038197179804,0.6905407651460691,1,1
2019-12-17,model1,3.931887051063827,3.576929493688801,0.7601034034910024,1,1
2019-12-18,model1,5.187448901403964,5.419580724394635,-0.5870893803656969,-1,-1
2019-12-19,model1,4.803800887219567,6.50947296201667,-1.4735402518064316,-1,-1
2019-12-20,model1,2.570938252436958,4.183438036516891,0.09317229071716993,1,1
2019-12-23,model1,-1.1813097067467153,0.5236495266929128,-0.09245944935969552,-1,-1
2019-12-24,model1,-2.9857066177002225,-2.0055533262685197,0.7248059420079251,1,1
2019-12-25,model1,-3.656000675671237,-2.009592869041776,-0.6662545151977581,-1,-1
2019-12-26,model1,-0.5303965668276996,0.3273180439878917,0.7886931958138699,1,1
2019-12-27,model1,1.701258799763381,0.644831408392371,1.9141420021866014,1,1
2019-12-30,model1,4.664206759183671,1.8542770570830411,1.7535023107296195,1,1
2019-12-31,model1,7.019774166591078,2.7705077870361507,1.4393366774542975,1,1
2020-01-02,model1,8.688674685668275,4.553093540288816,-0.11368523417546816,-1,-1
2020-01-03,model1,8.097331831246507,5.062726735999906,-1.100976050132858,-1,-1
2020-01-06,model1,6.060838342206446,6.11415834559897,-3.0879250986391247,-1,-1
2020-01-07,model1,3.8195261306122426,7.491932214271458,-3.6190860802666913,-1,-1
2020-01-08,model1,1.2299596850340115,6.588824590711483,-1.6864588220182561,-1,-1
2020-01-09,model1,-1.0698188574468106,4.431759549849151,-0.1427135016184895,-1,-1
2020-01-10,model1,-2.637378457446811,0.6514038623661509,2.212796087482999,1,1
2020-01-13,model1,-0.9664814389282923,0.3995120138512838,1.922788867033386,1,1
2020-01-14,model1,-0.0744205878644625,0.09271243584479161,1.198860429070322,1,1
2020-01-15,model1,-0.07799878230890685,-0.02686009158437619,0.11599433298472345,1,1
2020-01-16,model1,-2.7086162174940918,-1.7519972512233617,-0.9054802755461993,-1,-1
2020-01-17,model1,-5.305987139479908,-4.438373262606638,0.08900508939746077,1,1
2020-01-20,model1,-5.033565186170215,-4.399204536682826,0.23325322738588117,1,1
2020-01-21,model1,-4.606022802836882,-4.515061737981636,0.5433995846321427,1,1
2020-01-22,model1,-1.992598513598522,-2.2131379233729898,0.3115004746297134,1,1
2020-01-23,model1,-2.533987102395743,-2.8440380286114206,0.0895115164412097,1,1
2020-02-03,model1,-1.1327439884172488,-2.514805510587184,1.0720105959542578,1,1
2020-02-04,model1,-0.10604691595348055,-1.8205337823580052,0.33242534423458947,1,1
2020-02-05,model1,2.23091812674445,0.7493980092032282,-0.2329667488633027,-1,-1
2020-02-06,model1,4.706401929078012,4.226917506712348,-1.0020356951755574,-1,-1
2020-02-07,model1,7.423449204440331,7.632448814800547,-0.6884840327258805,-1,-1
2020-02-10,model1,10.841209059701583,11.893004371970529,-0.8427957019087291,-1,-1
2020-02-11,model1,11.291137260056194,11.469298031200324,0.8736345411248152,1,1
2020-02-12,model1,11.994061726190473,10.073703397847401,2.098519099487202,1,1
2020-02-13,model1,8.777216519274374,4.641598214920571,2.2152599760107305,1,1
2020-02-14,model1,7.813084869274374,2.717870438312852,0.9595961266077198,1,1
2020-02-17,model1,5.787736994444441,1.9835277128881261,-1.2910051494052073,-1,-1
2020-02-18,model1,4.089045883333331,3.373595582654971,-3.0887589808779543,-1,-1
2020-02-19,model1,1.8138214222222195,3.7233646176713004,-2.6249934961274413,-1,-1
2020-02-20,model1,0.41240948888888607,3.6074545358387766,-1.2855018515008096,-1,-1
2020-02-21,model1,1.2430433984633542,4.1181691200244375,0.3199193253888073,1,1
2020-02-24,model1,1.1766309262411319,5.137360120655444,-1.085603472853229,-1,-1
2020-02-25,model1,1.118636485661422,5.879170416221946,-0.799804736146212,-1,-1
2020-02-26,model1,1.8127462927536204,4.6806754005792195,1.892604822734925,1,1
2020-02-27,model1,2.9128332788647313,3.542709474538503,2.2380529121518276,1,1
2020-02-28,model1,1.6807449425736933,0.09375727427253781,2.216863863974927,1,1
2020-03-02,model1,1.13538500924036,-0.4579814374234686,0.006378778362672977,1,1
2020-03-03,model1,0.24761002312924885,-0.7784512647775212,-0.5673051587570583,-1,-1
2020-03-04,model1,0.8087952496453873,0.6292780096542098,-0.8465440479155925,-1,-1
2020-03-05,model1,1.6668023829787204,1.2960533463453268,0.19123179664221612,1,1
2020-03-06,model1,1.3635285496453873,2.0822384571733745,-1.089458944161381,-1,-1
2020-03-09,model1,-0.3444896700680304,0.8628068460413069,-0.48858660858134995,-1,-1
2020-03-10,model1,-1.6038296700680303,0.7826728003761313,-1.1792059543348243,-1,-1
2020-03-11,model1,-1.2189701034013636,0.3157031149311001,0.8518292521116979,1,1
2020-03-12,model1,-0.8205657666666696,0.6936758679230316,0.020431583742762494,1,1
2020-03-13,model1,-0.6102611000000029,0.7499423546748681,0.15403817991483015,1,1
2020-03-16,model1,-0.7133621666666697,0.10841772275613026,0.538423565252071,1,1
2020-03-17,model1,-0.5268631773049676,-0.36282896791041996,0.6577456800282524,1,1
2020-03-18,model1,-3.2855514439716345,-3.5113588617715785,0.38984162719449156,1,1
2020-03-19,model1,-7.432645947372994,-5.153167993920973,-2.5052853712519654,-1,-1
2020-03-20,model1,-9.034721303401364,-5.114780885148063,-1.6404624648012796,-1,-1
2020-03-23,model1,-9.034501703401363,-4.406557301961702,-0.7080039831863596,-1,-1
2020-03-24,model1,-4.492332043537417,-2.988481191803127,3.12409354970537,1,1
2020-03-25,model1,-1.6310917879818623,-2.206851940601496,2.079611004353924,1,1
2020-03-26,model1,1.0928140701741662,-1.8320194874880913,2.349073405042623,1,1
2020-03-27,model1,-0.6120156678487025,-3.419599048772168,-0.11725017673879212,-1,-1
2020-03-30,model1,-1.7485309900709247,-6.2918356206592465,1.7357212496648564,1,1
2020-03-31,model1,-4.284899781560287,-9.5806246103218,0.7524201981731915,1,1
2020-04-01,model1,-3.6698571420289894,-10.668179474374819,1.702597503584316,1,1
2020-04-02,model1,-1.9236231420289889,-6.709825587902681,-2.212119886472138,-1,-1
2020-04-03,model1,0.8138320413043446,-2.0827015867240726,-1.889668817845274,-1,-1
2020-04-07,model1,1.8584650046099258,1.9781760266984942,-3.0162446501169855,-1,-1
2020-04-08,model1,1.138613633595433,2.444750860356963,-1.1864262046729614,-1,-1
2020-04-09,model1,0.25670738359543316,2.856431705940585,-1.2935870955836217,-1,-1
2020-04-10,model1,-0.289633457125607,0.9863819602825935,1.323708904936951,1,1
2020-04-13,model1,-1.517428337962966,-1.9568386848431547,1.715425764288389,1,1
2020-04-14,model1,-0.2558739629629662,-2.0931210397660154,1.3978367299228605,1,1
2020-04-15,model1,0.34140304797084003,-0.9930549777532347,-0.5027890510789744,-1,-1
2020-04-16,model1,2.014990751674544,1.3610257595158914,-0.6804930335654225,-1,-1
2020-04-17,model1,1.5679276961189883,0.8955869409573847,0.018375763002951073,1,1
2020-04-20,model1,1.7941255684594137,0.9701115453742163,0.1516732679235938,1,1
2020-04-21,model1,0.5264883554964507,-0.3439147729907292,0.04638910540198249,1,1
2020-04-22,model1,0.668657398370847,0.5576788246177892,-0.759424554734122,-1,-1
2020-04-23,model1,0.4580023345410596,0.7334827045397606,-0.3864589437517589,-1,-1
2020-04-24,model1,0.5000077391304315,0.5079539906687307,0.2675341184604018,1,1
2020-04-27,model1,-0.22444828985507567,-1.724373754633983,1.5078717163172062,1,1
2020-04-28,model1,-1.0122465565217424,-4.824872493754949,2.312700472454299,1,1
2020-04-29,model1,-0.0031639333333365696,-5.850808907154072,2.0350190365875287,1,1
2020-04-30,model1,1.8622138166666635,-3.6063564492159887,-0.37907470793808273,-1,-1
2020-05-06,model1,5.7903140543478235,1.5944352253192602,-1.272691436854089,-1,-1
2020-05-07,model1,6.520386350644119,4.68456270653653,-2.3600551849209745,-1,-1
2020-05-08,model1,5.7715595054060245,5.298383268507073,-1.3626474072086374,-1,-1
2020-05-11,model1,3.5172619131794107,3.240285263002741,-0.19619958672228188,-1,-1
2020-05-12,model1,2.5345879573086463,1.5185225115660839,0.7390887955658927,1,1
2020-05-13,model1,1.767660762691669,-0.06565284975658074,0.8172481667056872,1,1
2020-05-14,model1,0.06263338390378996,-1.0853181570094501,-0.6853620715350095,-1,-1
2020-05-15,model1,-2.273458817632853,-1.8017272598221954,-1.619683098723898,-1,-1
2020-05-18,model1,-4.704600042929296,-2.97113925343527,-1.261729231683368,-1,-1
2020-05-19,model1,-6.163533326617238,-3.704690312428919,-0.7253822246942936,-1,-1
2020-05-20,model1,-7.2087004099505725,-4.865000712674676,0.11514331691242274,1,1
2020-05-21,model1,-9.005027092077968,-6.755009759194326,0.09368236439225441,1,1
2020-05-22,model1,-12.586509875056691,-9.374064269473655,-0.9624282726993947,-1,-1
2020-05-25,model1,-14.653915129193807,-10.419710568367734,-1.0217589552430368,-1,-1
2020-05-26,model1,-12.333827747517736,-7.024859907854371,-1.074763278837291,-1,-1
2020-05-27,model1,-7.7178180141844015,-2.9321234719250806,0.5232732974040433,1,1
2020-05-28,model1,-2.6945020656028404,0.22894359861984637,1.8622488780366342,1,1
2020-05-29,model1,-1.5589209308510672,0.5877366752327496,0.77678805813887,1,1
2020-06-01,model1,0.7912402936387285,2.473736022428232,0.46416187729431346,1,1
2020-06-02,model1,3.431773835305395,4.3252781934591065,0.7889913706357916,1,1
2020-06-03,model1,4.476481923563867,3.853149289016015,1.5168369927015637,1,1
2020-06-04,model1,2.1125353929516217,1.6339339414769987,-0.14473118307322874,-1,-1
2020-06-05,model1,-1.3330633479904073,-0.7338675243436423,-1.0777972751213882,-1,-1
2020-06-08,model1,-3.162292866508926,-2.38371435572398,-0.17938268713818095,-1,-1
2020-06-09,model1,-1.5913431159420324,-3.158910419259563,2.346145814102477,1,1
2020-06-10,model1,-0.7519068367346975,-3.550618972989527,1.2311448329372985,1,1
2020-06-11,model1,-0.6653363993824516,-3.7597764461011765,0.29572791046389557,1,1
2020-06-12,model1,-0.3747317962078485,-2.1383328536862725,-1.330838989240301,-1,-1
2020-06-15,model1,-0.4120691261398213,-0.6741311865470848,-1.5015389970711603,-1,-1
2020-06-16,model1,0.6150604235880363,1.7883694253704272,-1.4353710621896547,-1,-1
2020-06-17,model1,-0.30944629844961596,2.241511329860199,-1.3776486265274241,-1,-1
2020-06-18,model1,0.16964212747630988,2.582562804654438,0.138036951131687,1,1
2020-06-19,model1,1.611738464273275,2.751076661501888,1.2735824799495155,1,1
2020-06-22,model1,2.920990759904001,1.9348849061460298,2.1254440509865837,1,1
2020-06-23,model1,3.594494357787599,1.2510866975239463,1.3573018065056819,1,1
2020-06-24,model1,3.564128258496819,-0.6099720216707776,1.8306926199039435,1,1
2020-06-29,model1,1.8980065539513642,-2.38575392813671,0.10966020192047776,1,1
2020-06-30,model1,-0.21604864361702494,-2.301913544997718,-2.1978955807073812,-1,-1
2020-07-01,model1,-0.8674174237588689,-0.8788368781705559,-2.0744454469690057,-1,-1
2020-07-02,model1,1.8242735929077982,2.2280257142829147,-0.4151715757868035,-1,-1
2020-07-03,model1,7.135036333333329,4.888909082578149,2.649879372130297,1,1
2020-07-06,model1,15.362079733333331,10.08211461108727,3.0338378714908814,1,1
2020-07-07,model1,13.384663133333328,10.637993020592235,-2.533295009504968,-1,-1
2020-07-08,model1,9.873879612765954,10.789521677983345,-3.6623121779584835,-1,-1
2020-07-09,model1,2.592385913446226,8.94598359692821,-5.437955618264594,-1,-1
2020-07-10,model1,2.015454780112893,8.42571917021485,-0.056666706619972196,-1,-1
2020-07-13,model1,2.6897130395691575,7.784120617391263,1.3158568122798506,1,1
2020-07-14,model1,1.5989098722222188,4.549466548802433,2.143850901241892,1,1
2020-07-15,model1,0.5682563388888854,2.3083367053189163,1.2104763101501828,1,1
2020-07-16,model1,-3.8422438666666694,-2.424779390293074,0.32261589005643554,1,1
2020-07-17,model1,-8.43605211014493,-6.591917048452032,-0.426670585319302,-1,-1
2020-07-20,model1,-7.0485461101449305,-5.801635306262693,0.5972242578106597,1,1
2020-07-21,model1,-4.132222063886428,-2.9592784767302547,0.07396721672606432,1,1
2020-07-22,model1,-0.17207624263038965,1.0035717264729827,-0.0027043819471987973,-1,-1
2020-07-23,model1,-0.11053116780045756,1.5618709369365495,-0.4967541356336348,-1,-1
2020-07-24,model1,-2.796107347392294,-0.5129227855495698,-0.6107824571057172,-1,-1
2020-07-27,model1,-8.497894083503406,-3.6061006098173523,-2.6086089118433295,-1,-1
2020-07-28,model1,-13.731284704432626,-5.713667374016576,-3.125823856729997,-1,-1
2020-07-29,model1,-10.327797504432628,-2.8981225534398907,0.5879423794233136,1,1
2020-07-30,model1,-4.6952427297727635,0.4624842901704069,2.2719479310495667,1,1
2020-07-31,model1,0.7803315409642083,3.460034258727312,2.4780243021800663,1,1
2020-08-03,model1,1.3763159349036023,5.01598902832037,-0.9599703756536645,-1,-1
2020-08-04,model1,2.018479880481834,5.205718364137527,0.4524346097610745,1,1
2020-08-05,model1,1.4571062225108191,4.354372041294738,0.28997266487177464,1,1
2020-08-06,model1,-0.05582268994709335,1.740333507588776,1.1011096212480496,1,1
2020-08-07,model1,-2.1260105074074107,-0.3811870496031733,0.05133273973163188,1,1
2020-08-10,model1,-1.9607034074074108,-0.9972935531531847,0.7814136035500113,1,1
2020-08-11,model1,-2.183304930555559,-1.9922704781615685,0.7723754018602357,1,1
2020-08-12,model1,-1.5050329388297907,-2.5426276209209306,1.2286291344851303,1,1
2020-08-13,model1,-2.480448736702131,-4.120616341191236,0.6025729223979654,1,1
2020-08-14,model1,-1.3598046394799088,-2.5835822288597803,-0.4163900151092339,-1,-1
2020-08-17,model1,1.3902750910165451,1.0353457019803312,-0.8688482003436575,-1,-1
2020-08-18,model1,3.183666255555552,4.4677486275396765,-1.6390117610203385,-1,-1
2020-08-19,model1,1.7532040333333299,3.815609391377807,-0.7783229860603524,-1,-1
2020-08-20,model1,-1.7918054496598674,0.948688343683589,-0.6780884352989793,-1,-1
2020-08-21,model1,-5.074387945956164,-1.9259933080198273,-0.4079008445928798,-1,-1
2020-08-24,model1,-8.578811379289498,-2.5042084852161723,-2.926208256136989,-1,-1
2020-08-25,model1,-10.200080418035432,-2.7409210889399085,-1.3845564350221982,-1,-1
2020-08-26,model1,-11.895402788405802,-4.278176551643871,-0.15806690766640719,-1,-1
2020-08-27,model1,-9.771139160037007,-4.2020901961475365,2.0481772728724597,1,1
2020-08-28,model1,-5.398341971631209,-2.1292249661243856,2.299931958382648,1,1
2020-08-31,model1,-0.9386314002026377,0.4032195856900549,1.9272660196141311,1,1
2020-09-01,model1,1.247757571428568,1.3771665565681113,1.2124420007531493,1,1
2020-09-02,model1,-0.8812077619047654,0.5181907543079362,-1.2699895310731582,-1,-1
2020-09-03,model1,-3.564187421768711,-0.7711402654992314,-1.393648640056778,-1,-1
2020-09-04,model1,-3.5428751201814097,-1.0889683376829706,0.33914037377104056,1,1
2020-09-07,model1,-3.5084363868480763,-2.0338618537995625,0.9793322494499253,1,1
2020-09-08,model1,-1.6992927133786884,-1.2007466484399278,0.9760284681097533,1,1
2020-09-09,model1,-2.381894362792077,-2.4137901684507184,0.5304418705974021,1,1
2020-09-10,model1,-3.37988909612541,-4.293115257644938,0.8813303558608858,1,1
2020-09-11,model1,-4.341092405797105,-4.171100728463197,-1.083217838853435,-1,-1
2020-09-14,model1,-5.053785189753964,-3.1178453546634723,-1.765948157756584,-1,-1
2020-09-15,model1,-2.1506900533903273,-0.2182898355955261,0.0035396172956905225,1,1
2020-09-16,model1,0.37606965675460025,0.07955926217845773,2.2289106123709437,1,1
2020-09-17,model1,1.3765072957839228,0.3138912992154948,0.7661056019922855,1,1
2020-09-18,model1,1.6983036927536201,1.7514581763885253,-1.1157704802033332,-1,-1
2020-09-21,model1,1.0673434147293668,1.9704060820509675,-0.8499081836866955,-1,-1
2020-09-22,model1,0.6426181852607674,1.0319667795312346,0.5137140730511335,1,1
2020-09-23,model1,-2.1036969671201846,-1.5318595459243685,-0.18248882692534885,-1,-1
2020-09-24,model1,-6.5547400963718845,-5.242232112614687,-0.7406705625613812,-1,-1
2020-09-25,model1,-11.152443388334058,-8.997497367015031,-0.8424380375618297,-1,-1
2020-09-28,model1,-12.1436074714141,-12.540896822591714,2.552235372496641,1,1
2020-09-29,model1,-9.814485634679407,-11.136351158402102,0.9245761725450805,1,1
2020-09-30,model1,-6.937659842717232,-8.954303840539263,0.6947784740993361,1,1
2020-10-09,model1,-5.493443029478461,-4.506878781926406,-3.0032082453740854,-1,-1
2020-10-12,model1,-2.5195997777777808,-0.9009479421317627,-0.6320875880939631,-1,-1
2020-10-13,model1,1.1297866444444409,2.377675315443995,0.37076316464646375,1,1
2020-10-14,model1,1.9819305809523773,2.613387802246669,0.6164314497052623,1,1
2020-10-15,model1,0.989297025396822,-0.05488475367601087,1.6756390003671244,1,1
2020-10-16,model1,1.0118211957671923,-2.8991111262250304,2.86675054291939,1,1
2020-10-19,model1,0.15354874537036714,-6.968094745619147,3.2107111689972907,1,1
2020-10-20,model1,-1.0233244650315243,-6.522458194011656,-1.6225097620093822,-1,-1
2020-10-21,model1,-2.938870250367881,-5.79505349153762,-2.642950487810393,-1,-1
2020-10-22,model1,-1.788960022193278,-2.957462717491824,-1.6876805458711923,-1,-1
2020-10-23,model1,-1.0066716099773279,-3.867726092716557,1.6925517874406828,1,1
2020-10-26,model1,-0.8081652095040951,-4.353192573902078,0.6839728816587537,1,1
2020-10-27,model1,-1.2942610419931189,-4.2026865654095085,-0.6366018409815931,-1,-1
2020-10-28,model1,-1.2883958186864048,-2.972835494442236,-1.2239858476605585,-1,-1
2020-10-29,model1,0.5721553407338849,-0.12685398852643695,-0.9854303464955094,-1,-1
2020-10-30,model1,0.9888705383022739,0.3122374993992704,-0.022376290357318362,-1,-1
2020-11-02,model1,1.0605662673765124,0.13085721602826625,0.2530760124452427,1,1
2020-11-03,model1,0.854956258503398,-0.49905465789680553,0.4243018650519573,1,1
2020-11-04,model1,1.6893534013605407,0.06542259268812255,0.2699198922722147,1,1
2020-11-05,model1,2.5590685064247887,0.9401763913411334,-0.005038693588762855,-1,-1
2020-11-06,model1,3.132173370370367,0.2527985310590896,1.2604827242276222,1,1
2020-11-09,model1,4.617503302343156,0.880913892373846,0.8572145706580325,1,1
2020-11-10,model1,4.703703543083897,0.22612467155877589,0.740989461555811,1,1
2020-11-11,model1,3.055771737528341,-0.5123162600467146,-0.9094908739500653,-1,-1
2020-11-12,model1,0.16534820555555196,-2.2848943485124655,-1.1178454435070382,-1,-1
2020-11-13,model1,-2.15383353480726,-2.7753730640320335,-1.8287030248432439,-1,-1
2020-11-16,model1,-2.914934700266197,-1.6046184924158828,-1.931855737075088,-1,-1
2020-11-17,model1,-3.3324979118604,-0.5095524524346192,-1.5126292515754667,-1,-1
2020-11-18,model1,-1.410080598211536,0.6656143335302932,0.7472505276839516,1,1
2020-11-19,model1,1.3791141135436977,0.866068366294137,2.58874067899139,1,1
2020-11-20,model1,3.3543657862490117,2.0976069312294663,0.7437131077699848,1,1
2020-11-23,model1,4.943699935185182,3.2425883984036,0.4443526817620369,1,1
2020-11-24,model1,3.951190972222219,3.4626237928559864,-1.2125443574153496,-1,-1
2020-11-25,model1,1.521519240362809,0.7926510382021906,0.2403010227943856,1,1
2020-11-26,model1,-1.2991881596371917,-2.593589659415699,0.5655332976178888,1,1
2020-11-27,model1,-1.5631727401360578,-4.305658006754634,1.4480837668400692,1,1
2020-11-30,model1,-0.369801826834567,-4.263370808808628,1.1510837153554845,1,1
2020-12-01,model1,1.528607906498766,-1.5751175715055108,-0.789843503969784,-1,-1
2020-12-02,model1,1.7686463404255288,0.4464974996722142,-1.781576637250962,-1,-1
2020-12-03,model1,1.9330233863077113,2.225946092348014,-1.6150715467936174,-1,-1
2020-12-04,model1,-0.010087697025622214,1.8532530495555364,-1.5704180405408559,-1,-1
2020-12-07,model1,-3.661135328231296,-0.1478336884750234,-1.6499608931751144,-1,-1
2020-12-08,model1,-8.537807750000004,-2.3184084461865835,-2.706097664057148,-1,-1
2020-12-09,model1,-14.667324133333336,-6.443705203522353,-2.004219625997562,-1,-1
2020-12-10,model1,-16.972842530496454,-7.758395466202526,-0.9908281344829453,-1,-1
2020-12-11,model1,-16.6693085441019,-9.053598563866414,1.5987370840584436,1,1
2020-12-14,model1,-11.42698412505428,-6.195107134094505,2.3838329892757093,1,1
2020-12-15,model1,-7.614886255668938,-4.102521441893341,1.7195121771841784,1,1
2020-12-16,model1,-4.004567604382335,-1.8771278069638522,1.3849250163571138,1,1
2020-12-17,model1,-1.6131292234299537,-0.5069798447220448,1.0212904187105742,1,1
2020-12-18,model1,-0.13547698136646194,-0.023136247243244885,0.9938086445846916,1,1
2020-12-21,model1,1.3732978948412675,1.7919268307337706,-0.30628820176928584,-1,-1
2020-12-22,model1,0.00039882817460101805,0.7529598157441036,-0.3339320516769997,-1,-1
2020-12-23,model1,-0.347038517316787,-0.19380934281244624,0.5993318130651619,1,1
2020-12-24,model1,-1.2085876765957468,-2.9828328769677754,1.9274743748763692,1,1
2020-12-25,model1,0.20178056013894693,-3.0680448741732302,1.4955802339401485,1,1
2020-12-28,model1,0.5950431635668428,-3.4096296684614456,0.7348473977161112,1,1
2020-12-29,model1,0.774593518176772,-1.7557236260361766,-1.4743556878153399,-1,-1
2020-12-30,model1,1.0714515453876565,-0.7860974002678551,-0.672768198557437,-1,-1
2020-12-31,model1,3.0041709731654342,1.5294407885344965,-0.3828187610245739,-1,-1
2021-01-04,model1,4.981686444501132,3.199471639156903,0.3074846207132911,1,1
2021-01-05,model1,7.12127594225768,4.969587128723751,0.36947400818969944,1,1
2021-01-06,model1,6.800006630693055,4.232492072502102,0.4158257446570248,1,1
2021-01-07,model1,6.565663851498044,2.379165170830287,1.6189841224768045,1,1
2021-01-08,model1,4.366685482703718,0.24343383751115347,-0.06324703547519261,-1,-1
2021-01-11,model1,2.410879860935011,-1.1116802832992725,-0.6006915009582814,-1,-1
2021-01-12,model1,2.3688878201186845,-0.5162323492186349,-0.6374399748969639,-1,-1
2021-01-13,model1,2.7856337066435066,-0.4167208125354845,0.3172343498416717,1,1
2021-01-14,model1,3.8364448371990627,0.574791411595008,0.059298906425063524,1,1
2021-01-15,model1,2.6245930766548446,0.5084251238757098,-1.14548547282492,-1,-1
2021-01-18,model1,2.4536883248817953,1.2630790851048384,-0.9255587130021778,-1,-1
2021-01-19,model1,1.9867749276595728,2.1380168237879658,-1.34185113590535,-1,-1
2021-01-20,model1,1.6541000794326226,2.4344178329020374,-0.6290758573410218,-1,-1
2021-01-21,model1,0.21949516265740177,2.308222716683784,-1.3084098005569675,-1,-1
2021-01-22,model1,-1.7309206373425983,1.1954651778289782,-0.8376582611451941,-1,-1
2021-01-25,model1,-3.2107447088435386,-0.2214855756911905,-0.06287331798077167,-1,-1
2021-01-26,model1,-4.521557309798815,-2.3353289603993694,0.8030307837529027,1,1
2021-01-27,model1,-4.275386886669563,-3.528605391993736,1.4394468547236183,1,1
2021-01-28,model1,-3.864424588218267,-4.389701216447288,1.272058122904848,1,1
2021-01-29,model1,-5.023540239814012,-5.717973152138515,0.1691562840954819,1,1
2021-02-01,model1,-5.420006502659575,-5.726965375609677,-0.3874740393744016,-1,-1
2021-02-02,model1,-5.0993128147163125,-4.502918758264513,-0.9033529294019012,-1,-1
2021-02-03,model1,-3.5750958546822993,-3.1785440951031183,0.19984229687261879,1,1
2021-02-04,model1,-3.381216326530613,-3.9023112395252233,0.9176466725737913,1,1
2021-02-05,model1,-3.4642336734693884,-6.051456683259276,2.066128096795277,1,1
2021-02-08,model1,-1.9600282585034021,-6.185489340827978,1.6382380725346883,1,1
2021-02-09,model1,0.09202991972789014,-3.3568324330410935,-0.7765987295555923,-1,-1
2021-02-10,model1,2.544260252777777,0.725832406302978,-1.630434506294184,-1,-1
2021-02-18,model1,3.722510652777777,3.94629536712185,-2.042212560818872,-1,-1
2021-02-19,model1,5.491505719444444,6.870246364433679,-1.154955930645162,-1,-1
2021-02-22,model1,4.5201197546099285,8.20731364658159,-2.3084532469824257,-1,-1
2021-02-23,model1,3.135356456650745,6.8422318810967715,-0.01968153247436577,-1,-1
2021-02-24,model1,-0.6701779461270334,2.5125668744874234,0.5241306038315696,1,1
2021-02-25,model1,-2.2803395932539696,-1.6352683903597909,2.537673617720278,1,1
2021-02-26,model1,-3.127841917517008,-3.5895813716970078,1.1068106570741787,1,1
2021-03-01,model1,-1.7348057256235838,-2.8948415350185344,0.6982963552149506,1,1
2021-03-02,model1,-1.7258858997732436,-1.7523540823509158,-1.1335676268172783,-1,-1
2021-03-03,model1,-0.23978181088435488,0.7339317579430554,-1.0001817514050826,-1,-1
2021-03-04,model1,0.2840960802721077,1.2301253828063619,0.027684266293156123,1,1
2021-03-05,model1,2.4836572802721073,2.668622582259914,0.7610640005464475,1,1
2021-03-08,model1,1.0344561959183662,1.4436061137879765,-0.2241846158818035,-1,-1
2021-03-09,model1,-1.5226477496598652,-0.8326428107637119,-0.28085502102654303,-1,-1
2021-03-10,model1,-6.21671142857143,-4.820142472979471,-0.7065640166958058,-1,-1
2021-03-11,model1,-5.133362857142859,-4.5224556361244135,0.7856617345735133,1,1
2021-03-12,model1,-2.455723858503403,-2.815511591691727,0.9706949542067695,1,1
2021-03-15,model1,1.0040376204081622,0.4069242308340583,0.23732565638577974,1,1
2021-03-16,model1,1.2794461138888877,1.5646091363486851,-0.8822764120339013,-1,-1
2021-03-17,model1,0.9128511288548742,2.3252649336909252,-1.1272507823762536,-1,-1
2021-03-18,model1,0.9057633827555832,2.4386943658637943,-0.12051717827216002,-1,-1
2021-03-19,model1,-0.8120818255777499,1.8971722992618807,-1.1763231417314195,-1,-1
2021-03-22,model1,-0.7394057072104028,2.6904436785317576,-0.7205952609025298,-1,-1
2021-03-23,model1,-0.21390336678487096,2.6805062474433803,0.5354397715139091,1,1
2021-03-24,model1,0.6901877276595734,1.9342336611160114,1.6503636807718132,1,1
2021-03-25,model1,0.37887684738746447,0.288223375097936,1.3346994057459665,1,1
2021-03-26,model1,0.7025393725056679,0.952702145145377,-0.3408162449292376,-1,-1
2021-03-29,model1,1.3138343891723345,1.5286686801419123,0.03532848167013136,1,1
2021-03-30,model1,2.317630104905436,1.7167622493263794,0.8157021465486345,1,1
2021-03-31,model1,1.8651610303589508,0.6002995869536529,0.6639935878262411,1,1
2021-04-01,model1,2.2548962874511496,0.6094539309792072,0.38058091306664454,1,1
2021-04-02,model1,1.4909593769901566,0.3822593693135367,-0.5367423487953225,-1,-1
2021-04-06,model1,0.17208452339654542,0.4612778025239081,-1.3978932868039826,-1,-1
2021-04-07,model1,-1.39158955036232,-0.03356757940677122,-1.068828691828186,-1,-1
2021-04-08,model1,-0.9931548384828872,-0.3049423205646452,0.6698094530373067,1,1
2021-04-09,model1,-0.6612753590389358,-0.750218884963278,0.7771560438425843,1,1
2021-04-12,model1,-1.3890489318280512,-1.950188886021645,0.47219642826925146,1,1
2021-04-13,model1,-3.4865650340136063,-3.303303505407989,-0.7444014827992109,-1,-1
2021-04-14,model1,-3.19157384920635,-2.6531124027936674,-0.3551999178070653,-1,-1
2021-04-15,model1,-3.3388072930839012,-0.8292462138725258,-1.9710996327986927,-1,-1
2021-04-16,model1,-3.242920972222223,2.1414560365887927,-2.8748159295996403,-1,-1
2021-04-19,model1,-1.7913691696217502,4.270207800731956,-0.6771999615426909,-1,-1
2021-04-20,model1,0.37938978037824955,5.0040665782910345,1.4369001724409216,1,1
2021-04-21,model1,1.958545590070921,4.64476716176329,1.9384552262204162,1,1
2021-04-22,model1,-0.3951173347517738,2.5283842646600667,-0.23728002771947176,-1,-1
2021-04-23,model1,-3.1493260069739963,0.261148561055135,-0.486972968617291,-1,-1
2021-04-26,model1,-8.22479028888889,-2.555091458961205,-2.259224261898553,-1,-1
2021-04-27,model1,-10.96802150793651,-4.937094118697503,-0.36122855931132314,-1,-1
2021-04-28,model1,-10.757922752026344,-4.662660935817892,-0.06433442696944347,-1,-1
2021-04-29,model1,-4.897105135359677,-2.684357557497897,3.8825142383466718,1,1
2021-04-30,model1,-0.6872586274231689,-0.5270244158566321,2.052513366295243,1,1
2021-05-06,model1,0.9458716444444434,0.2516471638666597,0.8544586921443207,1,1
2021-05-07,model1,-1.2517272931442087,0.024768183825839767,-1.9707199575478322,-1,-1
2021-05-10,model1,-3.261586668144209,-0.5738207892923931,-1.4112704018817674,-1,-1
2021-05-11,model1,-2.839681490366431,-0.49334056721388303,0.34142495569926795,1,1
2021-05-12,model1,-0.2868367935941052,0.8248111370913298,1.234692992467113,1,1
2021-05-13,model1,2.4220689099083104,2.1468882186665756,1.3868286219271697,1,1
2021-05-14,model1,5.909529299023958,3.7631543092475415,1.8711942985346814,1,1
2021-05-17,model1,7.797803396577873,3.501644645603909,2.1497837611975474,1,1
2021-05-18,model1,7.908677245853235,3.423671645315403,0.188846849563868,1,1
2021-05-19,model1,4.537897790070922,1.534419406466441,-1.4815272169333509,-1,-1
2021-05-20,model1,2.121717365986394,0.0077970300256850296,-0.8895580476437719,-1,-1
2021-05-21,model1,-0.06013420068027253,-1.6713960262152998,-0.5026585104256815,-1,-1
2021-05-24,model1,-1.005146374593316,-1.8415004897265792,-0.7749077104017641,-1,-1
2021-05-25,model1,-1.0644953405797106,-0.42919863752532167,-1.4716508181876522,-1,-1
2021-05-26,model1,1.091304251618871,1.482100506576984,0.24450044809627625,1,1
2021-05-27,model1,3.3736100366430257,3.0360004042404714,0.7284058873606676,1,1
2021-05-28,model1,2.7510470153664297,2.402882117968213,0.010555264995662395,1,1
2021-05-31,model1,1.6253165203900704,1.3844770291393065,-0.1073254061474529,-1,-1
2021-06-01,model1,-0.2426255260951904,0.06059976195598657,-0.5440647793019409,-1,-1
2021-06-02,model1,-1.7749594571995468,-0.7907722125789048,-0.680961956569465,-1,-1
2021-06-03,model1,-3.960766834563613,-1.5632647299023965,-1.413314860040574,-1,-1
2021-06-04,model1,-3.1270069991894633,-1.7717340528305918,1.0422291583023449,1,1
2021-06-07,model1,-1.8646765229989875,-1.3190724035612809,0.8096688269211649,1,1
2021-06-08,model1,0.9871560626984119,-0.5997367911331515,2.1324969732692702,1,1
2021-06-09,model1,1.0859818258189795,-0.39047504477140516,-0.11043598324117876,-1,-1
2021-06-10,model1,0.8943584825650112,0.01501719808683292,-0.5971155861122064,-1,-1
2021-06-11,model1,-0.4796560180260052,-0.2425389815973046,-1.116458320906879,-1,-1
2021-06-15,model1,-3.4545570700354618,-1.7723874980777719,-1.4450525355289892,-1,-1
2021-06-16,model1,-5.509154134944758,-3.752614833260368,-0.07436972972670008,-1,-1
2021-06-17,model1,-6.615265695228447,-4.3199425351849134,-0.5387838583591438,-1,-1
2021-06-18,model1,-5.157016132580693,-2.952346939702368,0.0906539671652089,1,1
2021-06-21,model1,-4.221153303782507,-0.8741534698979683,-1.1423306410062137,-1,-1
2021-06-22,model1,-2.4183364397677054,0.8250718758242207,0.1035915182926126,1,1
2021-06-23,model1,-0.40554558870387575,1.9789321513063143,0.858930575581736,1,1
2021-06-24,model1,1.489758689073902,1.8357677631206604,2.038468665963432,1,1
2021-06-25,model1,3.1748647198340323,1.9256837145694143,1.5951900793113762,1,1
2021-06-28,model1,2.0144549977324253,1.1886830746145678,-0.42340908214676043,-1,-1
2021-06-29,model1,0.3788415755102033,0.13452610752939043,-0.5814564551370447,-1,-1
2021-06-30,model1,-1.7797503972789122,-1.3146389551571043,-0.7094269101026207,-1,-1
2021-07-01,model1,-2.5286268453900713,-2.841871800050743,0.7783563967824794,1,1
2021-07-02,model1,-4.015531645390072,-4.052996875136411,-0.275779724914333,-1,-1
2021-07-05,model1,-5.357718312056739,-4.293217989268874,-1.1019655525342031,-1,-1
2021-07-06,model1,-4.787491305555556,-3.5781610316907515,-0.14482995107693997,-1,-1
2021-07-07,model1,-1.9082646797052163,-1.0196117379962313,0.3206773321558192,1,1
2021-07-08,model1,-0.34155094637188305,-0.41067864385825,0.9577806391953518,1,1
2021-07-09,model1,-0.39239845899814557,0.4561685292550708,-0.9176946857395832,-1,-1
2021-07-12,model1,-1.7072057379097103,0.3975004717501975,-1.2561392214066915,-1,-1
2021-07-13,model1,-2.27069738790971,1.3967399832489324,-1.5627311614987345,-1,-1
2021-07-14,model1,-3.6715137697278917,1.2927033211831398,-1.2967797197523891,-1,-1
2021-07-15,model1,-2.685474116666667,0.9961859569200914,1.2825570173242729,1,1
2021-07-16,model1,-2.240262157446809,-0.0803078481587447,1.5217057642986944,1,1
2021-07-19,model1,-0.0024090268912533297,-1.0965791322113925,3.2541244146082033,1,1
2021-07-20,model1,0.5308579731087467,-1.2666113882831056,0.7032992560717132,1,1
2021-07-21,model1,1.5203294861111107,-0.8067553507811686,0.529615475500427,1,1
2021-07-22,model1,2.1639472888888887,0.6280506753896301,-0.7911882233930208,-1,-1
2021-07-23,model1,2.7550651256235827,0.7491684663979895,0.4700000457263347,1,1
2021-07-26,model1,0.3354392367346935,-1.170468297952919,-0.4999891245379806,-1,-1
2021-07-27,model1,-3.863446429931973,-4.885187990051979,-0.4841659745676061,-1,-1
2021-07-28,model1,-6.59400361388889,-8.011139733228262,0.39539455921936595,1,1
2021-07-29,model1,-6.921904413888889,-8.711764759256946,0.3727242260286845,1,1
2021-07-30,model1,-5.162812947222222,-6.7256437667520315,-0.22702952583824754,-1,-1
2021-08-02,model1,-2.322062266666667,-2.6499357816984612,-1.2349573044980153,-1,-1
2021-08-03,model1,1.4578431722222218,0.8533383072450001,0.2766313499454274,1,1
2021-08-04,model1,3.534385638888889,2.826169233715041,0.1037115401966262,1,1
2021-08-05,model1,3.2896743191609974,2.0594746129339696,0.5219833010531798,1,1
2021-08-06,model1,1.6560509355912574,0.7826187564997292,-0.35676752713549975,-1,-1
2021-08-09,model1,1.876392335591257,0.7259317784168395,0.2770283780828894,1,1
2021-08-10,model1,3.189244421276595,1.6825213841239473,0.35626247997823013,1,1
2021-08-11,model1,5.861521866637719,3.0825322525829146,1.2722665769021564,1,1
2021-08-12,model1,5.115412147797138,3.3650876096311824,-1.0286650758888483,-1,-1
2021-08-13,model1,2.8504761194283446,2.4857193290888575,-1.3855677478264687,-1,-1
2021-08-16,model1,0.24526101738752773,1.594065425907668,-1.7135611988596275,-1,-1
2021-08-17,model1,-1.3112141637718926,-0.5002230713313822,0.5378133160796301,1,1
2021-08-18,model1,-2.142941701360545,-1.3092656412331154,-0.02268496768691941,-1,-1
2021-08-19,model1,-2.9833110333333344,-1.7285896590657626,-0.421045314140142,-1,-1
2021-08-20,model1,-4.183289278014185,-1.2608693503126138,-1.6676985534339996,-1,-1
2021-08-23,model1,-4.370404078014185,-0.132766640940867,-1.3152175093717466,-1,-1
2021-08-24,model1,-3.1996851035461007,1.264853473218877,-0.2269011396916596,-1,-1
2021-08-25,model1,-0.8952717588652493,3.04040422011326,0.528862597786468,1,1
2021-08-26,model1,-1.1521754644208049,2.975888049833052,-0.19238753527534758,-1,-1
2021-08-27,model1,-1.6350314277777789,2.2370589521256936,0.2559731343503846,1,1
2021-08-30,model1,-2.2080752862811805,0.8717346767507435,0.7922804168715485,1,1
2021-08-31,model1,0.2279392970521532,0.5364313689260461,2.771317891158031,1,1
2021-09-01,model1,1.282776230158729,0.6774505711176673,0.9138177309149548,1,1
2021-09-02,model1,3.2387445025510195,1.9753832869260581,0.6580355565838996,1,1
2021-09-03,model1,2.8067267757936496,2.6838197341696355,-1.1404541740009473,-1,-1
2021-09-06,model1,4.029484202590456,3.727639799746003,0.17893736122043835,1,1
2021-09-07,model1,5.491284255368233,4.7446970973583005,0.4447427551654797,1,1
2021-09-08,model1,6.0892603778172125,5.910250669021131,-0.567577449213851,-1,-1
2021-09-09,model1,5.245597823469386,6.530255461862055,-1.4636673471887498,-1,-1
2021-09-10,model1,3.4367770493197267,5.177724606299117,-0.45628991858672174,-1,-1
2021-09-13,model1,2.869093375850339,3.7173416471861582,0.8926992856435714,1,1
2021-09-14,model1,0.7818888925170056,0.7136329347861178,0.9165042290667067,1,1
2021-09-15,model1,-2.1540909333333342,-0.6027444070396949,-1.6196024840245271,-1,-1
2021-09-16,model1,-6.468873178231294,-2.8769022257987995,-2.040624426138855,-1,-1
2021-09-17,model1,-7.623247861564626,-3.9643255455271387,-0.06695136360499276,-1,-1
2021-09-22,model1,-5.274317767947606,-3.3440543417908413,1.7286588898807227,1,1
2021-09-23,model1,-1.1529367730496465,-1.0476318498208577,1.8249585029279762,1,1
2021-09-24,model1,1.077369493957156,0.6543729113302376,0.5283015058557075,1,1
2021-09-27,model1,0.8431241836734683,-0.592404702393916,1.0125323034404659,1,1
2021-09-28,model1,1.3090212840136044,-2.404790591017017,2.278282988963237,1,1
2021-09-29,model1,2.740600503117913,-4.755558753501512,3.782347381588803,1,1
2021-09-30,model1,3.3698320082199533,-4.851029302238533,0.7247020538390623,1,1
2021-10-08,model1,3.607284593253967,-4.050264149709082,-0.5633125674954376,-1,-1
2021-10-11,model1,2.6089037414965977,-1.7848018032537312,-3.2638431982127205,-1,-1
2021-10-12,model1,2.1409668374583863,-1.7672922174796721,-0.48544648981227034,-1,-1
2021-10-13,model1,0.8632088102475022,-2.4596554024334227,-0.5853948422571336,-1,-1
2021-10-14,model1,-0.7667986741062393,-2.709767959561305,-1.3798949272258594,-1,-1
2021-10-15,model1,-0.9762819251700692,-2.624634133474349,-0.294617077150786,-1,-1
2021-10-18,model1,-1.0282377074829943,-1.7269819888949316,-0.9496079268923423,-1,-1
2021-10-19,model1,1.0822158490387448,-0.23804732535322368,0.621518892980031,1,1
2021-10-20,model1,0.7725929298898087,1.6457374970573742,-2.193407741559534,-1,-1
2021-10-21,model1,0.2612494605020536,1.7016037478375379,-0.5672097201679187,-1,-1
2021-10-22,model1,-0.7397880515752412,-0.20465694512357846,0.9052231808838216,1,1
2021-10-25,model1,0.21966046201813963,-1.4168571250018858,2.1716486934716883,1,1
2021-10-26,model1,0.7160888293650783,-2.191036500763525,1.2706077431085778,1,1
2021-10-27,model1,-0.7964756505403591,-3.307027400299173,-0.3965735803697892,-1,-1
2021-10-28,model1,-2.9637703727625815,-5.111236057443009,-0.36308606507838626,-1,-1
2021-10-29,model1,-3.402466493794327,-4.89053914273977,-0.6593930357349853,-1,-1
2021-11-01,model1,-1.8242467916666676,-2.3680627037089845,-0.9442567369031256,-1,-1
2021-11-02,model1,-0.6210742434807267,-0.1632472155210948,-1.0016429400019486,-1,-1
2021-11-03,model1,-1.2235026817194974,1.336270186718332,-2.1019458404781974,-1,-1
2021-11-04,model1,-2.142400273556232,2.0874311653139546,-1.6700585704323574,-1,-1
2021-11-05,model1,-2.764494905075507,2.196452491500995,-0.7311159577063151,-1,-1
2021-11-08,model1,-2.8156073696145136,1.4065257741078598,0.7388142528541284,1,1
2021-11-09,model1,-3.1819470833333345,0.32301455744576346,0.7171715029432755,1,1
2021-11-10,model1,-3.605948750000001,0.3858432313153113,-0.4868303405362142,-1,-1
2021-11-11,model1,-1.4742179166666673,1.3348033167345046,1.1827707479141403,1,1
2021-11-12,model1,-0.02452847505669024,2.204528636575355,0.5799641217691267,1,1
2021-11-15,model1,1.0313554983732616,2.7165276701888,0.5438849398165067,1,1
2021-11-16,model1,-1.02133634559837,1.415583315173178,-0.7517474889560094,-1,-1
2021-11-17,model1,-2.581720524205983,0.606155306087406,-0.7509561695218409,-1,-1
2021-11-18,model1,-5.077256025413713,-0.5965978010803046,-1.2927823940400196,-1,-1
2021-11-19,model1,-3.655500914775415,0.11820993536450412,0.7069473741934895,1,1
2021-11-22,model1,-2.2529523143990944,0.9153655416724984,0.6053929940683263,1,1
2021-11-23,model1,1.4861624756525853,2.59116262158654,2.063317710137638,1,1
2021-11-24,model1,2.250310806208141,3.06241033862099,0.29290061352110563,1,1
2021-11-25,model1,2.1924865204938553,2.031731922738842,0.9728541301678626,1,1
2021-11-26,model1,-0.42032972487183384,0.17090994252475777,-0.751994265151605,-1,-1
2021-11-29,model1,-2.836102788760723,-1.2319486822160755,-1.0129144391480558,-1,-1
2021-11-30,model1,-3.499562848103609,-1.2021508860044703,-0.6932578555544915,-1,-1
2021-12-01,model1,-1.137403920567377,0.30840264420598446,0.8516053973257776,1,1
2021-12-02,model1,1.300312476654845,0.9409482616247935,1.8051707798034131,1,1
2021-12-03,model1,3.8449112916666657,1.6581508793695658,1.827396197267048,1,1
2021-12-06,model1,5.606356747448978,0.43995502875801157,2.9796413063938667,1,1
2021-12-07,model1,6.503453093489168,-0.93069289229462,2.267744267092821,1,1
2021-12-08,model1,5.217193132378057,-1.8125172427774292,-0.4044356106283018,-1,-1
2021-12-09,model1,5.141581499724995,-0.6953893699569863,-1.1927395054735048,-1,-1
2021-12-10,model1,5.116695431462585,1.1229948023355596,-1.8432702405549564,-1,-1
2021-12-13,model1,5.231204073129251,1.8258643787133007,-0.5883609347110748,-1,-1
2021-12-14,model1,3.2223009027777767,1.587861652070585,-1.7709004437087588,-1,-1
2021-12-15,model1,-0.04818097222222336,0.7421805442600689,-2.424800767189484,-1,-1
2021-12-16,model1,-0.788960857426305,0.6190845432335076,-0.6176838841775203,-1,-1
2021-12-17,model1,-1.846900093537416,-0.14178997770330656,-0.2970647151742969,-1,-1
2021-12-20,model1,-1.7406064880952392,-0.6710866519247052,0.6355902796635754,1,1
2021-12-21,model1,-1.50661886904762,-0.3289121981887096,-0.10818683468837648,-1,-1
2021-12-22,model1,-1.2620769523809534,0.366500373855037,-0.4508706553770798,-1,-1
2021-12-23,model1,0.23898888662131412,1.1878987961808514,0.6796674166764531,1,1
2021-12-24,model1,0.48035074940898254,-0.018872768615028363,1.448133427583548,1,1
2021-12-27,model1,0.22724869385342691,-0.5327853999355977,0.26081057576501365,1,1
2021-12-28,model1,0.562203554964538,-0.6598705736331542,0.4620400348086675,1,1
2021-12-29,model1,-0.5708934601449287,-0.7906154506994861,-1.0023521380431348,-1,-1
2021-12-30,model1,-0.2914609118357499,0.003909472608784566,-0.5150923749990919,-1,-1
2021-12-31,model1,-0.6716260322061204,1.271768962585875,-1.648024610347461,-1,-1
2022-01-04,model1,0.09986707929935157,3.15867140931711,-1.115409335225763,-1,-1
2022-01-05,model1,0.9022123198790618,2.5643025411362848,1.3967141087605355,1,1
2022-01-06,model1,-0.11537303551888956,1.7267223513795606,-0.18000516564122737,-1,-1
2022-01-07,model1,-1.1305437557200133,0.377154860484634,0.3343967706938029,1,1
2022-01-10,model1,-0.7886230723866801,0.49720372866545953,0.2218718151525077,1,1
2022-01-11,model1,-0.2021403049516918,-0.004036457165672969,1.0877229532661208,1,1
2022-01-12,model1,0.9783413676303844,-0.0505893212851015,1.2270345367015048,1,1
2022-01-13,model1,-0.590348915702949,-1.4061351120108787,-0.21314449260755608,-1,-1
2022-01-14,model1,-3.4263119129251716,-2.799875267645904,-1.442222841587197,-1,-1
2022-01-17,model1,-5.869872797278913,-3.0854462234504374,-2.1579899285492083,-1,-1
2022-01-18,model1,-4.355993610884355,-1.7284503545662255,0.1568833175103459,1,1
2022-01-19,model1,-0.8950889130120144,-0.03694603053920551,1.769400373845321,1,1
2022-01-20,model1,2.833067759444202,-0.06250367210126966,3.7537143140182803,1,1
2022-01-21,model1,3.1525259759481954,-1.7134575991632135,1.9704121435659372,1,1
2022-01-24,model1,2.963853635522663,-2.755099738672705,0.8529697990839591,1,1
2022-01-25,model1,0.012697104789802497,-4.936970235325986,-0.7692860340795797,-1,-1
2022-01-26,model1,-1.7014497222222236,-5.110298730282126,-1.5408183320558864,-1,-1
2022-01-27,model1,-4.1630288002364075,-6.985296318894363,-0.5865814894019463,-1,-1
2022-01-28,model1,-6.297910302503982,-8.10358085619812,-1.016596964963818,-1,-1
2022-02-07,model1,-7.726817678390507,-8.50957969779696,-1.0229085342876845,-1,-1
2022-02-08,model1,-6.295960824489797,-5.921901210984625,-1.1568216329116252,-1,-1
2022-02-09,model1,-2.754811436734695,-1.0297615021304727,-1.3509903210990504,-1,-1
2022-02-10,model1,0.04802992380952261,3.2158139571289452,-1.4427340987151998,-1,-1
2022-02-11,model1,1.3694811904761892,3.528703445505283,1.008561778290329,1,1
2022-02-14,model1,0.7400182653061215,1.6666566449251041,1.232583875410111,1,1
2022-02-15,model1,0.10999923809523711,-1.1273381796235935,2.1639757973378133,1,1
2022-02-16,model1,-0.8004896507936518,-1.4829216375344425,-0.5549054309780399,-1,-1
2022-02-17,model1,-0.7181704917257695,-1.4498780156471038,0.04927553718054356,1,1
2022-02-18,model1,-0.009229158392436135,0.21504500527610584,-0.9559816875898763,-1,-1
2022-02-21,model1,0.45444736938534164,1.7883577497763554,-1.1096362167224716,-1,-1
2022-02-22,model1,0.25948602186761116,2.4397958268508773,-0.8463994245922524,-1,-1
2022-02-23,model1,-0.8755360121459942,1.704966514687379,-0.4001927218501071,-1,-1
2022-02-24,model1,-2.5784693177015496,-0.4478291543487594,0.44986236348058295,1,1
2022-02-25,model1,-4.6917790340136065,-1.8938354793709349,-0.6673033912898814,-1,-1
2022-02-28,model1,-6.359970734693878,-3.559106300526119,-0.002920879525087239,-1,-1
2022-03-01,model1,-4.064268027210885,-2.878727256991881,1.6153236639487547,1,1
2022-03-02,model1,-0.7175332754378355,-1.0636417767261686,1.531649271507337,1,1
2022-03-03,model1,1.9403709925893757,0.7392209964912301,0.8550414948098126,1,1
2022-03-04,model1,1.1550608184397155,0.3887247414966008,-0.4348139191550309,-1,-1
2022-03-07,model1,-1.7922234666666672,-2.2774959214519654,-0.28106362215781644,-1,-1
2022-03-08,model1,-7.406213993197279,-7.212636424317959,-0.6788500236646184,-1,-1
2022-03-09,model1,-14.070331193197282,-13.840851675936015,-0.03590194838194627,-1,-1
2022-03-10,model1,-20.576759126530614,-18.736332021259262,-1.6109475880100863,-1,-1
2022-03-11,model1,-15.931307697959184,-14.163050712635162,0.07217011994733014,1,1
2022-03-14,model1,-9.659269439455782,-7.550759743072667,-0.34025271105909294,-1,-1
2022-03-15,model1,-2.511424506122449,-2.2482869626538453,1.8453721529145124,1,1
2022-03-16,model1,-1.7939969414965986,-2.6632609744499445,1.1324015764219497,1,1
2022-03-17,model1,-0.9110134898550722,-1.9806722394465364,0.20039471663811825,1,1
2022-03-18,model1,1.3067123768115942,0.8094942264169177,-0.5724405991967876,-1,-1
2022-03-21,model1,0.7627540638864243,2.33918861804283,-2.0736527045510824,-1,-1
2022-03-22,model1,-0.13658377959183662,3.3704905633833313,-1.9306397888187625,-1,-1
2022-03-23,model1,-1.0382975295918369,3.2290483440256743,-0.7602715306423432,-1,-1
2022-03-24,model1,-1.1372745222222223,1.4316699345791377,1.6984014168161512,1,1
2022-03-25,model1,-2.2784282256235824,-1.7485159981882648,2.0390322293660423,1,1
2022-03-28,model1,-1.5077216865079361,-3.150152502194007,2.172343043121389,1,1
2022-03-29,model1,-1.0300955102040814,-3.8992125117954033,1.226686185905251,1,1
2022-03-30,model1,1.131012993197279,-1.3093980908738052,-0.4287059175202379,-1,-1
2022-03-31,model1,1.7721657359965264,0.036010546909176856,-0.7042558949837348,-1,-1
2022-04-01,model1,4.163418998581561,2.76238418570018,-0.3351203762059689,-1,-1
2022-04-06,model1,7.558942399942104,4.621161503779931,1.5367460832807924,1,1
2022-04-07,model1,6.698615826360545,3.0746251661879835,0.6862097640103881,1,1
2022-04-08,model1,4.934069026360544,0.134801888004759,1.175276478183224,1,1
2022-04-11,model1,-0.411963375,-5.726285358958804,0.5150548456030188,1,1
2022-04-12,model1,-0.7223005646258503,-5.025918939506526,-1.0107036090781283,-1,-1
2022-04-13,model1,-1.4777290752641485,-3.6479346348799226,-2.1334128152649012,-1,-1
2022-04-14,model1,-0.0882855825105248,-0.2801010353241426,-1.9783901068021565,-1,-1
2022-04-15,model1,1.263508772813,-0.3310003102518436,1.4026936302512258,1,1
2022-04-18,model1,1.871198283451298,0.15276544856988872,0.12392375181656567,1,1
2022-04-19,model1,0.8985473906976749,0.9568076554684195,-1.776693099652154,-1,-1
2022-04-20,model1,-2.4855493455782307,0.5661983090468237,-2.9934873898543097,-1,-1
2022-04-21,model1,-6.952464359183673,-1.9142288504217309,-1.9864878541368878,-1,-1
2022-04-22,model1,-6.98271022585034,-4.8364672167596146,2.8919924996712165,1,1
2022-04-25,model1,-7.350610813605442,-8.968544348048999,3.7641765435342824,1,1
2022-04-26,model1,-5.3884490666666665,-13.124392506637983,6.11800990552776,1,1
2022-04-27,model1,-3.7388528,-10.673912074667458,-0.8008841653038594,-1,-1
2022-04-28,model1,0.1942826000000002,-5.4321979584237825,-1.3085787162436748,-1,-1
2022-04-29,model1,4.338224798639456,2.4298066596567653,-3.7180624194410914,-1,-1
2022-05-05,model1,7.099380526530613,5.228813574740375,-0.03785118719245295,-1,-1
2022-05-06,model1,6.347460204081632,7.0612274173654415,-2.584334165074047,-1,-1
2022-05-09,model1,4.015712857142858,8.572629205370916,-3.843149134944249,-1,-1
2022-05-10,model1,1.7146465959183674,10.303170106459461,-4.031607162313036,-1,-1
2022-05-11,model1,2.4718624405895695,10.681719055560151,0.37866689557051214,1,1
2022-05-12,model1,4.555187270521542,10.655674131164117,2.1093697543280068,1,1
2022-05-13,model1,5.721965096371882,7.809305809959628,4.013146147054829,1,1
2022-05-16,model1,3.3659167346938776,4.860053371649848,0.5932040766317757,1,1
2022-05-17,model1,1.2187109523809523,1.401564168829206,1.311283420507717,1,1
2022-05-18,model1,-1.6375453401360545,-1.4138199320029674,-0.04087219168483314,-1,-1
2022-05-19,model1,-0.49710261904761904,-0.14805073827342907,-0.12532647264110297,-1,-1
2022-05-20,model1,1.412664455782313,2.8582922714214227,-1.0965759348649198,-1,-1
2022-05-23,model1,3.5710089795918365,6.569556885542787,-1.552920090311841,-1,-1
2022-05-24,model1,2.302232097959184,4.823741406769147,0.4770385971409872,1,1
2022-05-25,model1,-0.24654247619047606,2.5361504168337974,-0.2611835842143102,-1,-1
2022-05-26,model1,-2.905977850340136,0.6628299845941351,-0.7861149419099975,-1,-1
2022-05-27,model1,-3.626551433318859,1.3630862062235227,-1.4208298046081107,-1,-1
2022-05-30,model1,-3.3293130496453895,1.426040760765509,0.23428382913148327,1,1
2022-05-31,model1,-1.5881765190331452,1.8768181609744505,1.2903591304033029,1,1
2022-06-01,model1,0.015285836167800881,2.912889710165068,0.5673908060103285,1,1
2022-06-02,model1,1.1281104113595797,4.447858534030639,-0.4221442486737925,-1,-1
2022-06-06,model1,1.9972303693853435,6.47124534910158,-1.154266857045177,-1,-1
2022-06-07,model1,3.8053517021276604,6.702077522369334,1.5772891594745635,1,1
2022-06-08,model1,5.180203861629759,5.727985013552991,2.3489446683184414,1,1
2022-06-09,model1,4.722568089998553,1.7699718023163769,3.5003774396054084,1,1
2022-06-10,model1,5.846354048922904,1.7036234688153822,1.190134292425345,1,1
2022-06-13,model1,5.0062949972222235,2.0660000220035255,-1.2024356048888236,-1,-1
2022-06-14,model1,6.042744263888889,4.389061316600235,-1.2866120279300435,-1,-1
2022-06-15,model1,5.545553600000001,5.214175922914913,-1.3223052702035671,-1,-1
2022-06-16,model1,4.462190678911566,5.78857635000749,-1.6577633481810112,-1,-1
2022-06-17,model1,3.0914115455782323,6.0991561229361935,-1.6813589062620373,-1,-1
2022-06-20,model1,1.4377709863945585,5.737121022775569,-1.2916054590230495,-1,-1
2022-06-21,model1,1.0817500963718827,3.9944278118338086,1.3866723209190848,1,1
2022-06-22,model1,-0.8681264682539677,0.14647812020591763,1.8980731270020406,1,1
2022-06-23,model1,-1.1547788492063484,-1.4506988390029285,1.3105245782564654,1,1
2022-06-24,model1,-0.21445591836734623,-0.8265599516700038,0.31618404350607754,1,1
2022-06-27,model1,1.7029582312925176,1.0788187555393483,0.01203544245051158,1,1
2022-06-28,model1,3.2586853799392106,2.3036470007886463,0.33089890339739503,1,1
2022-06-29,model1,2.4678846713224307,1.4997811896308184,0.01306510254104798,1,1
2022-06-30,model1,2.356854001182034,1.2467737530173795,0.14197676647304203,1,1
2022-07-01,model1,1.1700718735224591,-0.6378802356273899,0.6978718609851946,1,1
2022-07-04,model1,1.9874843735224594,-0.5573078000167371,0.7368400643893475,1,1
2022-07-05,model1,2.0207459960438086,-1.0832151887782135,0.5591690112828256,1,1
2022-07-06,model1,0.408682248526078,-2.3168121020403376,-0.37846683425560657,-1,-1
2022-07-07,model1,-1.7011146959183663,-3.923389128025447,-0.5032199184593349,-1,-1
2022-07-08,model1,-4.45071605942029,-5.236148612273962,-1.4368418792534086,-1,-1
2022-07-11,model1,-7.102281346495118,-6.246213800384211,-1.6415000989645794,-1,-1
2022-07-12,model1,-9.73747340431825,-7.731571537181586,-1.1498343210257564,-1,-1
2022-07-13,model1,-10.325383308727746,-7.310306698382301,-1.0091747432087814,-1,-1
2022-07-14,model1,-9.440671488319582,-5.262219203186867,-1.1633756747872699,-1,-1
2022-07-15,model1,-9.001642263829787,-3.6433453604052732,-1.1798446182917988,-1,-1
2022-07-18,model1,-6.407671472108844,-1.8206956647207369,0.7713210960364063,1,1
2022-07-19,model1,-3.973057133219955,-0.15017740108041133,0.7640960752485637,1,1
2022-07-20,model1,-1.1731081119433588,2.4410318626124146,0.2087397575837704,1,1
2022-07-21,model1,-2.648450152759685,2.3035286684697236,-1.337838846673635,-1,-1
2022-07-22,model1,-3.3545352236213635,0.20249527152470156,1.3949483260833433,1,1
2022-07-25,model1,-4.14984462585034,-3.2791840960837866,2.6863699653795114,1,1
2022-07-26,model1,-2.8616396740362813,-3.768596372941311,1.7776172286715832,1,1
2022-07-27,model1,-2.7289862753968257,-2.3734802038920315,-1.2624627704098237,-1,-1
2022-07-28,model1,-2.5054855256501183,0.30740120051973313,-2.4573806546650574,-1,-1
2022-07-29,model1,-4.28016549787234,-0.21400695669283495,-1.2532718150096538,-1,-1
2022-08-01,model1,-6.3889772254085715,-1.1200412540100881,-1.2027774302189784,-1,-1
2022-08-02,model1,-10.563078927536232,-3.797822186366967,-1.4963207697707817,-1,-1
2022-08-03,model1,-14.55887381642512,-6.514666633485812,-1.2789504417700424,-1,-1
2022-08-04,model1,-14.17690229314421,-7.856222868226998,1.7235277580220956,1,1
2022-08-05,model1,-7.636460557033097,-4.87721339241472,3.561432260298835,1,1
2022-08-08,model1,-0.959509831409514,-0.10016713918474511,1.899904472393608,1,1
2022-08-09,model1,1.5107917672902496,2.931445608161482,-0.5613111486464635,-1,-1
2022-08-10,model1,-0.6936009833136151,2.8553426657291,-2.1282898081714827,-1,-1
2022-08-11,model1,-0.7796748200483089,3.1525746480939407,-0.38330581909953443,-1,-1
2022-08-12,model1,0.8232281419698314,3.4833384230432505,1.2721391870688306,1,1
2022-08-15,model1,2.7142599047619047,3.5771578544270715,1.7972123314082524,1,1
2022-08-16,model1,1.6348632380952381,2.537169202300199,-0.03940801453979392,-1,-1
2022-08-17,model1,0.677305484410431,1.8634251243798061,-0.2838136757644144,-1,-1
2022-08-18,model1,-0.7942313972222221,0.886457418663206,-0.494569175916053,-1,-1
2022-08-19,model1,-0.8047023833333333,-1.2410367350837979,2.117023167635893,1,1
2022-08-22,model1,-0.7072859249999999,-1.6788618362785745,0.5352415595281101,1,1
2022-08-23,model1,0.17536354166666676,-1.1655747254775046,0.36936235586559674,1,1
2022-08-24,model1,-0.39401959467120173,-1.0200682305190532,-0.71488963129632,-1,-1
2022-08-25,model1,-0.9285183673469387,-2.342519571370041,0.7879525681752507,1,1
2022-08-26,model1,-1.5165187928788535,-3.8023590634629003,0.8718390665609447,1,1
2022-08-29,model1,0.2107664785062963,-1.851454968186636,-0.22361882389111454,-1,-1
2022-08-30,model1,0.35805042408452753,0.26325198971536556,-1.96742301232377,-1,-1
2022-08-31,model1,1.9613490809089595,1.5969804325414738,0.2695702139983238,1,1
2022-09-01,model1,2.5435551801997396,0.3681751307589301,1.8110114010733238,1,1
2022-09-02,model1,0.6882352525691129,-1.290306735623444,-0.19683806124825276,-1,-1
2022-09-05,model1,-1.5748227120567375,-1.4804679334331634,-2.0728967668161307,-1,-1
2022-09-06,model1,-2.8207389747764418,0.3475123117775647,-3.0738965079304323,-1,-1
2022-09-07,model1,-0.38504109504830925,2.141836031101115,0.641374160404582,1,1
2022-09-08,model1,1.4303017588523996,2.7250483808356702,1.2321305041661537,1,1
2022-09-09,model1,4.267004648345154,2.60447781024575,2.957273460082674,1,1
2022-09-13,model1,4.539190505771457,1.4958571308018416,1.3808065368702123,1,1
2022-09-14,model1,5.718544619246635,1.2734091048136686,1.4018021394633506,1,1
2022-09-15,model1,3.706484133135523,-1.142412950841037,0.4037615695435939,1,1
2022-09-16,model1,0.6749171562647748,-4.386950912825587,0.21297098511380153,1,1
2022-09-19,model1,-3.3028470281323883,-8.645442857887689,0.28072776066493876,1,1
2022-09-20,model1,-6.010991206136922,-10.210449143777566,-1.1431378921146567,-1,-1
2022-09-21,model1,-6.538484600581367,-7.595836065727997,-3.1421064724940146,-1,-1
2022-09-22,model1,-5.626214384920636,-3.6399136366945264,-3.043652213372739,-1,-1
2022-09-23,model1,-5.0617282624716555,-1.8279460620397268,-1.2474814522058193,-1,-1
2022-09-26,model1,-4.259788468027211,-2.9454578465515113,1.919451578956229,1,1
2022-09-27,model1,-2.619133502040817,-2.5244298360841664,1.219626955519049,1,1
2022-09-28,model1,-1.23967263537415,-1.983280616829396,0.8383116474118966,1,1
2022-09-29,model1,-0.9903009687074832,-1.5916095649693316,-0.14229938519339747,-1,-1
2022-09-30,model1,-2.2854618388888888,-3.4183393768663777,0.5315689417156404,1,1
2022-10-10,model1,-5.117180256575963,-6.3618846665952065,0.11182687204175412,1,1
2022-10-11,model1,-7.814961142290248,-6.939623432710796,-2.120042119598695,-1,-1
2022-10-12,model1,-7.267067970068027,-4.401656563269891,-1.9900736972186834,-1,-1
2022-10-13,model1,-4.690481057345491,0.9273226904441044,-2.7523923409914604,-1,-1
2022-10-14,model1,0.8670404505910166,6.554114739565965,-0.06927054118535292,-1,-1
2022-10-17,model1,4.756025359434554,12.10445784922583,-1.6613582008163266,-1,-1
2022-10-18,model1,4.84496370606576,12.669753045132262,-0.47635684927522703,-1,-1
2022-10-19,model1,1.7665343561839626,8.676030690310274,0.9152930049401906,1,1
2022-10-20,model1,-2.3406547030141844,1.4916364865193552,3.0772051445927717,1,1
2022-10-21,model1,-3.165260425531915,-2.5181008345729237,3.1851315985745488,1,1
2022-10-24,model1,-4.326723631205674,-5.699903350581753,2.0203393103350704,1,1
2022-10-25,model1,-5.619368764184397,-7.64786340756181,0.6553149240013338,1,1
2022-10-26,model1,-5.625540395390071,-5.6117973582785305,-2.0422376804889533,-1,-1
2022-10-27,model1,-3.072646354573744,-1.5920125902257223,-1.4668907272364815,-1,-1
2022-10-28,model1,-2.806036720220003,0.14365887034775401,-1.4690618262197352,-1,-1
2022-10-31,model1,-3.5814273469387756,-0.6278687433307751,-0.0038630130402435015,-1,-1
2022-11-01,model1,-2.682613454421769,-0.24776276417181867,0.5187079133580501,1,1
2022-11-02,model1,0.964267906122449,2.2155327703630205,1.183585826009379,1,1
2022-11-03,model1,4.822025053231293,5.570429518588559,0.502860398883306,1,1
2022-11-04,model1,8.670991977040815,10.239704683532336,-0.8203082411342555,-1,-1
2022-11-07,model1,11.139150004251702,13.417913098337104,-0.7100503875938813,-1,-1
2022-11-08,model1,10.535190408163265,11.801797537439151,1.0121559648095158,1,1
2022-11-09,model1,5.835212160949486,6.340612314335469,0.7612069758899036,1,1
2022-11-10,model1,1.1193565555073095,1.7973982011005056,-0.17264149220721325,-1,-1
2022-11-11,model1,-1.3307737789598106,-0.42977112193084527,-0.2229610114357694,-1,-1
2022-11-14,model1,-2.298202655555555,-2.236901236392976,0.8397012378663862,1,1
2022-11-15,model1,-0.22644012222222187,-1.6043463094855486,1.4392076064259058,1,1
2022-11-16,model1,1.4665446694444444,-0.424895218143595,0.5135337003247127,1,1
2022-11-17,model1,3.16721234036643,1.7900648727019675,-0.5142924199235772,-1,-1
2022-11-18,model1,0.9749517375886526,1.0304138435608632,-1.4326095736366729,-1,-1
2022-11-21,model1,-0.6766118424940898,0.7388333706034307,-1.35998310712531,-1,-1
2022-11-22,model1,-1.7522307134160757,-0.5238650328810006,0.18707953256244525,1,1
2022-11-23,model1,-1.419804510638298,-1.4593825969160885,1.2679437668128657,1,1
2022-11-24,model1,-2.3178294722222224,-2.773916613681607,0.4165090551815942,1,1
2022-11-25,model1,-2.7043786722222216,-2.9791890493113917,-0.18127676437021467,-1,-1
2022-11-28,model1,-2.4388334287439615,-1.9562136107149,-0.7574301951182316,-1,-1
2022-11-29,model1,0.44285204347826096,1.3326058702373205,-0.40713400872999816,-1,-1
2022-11-30,model1,3.3426269229108847,3.409591555693131,0.8227891939768135,1,1
2022-12-01,model1,3.7951997460992906,3.468404245300105,0.3937601335814316,1,1
2022-12-02,model1,2.322291006968856,1.2604746353674228,0.7350208708022477,1,1
2022-12-05,model1,0.5320515275362321,0.2162944512524814,-0.7460592953176826,-1,-1
2022-12-06,model1,0.587355591425121,-0.031108441863264873,0.3027069570046351,1,1
2022-12-07,model1,1.0143043305555557,0.12910660300115392,0.26673369426601595,1,1
2022-12-08,model1,0.5181740053854876,-0.5227788896594281,0.155755167490514,1,1
2022-12-09,model1,0.8207030464611377,-1.3671508343202345,1.1469009857364565,1,1
2022-12-12,model1,0.760469379794471,-2.3222992381144323,0.8949147371275311,1,1
2022-12-13,model1,0.158895298161818,-2.5278307005002834,-0.39604261924680195,-1,-1
2022-12-14,model1,-1.2948488095238095,-2.5965035732885053,-1.3850712348974055,-1,-1
2022-12-15,model1,-2.311879676190476,-2.1520400449114923,-1.4614943950436794,-1,-1
2022-12-16,model1,-1.093999602721088,-1.6172333084237263,0.6830733369816218,1,1
2022-12-19,model1,-1.2695923999999998,-1.887870016404434,0.09504391070179596,1,1
2022-12-20,model1,-1.2721321795918363,-2.7733115265328685,0.882901730536598,1,1
2022-12-21,model1,-3.221804979591836,-4.755144122929451,0.03215979639658273,1,1
2022-12-22,model1,-5.871180657369614,-7.706224743248703,0.3017049425414746,1,1
2022-12-23,model1,-5.505183483333333,-8.61657839019046,1.2763508209780374,1,1
2022-12-26,model1,-3.948223205782313,-6.69997178900146,-0.35964632363797966,-1,-1
2022-12-27,model1,-0.169347928004535,-2.278927333808651,-0.642169177415032,-1,-1
2022-12-28,model1,1.712772396069539,0.3393189292676447,-0.7361259390022217,-1,-1
2022-12-29,model1,2.5918948518518516,0.669537510151475,0.5489038748984825,1,1
2022-12-30,model1,1.9521315185185184,-0.04721868843008514,0.0769928652482269,1,1
2023-01-03,model1,1.5119949727891158,0.5197541750335531,-1.007109409193041,-1,-1
2023-01-04,model1,1.3262144550586195,1.3925961848968205,-1.0586225275937635,-1,-1
2023-01-05,model1,2.628953691169731,3.275123982652256,-0.5797885616443239,-1,-1
2023-01-06,model1,3.6699781809656487,3.221549751485435,1.0945987209627384,1,1
2023-01-09,model1,5.238777990362812,2.570077920725929,2.2202716401566693,1,1
2023-01-10,model1,4.438815693027211,0.7969750883007789,0.973140535089549,1,1
2023-01-11,model1,1.6771279260943508,-1.4575834469003581,-0.5071292317317226,-1,-1
2023-01-12,model1,-1.5635229370008876,-3.62807163386398,-1.0701626761316168,-1,-1
2023-01-13,model1,-1.5564020526471458,-3.7837362668085324,0.16278551729829438,1,1
2023-01-16,model1,0.37709425170068034,-1.4991646135734678,-0.3510753488872387,-1,-1
2023-01-17,model1,2.2526981009070295,1.2047806730960056,-0.8283414374631239,-1,-1
2023-01-18,model1,2.012119987922705,2.9005908015803725,-1.9363882414686913,-1,-1
2023-01-19,model1,2.037915196256039,4.466207532682376,-1.53982152276867,-1,-1
2023-01-20,model1,2.2660896347903177,5.568651337606668,-0.874269366390013,-1,-1
2023-01-30,model1,0.2906656579787234,4.426006833802391,-0.832779473007317,-1,-1
2023-01-31,model1,-2.4634184959328413,2.524571229592049,-0.8526485497012226,-1,-1
2023-02-01,model1,-4.460588012244898,2.114925678679968,-1.587523965399976,-1,-1
2023-02-02,model1,-4.0648801994789405,2.650508802557393,-0.13987531111146723,-1,-1
2023-02-03,model1,-4.788982087234042,2.127269387776806,-0.20086247297451454,-1,-1
2023-02-06,model1,-6.60845521240411,0.1813760897332608,0.1264201728734775,1,1
2023-02-07,model1,-7.77271801776266,-0.5673442964013552,-0.4155424192239344,-1,-1
2023-02-08,model1,-8.950496420540437,-1.9425571127278858,0.19743441354875335,1,1
2023-02-09,model1,-5.584861550925925,-1.1522032864394625,2.575281043326089,1,1
2023-02-10,model1,-2.7881274079457365,-0.5961194883091865,2.2406503448499127,1,1
2023-02-13,model1,1.0538300196547363,1.5412211181333906,1.704616821157896,1,1
2023-02-14,model1,1.1138512696547362,1.8422102513571696,-0.24096788322377916,-1,-1
2023-02-15,model1,0.4103297192671396,1.154687078962385,-0.01599837799281212,-1,-1
2023-02-16,model1,-1.1000623374704492,-1.4535994284442586,1.0978944506690547,1,1
2023-02-17,model1,-4.13995219858156,-4.758235833210457,0.26474654365508776,1,1
2023-02-20,model1,-3.2641235319148936,-4.4282977828354655,0.545890616291675,1,1
2023-02-21,model1,-0.5343460851063829,-1.6452831876358094,-0.053237148391145794,-1,-1
2023-02-22,model1,2.592387520335794,2.1204331178396085,-0.6389827000332406,-1,-1
2023-02-23,model1,1.9807299647802383,2.280651933821668,-0.7718763715376153,-1,-1
2023-02-24,model1,-1.5793735147392285,0.664325634376474,-1.9437771800742722,-1,-1
2023-02-27,model1,-4.4750961981955895,-2.0743390411554405,-0.15705800792444657,-1,-1
2023-02-28,model1,-4.1069709324951065,-2.4897954871809724,0.7835817117260149,1,1
2023-03-01,model1,-0.9769092969472709,-1.123674210184373,1.7639403585512363,1,1
2023-03-02,model1,2.6566710310669133,0.8333408406630843,1.6765652771667265,1,1
2023-03-03,model1,4.505523254255319,1.4903793770968672,1.1918136867546232,1,1
2023-03-06,model1,2.597146183333334,0.6910339199406527,-1.109031613765771,-1,-1
2023-03-07,model1,-1.2632349999999997,-2.1227410109881055,-1.0466062524045756,-1,-1
2023-03-08,model1,-5.879239800000001,-3.3647432034418077,-3.3740026075462985,-1,-1
2023-03-09,model1,-9.644210438888889,-4.319220191758361,-2.8104936505723352,-1,-1
2023-03-10,model1,-12.46727743888889,-3.9944828241601917,-3.147804367598171,-1,-1
2023-03-13,model1,-10.428175238888889,-3.6363375709098444,1.6809569467496548,1,1
2023-03-14,model1,-6.1677174,-3.456670414142382,4.080790682121426,1,1
2023-03-15,model1,-1.9600418555555554,-1.9696566894743774,2.7206618197764394,1,1
2023-03-16,model1,-1.791004522222222,-2.7851166290249942,0.9844972728839503,1,1
2023-03-17,model1,-2.5058742874396134,-3.1027595617607315,-0.39722683248165414,-1,-1
2023-03-20,model1,-3.3917375652173916,-4.066505691303835,0.07788285176532517,1,1
2023-03-21,model1,-3.53823395410628,-2.956266325630932,-1.2567357545617917,-1,-1
2023-03-22,model1,-3.0402548236714977,-1.1673999581095642,-1.2908872370865851,-1,-1
2023-03-23,model1,-0.7472157570048309,1.3407195383625892,-0.2150804298054867,-1,-1
2023-03-24,model1,-0.26704413002070393,1.962725617657935,-0.14183445231121894,-1,-1
2023-03-27,model1,-0.633263973015873,1.397963422288892,0.19854235237387408,1,1
2023-03-28,model1,-3.2304780893279297,-0.9077570820124897,-0.29149361201067503,-1,-1
2023-03-29,model1,-5.976265912457181,-3.9760480256022332,0.32250312046049245,1,1
2023-03-30,model1,-5.800771416992329,-5.139318918041608,1.338765387904227,1,1
2023-03-31,model1,-3.340286145124716,-3.512764409520818,0.8339307633468223,1,1
2023-04-03,model1,-0.2116722267573695,-0.35390705211347195,-0.030243439039999043,-1,-1
2023-04-04,model1,2.2170971609977324,1.3527770162065542,0.7220853194350756,1,1
2023-04-06,model1,2.4414338503401356,1.2519977882804765,0.325115917268481,1,1
2023-04-07,model1,3.2730996598639455,1.0636679805452447,1.0199956172590416,1,1
2023-04-10,model1,1.6605608843537416,0.39268721364998643,-0.9415580086149455,-1,-1
2023-04-11,model1,1.012929333900227,-0.05377332678551746,-0.20117101001801074,-1,-1
2023-04-12,model1,-0.6278153784013604,-0.8017037925170104,-0.8928142465700943,-1,-1
2023-04-13,model1,-0.5566358749999999,-0.9437813590727985,0.21325706995714855,1,1
2023-04-14,model1,0.02679364332151324,-1.088514365905015,0.7281625251537296,1,1
2023-04-17,model1,2.207285838616298,-0.43988503522145944,1.5318628646112293,1,1
2023-04-18,model1,4.056882199727409,-0.4078591409685064,1.8175704668581578,1,1
2023-04-19,model1,2.935090598072563,-0.9810358811751186,-0.5486148614482337,-1,-1
2023-04-20,model1,0.15272330555555547,-2.946134033490072,-0.817269140202054,-1,-1
2023-04-21,model1,-4.4635739222222215,-6.29044154054058,-1.2719897207272686,-1,-1
2023-04-24,model1,-9.1470504,-10.35394611880408,-0.6199718995142778,-1,-1
2023-04-25,model1,-12.835577455555557,-14.355122618174775,0.31264944381513793,1,1
2023-04-26,model1,-11.051855815839241,-11.82630563692227,-0.7450953415361905,-1,-1
2023-04-27,model1,-5.6498517491725755,-6.673157978404799,0.2488564081491953,1,1
2023-04-28,model1,0.9540123730496468,0.19515420990257093,-0.2644480660851469,-1,-1
2023-05-04,model1,4.641380400000002,3.5555517234585126,0.3269705133944134,1,1
2023-05-05,model1,5.353345084353744,4.438688003598098,-0.1711715957858435,-1,-1
2023-05-08,model1,5.161746806802722,4.2042760503459204,0.04281367570115613,1,1
2023-05-09,model1,2.6271738775510216,1.4330887769104057,0.23661434418381377,1,1
2023-05-10,model1,0.7120253741496613,-0.24604942224940243,-0.23601030424155223,-1,-1
2023-05-11,model1,-2.608371681632652,-2.2732514302385876,-1.293195047793128,-1,-1
2023-05-12,model1,-6.819842219047618,-3.6579042863077667,-2.826817681345787,-1,-1
2023-05-15,model1,-5.616065552380952,-3.2233988914233636,0.7692712717822623,1,1
2023-05-16,model1,-3.972919789115645,-3.034083350543833,1.4538302223857769,1,1
2023-05-17,model1,-0.238788095238094,-1.4878484937003396,2.1878968370340575,1,1
2023-05-18,model1,-1.4652471428571416,-1.8568037248942666,-0.8575038164251205,-1,-1
2023-05-19,model1,-3.261725986394557,-1.6236311515447115,-2.0296514168869706,-1,-1
2023-05-22,model1,-3.0108267086409017,-1.8956811199469505,0.5229492461558942,1,1
2023-05-23,model1,-2.9823645753075687,-3.20711405191974,1.3398950653061223,1,1
2023-05-24,model1,-3.24842471136199,-5.633411337143108,2.1602371491689465,1,1
2023-05-25,model1,-4.566281482993197,-7.000820908779954,0.04955280000564022,1,1
2023-05-26,model1,-5.163294568707482,-5.703939897442086,-1.8938940970521534,-1,-1
2023-05-29,model1,-5.757014840816325,-3.680417681353232,-2.6172424881976974,-1,-1
2023-05-30,model1,-6.539923151927436,-1.7183219872593838,-2.745004005204959,-1,-1
2023-05-31,model1,-7.944221157879817,-1.015676698277124,-2.1069432949346414,-1,-1
2023-06-01,model1,-7.535790269444444,0.4966140294527867,-1.1038598392945373,-1,-1
2023-06-02,model1,-4.619053307993197,1.1645738847271698,2.2487771061768638,1,1
2023-06-05,model1,-1.8714672748299321,1.4190341790782437,2.493125738812191,1,1
2023-06-06,model1,-0.8668464365320596,-0.5393899277023997,2.963044945078516,1,1
2023-06-07,model1,-3.2985664003473727,-2.7025813618663643,-0.26852852965134844,-1,-1
2023-06-08,model1,-3.915120209871183,-4.516975056310809,1.1978398849206342,1,1
2023-06-09,model1,-2.9514939093935446,-3.600521782626116,0.04717302679294555,1,1
2023-06-12,model1,-0.8214949348072563,-1.7895980803833693,0.3190752723435415,1,1
2023-06-13,model1,1.0306473100907028,-0.058886414415515044,0.12143057893010467,1,1
2023-06-14,model1,1.2910598951247165,0.2883870642803419,-0.08686089366184319,-1,-1
2023-06-15,model1,1.4649756340136053,0.6467895189506465,-0.18448671578141584,-1,-1
2023-06-16,model1,0.9189046136054424,1.191710489346428,-1.0909919908039445,-1,-1
2023-06-19,model1,0.5997910231292519,1.286784080917503,-0.41418718204726546,-1,-1
2023-06-20,model1,-1.2201085352040815,-0.09232485482940378,-0.44079062258642643,-1,-1
2023-06-21,model1,-3.705470031802721,-3.7944175155272917,1.2167311640992482,1,1
2023-06-26,model1,-6.343062498469389,-7.863822577005775,1.4318125948118143,1,1
2023-06-27,model1,-6.185009140136056,-7.716270282393929,0.01050106372148818,1,1
2023-06-28,model1,-4.291061657142858,-5.213415059848756,-0.6089077395519764,-1,-1
2023-06-29,model1,-2.8585328789115656,-1.1257378737219503,-2.655148407895513,-1,-1
2023-06-30,model1,-2.4715426261337874,0.7275288685237403,-1.4662764894679126,-1,-1
2023-07-03,model1,-0.888162217970522,2.99684070719899,-0.6859314305119844,-1,-1
2023-07-04,model1,1.3550999342946397,4.272527447466935,0.9675754119972173,1,1
2023-07-05,model1,1.4470289549862496,3.10682933574773,1.2576271324108148,1,1
2023-07-06,model1,-1.5106942627008255,0.35152348976853914,-0.20241737170788454,-1,-1
2023-07-07,model1,-4.417408251700681,-2.0378958418640836,-0.5172946573672323,-1,-1
2023-07-10,model1,-4.953064691127516,-2.4824162178279496,-0.09113606346296876,-1,-1
2023-07-11,model1,-4.155113634389926,-1.1741492174550445,-0.510315943635316,-1,-1
2023-07-12,model1,-2.655933842553192,-0.6525163820410927,0.9775469564227824,1,1
2023-07-13,model1,-0.9666814167317996,0.06917591500877858,0.9675601287715212,1,1
2023-07-14,model1,-0.16098125124716603,-0.355749415217989,1.2306254957114011,1,1
2023-07-17,model1,-0.3015858049886626,-0.20445973677284046,-0.2918942321866451,-1,-1
2023-07-18,model1,-1.8326835204081637,-0.9502585739337768,-0.7852988782585648,-1,-1
2023-07-19,model1,-1.8988214569161002,-1.0644151151356647,0.04801860469395147,1,1
2023-07-20,model1,-2.559146303174604,-1.9575874233622341,0.23284746196806583,1,1
2023-07-21,model1,-3.404500293073594,-2.5316147492240026,-0.2713266640372216,-1,-1
2023-07-24,model1,-4.496150412121213,-2.8959847973130266,-0.7272800709585949,-1,-1
2023-07-25,model1,-2.3012118787878797,-1.0939898752945485,0.392943611314855,1,1
2023-07-26,model1,0.8729654148936165,0.4895735753131831,1.5906138430737646,1,1
2023-07-27,model1,2.3872709761181063,0.880343637116273,1.1235354994214,1,1
2023-07-28,model1,4.017037376118107,1.833722167814549,0.6763878693017242,1,1
2023-07-31,model1,4.4014597365868084,3.1684464778804142,-0.9503019495971634,-1,-1
2023-08-01,model1,5.4411012753623185,4.6088805367201795,-0.40079252006425525,-1,-1
2023-08-02,model1,3.4107347781400965,3.8103923849365113,-1.2318783454385538,-1,-1
2023-08-03,model1,3.1776361490362803,3.070874474516939,0.5064192813157562,1,1
2023-08-04,model1,2.3645127990362806,1.8648375921187765,0.39291353239816273,1,1
2023-08-07,model1,2.0408248554421764,0.6207346117940241,0.9204150367306481,1,1
2023-08-08,model1,0.401122334183673,-1.6876728368757143,0.6687049274112351,1,1
2023-08-09,model1,-0.2774014852607714,-3.5462915748322144,1.1800949185120557,1,1
2023-08-10,model1,0.06904116780045304,-3.5059569508209596,0.3061080290499697,1,1
2023-08-11,model1,-1.1909230238662136,-4.496053185593656,-0.26986795689397036,-1,-1
2023-08-14,model1,-2.017269482199547,-3.367878312556821,-1.9545213313701684,-1,-1
2023-08-15,model1,-3.55579067415459,-3.7231436142159464,-1.1832558902959174,-1,-1
2023-08-16,model1,-3.666155996376812,-3.2161487072691446,-0.6173602291690239,-1,-1
2023-08-17,model1,-1.9411086352657012,-2.0144336070147655,0.5233322608567317,1,1
2023-08-18,model1,-1.5562965589569167,-1.7980707716174489,0.16844924091146796,1,1
2023-08-21,model1,-1.9123293700680282,-2.2779151507818542,0.12381156805329385,1,1
2023-08-22,model1,-3.868085897845806,-4.782816172161511,0.5491444936018792,1,1
2023-08-23,model1,-6.222423505555557,-7.643122525138274,0.5059687452670123,1,1
2023-08-24,model1,-5.688686972222222,-8.444982318645385,1.3355963268404452,1,1
2023-08-25,model1,-4.465221676328503,-8.647000367955277,1.4254833452036113,1,1
2023-08-28,model1,-2.470180898550726,-8.772901984101322,2.1209423939238223,1,1
2023-08-29,model1,-1.537140098550726,-6.08305611689265,-1.7568050672086721,-1,-1
2023-08-30,model1,-2.1723295129251716,-4.024520784046419,-2.693724747220677,-1,-1
2023-08-31,model1,-2.655270234013607,-1.1234630766405325,-3.383998428494322,-1,-1
2023-09-01,model1,-2.842268979591838,-1.5156160605141984,0.20515423829543478,1,1
2023-09-04,model1,-1.628771333333335,-0.5843650510216603,0.28224663676596506,1,1
2023-09-05,model1,0.22091305442176723,0.2372379513796158,1.028081385353826,1,1
2023-09-06,model1,1.7753962517006787,1.0774751545971881,0.7142459940613392,1,1
2023-09-07,model1,0.9562324786510338,-1.3671041489433533,1.6254155304908964,1,1
2023-09-08,model1,-1.3361455000723703,-2.8204146584086356,-0.8390674692581219,-1,-1
2023-09-11,model1,-2.0273425778600074,-2.7086734055176955,-0.8029383306785771,-1,-1
2023-09-12,model1,-1.567595943699251,-0.8446902393581857,-1.4042365319987535,-1,-1
2023-09-13,model1,0.09250490169081971,-0.10682348270903752,0.9222340887409226,1,1
2023-09-14,model1,-0.44283317500000147,-1.5472172611769464,0.9050557017770877,1,1
2023-09-15,model1,-2.6360284361111126,-3.5146775226867724,-0.22573499960128518,-1,-1
2023-09-18,model1,-1.972924033274233,-2.9253177497961027,0.0737446299462099,1,1
2023-09-19,model1,-1.6776814638297886,-2.26548577881238,-0.3645894015392783,-1,-1
2023-09-20,model1,-0.11976099580257804,-1.4971463092919663,0.789580998506797,1,1
2023-09-21,model1,-1.7564403486394575,-2.9893130384719107,-0.14451262365693518,-1,-1
2023-09-22,model1,-1.211803481972791,-2.2577798254065526,-0.18689634639869146,-1,-1
2023-09-25,model1,-0.3871218833333352,-1.3352085132090925,-0.09788971355800435,-1,-1
2023-09-26,model1,-0.08016058231292715,-0.49971318689330263,-0.5285340252953818,-1,-1
2023-09-27,model1,-1.9033364965986415,-0.986393070453214,-1.336496030725803,-1,-1
2023-09-28,model1,-4.51352755102041,-0.9124115241575691,-2.684172600717413,-1,-1
2023-10-09,model1,-4.9944819075963744,-0.796461586157931,-0.596904294575603,-1,-1
2023-10-10,model1,-6.470902993310659,-1.992220499497946,-0.2806621723742697,-1,-1
2023-10-11,model1,-7.285424605555558,-3.507904905145049,0.7011627934022047,1,1
2023-10-12,model1,-6.714975577777781,-3.2486174498832914,0.31116157251601884,1,1
2023-10-13,model1,-4.5172764589372,-2.635322077579881,1.5844037465371708,1,1
2023-10-16,model1,-3.101497444752803,-2.7301880624907184,1.5106449990952342,1,1
2023-10-17,model1,-1.7812230003083587,-3.0965701052198007,1.6866564871735268,1,1
2023-10-18,model1,-0.8785986524822714,-4.7309777151524735,2.53703195775876,1,1
2023-10-19,model1,-2.6723033333333355,-6.755873316527044,0.23119092052350654,1,1
2023-10-20,model1,-6.231527730496456,-8.855677530217251,-1.459420183472913,-1,-1
2023-10-23,model1,-10.005317597163122,-10.769584658318132,-1.8598827385657852,-1,-1
2023-10-24,model1,-8.057740150354613,-8.856205873270094,0.03419866176047037,1,1
2023-10-25,model1,-6.158582553191493,-6.7180301075369195,-0.23901816857005365,-1,-1
2023-10-26,model1,-1.9874831627153011,-1.7746752078541548,-0.7722555092065733,-1,-1
2023-10-27,model1,1.7346498765872989,2.631955529721527,-0.6844976982730824,-1,-1
2023-10-30,model1,5.945179940476188,7.411819423159007,-0.5693338295485901,-1,-1
2023-10-31,model1,7.17462333333333,8.978786259001678,-0.33752344298552917,-1,-1
2023-11-01,model1,4.789650602324261,6.629945000235094,-0.03613147224248525,-1,-1
2023-11-02,model1,0.5832976162131498,1.0173742908687018,1.4062177232552813,1,1
2023-11-03,model1,-1.547559450113381,-1.8936229975690193,0.7801402221111902,1,1
2023-11-06,model1,-1.0559242800453537,-1.9795248349149739,0.5775370074139818,1,1
2023-11-07,model1,0.7799523809523787,-0.36318913208765763,0.2195409581704162,1,1
2023-11-08,model1,1.7597874525980581,0.03901101120260131,0.5776349283554205,1,1
2023-11-09,model1,2.2537827587205075,-0.47445074894449285,1.0074570662695435,1,1
2023-11-10,model1,1.8166813014264787,-1.2272945799184796,0.31574237367995783,1,1
2023-11-13,model1,-0.18912118518518714,-1.2628151185615624,-1.970281947968583,-1,-1
2023-11-14,model1,-2.227515444846498,-0.6210421764437598,-2.6801672017791134,-1,-1
2023-11-15,model1,-3.395621815216869,-0.1642162620174984,-1.624932284796632,-1,-1
2023-11-16,model1,-4.845333039706665,-1.1870212240602867,-0.42690626244700747,-1,-1
2023-11-17,model1,-5.144246455782315,-1.95524527030108,0.4693106301651433,1,1
2023-11-20,model1,-4.049048755299223,-1.3739594462215947,0.5139118764036064,1,1
2023-11-21,model1,-1.6020855116381227,-0.056789251954832996,1.1297930493943387,1,1
2023-11-22,model1,-1.2900940104560894,-0.7999397979127805,1.0551420471399808,1,1
2023-11-23,model1,-1.2541355442725146,-0.5559418345874388,-0.20803949714176684,-1,-1
2023-11-24,model1,-1.8146601832151321,-0.36394772476063314,-0.7525187487694232,-1,-1
2023-11-27,model1,-2.622233489952721,0.35274476828057816,-1.5242657997788003,-1,-1
2023-11-28,model1,-3.8104037677304987,0.31055742789615476,-1.145982937393354,-1,-1
2023-11-29,model1,-5.500279183333336,-0.3716394672720937,-1.0076785204345888,-1,-1
2023-11-30,model1,-5.531424600000002,-0.8743344273275232,0.47154954338876354,1,1
2023-12-01,model1,-5.445327967346941,-1.4535673376247633,0.6653295429503011,1,1
2023-12-04,model1,-5.199446666666669,-1.7064232712933125,0.4987372343488208,1,1
2023-12-05,model1,-6.932236666666669,-3.6749982002559634,0.23578492896265124,1,1
2023-12-06,model1,-7.463784965986396,-4.335204433014584,0.12865793343889376,1,1
2023-12-07,model1,-6.435095578231294,-4.067858462414479,0.7613434171549969,1,1
2023-12-08,model1,-3.007591578231295,-1.9119110812070115,1.2715566187925318,1,1
2023-12-11,model1,-0.3867617823129275,0.18238302892288294,0.5265356857884731,1,1
2023-12-12,model1,2.725935329251698,2.4541077891182153,0.8409723513692935,1,1
2023-12-13,model1,3.790545387222713,3.011946589798708,0.5067712572905219,1,1
2023-12-14,model1,2.6051088579710124,0.35158244163814684,1.4749276189088607,1,1
2023-12-15,model1,-2.3143188086956545,-4.556583701512314,-0.011261523516206573,-1,-1
2023-12-18,model1,-6.039803410884356,-10.279725512651062,1.9976572089500468,1,1
2023-12-19,model1,-7.5826991775510235,-13.562785736542624,1.7401644572248944,1,1
2023-12-20,model1,-7.143272210884356,-15.435848169354651,2.312489399478695,1,1
2023-12-21,model1,-3.1597996258503422,-10.454043899255963,-0.9983316850646751,-1,-1
2023-12-22,model1,0.47994516581632407,-6.6877168831264475,-0.12658222446284872,-1,-1
2023-12-25,model1,4.613908754251699,-2.0346215535558665,-0.5191317411352063,-1,-1
2023-12-26,model1,3.820643102324261,-2.365160787861226,-0.4627264176220782,-1,-1
2023-12-27,model1,2.0894627154194994,-2.128353405091356,-1.9679877696746315,-1,-1
2023-12-28,model1,1.0969713548752813,-0.784938021727087,-2.3359067439084873,-1,-1
2023-12-29,model1,2.0543368599257863,2.1951106639097695,-2.022683180586352,-1,-1
2024-01-02,model1,1.6786431184291875,3.8650347281786304,-2.0456178057654597,-1,-1
2024-01-03,model1,1.1394166558441534,4.179242339886574,-0.853434074292978,-1,-1
2024-01-04,model1,-0.330284897959186,2.0968208484158506,0.6127199376673844,1,1
2024-01-05,model1,-1.005159591836737,-1.485574516034277,2.907520670572577,1,1
2024-01-08,model1,-4.730467123809526,-8.323179263076199,3.112297215069132,1,1
2024-01-09,model1,-7.128331648342743,-12.166989886944917,1.445946099335501,1,1
2024-01-10,model1,-9.222450287798525,-12.801219182404779,-1.4598893439959193,-1,-1
2024-01-11,model1,-5.928310954465193,-6.915741904751126,-2.591337944320321,-1,-1
2024-01-12,model1,-2.0688972561791403,-1.8493481991339076,-1.206980007331166,-1,-1
2024-01-15,model1,3.1853512472222203,2.009067714510909,1.3958325897565436,1,1
2024-01-16,model1,6.720489513888887,1.873089276986641,3.6711167041909345,1,1
2024-01-17,model1,5.234956333333332,-1.4180253253393291,1.8055814217704151,1,1
2024-01-18,model1,3.3383108911564605,-4.139661032551199,0.824990265034999,1,1
2024-01-19,model1,1.092439938775508,-6.825218919050855,0.4396869341187033,1,1
2024-01-22,model1,1.4532731387755078,-8.634968831447107,2.170583112396252,1,1
2024-01-23,model1,1.5105923490683206,-7.129103103218784,-1.4485465179355101,-1,-1
2024-01-24,model1,1.6024944347826064,-3.954257446357282,-3.082943571147217,-1,-1
2024-01-25,model1,3.9218148347826065,2.1017000913221273,-3.7366371376794096,-1,-1
2024-01-26,model1,7.329647461224487,5.402898181587902,0.10663453617610585,1,1
2024-01-29,model1,8.987455327891153,4.849964168394746,2.210741879859822,1,1
2024-01-30,model1,6.555025467021589,0.9616506405610771,1.4558836669641049,1,1
2024-01-31,model1,1.1798058085748764,-6.2780250975132645,1.8644560796276286,1,1
2024-02-01,model1,-3.0685614907448517,-11.21277903537707,0.6863866385440769,1,1
2024-02-02,model1,-5.308290144768903,-15.84226162267104,2.38975393326992,1,1
2024-02-05,model1,-3.8830622142133477,-17.593157200424383,3.1761235083088972,1,1
2024-02-06,model1,-0.4802937148936201,-11.76280688977146,-2.4275818113331953,-1,-1
2024-02-07,model1,4.971739696598636,-2.61948985232323,-3.6912836259559727,-1,-1
2024-02-08,model1,8.35919027815892,5.769873636944447,-5.001912907707393,-1,-1
2024-02-19,model1,8.711607016934432,4.64200573895248,1.480284636767479,1,1
2024-02-20,model1,7.257426540743954,2.301771038477287,0.8860542242847154,1,1
2024-02-21,model1,6.614791361961449,1.1139292227297806,0.545206636965001,1,1
2024-02-22,model1,8.22848789540816,2.9003227027783396,-0.1726969466018482,-1,-1
2024-02-23,model1,9.917649051870745,5.08300963728862,-0.4935257780476947,-1,-1
2024-02-26,model1,7.377100515759634,6.291995645071274,-3.7495345438937653,-1,-1
2024-02-27,model1,4.824897985566397,8.385724753923773,-4.6459316390457355,-1,-1
2024-02-28,model1,1.3384867809178713,5.904367163434203,-1.0050536141589559,-1,-1
2024-02-29,model1,1.9202956557478033,4.293306401121277,2.1928696371428575,1,1
2024-03-01,model1,1.8173738973922875,1.4396179839710512,2.75076665879471,1,1
2024-03-04,model1,2.7956504614019493,1.7706790066840379,0.6472155412966751,1,1
2024-03-05,model1,3.73120978112984,0.9113573366493878,1.7948809897625408,1,1
2024-03-06,model1,2.7062621307897046,0.11662013848327014,-0.23021045217401792,-1,-1
2024-03-07,model1,1.288825374699664,-1.5359660060570202,0.2351493884502498,1,1
2024-03-08,model1,-0.7375906652482298,-1.3637115890732179,-2.1986704569316964,-1,-1
2024-03-11,model1,-0.6564071645679578,-0.029941583335347428,-1.2525865050575984,-1,-1
2024-03-12,model1,0.20822952195686498,2.130299038913382,-1.2956039357239066,-1,-1
2024-03-13,model1,-0.8637049659863975,2.5795421636136426,-1.5211776126435232,-1,-1
2024-03-14,model1,-2.37490442176871,0.4915308167368064,0.5768118910945237,1,1
2024-03-15,model1,-2.9129430941091354,0.22128634995143592,-0.2677942055550549,-1,-1
2024-03-18,model1,-0.7930899811839659,1.3286885370152324,1.0124509258613732,1,1
2024-03-19,model1,0.5425434405847417,2.1095533423856563,0.5547686163982837,1,1
2024-03-20,model1,1.6374021292516978,2.1138856900957688,1.0905263409568438,1,1
2024-03-21,model1,0.855400292517004,0.06114006391201129,1.2707437894490639,1,1
2024-03-22,model1,-0.9156317687074859,-2.604342716608312,0.8944507192958335,1,1
2024-03-25,model1,-3.7778577551020436,-6.658313309128862,1.191744606125992,1,1
2024-03-26,model1,-3.9058707312925196,-9.034404079487773,2.2480777941684353,1,1
2024-03-27,model1,-2.9185507312925196,-11.352827238791654,3.3057431593038813,1,1
2024-03-28,model1,-0.5461587585034041,-8.192349206262035,-0.7880860597405039,-1,-1
2024-03-29,model1,0.8424347414965959,-4.253138115705305,-2.5506175905567305,-1,-1
2024-04-01,model1,3.25570787216553,2.3047487308663173,-4.144613715902688,-1,-1
2024-04-02,model1,4.044075967403625,4.582857916370028,-1.4897410902656154,-1,-1
2024-04-03,model1,3.736116668083897,5.792594684259001,-1.5176960672087012,-1,-1
2024-04-08,model1,1.7905779591836708,3.1828689510753563,0.6641870242834182,1,1
2024-04-09,model1,-0.42249120544217983,1.4502001209492514,-0.48040033449974584,-1,-1
2024-04-10,model1,-3.723158348299323,-1.207226786265773,-0.6432402356421187,-1,-1
2024-04-11,model1,-3.9639381146406425,0.13369488740261634,-1.581701440009709,-1,-1
2024-04-12,model1,-4.234863570196198,-0.15223447161891074,0.015003903465971913,1,1
2024-04-15,model1,-0.9390961280193265,0.6166553119894694,2.526877658568491,1,1
2024-04-16,model1,0.7411686111111081,-1.3765501983116153,3.673470249431519,1,1
2024-04-17,model1,4.515252074829929,-0.41388408267420207,2.8114173480814078,1,1
2024-04-18,model1,7.117508008163263,0.36453857500499237,1.8238332756541393,1,1
2024-04-19,model1,9.24199367482993,2.4102169828970124,0.0788072587746469,1,1
2024-04-22,model1,7.381327849999998,1.9137692534699877,-1.3642180954029068,-1,-1
2024-04-23,model1,3.5937366527777748,0.09986527694070031,-1.973687220692936,-1,-1
2024-04-24,model1,-0.3105260955215447,-0.569845241039936,-3.234552230318683,-1,-1
2024-04-25,model1,-0.7222703889998057,0.015641591171391855,-0.9972311256895887,-1,-1
2024-04-26,model1,0.8102351878142532,2.781169124732313,-1.2330219567468625,-1,-1
2024-04-29,model1,3.312661075002462,6.486400535934499,-1.2028055240139772,-1,-1
2024-04-30,model1,3.2161793962585006,7.686674076809202,-1.2967552196186638,-1,-1
2024-05-06,model1,2.367233483333331,7.3856902293211375,-0.5479620654371056,-1,-1
2024-05-07,model1,1.4666569969267111,4.521933492392811,1.963180250521707,1,1
2024-05-08,model1,0.7116077735707019,1.249550859590238,2.517333409446563,1,1
2024-05-09,model1,0.9748622579244435,0.282791514382263,1.2300138295617167,1,1
2024-05-10,model1,-0.0006868910117268645,-0.05495777100270708,-0.6377998635512001,-1,-1
2024-05-13,model1,1.5941510545665045,1.2077378082445451,0.33214236633097904,1,1
2024-05-14,model1,1.2608503785460963,0.43886563201406914,0.43557150021006774,1,1
2024-05-15,model1,-0.08661502777778092,-1.9415947757751633,1.0329950014653553,1,1
2024-05-16,model1,-2.9981353543083933,-5.751447487990483,0.8983323856847076,1,1
2024-05-17,model1,-2.9019292293083936,-5.573611124521772,-0.08163023846871154,-1,-1
2024-05-20,model1,-1.7040256669561478,-3.1311427148651254,-1.2445648473044009,-1,-1
2024-05-21,model1,0.8844753534520159,0.37799548142687217,-0.9206371758838339,-1,-1
2024-05-22,model1,2.1475634867853493,-0.08145880381548858,1.7225424185756943,1,1
2024-05-23,model1,1.8060590925170035,-2.257501730789095,1.8345385327052608,1,1
2024-05-24,model1,-0.7060408013605474,-4.862934753288321,0.09333312862167498,1,1
2024-05-27,model1,-3.1324371346938804,-5.584294517277773,-1.7050365693438803,-1,-1
2024-05-28,model1,-4.346746930612248,-5.837941814393804,-0.9606624988023373,-1,-1
2024-05-29,model1,-2.7702386693877585,-4.122378193847128,-0.13905535932218616,-1,-1
2024-05-30,model1,-2.7179764481111626,-3.7881263036648254,-0.28198966890570665,-1,-1
2024-05-31,model1,-3.2904486930091217,-2.712109122551366,-1.6484894260114187,-1,-1
2024-06-03,model1,-4.241096718772619,-3.0887071211122312,-0.5740500272026319,-1,-1
2024-06-04,model1,-2.8247892472955916,-1.7584560167000018,0.08605636706479802,1,1
2024-06-05,model1,-0.3092344853908295,-1.0524060530323174,1.8095047982370778,1,1
2024-06-06,model1,0.23137034025928868,-0.8118008846644577,0.2999996572822584,1,1
2024-06-07,model1,-1.8239951941610013,-3.2216187999324135,0.35445238084766606,1,1
2024-06-11,model1,-3.977501736111115,-3.577865344173748,-1.797259997708779,-1,-1
2024-06-12,model1,-4.676484236111115,-2.663181970053152,-1.613665874120596,-1,-1
2024-06-13,model1,-4.331019461111114,-1.833689303178217,-0.4840278918749339,-1,-1
2024-06-14,model1,-2.0893986277777814,-1.2633206029712525,1.6712521331263681,1,1
2024-06-17,model1,-0.4532213630385522,-0.19376698083189448,0.5666236425998712,1,1
2024-06-18,model1,1.9560391036281146,1.50970323423806,0.7057902515967123,1,1
2024-06-19,model1,2.579192771428568,0.3431418253461785,1.789715076692335,1,1
2024-06-20,model1,2.0681254372448947,-2.7374310859718567,2.569505577134362,1,1
2024-06-21,model1,0.1739872236394525,-5.152903829947893,0.5213345303705939,1,1
2024-06-24,model1,-0.6552463219387789,-7.264481674377312,1.282344298851188,1,1
2024-06-25,model1,-0.6261103482993231,-8.403419284205135,1.168073583467279,1,1
2024-06-26,model1,0.8316573387755067,-6.569596226604399,-0.37605537052590643,-1,-1
2024-06-27,model1,0.8989268693310623,-4.0738226590063995,-2.428504037042444,-1,-1
2024-06-28,model1,2.967538537358273,-1.2435820462991964,-0.761628944679992,-1,-1
2024-07-01,model1,4.788307597222219,-0.8900517961301633,1.4672388096949125,1,1
2024-07-02,model1,7.205139775510202,-0.3315288553670817,1.8583092375249013,1,1
2024-07-03,model1,5.605419808163263,-0.6771066237266257,-1.2541421989873949,-1,-1
2024-07-04,model1,1.8470188081632628,-3.643730609793126,-0.7917770139334999,-1,-1
2024-07-05,model1,-2.0963078585034043,-4.683893350066055,-2.9031639263937383,-1,-1
2024-07-08,model1,-3.3335690911564657,-5.927079908510623,0.005925325791507063,1,1
2024-07-09,model1,-1.7043249741496627,-3.5220037658843286,-0.7758320256194915,-1,-1
2024-07-10,model1,0.13574991700679986,-2.0695955377052146,0.38766666297734864,1,1
2024-07-11,model1,1.743461353741494,0.8354967504359806,-1.297380851406501,-1,-1
2024-07-12,model1,2.3975899700680245,1.6194619227425193,-0.1298365559800082,-1,-1
2024-07-15,model1,3.3704005891156434,1.1476722950161646,1.4446002467739736,1,1
2024-07-16,model1,5.262427731972786,0.08569322888785898,2.954006208985448,1,1
2024-07-17,model1,5.882359387755099,-1.5653225215189288,2.2709474061891006,1,1
2024-07-18,model1,6.4523146938775495,-0.562389992130124,-0.43297722326635446,-1,-1
2024-07-19,model1,7.204817728174601,1.2287630024797875,-1.0386499603128603,-1,-1
2024-07-22,model1,7.105518981612146,2.8302159139844645,-1.7007516580671316,-1,-1
2024-07-23,model1,4.09364156664616,0.44545457917694087,-0.6271160801584625,-1,-1
2024-07-24,model1,-0.24831031390939629,-3.9836909967048117,0.0871936953261967,1,1
2024-07-25,model1,-3.452143472108846,-6.362660905704935,-0.8248632491993266,-1,-1
2024-07-26,model1,-3.777819798639459,-3.983488804912396,-2.7048484273231517,-1,-1
2024-07-29,model1,-3.369333265306126,-0.7871187386529025,-2.787883532926161,-1,-1
2024-07-30,model1,-2.2829197959183705,1.4990102935647656,-1.1997155628299123,-1,-1
2024-07-31,model1,-0.759182312925173,3.540617942331654,-0.517870165773691,-1,-1
2024-08-01,model1,0.245880487074827,4.461387928941361,0.08429281339029271,1,1
2024-08-02,model1,0.45383028299319433,3.5819364906191855,1.0874012342405432,1,1
2024-08-05,model1,-1.102828085801132,-0.43371655528025865,2.4589946771051183,1,1
2024-08-06,model1,-3.4483202191344655,-2.701268845277422,-0.07793984333617043,-1,-1
2024-08-07,model1,-5.7072395076832185,-4.061265858344136,-0.8989222754820392,-1,-1
2024-08-08,model1,-5.323785583333336,-2.8614296031073416,-0.816382330886912,-1,-1
2024-08-09,model1,-5.026918903061227,-2.7100573676368644,0.1454944448016322,1,1
2024-08-12,model1,-4.456865192743767,-2.506343056335178,0.3663393990157733,1,1
2024-08-13,model1,-4.192166122448982,-2.658517316501272,0.4168733304608794,1,1
2024-08-14,model1,-3.503984761904764,-2.9400559182521597,0.9697199622951054,1,1
2024-08-15,model1,0.2162129999999974,-1.501741121936259,2.281882965588861,1,1
2024-08-16,model1,3.0973644025184512,-1.81703041695799,3.1964406975401847,1,1
2024-08-19,model1,6.672204810681716,-0.8998034767798572,2.657613467985132,1,1
2024-08-20,model1,5.768483783470832,-2.7625460996304194,0.9590215956396779,1,1
2024-08-21,model1,2.9128398384353713,-4.481199537498149,-1.1369905071677309,-1,-1
2024-08-22,model1,-0.9480463605442203,-7.899361948983824,-0.44272378749391716,-1,-1
2024-08-23,model1,-2.3809770567375916,-8.542405218033549,-0.789887427143646,-1,-1
2024-08-26,model1,-1.8203791400709248,-7.088595525111374,-0.8932117762555085,-1,-1
2024-08-27,model1,0.38041977999710214,-4.160546836482193,-0.7272497685611539,-1,-1
2024-08-28,model1,0.10330937006802425,-1.8154223785883812,-2.6222348678228897,-1,-1
2024-08-29,model1,-0.7888918965986423,0.20423740947760338,-2.9118610547326513,-1,-1
2024-08-30,model1,-1.0594174666666694,3.4960047435109325,-3.5622929041013562,-1,-1
2024-09-02,model1,-1.107670600000003,3.6875406901281784,-0.23978907995057952,-1,-1
2024-09-03,model1,-0.7658763401360572,2.9478667662213547,1.0814681837707694,1,1
2024-09-04,model1,-1.95681007057084,1.3084689275734103,0.44846410821316174,1,1
2024-09-05,model1,-1.5813320215912483,2.0804232995362786,-0.3964763229832766,-1,-1
2024-09-06,model1,-2.156989088862601,0.5713244897971917,0.9334417424677339,1,1
2024-09-09,model1,-3.6265067271353018,-2.0786014384728504,1.1804082899973416,1,1
2024-09-10,model1,-4.437807370559338,-5.021453642732237,2.1315515608353506,1,1
2024-09-11,model1,-3.3777107114512503,-5.251496148919516,1.2901391652953667,1,1
2024-09-12,model1,-2.1928035526728453,-4.075846826713841,0.009257836572729605,1,1
2024-09-13,model1,-1.8676917471172896,-3.571480754823229,-0.17925426633505603,-1,-1
2024-09-18,model1,-1.0722563460401922,-3.9480436881565626,1.171998334410431,1,1
2024-09-19,model1,0.5788377876984097,-2.986639221454389,0.6896896670364281,1,1
2024-09-20,model1,2.804838376587299,-1.8855115743323951,1.1248729417668955,1,1
2024-09-23,model1,4.054962839455779,-0.6587058685847624,0.023318757120847744,1,1
2024-09-24,model1,6.308356982312922,1.2138373072439719,0.3808509670284088,1,1
2024-09-25,model1,7.214882504535145,3.447449880314796,-1.327087050848602,-1,-1
2024-09-26,model1,8.75652632222222,7.052872658636207,-2.0637789606343357,-1,-1
2024-09-27,model1,8.532255492434984,10.00202268138291,-3.173420852533938,-1,-1
2024-09-30,model1,10.517077756028366,15.40605612811236,-3.4192111831360688,-1,-1
2024-10-08,model1,6.690551489361699,12.201391399698787,-0.6218615382530945,-1,-1
2024-10-09,model1,2.707805319148933,6.150464138832942,2.0681810906530793,1,1
2024-10-10,model1,-1.6906370666666701,-2.2201772114212646,3.972198964438604,1,1
2024-10-11,model1,-2.2770225333333367,-5.604265580328174,2.7977029022402427,1,1
2024-10-14,model1,-1.8045541333333368,-5.331391018722856,0.19959383839468225,1,1
2024-10-15,model1,-3.6471465333333364,-5.487094216799716,-1.6868892019231398,-1,-1
2024-10-16,model1,-4.140705533333336,-2.524883037179391,-3.4557701796203246,-1,-1
2024-10-17,model1,-6.522827470748303,-2.946639201641368,-1.96036577295299,-1,-1
2024-10-18,model1,-4.044493137414969,-0.8170949184062771,0.34879005009824304,1,1
2024-10-21,model1,-2.6031964040816358,0.5725345720293982,0.05166724289765812,1,1
2024-10-22,model1,0.8417933918367319,2.5640397586489443,1.4534846092988216,1,1
2024-10-23,model1,1.7076614237207899,3.2287009262219577,0.20120686431104462,1,1
2024-10-24,model1,1.360660157054123,2.5750919140771615,0.3066077454781293,1,1
2024-10-25,model1,0.23275236521738854,2.5628635796312147,-1.1156794573907876,-1,-1
2024-10-28,model1,-1.1545412277777807,2.804291708069389,-1.6287217214333436,-1,-1
2024-10-29,model1,-1.7586836563492092,1.9883197335001712,0.21182954599778925,1,1
2024-10-30,model1,-2.982444027777781,0.6221149633498981,0.14244439872170123,1,1
2024-10-31,model1,-5.465174861111113,-0.919016574452367,-0.9415992955310672,-1,-1
2024-11-01,model1,-4.653037446145127,-1.1852440903780923,1.0783649308917114,1,1
2024-11-04,model1,-1.7339974858276677,0.15006944672995148,1.5837264232094161,1,1
2024-11-05,model1,3.054817307256233,2.6001608940363794,2.3387233457774723,1,1
2024-11-06,model1,4.270278531746029,4.812620240297517,-0.9969981217713415,-1,-1
2024-11-07,model1,5.72558994285714,6.837878082356141,-0.5699464309475131,-1,-1
2024-11-08,model1,3.360995344217684,4.972701827109608,-0.4994183433929229,-1,-1
2024-11-11,model1,1.96717813333333,4.27317977938772,-0.6942951631624663,-1,-1
2024-11-12,model1,-1.5197817333333365,1.1335293079591489,-0.34730939523809523,-1,-1
2024-11-13,model1,-0.9216327129251735,0.17896574624204428,1.5527125821252676,1,1
2024-11-14,model1,-0.924889518480729,-1.939493017339223,2.115201958025712,1,1
2024-11-15,model1,-1.009461582248845,-4.542705911345286,2.518640830237947,1,1
2024-11-18,model1,-2.9937943033372805,-8.715056026254304,2.1880173938205827,1,1
2024-11-19,model1,-3.7474496746524735,-7.460964417447215,-2.007746980122282,-1,-1
2024-11-20,model1,-3.295605225068755,-3.42361491909077,-3.5855050487727262,-1,-1
2024-11-21,model1,-1.7435335243884824,1.6241223113899188,-3.495665529800416,-1,-1
2024-11-22,model1,-2.050181347517734,0.5733168889021348,0.7441575993585323,1,1
2024-11-25,model1,-3.5589334666666708,-2.0316698141951144,1.0962345839483123,1,1
2024-11-26,model1,-4.57428906666667,-4.742724800070821,1.6956993858757077,1,1
2024-11-27,model1,-1.7837597333333373,-2.8754974210029203,0.9233019542654319,1,1
2024-11-28,model1,1.573323121088432,-0.9500103040778276,1.4315957374966763,1,1
2024-11-29,model1,3.871933346938772,2.5543211304566453,-1.2057212086841331,-1,-1
2024-12-02,model1,4.388633041383216,4.821035361383803,-1.750014536482713,-1,-1
2024-12-03,model1,5.093490920294781,6.070406924521155,-0.5445136842257874,-1,-1
2024-12-04,model1,4.393260294444441,4.2962605588965515,1.0739157397742636,1,1
2024-12-05,model1,1.7623304333333298,1.376936914162588,0.28839378362285206,1,1
2024-12-06,model1,1.1135184047619013,0.842271516175515,-0.11414663058435548,-1,-1
2024-12-09,model1,1.9974783380952348,1.6910398168958036,0.03519163261304481,1,1
2024-12-10,model1,2.5882603714285684,0.5117480724534508,1.7700737777756863,1,1
2024-12-11,model1,0.5571501333333301,-0.8509519454206839,-0.6684102202211035,-1,-1
2024-12-12,model1,-0.4977003333333369,-0.7898407447282692,-1.1159616673590818,-1,-1
2024-12-13,model1,-0.915493533333337,-0.4115522329437571,-0.7960817117845123,-1,-1
2024-12-16,model1,-0.8418931591836771,-1.736009377038142,1.3980575182440447,1,1
2024-12-17,model1,-1.4950641620822278,-4.999140849360068,2.6099604694233753,1,1
2024-12-18,model1,-1.7311252176377832,-6.932382910022362,1.6971810051067384,1,1
2024-12-19,model1,-0.8337048973429986,-5.616310346948983,-0.4186522427785946,-1,-1
2024-12-20,model1,-1.1996349305555591,-2.434911738563826,-3.5473286415977174,-1,-1
2024-12-23,model1,-0.3266481944444478,-0.7675917385075923,-0.7943332639451225,-1,-1
2024-12-24,model1,1.2234129777777742,-0.1726657929244678,0.9551352266390977,1,1
2024-12-25,model1,3.631421102777774,-0.8347613899790524,3.0701037220545837,1,1
2024-12-26,model1,4.063129326984123,-0.0692598868740865,-0.33379327889861643,-1,-1
2024-12-27,model1,2.755785926984123,-0.24737712551664712,-1.1292261613574395,-1,-1
2024-12-30,model1,1.6057301333333298,-0.006968799466511587,-1.3904641197009289,-1,-1
2024-12-31,model1,0.11226942857142526,-1.3017974085338508,-0.1986320956945653,-1,-1
2025-01-02,model1,-2.9973623047619085,-4.501679203445739,0.09025006157855398,1,1
2025-01-03,model1,-7.605239311564628,-10.246842738950434,1.137286528701975,1,1
2025-01-06,model1,-11.78777731428572,-12.527536071683963,-1.901844669987562,-1,-1
2025-01-07,model1,-12.7074780952381,-10.335462467224975,-3.111774385411369,-1,-1
2025-01-08,model1,-10.558016734693883,-5.095990568962547,-3.0900105377182108,-1,-1
2025-01-09,model1,-7.903920465306126,-1.448300826217103,-0.993593473357687,-1,-1
2025-01-10,model1,-7.748828484353745,-2.3770793063518845,1.0838704610871626,1,1
2025-01-13,model1,-7.931818000000004,-1.8884131646362012,-0.6716556573619423,-1,-1
2025-01-14,model1,-4.613128800000005,0.2183688929977586,1.21190714236604,1,1
2025-01-15,model1,-0.3753328217687117,2.6079263761435425,1.8482384950855089,1,1
2025-01-16,model1,2.4219276491532744,2.974717705046773,2.4304691420187554,1,1
2025-01-17,model1,2.4513074858879684,2.2504519643450185,0.7536455774364486,1,1
2025-01-20,model1,1.5529301743233423,1.8933544533245825,-0.5412798005441901,-1,-1
2025-01-21,model1,-0.6196269632653101,0.9285408681159665,-1.2077435523800362,-1,-1
2025-01-22,model1,-4.639553066666671,-1.2682540346874338,-1.82313120059796,-1,-1
2025-01-23,model1,-6.320940361111114,-4.199998063761897,1.25035673463002,1,1
2025-01-24,model1,-4.611211905555559,-3.659806641199264,1.1695370329929213,1,1
2025-01-27,model1,-1.1569465722222254,-2.6053458439484047,2.3998045360824745,1,1
2025-02-05,model1,-0.351379544444448,-0.7733589389210649,-1.0264198772495625,-1,-1
2025-02-06,model1,-0.9600335722222257,-0.09997966024696692,-1.2820333064518756,-1,-1
2025-02-07,model1,-0.1599719055555592,1.4303740203954287,-0.7302920139757291,-1,-1
2025-02-10,model1,2.540967612174937,4.382509401208119,-0.25119586308219377,-1,-1
2025-02-11,model1,3.91309658439716,4.143070398256525,1.6115679751738163,1,1
2025-02-12,model1,5.5051892252134875,3.7301205027432496,2.0050425363296034,1,1
2025-02-13,model1,5.527234574149657,1.5159025227402758,2.2362633289391427,1,1
2025-02-14,model1,6.125503726927434,1.1779540908834347,0.9362175846346183,1,1
2025-02-17,model1,4.43904961944444,-0.23878537810871178,-0.2697146384908471,-1,-1
2025-02-18,model1,2.6599008662529515,-1.7621103972215346,-0.255823734078666,-1,-1
2025-02-19,model1,0.14215928085106025,-1.7981224317022646,-2.4817295509211617,-1,-1
2025-02-20,model1,-1.8505708973802324,-1.4301800138560814,-2.360672596077476,-1,-1
2025-02-21,model1,-2.1339673719665204,0.3613723750695825,-2.0749488635119517,-1,-1
2025-02-24,model1,-1.6216498441043121,0.6733591468797558,0.20033075605203493,1,1
2025-02-25,model1,-1.9144005992063526,0.4490428800252119,-0.0684344882474966,-1,-1
2025-02-26,model1,-1.6592646326530647,1.039909734030572,-0.33573088745207214,-1,-1
2025-02-27,model1,-0.9608461972789151,0.6383253777652443,1.1000027916394775,1,1
2025-02-28,model1,-0.9822212925170103,-0.9133183907434814,1.5302686732706308,1,1
2025-03-03,model1,-2.196365646258507,-2.856162126196418,0.72869938171144,1,1
2025-03-04,model1,-2.9519748852040855,-2.106308799850304,-1.5054625652916926,-1,-1
2025-03-05,model1,-0.9290338038548787,-0.31238356532560907,0.22901584682451182,1,1
2025-03-06,model1,2.0204838111111076,2.0413821738367077,0.5957518758036695,1,1
2025-03-07,model1,4.39552951264172,2.316588267482844,2.099839607884476,1,1
2025-03-10,model1,4.243939451700677,2.42575804954533,-0.26075984300352895,-1,-1
2025-03-11,model1,5.005894051700676,2.8010612147795713,0.38665143476575814,1,1
2025-03-12,model1,3.2106957393544615,2.285534190793546,-1.2796712883601895,-1,-1
2025-03-13,model1,2.3042352631639855,1.6404154011727436,-0.2613416865696736,-1,-1
2025-03-14,model1,1.331038898538135,1.254930726525224,-0.587711689978331,-1,-1
2025-03-17,model1,1.8183227891156426,1.3674214461781489,0.37479317092458286,1,1
2025-03-18,model1,1.4934970068027174,1.6361993813231663,-0.5936037174579427,-1,-1
2025-03-19,model1,-0.4581558966565384,-0.09810537187885708,-0.2173481502572323,-1,-1
2025-03-20,model1,-2.901082359241572,-2.346494666488826,-0.19453716797506448,-1,-1
2025-03-21,model1,-5.551889593284126,-5.688400976438554,0.6910990759071738,1,1
2025-03-24,model1,-6.139137791865686,-7.962496824342213,1.6868476493220994,1,1
2025-03-25,model1,-4.261776839484734,-7.716484863755915,1.6313489917946535,1,1
2025-03-26,model1,-1.034827052250691,-4.858729973086042,0.3691948965641707,1,1
2025-03-27,model1,1.235362419971531,-1.7309898554227463,-0.8575506454410742,-1,-1
2025-03-28,model1,0.16490977541370797,-0.7480160626397896,-2.0534264373407796,-1,-1
2025-03-31,model1,-1.3626727111111148,-1.7228834478780743,-0.5527151012865379,-1,-1
2025-04-01,model1,-4.720745828723408,-2.289196379271006,-2.7917601862193617,-1,-1
2025-04-02,model1,-5.361580512056741,-1.5773384200609222,-1.352692642543417,-1,-1
2025-04-03,model1,-3.6457948453900744,0.4731696476762079,-0.33472240107046325,-1,-1
2025-04-07,model1,-1.810484644444448,-0.14899690340531255,2.457476752027147,1,1
2025-04-08,model1,0.31470335555555207,-1.0030704036976728,2.97926150029236,1,1
2025-04-09,model1,2.658243555555552,-0.173291593455855,1.5137613897581819,1,1
2025-04-10,model1,3.292903555555552,1.8371457868920242,-1.3757773803478788,-1,-1
2025-04-11,model1,2.367484290307325,3.827147349316995,-2.9154208276731977,-1,-1
2025-04-14,model1,-0.10965477227770877,3.6670108992694943,-2.317002612537533,-1,-1
2025-04-15,model1,0.013636644955851263,2.221007110890176,1.5692952056128784,1,1
2025-04-16,model1,2.0963011768707447,-0.20915449055205348,4.512826133357123,1,1
2025-04-17,model1,5.518798561441595,-1.4437783245362068,4.6571212185550035,1,1
2025-04-18,model1,8.708763921985812,-0.8269846803236454,2.573171716331655,1,1
2025-04-21,model1,7.832013721985812,1.7198204453328436,-3.423555325656488,-1,-1
2025-04-22,model1,4.820716411111108,3.6278071076678367,-4.919283973209698,-1,-1
2025-04-23,model1,-0.0831413888888924,3.977270471008838,-5.253321163341001,-1,-1
2025-04-24,model1,-1.3737138555555592,2.3752578450814297,0.3114401592607414,1,1
2025-04-25,model1,-2.697467397222226,0.39495980563016464,0.6565444977845984,1,1
2025-04-28,model1,-1.5693396638888926,-1.2617682481290786,2.7848557870925763,1,1
2025-04-29,model1,-2.142785130555559,-1.616179041373913,-0.21903467342183225,-1,-1
2025-04-30,model1,-2.436658672222226,-1.4984915496958735,-0.4115610333447062,-1,-1
2025-05-06,model1,-2.999043013718824,0.7550882358295888,-2.8159641270220606,-1,-1
2025-05-07,model1,-3.1029223157596406,1.45751849353267,-0.8063095597438975,-1,-1
2025-05-08,model1,-1.884100250944826,2.1154162559452643,0.5609243024022204,1,1
2025-05-09,model1,-1.051828920795745,0.6495192280810538,2.2981683580132914,1,1
2025-05-12,model1,1.2223037174769555,0.3550765402279464,2.5685753261258077,1,1
2025-05-13,model1,1.6172729480136148,-0.875809597874779,1.6258553686393846,1,1
2025-05-14,model1,3.1708742028985473,-1.0319319815410228,1.7097236385511763,1,1
2025-05-15,model1,2.894168124999996,-2.219407497544665,0.910769438105091,1,1
2025-05-16,model1,2.167076016156459,-2.717611108394815,-0.22888849799338695,-1,-1
2025-05-19,model1,0.040191339285710725,-2.4103580772039974,-2.434137708061566,-1,-1
2025-05-20,model1,-1.903261568322985,-0.8070921155184382,-3.5467188692942546,-1,-1
2025-05-21,model1,-2.2705686431529166,0.7481384173946992,-1.9225376077430691,-1,-1
2025-05-22,model1,-2.098034893152917,0.17961950121081802,0.7410526661838807,1,1
2025-05-23,model1,-2.5417392261904794,-2.1658129219157334,1.901728090088989,1,1
2025-05-26,model1,-3.0062154018781455,-3.476546480159712,0.8462573825563124,1,1
2025-05-27,model1,-4.604256790767034,-3.535578615829595,-1.5390092532190058,-1,-1
2025-05-28,model1,-5.737710157390279,-2.3659931251350286,-2.3030388573178113,-1,-1
2025-05-29,model1,-5.4096306353427925,-0.6228429069778293,-1.4150706961097126,-1,-1
2025-05-30,model1,-4.41943403386887,0.42452885017841835,-0.05717515568232523,-1,-1
2025-06-03,model1,-2.545632844116373,1.934222744946202,0.3641072949847135,1,1
2025-06-04,model1,-1.7217931278043161,2.512542135898432,0.24552032535982704,1,1
2025-06-05,model1,-0.856745476914173,3.0340651682751982,0.3435246185133768,1,1
2025-06-06,model1,-0.12987113475177617,2.585826132470108,1.175113377967487,1,1
2025-06-09,model1,-0.48345776112185995,1.8976430694859971,0.33459643661402727,1,1
2025-06-10,model1,-0.850116741263704,0.4496385824474794,1.0813455068966737,1,1
2025-06-11,model1,-0.6737072377176047,0.20980810061960622,0.41623998537397244,1,1
2025-06-12,model1,-0.7528030773640694,-0.4961713419270591,0.6268836029002006,1,1
2025-06-13,model1,-0.5557617481123688,-0.8635907430279025,0.564460730352544,1,1
2025-06-16,model1,-0.2625045679705247,-1.0562433494323005,0.48590978654624206,1,1
2025-06-17,model1,0.7020260570294754,-1.3534543045334289,1.2617415801011285,1,1
2025-06-18,model1,1.2688395944444413,-1.0898116893516898,0.30317092223322684,1,1
2025-06-19,model1,0.6002435490543704,-2.700347469618722,0.9419397348769613,1,1
2025-06-20,model1,0.9797138879432593,-4.766256441430621,2.445379310700788,1,1
2025-06-23,model1,1.9046000684988147,-4.242161826462957,0.4007915655878912,1,1
2025-06-24,model1,4.626351618650791,-1.0787281262382977,-0.4416821500726833,-1,-1
2025-06-25,model1,8.137907551984123,3.8688542296796187,-1.4360264225845842,-1,-1
2025-06-26,model1,10.25010994285714,5.188830384538181,0.792226236014455,1,1
2025-06-27,model1,8.337391983673466,4.712363783165461,-1.4362513578109537,-1,-1
2025-06-30,model1,4.250893183673466,2.7888412200962445,-2.1629762369307834,-1,-1
2025-07-01,model1,1.2042429810392214,1.9503257703731975,-2.208134752911198,-1,-1
2025-07-02,model1,0.39038528546099,0.7323046231680467,0.40416345162691947,1,1
2025-07-03,model1,-0.56588711453901,0.0822408261250359,-0.30620860295698926,-1,-1
2025-07-04,model1,-0.680873238435377,-0.4605515040246148,0.4278062062532837,1,1
2025-07-07,model1,-0.26167663129251983,-0.27144839524295783,0.23009349836120013,1,1
2025-07-08,model1,1.2318375510204052,0.69868421670935,0.5233815703606172,1,1
2025-07-09,model1,1.2409046116780016,1.4710215120548338,-0.7632702346878874,-1,-1
2025-07-10,model1,0.8084888973922872,2.721067179983861,-1.6824613822147414,-1,-1
2025-07-11,model1,-0.5031861904761935,3.7358508780862603,-2.32645878597088,-1,-1
2025-07-14,model1,-0.7749348157596403,3.96267986856479,-0.49857761576197646,-1,-1
2025-07-15,model1,-0.9870255002834497,2.6047612992282976,1.1458278848126828,1,1
2025-07-16,model1,-2.542670237281085,0.3327430915992665,0.7163734706313956,1,1
2025-07-17,model1,-3.7457799246453924,0.23612380360901644,-1.1064903993740571,-1,-1
2025-07-18,model1,-2.826721521867615,1.2013693338224358,-0.046187127435641906,-1,-1
2025-07-21,model1,-0.20290026843006995,2.6181103999891153,1.2070801872708656,1,1
2025-07-22,model1,3.0023645386621283,4.252402871708241,1.5709723353730727,1,1
2025-07-23,model1,3.2075523725864787,4.066022178089037,0.3915685275435541,1,1
2025-07-24,model1,3.714877961702125,4.099383278001265,0.47396448920341827,1,1
2025-07-25,model1,2.2995518283687915,2.525882348291451,0.15817479637648058,1,1
2025-07-28,model1,1.0219162081632627,1.8657623898998945,-0.6175156618139723,-1,-1
2025-07-29,model1,-0.6639654353741523,1.0457016942822028,-0.8658209479197234,-1,-1
2025-07-30,model1,-0.5447753061224516,0.320821027564729,0.8440707959691746,1,1
2025-07-31,model1,-0.7491500476190504,-0.8872055069707369,1.003651793038867,1,1
2025-08-01,model1,-2.1189533129251727,-2.422907801806732,0.1658990295298728,1,1
2025-08-04,model1,-2.0577029639160043,-1.8900480129437227,-0.47160943985384085,-1,-1
2025-08-05,model1,0.5317886610839958,0.5068609393412231,0.19258267271505414,1,1
2025-08-06,model1,4.593056672705312,3.4813128368273962,1.0868161141351425,1,1
2025-08-07,model1,5.941000898148146,4.06787962754377,0.7613774347264601,1,1
2025-08-08,model1,5.363403251871549,3.240279812850788,0.25000216841638556,1,1
2025-08-11,model1,2.6781734035155407,1.8983620766239955,-1.343312112129216,-1,-1
2025-08-12,model1,0.788753824811837,1.0749715920309615,-1.0660290941106698,-1,-1
2025-08-13,model1,-0.8523286574576666,1.6356841437421454,-2.2017950339806873,-1,-1
2025-08-14,model1,-1.3460378278214644,0.4964136508856525,0.6455613224926952,1,1
2025-08-15,model1,-1.3555155982115352,0.8652872037647864,-0.37835132326920473,-1,-1
2025-08-18,model1,-1.781113257786003,1.3370368430541166,-0.8973472988637979,-1,-1
2025-08-19,model1,-3.049764608510641,2.3985130714562817,-2.3301275791268035,-1,-1
2025-08-20,model1,-2.303422532565015,3.3712542749820944,-0.22639912758018665,-1,-1
2025-08-21,model1,0.22189007273242348,3.246177768263861,2.650389112015672,1,1
2025-08-22,model1,4.529288369186324,4.144149166096381,3.4094268986213807,1,1
2025-08-25,model1,7.134010538630768,4.474393191796691,2.274478143744134,1,1
2025-08-26,model1,7.787064620263422,5.031498803951379,0.09594846947796487,1,1
2025-08-27,model1,4.627723190476189,3.048932904753259,-1.1767755305891128,-1,-1
2025-08-28,model1,0.035326817426542124,0.9074460715012762,-2.450909539797664,-1,-1
2025-08-29,model1,-2.8818709730496486,-0.9499835907269677,-1.0597681282479465,-1,-1
2025-09-01,model1,-3.4629771825734585,-0.6188332376496791,-0.9122565626010986,-1,-1
2025-09-02,model1,-2.757441055782316,-2.0728248119138817,2.159527701055345,1,1
2025-09-03,model1,-4.292516462585037,-4.972852048768334,1.3649518300517314,1,1
2025-09-04,model1,-5.410958450162677,-8.863894498746452,2.7726004624004785,1,1
2025-09-05,model1,-5.073973637237507,-6.849074593047065,-1.6778350927742176,-1,-1
2025-09-08,model1,-2.633563297101453,-2.6593717511864976,-1.7492925017245136,-1,-1
2025-09-09,model1,0.4189341312056709,2.1613617235930405,-1.7682360464724143,-1,-1
2025-09-10,model1,0.48476723404255034,1.700978652734502,0.5262161736954178,1,1
2025-09-11,model1,1.5572879979314393,1.9006838302315445,0.8728155863918465,1,1
2025-09-12,model1,1.569393781691752,2.05543205706834,-0.14264244307648277,-1,-1
2025-09-15,model1,0.9757548455215391,1.8258877235274131,-0.36409460262928606,-1,-1
2025-09-16,model1,-1.5694800517006833,0.2746628492746194,-0.9940100229694289,-1,-1
2025-09-17,model1,-3.231377608510641,-0.2913965693882235,-1.095838138147115,-1,-1
2025-09-18,model1,-7.091527541843974,-1.3079188829241257,-2.843627619797431,-1,-1
2025-09-19,model1,-8.607199082269508,-2.2064916817962312,-0.6170987415534284,-1,-1
2025-09-22,model1,-9.232894540425535,-3.4431343860421015,0.6109472460898431,1,1
2025-09-23,model1,-6.024955273758867,-4.161657433798577,3.926462314423144,1,1
2025-09-24,model1,-2.91751126666667,-2.26719012101746,1.21297669431108,1,1
2025-09-25,model1,-0.1980083333333361,-0.5253743660302813,0.9776871783461552,1,1
2025-09-26,model1,1.6461929455782285,1.658602226839778,-0.3397753139584947,-1,-1
2025-09-29,model1,2.4565312122448955,1.773266320013932,0.6956741734925129,1,1
2025-09-30,model1,2.0032167955782287,1.948583540396519,-0.6286316370492537,-1,-1
2025-10-09,model1,3.244663394217684,2.855049416610028,0.33498072242594623,1,1
2025-10-10,model1,3.880787994217684,2.9782150490226607,0.5129589675873674,1,1
2025-10-13,model1,7.086518477551017,4.46993461565129,1.7140109167047037,1,1
2025-10-14,model1,8.996849974149656,4.615521654039676,1.7647444582102532,1,1
2025-10-15,model1,10.157466529251698,5.3924403501008165,0.38369785904090126,1,1
2025-10-16,model1,11.60264,3.411932956535534,3.4256808643135837,1,1
2025-10-17,model1,7.805544829931971,0.30786000190443463,-0.6930222154369283,-1,-1
2025-10-20,model1,3.7351021442743737,-4.346933915374307,0.5843512316211434,1,1
2025-10-21,model1,-1.1405753387188238,-4.759456144622525,-4.463155253744979,-1,-1
2025-10-22,model1,-0.8477206761337898,-3.047651092926347,-1.4189503891111435,-1,-1
2025-10-23,model1,1.4981238377550994,0.2362457396142225,-0.9380523186516805,-1,-1
2025-10-24,model1,3.712156463888886,1.217098843909205,1.2331795218388044,1,1
2025-10-27,model1,5.544718597222219,2.301731994747472,0.7479289824950655,1,1
2025-10-28,model1,5.249598147222219,1.957599405042967,0.04901213970450535,1,1
2025-10-29,model1,4.28543456870748,2.215481474655245,-1.2220456481270172,-1,-1
2025-10-30,model1,3.0422616112606717,1.3255826580554548,-0.3532741408470179,-1,-1
2025-10-31,model1,1.7109098928933246,0.7922939736655433,-0.7980630339774356,-1,-1
2025-11-03,model1,0.3588938575191747,-0.6434652604310843,0.08374319872247771,1,1
2025-11-04,model1,-0.9205981442176903,-2.278041098037201,0.35508383586925185,1,1
2025-11-05,model1,-0.2918138585034045,-1.2303615790848967,-0.41889523323801847,-1,-1
2025-11-06,model1,1.2821517556809925,0.305440386830605,0.03816364826889518,1,1
2025-11-07,model1,3.3776852250687477,2.9709749071394014,-0.5700010509210416,-1,-1
2025-11-10,model1,5.158975124388476,3.72461468607394,1.0276501203851898,1,1
2025-11-11,model1,4.140608812331739,3.128641938265435,-0.42239356424823216,-1,-1
2025-11-12,model1,1.27770283546099,1.5260796976276474,-1.2603437362329615,-1,-1
2025-11-13,model1,-0.3977092717853869,0.816298809863999,-0.9656312194827287,-1,-1
2025-11-14,model1,-1.9492832405797131,0.06413292662738347,-0.7994080855577106,-1,-1
2025-11-17,model1,-2.6509710052055637,-0.0860671755379494,-0.5514876624605177,-1,-1
2025-11-18,model1,-5.073448970181409,-2.256452075095364,-0.2520930654184306,-1,-1
2025-11-19,model1,-4.1717141865079395,-4.383350951803879,3.028633660381985,1,1
2025-11-20,model1,-2.3566429620181437,-7.176991788302078,4.608712060987994,1,1
2025-11-21,model1,-2.3033687755102075,-11.012734360021605,3.8890167582274637,1,1
2025-11-24,model1,-4.748466709183677,-12.351969149959542,-1.1058631437355326,-1,-1
2025-11-25,model1,-7.467329631458971,-10.388233337048604,-4.682598735186232,-1,-1
2025-11-26,model1,-7.4923400124113515,-6.666822436252659,-3.746421281748326,-1,-1
2025-11-27,model1,-5.967579734633573,-4.267620924079395,-0.8744412343954853,-1,-1
2025-11-28,model1,-3.4112143388888927,-2.0117426986987286,0.30048717036401396,1,1
2025-12-01,model1,-0.6063374953514774,1.094335301973145,-0.30120115713445816,-1,-1
2025-12-02,model1,0.30644648411712166,2.4855552843977557,-0.47843600295601174,-1,-1
2025-12-03,model1,-0.5531934269939893,1.5747317809648578,0.05118359232178693,1,1
2025-12-04,model1,-1.963896937198071,-0.5935466832841132,0.7575749540448891,1,1
2025-12-05,model1,-1.8740696666666699,-0.41662740380272917,-0.08709200894998287,-1,-1
2025-12-08,model1,-0.9682866111111146,0.016183186252297088,0.472972465500529,1,1
2025-12-09,model1,-0.31849074444444797,0.12266130396909929,0.5433177489498644,1,1
2025-12-10,model1,-0.30481818888889234,0.021877153484206085,0.11445670604044883,1,1
2025-12-11,model1,-1.8557094000000036,-1.2517015420838054,-0.27731251554309977,-1,-1
2025-12-12,model1,-2.769050817391308,-0.9755472546321196,-1.1894957048429902,-1,-1
2025-12-15,model1,-3.0702524173913086,-1.1460848748111832,-0.13066397982093703,-1,-1
2025-12-16,model1,-1.8713076840579745,-0.9632665290083998,1.0161263875305506,1,1
2025-12-17,model1,-0.25273800000000346,0.16065431171313463,0.49464884333643666,1,1
2025-12-18,model1,1.3996113163120534,1.0425329782054638,0.7704706498197277,1,1
2025-12-19,model1,3.602082658156025,3.2645880210293092,-0.01958370097987361,-1,-1
2025-12-22,model1,3.9606841637115804,4.0004177240940395,-0.3772281975091749,-1,-1
2025-12-23,model1,3.1277520168439676,3.4292820487219298,-0.261796471495503,-1,-1
2025-12-24,model1,1.45165270833333,3.255567728461138,-1.5023849882498461,-1,-1
2025-12-25,model1,0.9236064169621714,3.3612364983227323,-0.6337150612327527,-1,-1
2025-12-26,model1,0.5796839864066158,4.2691362224802925,-1.2518221547131159,-1,-1
2025-12-29,model1,0.24523165647464307,3.187080412544874,0.7476034800034456,1,1
2025-12-30,model1,-0.7647544529478493,1.8828272378537847,0.29426706526859703,1,1
2025-12-31,model1,-2.2471392295178974,0.12673683283771475,0.273705628446022,1,1
2026-01-05,model1,-1.4846533329192575,0.8183409341772195,0.07088179525913507,1,1
2026-01-06,model1,0.8297627215025104,2.4830586532379706,0.6496983353610171,1,1
2026-01-07,model1,3.051727692517003,4.097940987101945,0.6070826371505178,1,1
2026-01-08,model1,2.33716055918367,4.317849857417218,-0.9344760036486055,-1,-1
2026-01-09,model1,-0.02209889659864291,4.4606688819133575,-2.5020784802784526,-1,-1
2026-01-12,model1,-1.1150418688208654,5.215616424682557,-1.8478905149914224,-1,-1
2026-01-13,model1,-1.3825699688208655,4.267350554084428,0.6807377705981297,1,1
2026-01-14,model1,-2.4852511933106616,2.017626474135474,1.1470428554591576,1,1
2026-01-15,model1,-3.972024568914526,-0.0029913356804063974,0.5338444342120159,1,1
2026-01-16,model1,-6.901028402247859,-0.9329381035451371,-1.9990570654686026,-1,-1
2026-01-19,model1,-8.48381634782609,-0.42278395837953203,-2.0929420907438363,-1,-1
2026-01-20,model1,-7.55328121985816,-0.4125775616855279,0.9203287312739262,1,1
2026-01-21,model1,-5.248745086524827,1.2460312655606998,0.6459273060871058,1,1
2026-01-22,model1,-3.311826593771203,2.0707754704754637,1.11217428783886,1,1
2026-01-23,model1,-4.609652339899442,4.206552259631127,-3.4336025352839017,-1,-1
2026-01-26,model1,-5.107377006566108,4.297094947648725,-0.5882673546842652,-1,-1
2026-01-27,model1,-6.840483632653065,3.165139384024503,-0.6011510624627343,-1,-1
2026-01-28,model1,-7.839270133333336,0.9523082480084013,1.21404463533583,1,1
2026-01-29,model1,-6.833778800000004,-0.4098400404664089,2.367639621808143,1,1
2026-01-30,model1,-4.290939183673473,-2.092205088140651,4.225204664000773,1,1
2026-02-02,model1,-2.6268906421768743,-5.383392663570601,4.955236116926548,1,1
2026-02-03,model1,-2.6192777088435406,-5.343718462376079,-0.03206126786118846,-1,-1
2026-02-04,model1,-2.082297191836738,-3.1902883622840754,-1.6164495830852008,-1,-1
2026-02-05,model1,0.344101566666663,0.27238282789997303,-1.036272431680647,-1,-1
2026-02-06,model1,1.699268187074826,0.9819914072786955,0.6455580410294407,1,1
2026-02-09,model1,2.576575325963715,0.9168626646312198,0.9424358815363648,1,1
2026-02-10,model1,2.2019315592970488,0.4961562110229723,0.046062686941581055,1,1
2026-02-11,model1,2.2468761185990305,-0.08071850381528367,0.6218192741402377,1,1
2026-02-12,model1,1.2446578463768083,-0.5581591046922553,-0.5247776713452506,-1,-1
2026-02-13,model1,-1.7970286869565246,-1.8469114290853492,-1.752934208940239,-1,-1
2026-02-24,model1,-5.986468484353746,-2.928618736698518,-3.107732489784053,-1,-1
2026-02-25,model1,-8.835413476020411,-2.6186997704804074,-3.158863957884776,-1,-1
2026-02-26,model1,-9.589073742687079,-1.0640350469008346,-2.3083249902462404,-1,-1
2026-02-27,model1,-8.572794702304968,1.4346632994654456,-1.4824193059841693,-1,-1
2026-03-02,model1,-5.6790408439716344,2.9925765806162814,1.3358405771824977,1,1
2026-03-03,model1,-3.3385997841076898,1.832892109785524,3.500125530694702,1,1
2026-03-04,model1,-2.270921341496603,-0.5989915021999105,3.499562054596521,1,1
2026-03-05,model1,-3.024539274829936,-4.700567866737185,3.3479584312039408,1,1
2026-03-06,model1,-1.0711454653061268,-3.5017525417562134,0.754578484542838,1,1
2026-03-09,model1,1.7631060312925129,-1.8054798542251653,1.1379788090675915,1,1
2026-03-10,model1,3.593276564625846,1.3918428828998923,-1.3671522037917245,-1,-1
2026-03-11,model1,3.6374424952380906,2.3719522293463107,-0.9359434158341737,-1,-1
2026-03-12,model1,3.0574918999999956,2.4086833826627614,-0.6166817485545457,-1,-1
2026-03-13,model1,1.6352666959183633,0.5755928905474121,0.4108652880337169,1,1
2026-03-16,model1,0.010349629251696394,-1.7283227393672884,0.678998563248034,1,1
2026-03-17,model1,-0.8967021374149704,-5.1982247874924825,2.5628502814585272,1,1
2026-03-18,model1,-2.357539850000004,-6.370966374450216,-0.28809612562730047,-1,-1
2026-03-19,model1,-3.5604267411564674,-8.208276136501624,0.6344228708949449,1,1
2026-03-20,model1,-5.817052474489802,-9.32974412787713,-1.135157741957829,-1,-1
2026-03-23,model1,-7.7766646911564665,-13.034808161251062,1.7454518167072681,1,1
2026-03-24,model1,-8.265745133333338,-11.594583372099384,-1.9293052313285495,-1,-1
2026-03-25,model1,-4.8267426000000055,-6.913073684902208,-1.2425071538638441,-1,-1
2026-03-26,model1,-1.2505418000000053,-1.6336386359991117,-1.7032342489030956,-1,-1
2026-03-27,model1,1.612560144444439,1.0539019923373028,0.17556131610803005,1,1
2026-03-30,model1,2.2972274111111055,2.343809615108087,-0.6052403561041177,-1,-1
2026-03-31,model1,2.542353819274371,2.7790195217100724,-0.19008349843872008,-1,-1
2026-04-01,model1,1.7854069442743714,1.415929993360275,0.606142653349798,1,1
2026-04-02,model1,-0.45834758905896217,-1.8383604341222985,1.01053589414924,1,1
2026-04-03,model1,-2.8512849305555608,-5.555494184673154,1.3241964090542564,1,1
2026-04-07,model1,-4.957704319727896,-7.913266591821741,0.251353017976252,1,1
2026-04-08,model1,-3.887579450340141,-5.607758441131643,-1.2353832813023429,-1,-1
2026-04-09,model1,-1.2116885170068077,-1.3211113144903857,-1.6107561933079237,-1,-1
2026-04-10,model1,1.2851519832766387,1.9989323070517375,-0.8232031212586768,-1,-1
2026-04-13,model1,2.632559398242625,2.1446982199004934,1.2016415021172306,1,1
2026-04-14,model1,1.9102051899092922,2.394048502484529,-0.9717044909173684,-1,-1
2026-04-15,model1,0.9557308843537365,1.25998286110635,0.1795913358226232,1,1
2026-04-16,model1,-2.0197241843971683,0.41034697190463093,-2.1258191795491856,-1,-1
2026-04-17,model1,-2.743529295212771,-0.052665946129423734,-0.26079219278154786,-1,-1
2026-04-20,model1,-1.749052632797805,1.0819698567919158,-0.1401591405063738,-1,-1
2026-04-21,model1,-0.6281810484006422,1.342171385966256,0.8606700552228226,1,1
2026-04-22,model1,0.6175298957482941,2.441570412638444,0.14631191747674843,1,1
2026-04-23,model1,0.03829763492907275,2.299227298116602,-0.4368891462973796,-1,-1
2026-04-24,model1,-0.14481070709991273,1.5097540008091037,0.606364955278513,1,1
2026-04-27,model1,-0.9333077987665793,-0.1351028149766932,0.8563597241191304,1,1
2026-04-28,model1,-0.4207455379473579,-1.0055819337303673,1.3830413795728955,1,1
2026-04-29,model1,1.5881804040816274,0.39322543751292965,0.6101185707856882,1,1
2026-04-30,model1,3.4852372179705164,1.4871169662959607,0.8031652851058579,1,1
2026-05-06,model1,4.316053472222217,3.5268092446272234,-1.208876024079562,-1,-1
2026-05-07,model1,2.352674027777773,3.781148834222362,-2.2177190340395825,-1,-1
2026-05-08,model1,-1.3845049305555606,4.540332608729629,-4.4963627328406,-1,-1
2026-05-11,model1,-3.4190164555555604,4.191571677314471,-1.6857505935848422,-1,-1
2026-05-12,model1,-4.090928822705319,3.015737158316684,0.5039221518480286,1,1
2026-05-13,model1,-3.43667145272896,2.0232702832810334,1.6467242450120092,1,1
2026-05-14,model1,-4.838759379259572,-0.24250781409668898,0.8636901708471107,1,1
2026-05-15,model1,-6.854069789887592,-3.0193239262796054,0.7615057015548965,1,1
2026-05-18,model1,-8.285342732426308,-6.41078040582412,1.9601835370057983,1,1
2026-05-19,model1,-8.659340079365085,-5.792515259552552,-0.9922624932103457,-1,-1
2026-05-20,model1,-8.375513537414971,-3.3116062179669874,-2.19708249963545,-1,-1
2026-05-21,model1,-7.958967414965993,-2.0130011540302584,-0.8820589414877507,-1,-1
2026-05-22,model1,-8.642491700680276,-3.081836288031392,0.38531084828685014,1,1
2026-05-25,model1,-8.580259863945583,-4.017203087087808,0.9975986357911091,1,1
2026-05-26,model1,-6.959419001302654,-3.3317109163472325,0.9353486919023539,1,1
2026-05-27,model1,-5.193918525112178,-3.0701005731515374,1.5038901329947807,1,1
2026-05-28,model1,-3.7687675982414297,-3.1344743285237335,1.4895246822429442,1,1
2026-05-29,model1,-2.3844373044217737,-3.727929054680247,1.9777850199761695,1,1
2026-06-01,model1,-0.36390455476190936,-3.0989806728435276,1.3915843678231448,1,1
2026-06-02,model1,1.8051943823129208,-2.7856543852242166,1.8557726494555191,1,1
2026-06-03,model1,1.691762353741492,-2.249715096125415,-0.6493713176702305,-1,-1
2026-06-04,model1,0.48076982040815874,-2.7903687097306125,-0.6703389197281358,-1,-1
2026-06-05,model1,-2.5147071183673515,-3.388930555467539,-2.396915093038584,-1,-1
2026-06-08,model1,-4.508938185034018,-5.110440396451402,-0.2727212256828033,-1,-1
2026-06-09,model1,-4.972396496598644,-4.921851208616628,-0.6520474993993997,-1,-1
2026-06-10,model1,-2.3453405102040863,-4.114089845569482,1.8192946233474112,1,1
2026-06-11,model1,0.6839528231292472,-2.473172317196216,1.3883758049600674,1,1
2026-06-12,model1,3.726872006802717,-1.5019838252410487,2.0717306917183027,1,1
2026-06-15,model1,4.08619146258503,0.81944503029104,-1.9621093997497754,-1,-1
2026-06-16,model1,2.9030040136054374,2.8680457816571603,-3.2317882003457132,-1,-1
2026-06-17,model1,0.052190541496594044,3.5844934646867705,-3.5672611551384534,-1,-1
2026-06-18,model1,-3.8522115156462635,2.1694650354214393,-2.4893736278775265,-1,-1
2026-06-22,model1,-2.234665800000004,1.9991115507618893,1.7878992003058094,1,1
2026-06-23,model1,-1.2518068176870796,1.199761430857318,1.782209102217496,1,1
2026-06-24,model1,0.8138234707482946,0.6698172065442951,2.595574512748397,1,1
2026-06-25,model1,-1.328240000000005,-0.9511975424863515,-0.5210487217176532,-1,-1
2026-06-26,model1,-3.06570058231293,-3.255831042369826,0.5671729175705496,1,1
2026-06-29,model1,-2.1835386151927483,-4.088700809422402,1.715031734172758,1,1
2026-06-30,model1,-1.1244440111111158,-3.080378074908637,0.05077186956786739,1,1
2026-07-01,model1,1.6000636555555507,0.2508019971745676,-0.6066724054165378,-1,-1
2026-07-02,model1,1.957146042176866,1.7942733512321265,-1.1863889674362436,-1,-1
2026-07-03,model1,2.4598885129251653,2.1267871575696096,0.1702286644108162,1,1
2026-07-06,model1,3.436372646258499,1.652816917904513,1.4504543729984305,1,1
2026-07-07,model1,4.179360804081628,-0.2755627857066793,2.6713678614343213,1,1
2026-07-08,model1,3.951328666666662,-3.1180769913203843,2.6144820681987393,1,1
2026-07-09,model1,2.8079364184397115,-4.168958385736484,-0.09251085381085122,-1,-1
2026-07-10,model1,2.44516497121749,-2.7454290885882955,-1.7863007443704095,-1,-1
2026-07-13,model1,3.0690535045508227,-1.5197387437607093,-0.6018018114942536,-1,-1
2026-07-14,model1,5.348953106519269,-0.4716987145605754,1.2318595727683121,1,1
2026-07-15,model1,8.736262087074826,0.9648595780812906,1.9507506879136907,1,1
2026-07-16,model1,9.024753820408158,2.851500901268402,-1.598149589853779,-1,-1
2026-07-17,model1,5.836166609523804,0.9315006640442013,-1.268586973660153,-1,-1
2026-07-20,model1,1.871929876190471,-1.786405254812289,-1.2463308144768428,-1,-1
2026-07-21,model1,0.502108413605437,-1.6099882784726933,-1.5462384389246298,-1,-1
2026-07-22,model1,1.4118888040816275,1.1882935280491058,-1.8885014160456084,-1,-1
2026-07-23,model1,2.457125764625845,4.722286846220182,-2.488756357626859,-1,-1
2026-07-24,model1,1.982716671655324,3.1438204859508225,1.104057267298839,1,1
2026-07-27,model1,0.5356989342403575,2.324465260980026,-0.6276625124441699,-1,-1
2026-07-28,model1,-0.9503260263038599,0.6561534166354952,0.18228688380031333,1,1
2026-07-29,model1,-1.6228055374149708,2.224564950238189,-2.2408910447138046,-1,-1
2026-07-30,model1,-1.2974180283687993,3.881857217229086,-1.3319047579447254,-1,-1
2026-07-31,model1,-0.9953351617021328,5.9600818055496,-1.7761417216538478,-1,-1
2026-08-03,model1,-0.010341115443629293,6.948325166756844,-0.0032493149487408113,-1,-1
2026-08-04,model1,0.402221512925165,6.052852127931543,1.3080356671940954,1,1
2026-08-05,model1,0.3496889129251651,5.387473628150237,0.6128458997813067,1,1
2026-08-06,model1,0.11348468510637798,4.076165056270895,1.0751043440605546,1,1
2026-08-07,model1,1.047720723995267,4.2639682778871695,0.7464328172726147,1,1
2026-08-10,model1,2.0648333239952668,3.8854665437700695,1.3956143341170997,1,1
2026-08-11,model1,1.9693692666666616,3.241285616921506,0.5487168695199585,1,1
2026-08-12,model1,0.4628564055555506,2.1971784837006907,-0.46240572789029577,-1,-1
2026-08-13,model1,-1.6161909563492116,0.12741050234131687,-0.00927938054538835,-1,-1
2026-08-14,model1,-2.261924850793656,-1.1014121863923174,0.5830887942891898,1,1
2026-08-17,model1,-2.0944485061224536,-1.5016390356881282,0.5677031939670132,1,1
2026-08-18,model1,-1.0468772136054472,-0.9330904446401148,0.47902270146899306,1,1
2026-08-19,model1,0.12180545306121959,-1.2168810673730763,1.4524732893996282,1,1
2026-08-20,model1,1.0213466917233511,-2.061253258667984,1.7439134299570394,1,1
2026-08-21,model1,2.231309072675732,-2.3546110558513202,1.503320178135717,1,1
2026-08-24,model1,3.5863740958049846,-2.0575363788368524,1.0579903461147846,1,1
2026-08-25,model1,3.0782829251700634,-0.9639748972314321,-1.6016526522403414,-1,-1
2026-08-26,model1,3.130109746938771,0.6452613693396589,-1.5574094448023836,-1,-1
2026-08-27,model1,3.0671235904761858,3.746866821973606,-3.164591609096532,-1,-1
2026-08-28,model1,4.487883649999995,5.1677271955862745,-0.00010031408885913251,-1,-1
2026-08-31,model1,4.907403358843533,5.131533503468288,0.4557134009615247,1,1
2026-09-01,model1,5.298450492176865,4.149990027522578,1.372590609279042,1,1
2026-09-02,model1,4.7332663755101985,2.189362507765604,1.3954434030903071,1,1
2026-09-03,model1,2.7624480166666623,0.23748961820824363,-0.01894546928617591,-1,-1
2026-09-04,model1,-0.04648119149660346,-2.03077143274421,-0.5406681572108121,-1,-1
2026-09-07,model1,-2.2204395914966035,-2.9005779560480103,-1.3041518766961997,-1,-1
2026-09-08,model1,-2.7978369414966036,-2.5845424698872907,-0.8934328361607196,-1,-1
2026-09-09,model1,-2.3582515687943313,-1.69669882441846,-0.4482582727665585,-1,-1
2026-09-10,model1,-0.9293380104609978,-1.5278241125767227,1.2600388464915961,1,1
2026-09-11,model1,-0.9519206104609977,-3.0561891266721353,1.5057824140954126,1,1
2026-09-14,model1,-1.0568712416666715,-3.275137764548946,0.11399800667113691,1,1
2026-09-15,model1,-2.3609002340136103,-3.123208408816627,-1.4559583480792575,-1,-1
2026-09-16,model1,-2.604032005028103,-0.7999266814601113,-2.5664134983710087,-1,-1
2026-09-17,model1,-3.6252704355836585,-0.018117257951736982,-1.8030478540639296,-1,-1
2026-09-18,model1,-2.1105639349033862,1.942916655632623,-0.44632741290408773,-1,-1
2026-09-21,model1,-0.6446687416666714,2.9989871560416064,0.4098246928277314,1,1
2026-09-22,model1,1.3371024984126938,3.320269190637678,1.6604892054832938,1,1
2026-09-23,model1,0.403861031746027,1.6306855318638351,0.7563421921071758,1,1
2026-09-24,model1,-2.7034648299319777,-2.296966114311029,0.820325784496859,1,1
2026-09-28,model1,-6.865458571428576,-7.470503513537771,1.0115436577301438,1,1
2026-09-29,model1,-8.07206551587302,-8.558224895212685,-0.11888556276952933,-1,-1
2026-09-30,model1,-5.046066876417238,-6.336889243195714,0.8046629874388094,1,1
2015-04-16,model2,,,,0,0
2015-04-17,model2,,,,0,0
2015-04-20,model2,4.360464179591837,-0.1128805816882054,,0,0
2015-04-21,model2,4.617513199999999,1.3112386075504838,-1.1670701688305267,-1,-1
2015-04-22,model2,6.606114133333333,4.049574545084513,-0.749735004200696,-1,-1
2015-04-23,model2,7.5701876,6.878008187044885,-1.8643601752937045,-1,-1
2015-04-24,model2,6.116348599999999,7.095872430129248,-1.6717032430843632,-1,-1
2015-04-27,model2,2.9261162000000005,4.926798364053223,-1.021158333923974,-1,-1
2015-04-28,model2,1.7310460194444446,1.7032642332578138,2.0284639502398534,1,1
2015-04-29,model2,1.2180509910756503,0.4042624695770887,0.7860067353119309,1,1
2015-04-30,model2,-0.018569014479905405,-0.21982597899065492,-0.612531556987812,-1,-1
2015-05-04,model2,-0.7140829063881179,1.0829817160528081,-1.9983215869516755,-1,-1
2015-05-05,model2,-2.5090893780193237,-0.24902708064329282,-0.462997674935105,-1,-1
2015-05-06,model2,-5.223727433574879,-2.961138950480413,-0.0025261857184353254,-1,-1
2015-05-07,model2,-7.211974390096618,-7.013405388026608,2.064019481024456,1,1
2015-05-08,model2,-4.7087422604669875,-5.252778799671874,0.7426055412748962,1,1
2015-05-11,model2,0.8324629629629635,-0.6914592143125026,0.9798856380705798,1,1
2015-05-12,model2,5.545843214170692,5.9157295621003625,-1.8938085252051362,-1,-1
2015-05-13,model2,5.3678532946859905,8.714631868123249,-2.976892225507588,-1,-1
2015-05-14,model2,2.1007414106280193,8.739758311982897,-3.292238327917619,-1,-1
2015-05-15,model2,-2.8238036231884056,6.180383324876438,-2.3651700467099666,-1,-1
2015-05-18,model2,-8.583625652173913,3.3376606682564662,-2.9170993723655356,-1,-1
2015-05-19,model2,-7.359652251002159,2.9527071052935034,1.6089269641347164,1,1
2015-05-20,model2,-4.136127425223559,4.829985173858163,1.3462467572139407,1,1
2015-05-21,model2,3.086805673758865,8.68428641454893,3.368631858291656,1,1
2015-05-22,model2,7.934088658271819,12.102201976204706,1.4293674228571795,1,1
2015-05-25,model2,16.22124508853187,16.293998829036422,4.095359577428335,1,1
2015-05-26,model2,22.81262952578133,19.487041435818416,3.3983418304674657,1,1
2015-05-27,model2,19.87693576112653,19.90878950108957,-3.3574418299259534,-1,-1
2015-05-28,model2,9.34381918902251,13.310974068287743,-3.9353011393021937,-1,-1
2015-05-29,model2,-1.3887613906876348,5.182516734025693,-2.604123245448095,-1,-1
2015-06-01,model2,-2.9855690502621033,0.930424090300732,2.655284984150493,1,1
2015-06-02,model2,-0.46831210778771365,3.5447409455740195,-0.09705991279889759,-1,-1
2015-06-03,model2,2.5361026748209823,6.24366956440118,0.3054861637815356,1,1
2015-06-04,model2,2.8350901925514784,6.016370163004982,0.5262869191266937,1,1
2015-06-05,model2,1.9882034212149247,5.057422839221711,0.11206055244671775,1,1
2015-06-08,model2,2.3124560576626583,3.0370950768049156,2.3445803988645286,1,1
2015-06-09,model2,2.4455613768115945,1.5785139270475217,1.5916864689063301,1,1
2015-06-10,model2,1.68911304964539,1.0304780698870084,-0.20841247000569108,-1,-1
2015-06-11,model2,-0.5342090070921987,2.132557263435395,-3.3254012502859753,-1,-1
2015-06-12,model2,-2.8045275177304965,4.04653811312393,-4.184299360326833,-1,-1
2015-06-15,model2,-6.281360277520814,4.147338903349481,-3.5776335500158685,-1,-1
2015-06-16,model2,-9.784908248535308,1.6369778090705782,-0.9931868767355914,-1,-1
2015-06-17,model2,-8.908573638606228,-0.07648325602892633,2.589795675028584,1,1
2015-06-18,model2,-6.115955063213074,-1.979644246136992,4.695779565501219,1,1
2015-06-19,model2,-3.536566675531915,-3.6935960670079466,4.293340208552114,1,1
2015-06-23,model2,-3.1746447458628837,-5.440789852483154,2.1091157151442386,1,1
2015-06-24,model2,-0.7969906944444443,-3.9034861147405255,0.840350313675811,1,1
2015-06-25,model2,0.7257568888888889,-1.520866226681857,-0.8598723047253354,-1,-1
2015-06-26,model2,-1.2295100166666666,-1.5561301311991242,-1.920003001038288,-1,-1
2015-06-29,model2,-5.122206198639456,-5.634538644758604,0.1857123315866902,1,1
2015-06-30,model2,-3.817716865306122,-4.939459733553529,0.6094104221282595,1,1
2015-07-01,model2,-2.1404379319727886,-3.534480819846219,0.27230001962602346,1,1
2015-07-02,model2,-0.08418351020408125,-1.6281195572360456,0.14989315915853396,1,1
2015-07-03,model2,-2.9977005714285707,-5.074193111797762,0.5325564933372271,1,1
2015-07-06,model2,-3.1200539047619045,-9.399501630984668,4.202955185853572,1,1
2015-07-07,model2,-2.6972043945578226,-17.420975540058752,8.444323419278167,1,1
2015-07-08,model2,-1.9962984166666662,-21.92510227175701,5.205032709589413,1,1
2015-07-09,model2,-0.5308230833333328,-16.673295256312127,-3.7863316821115487,-1,-1
2015-07-10,model2,1.9250001507092203,-5.349183892682764,-8.86828812958681,-1,-1
2015-07-13,model2,4.0748313156752065,5.474511713618313,-8.67386444133509,-1,-1
2015-07-14,model2,2.5849369156752067,8.406591708859949,-4.421974395241636,-1,-1
2015-07-15,model2,-0.006606644897959146,6.333452831001275,-0.5184046827144919,-1,-1
2015-07-16,model2,-0.8585435634100448,3.7439422907104505,1.737573621778739,1,1
2015-07-17,model2,0.6628078433926763,2.4434259400236837,2.8218677574894877,1,1
2015-07-20,model2,1.4144291699232887,5.546555637380888,-2.351508370826592,-1,-1
2015-07-21,model2,1.1875586734693877,8.848017749901468,-3.5283326089744804,-1,-1
2015-07-22,model2,-1.6605700340136054,11.016054149734773,-5.016165107316298,-1,-1
2015-07-23,model2,-1.2142141673469389,13.331759615945009,-1.8693495995435696,-1,-1
2015-07-24,model2,-0.47061335102040824,10.241874022807755,3.8334864094637844,1,1
2015-07-27,model2,-0.01360498367346974,4.685352962513677,6.013529427641017,1,1
2015-07-28,model2,-2.3826453741496603,-2.381674609448814,4.697987181486301,1,1
2015-07-29,model2,-2.684149251700681,-2.5397284701591363,-0.14345001684069825,-1,-1
2015-07-30,model2,-2.468092585034014,-1.419046354922494,-0.9046254485699754,-1,-1
2015-07-31,model2,-2.2626897278911566,0.16997372257001442,-1.383617220349651,-1,-1
2015-08-03,model2,-2.556500068027211,-1.0720883191450887,0.9482517015790486,1,1
2015-08-04,model2,0.21179548752834432,0.3120757840673975,1.3841314523430692,1,1
2015-08-05,model2,2.0229794875283442,1.0457613234445082,1.0774984606228892,1,1
2015-08-06,model2,1.7093992083333331,1.3318357612493026,-0.5996547169998054,-1,-1
2015-08-07,model2,0.527482986111111,1.3624278394210645,-1.212508300393984,-1,-1
2015-08-10,model2,1.9870138527777776,4.110072273232867,-1.288113567145136,-1,-1
2015-08-11,model2,3.095523315646258,6.694214061025103,-1.4756323249237553,-1,-1
2015-08-12,model2,2.4559954108843534,6.250082004264783,-0.19539584800158494,-1,-1
2015-08-13,model2,1.7254375581065757,5.293113591186633,0.22641056030037254,1,1
2015-08-14,model2,1.7830156055808848,4.901546556878899,0.4491450817820428,1,1
2015-08-17,model2,1.1426155375536737,6.178622251160353,-1.9174757623086647,-1,-1
2015-08-18,model2,-2.8502994355188886,3.345084893851283,-1.1593776157634927,-1,-1
2015-08-19,model2,-4.349830070861679,1.5344388755756475,0.31111538293284524,1,1
2015-08-20,model2,-5.4695939647392295,-1.2415969149285944,1.6562718966266914,1,1
2015-08-21,model2,-5.561606481746033,-2.7468650209573564,1.413255589021959,1,1
2015-08-24,model2,-9.421970076190476,-7.179088590679197,0.5718599752773974,1,1
2015-08-25,model2,-16.005993942857142,-14.796514499051336,1.0334020417054726,1,1
2015-08-26,model2,-19.780809599999998,-23.290997916602716,4.719667760408525,1,1
2015-08-27,model2,-14.12461386666667,-19.46029532708629,1.8254931438169013,1,1
2015-08-28,model2,-3.844075221768707,-9.40720704034545,0.22745035815712278,1,1
2015-08-31,model2,6.227365578231293,1.271657033716087,-0.6074232740615368,-1,-1
2015-09-01,model2,10.765670040816326,0.5730842640821844,5.236877232218936,1,1
2015-09-02,model2,12.5747143292517,-2.400740276697015,4.782868829214573,1,1
2015-09-07,model2,7.684531091156463,-2.492218391110177,-4.798705123682075,-1,-1
2015-09-08,model2,2.504370628571429,0.04729969598404334,-7.719678549679255,-1,-1
2015-09-09,model2,0.4070297414965986,5.073452794923907,-7.123493986014694,-1,-1
2015-09-10,model2,2.7546842851473925,5.660824576745465,1.7602827618292363,1,1
2015-09-11,model2,2.045514951814059,4.760907378632257,0.19074786477987438,1,1
2015-09-14,model2,0.6651695954106281,-0.3644597951756496,3.7450218174044756,1,1
2015-09-15,model2,-1.9707110990338161,-4.259629134115024,1.2592886444949305,1,1
2015-09-16,model2,-1.3010805434782609,-4.401493651598146,0.8114950730386774,1,1
2015-09-17,model2,-1.910369722222222,-3.2978664384107765,-1.712916391931331,-1,-1
2015-09-18,model2,-0.8311802173913044,0.2403619803499121,-2.459038913929771,-1,-1
2015-09-21,model2,-0.8262636714975846,1.8669869296627173,-1.6217084034190852,-1,-1
2015-09-22,model2,0.7495586187518487,4.070020317734234,-0.6272110978220833,-1,-1
2015-09-23,model2,1.0397883259390712,4.432895225873339,-0.07264520095188243,-1,-1
2015-09-24,model2,0.9089435161564626,3.8098631840760557,0.4921872320146746,1,1
2015-09-25,model2,-0.6194987967687077,1.4109840479155447,0.870436823235341,1,1
2015-09-28,model2,-1.3021619532312927,1.0069981590052264,-0.27867726755226674,-1,-1
2015-09-29,model2,-3.8071971782312928,-0.521999432292365,-0.976037633702409,-1,-1
2015-09-30,model2,-4.472462685271318,-0.3511514303962075,-0.8361135089361829,-1,-1
2015-10-08,model2,-2.463257079829141,0.9810198512958886,0.6770343237500809,1,1
2015-10-09,model2,1.9520288838072226,3.700578000869448,1.695727814062804,1,1
2015-10-12,model2,7.968098550638824,9.596824044715222,0.11982362298582849,1,1
2015-10-13,model2,9.845764797048501,16.48228265782527,-5.007792366700371,-1,-1
2015-10-14,model2,7.728368929866037,15.569893284988602,-1.2050064943457963,-1,-1
2015-10-15,model2,3.52296275965327,12.17996770436295,-0.8154805895871142,-1,-1
2015-10-16,model2,2.665910780141844,6.205269310855024,5.1176464139965,1,1
2015-10-19,model2,3.487156283687943,5.667512393212173,1.3590024211889498,1,1
2015-10-20,model2,4.538743475515028,5.155043440726993,1.564056144312266,1,1
2015-10-21,model2,2.913254661145617,2.350548941774694,1.1790056845828873,1,1
2015-10-22,model2,1.9764495307108352,1.7187727185930122,-0.30502890725310006,-1,-1
2015-10-23,model2,0.2163068972332016,1.416183648945581,-1.4575535638302024,-1,-1
2015-10-26,model2,-0.12035913043478252,3.4420133546798226,-2.3624957334022256,-1,-1
2015-10-27,model2,-1.3136461702127658,4.798731514224296,-2.550005199322457,-1,-1
2015-10-28,model2,-4.881637052953214,2.8250703701690902,-1.594329738685242,-1,-1
2015-10-29,model2,-7.851497835194228,1.4381668194777284,-1.582957231549652,-1,-1
2015-10-30,model2,-8.561898405722204,-0.46888134522815395,1.1966475941779064,1,1
2015-11-02,model2,-7.926572152253193,-1.2952714626037218,1.4617163708445782,1,1
2015-11-03,model2,-8.29062700901086,-2.871132101394108,1.2118057820327193,1,1
2015-11-04,model2,-5.164044736355227,-1.298284618051942,1.5537347893134672,1,1
2015-11-05,model2,-0.22688423990132556,1.040640180039735,2.598235698362225,1,1
2015-11-06,model2,6.713810760098674,5.151728944540284,2.829606235499451,1,1
2015-11-09,model2,11.852773492072672,7.9120003279564095,2.3786913485578713,1,1
2015-11-10,model2,13.938617676469834,9.457685441335094,0.5401590710184774,1,1
2015-11-11,model2,10.457019922846646,9.23832363817661,-3.262235950464703,-1,-1
2015-11-12,model2,2.468625408957757,6.002027082087809,-4.752097957800089,-1,-1
2015-11-13,model2,-5.916998695652173,2.956952539016648,-5.340549561538769,-1,-1
2015-11-16,model2,-8.380117730496453,1.396300058627854,-0.9024665544554862,-1,-1
2015-11-17,model2,-6.850480961977934,0.8163930015707969,2.1095438255755763,1,1
2015-11-18,model2,-3.349027353821906,0.2724060802224823,4.045440529504343,1,1
2015-11-19,model2,-0.0369212899921186,0.07161160594955174,3.5129005381027176,1,1
2015-11-20,model2,0.7468488859338073,1.0512147982857236,-0.19583301641024597,-1,-1
2015-11-23,model2,0.6821956944444455,2.2644930733112596,-1.2779314665148978,-1,-1
2015-11-24,model2,-2.176855617612292,1.9995405804780082,-2.594098819223486,-1,-1
2015-11-25,model2,-2.676867700945625,2.4056173067849693,-0.9060888096402941,-1,-1
2015-11-26,model2,-2.092837411090553,2.750431036820221,0.2392165598198206,1,1
2015-11-27,model2,-2.3201239359132484,1.2177271292914575,1.305417382706068,1,1
2015-11-30,model2,-4.819851019246581,-1.7295652224848086,0.4475652684429332,1,1
2015-12-01,model2,-5.456406557328605,-2.6949736128285022,0.3288528522616698,1,1
2015-12-02,model2,-2.2609221926713934,-2.1272608589989255,2.6277716108276348,1,1
2015-12-03,model2,2.080780109338063,0.7510264637804914,1.4634149792300395,1,1
2015-12-04,model2,2.218440218676124,1.8849343023963978,-0.9962477292778451,-1,-1
2015-12-07,model2,-0.1893681176122919,3.31758739725266,-3.8404614311446785,-1,-1
2015-12-08,model2,-5.331518058510637,1.1487690409364095,-2.973331584582095,-1,-1
2015-12-09,model2,-6.266802281323876,-0.8841375218449703,1.0976223399681406,1,1
2015-12-10,model2,-6.210682442510207,-3.379607496029026,2.5515898129977246,1,1
2015-12-11,model2,-4.359402288845905,-4.555317779224996,3.026990436860273,1,1
2015-12-14,model2,-1.153761593810444,-2.3672247984307346,1.0175477142411995,1,1
2015-12-15,model2,-0.0801648907801406,0.8187688588596149,-2.1123969542600465,-1,-1
2015-12-16,model2,0.538887443478262,3.9555930222912914,-2.517771829173274,-1,-1
2015-12-17,model2,-0.36806922318840457,6.52403230079057,-3.4753959451659453,-1,-1
2015-12-18,model2,0.4941488695652186,6.784265527207853,0.6019848663363405,1,1
2015-12-21,model2,3.158749159420291,7.169880686052271,2.2789851310106544,1,1
2015-12-22,model2,4.207772687198069,5.733335115697113,2.485569098132937,1,1
2015-12-23,model2,4.992845833333335,3.789777309370433,2.728630952461945,1,1
2015-12-24,model2,3.3210393707483004,1.253416411915499,0.8645544348698992,1,1
2015-12-25,model2,2.1325437294953455,-0.7136050455381353,0.7785258162006794,1,1
2015-12-28,model2,-0.5399039093935434,-1.8604966420611058,-1.5255560423659185,-1,-1
2015-12-29,model2,-0.4984807801418429,-1.331040197008657,-0.4880333158007483,-1,-1
2015-12-30,model2,-0.6123870212765946,-0.6522546389392755,-0.7926917992041331,-1,-1
2015-12-31,model2,0.07578318280503808,0.057214343857740824,-0.02129877871538366,-1,-1
2016-01-04,model2,-2.059338817194962,-1.7365355228847363,-0.3413721332575228,-1,-1
2016-01-05,model2,-3.987965268140588,-5.405998521179707,1.7408365473493443,1,1
2016-01-06,model2,-2.466398805555554,-4.235111367568927,0.35067930897425414,1,1
2016-01-07,model2,-0.8163134722222211,-2.5679564189504203,-0.0170696152851737,-1,-1
2016-01-08,model2,0.8845966666666679,0.17707705528823126,-1.0441233353497623,-1,-1
2016-01-11,model2,-0.5446281632653048,-1.4773887084578783,0.2252409338141368,1,1
2016-01-12,model2,-0.4062605036908367,-2.0390345714546583,0.700013522571248,1,1
2016-01-13,model2,-1.3985528846432178,-4.021225376605944,0.9898984241989046,1,1
2016-01-14,model2,-0.838125011232984,-2.7934995324655145,-0.6672979707301957,-1,-1
2016-01-15,model2,-1.2507266708074523,-2.3227123204951274,-0.8833888715448553,-1,-1
2016-01-18,model2,-1.2932113268921082,-0.18488470770159915,-2.1803122688781844,-1,-1
2016-01-19,model2,-0.45927170370370235,1.1922007535299102,-0.5431458380431036,-1,-1
2016-01-20,model2,0.4852997792894949,2.009204282905008,0.12756795361809958,1,1
2016-01-21,model2,0.2051801496598653,0.9924327551427812,0.7366518981325971,1,1
2016-01-22,model2,-0.6669751020408149,-0.6371696496525646,0.7574471530946657,1,1
2016-01-25,model2,-0.04893554799697508,0.013713415326980597,-0.03284351093570537,-1,-1
2016-01-26,model2,0.4482725853363583,0.33320011757587437,0.1777214310844396,1,1
2016-01-27,model2,-0.7262651074074059,-1.0831190350999915,0.24178145993210176,1,1
2016-01-28,model2,-4.26962081111111,-5.206227491878306,0.5797527530746112,1,1
2016-01-29,model2,-3.232976277777776,-4.261922856624296,0.0923398980793233,1,1
2016-02-01,model2,-2.286705333333332,-2.718496701301254,-0.597155210878598,-1,-1
2016-02-02,model2,0.8100700000000015,1.3263845505674807,-0.9481059185354015,-1,-1
2016-02-03,model2,0.41968978231292664,2.4136773770857407,-1.4776730442053347,-1,-1
2016-02-04,model2,1.30942731564626,4.79348622748516,-1.4900713170660862,-1,-1
2016-02-05,model2,1.1650588489795937,4.445926904761906,0.2031908560565876,1,1
2016-02-15,model2,0.18340546666666832,2.97439982273764,0.4898736997113412,1,1
2016-02-16,model2,-0.014124638095236527,1.8656502247405007,0.9112194932352342,1,1
2016-02-17,model2,1.0444052174603187,3.4091460844131447,-0.4849660041170889,-1,-1
2016-02-18,model2,2.377059623015874,4.615093523180007,0.1267069667886933,1,1
2016-02-19,model2,1.6096937972813252,4.139684692821188,-0.29195699537572994,-1,-1
2016-02-22,model2,1.4079747893448176,4.582239098549809,-0.6442734136651285,-1,-1
2016-02-23,model2,0.8951615949003733,4.352262660607943,-0.28283675650257867,-1,-1
2016-02-24,model2,1.3094014466089483,3.9740121460209585,0.7924903662955596,1,1
2016-02-25,model2,-0.5747792336631607,0.2923375151652487,1.797493950583601,1,1
2016-02-26,model2,-0.2443097892187163,-1.67767850047614,2.3004854600858335,1,1
2016-02-29,model2,-0.3528415022675722,-4.981587180340214,3.195376966815218,1,1
2016-03-01,model2,1.129695202849257,-3.707210525035577,0.20816004981219227,1,1
2016-03-02,model2,3.912952487429756,-0.8075185265269287,-0.11643471392814986,-1,-1
2016-03-03,model2,7.42725409315538,3.380014070106109,-0.6732309909074132,-1,-1
2016-03-04,model2,12.493569837018143,3.070065677691813,5.376264136277059,1,1
2016-03-07,model2,11.386945955215422,2.754804659498536,-0.7913628636094434,-1,-1
2016-03-08,model2,8.222615825384503,2.0359567617351555,-2.4454822320675387,-1,-1
2016-03-09,model2,1.5066477040934334,1.4124738365354463,-6.092485196091361,-1,-1
2016-03-10,model2,-3.021896033151465,-2.011632857870693,-1.10443704283876,-1,-1
2016-03-11,model2,-4.517586012447531,-5.10798356629724,1.6006607291304817,1,1
2016-03-14,model2,-2.8472807364684996,-3.5231674992688773,0.08548920895066825,1,1
2016-03-15,model2,0.6255081736487397,-1.3039343011079396,1.2535557119563019,1,1
2016-03-16,model2,3.5825972892949984,0.10468774429944598,1.548467070238873,1,1
2016-03-17,model2,4.846321587784051,-0.1750746716994819,1.5434867144879807,1,1
2016-03-18,model2,6.227498652230551,1.502713798293495,-0.29661140554647725,-1,-1
2016-03-21,model2,8.375929437377945,5.73326435645232,-2.0821197730114314,-1,-1
2016-03-22,model2,6.630327099847187,7.7099470105352585,-3.722284991613696,-1,-1
2016-03-23,model2,4.006826055710165,8.229206020771171,-3.1427600543729346,-1,-1
2016-03-24,model2,-1.6684417498453907,5.145617861163071,-2.5916796459474556,-1,-1
2016-03-25,model2,-1.8305250892255873,2.9919602752165595,1.991574246566315,1,1
2016-03-28,model2,-1.9914606999244124,0.46739357759861927,2.3636310869191153,1,1
2016-03-29,model2,-1.9805794406651531,-1.2034952557347143,1.681770092592593,1,1
2016-03-30,model2,-1.792118033257746,-0.880274219975036,-0.13475962835227118,-1,-1
2016-03-31,model2,-0.7325893333333315,0.122768778357071,0.05648570159230748,1,1
2016-04-01,model2,1.4241973518518538,1.6849801658779127,0.5945752976643437,1,1
2016-04-05,model2,2.763684279388086,2.6831311687639157,0.3413359246502292,1,1
2016-04-06,model2,1.9943786053140118,3.660140868063215,-1.7463153733733734,-1,-1
2016-04-07,model2,-0.08627947246376581,3.371810242296028,-1.792327452010591,-1,-1
2016-04-08,model2,-4.986566284057969,0.6376012430175285,-2.166077812315703,-1,-1
2016-04-11,model2,-4.366538950724635,-0.3915907265065807,1.649219302857443,1,1
2016-04-12,model2,-2.774426521095006,0.024852570515932038,1.1756691326071167,1,1
2016-04-13,model2,1.1342553629629648,1.9106461996187767,2.022888254955126,1,1
2016-04-14,model2,2.729804074074076,3.007513066286726,0.49868184444316155,1,1
2016-04-15,model2,3.166055933806149,3.4985883134758793,-0.05482338745708004,-1,-1
2016-04-18,model2,1.3287774004728152,1.7603375642856987,-0.09902778414315305,-1,-1
2016-04-19,model2,-1.2418051835065131,-0.4620100255163167,-0.3482349941773131,-1,-1
2016-04-20,model2,-3.3471347888102443,-2.8101374619164203,0.24279783109637254,1,1
2016-04-21,model2,-5.234320881327251,-4.739642220683709,0.0423186662502828,1,1
2016-04-22,model2,-4.723413683821353,-4.73299798388674,0.5042629607089282,1,1
2016-04-25,model2,-3.8238676246169123,-3.573295883564679,-0.26015604111762025,-1,-1
2016-04-26,model2,0.4324130296022222,0.017358061285472164,0.6656267093689832,1,1
2016-04-27,model2,0.19224368177613513,0.5924613618257948,-0.8152726483664098,-1,-1
2016-04-28,model2,-0.03903623118324603,0.48841228240921025,-0.12723083354279663,-1,-1
2016-04-29,model2,-2.454682120663151,-1.176624688991721,-0.7506089180789737,-1,-1
2016-05-03,model2,-1.492879539141412,-0.3362630993978543,0.1214409919278725,1,1
2016-05-04,model2,-1.0016777244832022,1.1153406354340565,-0.9604019201737011,-1,-1
2016-05-05,model2,-0.892006530038758,3.0509198119608136,-1.8259079820823128,-1,-1
2016-05-06,model2,-3.8441797060591667,1.1824526966221496,-1.0837060606817446,-1,-1
2016-05-09,model2,-8.05057220408163,-2.0109820829069895,-1.0129577184933245,-1,-1
2016-05-10,model2,-11.297260700535531,-5.273623042968434,0.015952463607543432,1,1
2016-05-11,model2,-10.54752456795484,-6.449745680617944,1.9258587702302021,1,1
2016-05-12,model2,-6.611521081560281,-6.030034384241119,3.516292190017733,1,1
2016-05-13,model2,-3.704916039651836,-5.441602412372402,2.318173070039728,1,1
2016-05-16,model2,-1.606367519762844,-2.3942185563552036,-0.948835336128206,-1,-1
2016-05-17,model2,-0.4789963965744381,-0.004674657676789318,-1.2621727754900083,-1,-1
2016-05-18,model2,0.7944564064558651,0.5238446438008815,0.7449335015526324,1,1
2016-05-19,model2,-0.8066608465085618,-1.1809455857952305,0.10367297663168484,1,1
2016-05-20,model2,-0.9286865067340048,-0.8167662032871285,-0.4862050427335449,-1,-1
2016-05-23,model2,0.03350538720538928,2.205217756751021,-2.0597920660987556,-1,-1
2016-05-24,model2,0.6555805387205408,3.2710626265370277,-0.4437697182708551,-1,-1
2016-05-25,model2,0.13097183932346923,1.8165082404432276,0.9299456866967286,1,1
2016-05-26,model2,-0.6045079334038035,-0.4431204630050481,1.5241489307210032,1,1
2016-05-27,model2,-0.3242988424947126,-1.3412506898173415,1.1783393177213843,1,1
2016-05-30,model2,0.927789393939396,-1.9218977567162245,1.8327353033329916,1,1
2016-05-31,model2,3.600653390909093,-0.398790109157315,1.1497563494107874,1,1
2016-06-01,model2,3.9054476333333352,1.1258469296014941,-1.2198427963345668,-1,-1
2016-06-02,model2,2.5865734239316263,3.733894572346241,-3.9269218521464557,-1,-1
2016-06-03,model2,-0.08604759375544842,4.080265177214181,-3.018991622555015,-1,-1
2016-06-06,model2,-1.1220718691177674,3.9124114366246125,-0.8681705347727506,-1,-1
2016-06-07,model2,-1.2140832604912515,2.672451945875474,1.1479480993756543,1,1
2016-06-08,model2,-2.2013855613226956,0.35985150167294444,1.3252981433710855,1,1
2016-06-13,model2,-3.921601456028404,-3.3335844310299714,1.9732200379972076,1,1
2016-06-14,model2,-4.488033021919876,-5.374689490694901,1.474673493773457,1,1
2016-06-15,model2,-2.7786451990535315,-3.5036524327272294,-0.16164923510132656,-1,-1
2016-06-16,model2,-0.45889600120772706,-0.29514596386760034,-0.8887572710138247,-1,-1
2016-06-17,model2,0.8190408360015752,2.262281234327162,-1.2794903609854598,-1,-1
2016-06-20,model2,1.028036043281656,2.091647404079134,0.3796290375281085,1,1
2016-06-21,model2,1.6575539094432725,1.1217715323764852,1.5993937378642655,1,1
2016-06-22,model2,2.94655897294319,1.3626880736298457,1.048088522246557,1,1
2016-06-23,model2,2.700842896097891,1.0492974468681568,0.06767454991638999,1,1
2016-06-24,model2,1.4439775299362754,0.8443466153080031,-1.0519145346014622,-1,-1
2016-06-27,model2,0.052385948067635114,0.6475909272427421,-1.1948358938033792,-1,-1
2016-06-28,model2,0.27557770840697754,1.4056463305730702,-0.5348636429909857,-1,-1
2016-06-29,model2,2.613714791740311,2.9611536066371413,0.7826298072692621,1,1
2016-06-30,model2,4.224477642967758,3.206400727301831,1.3655157305627577,1,1
2016-07-01,model2,5.008575892290252,2.1445812345860107,1.845917742038314,1,1
2016-07-04,model2,6.737203281179141,2.7454248383151842,1.127783785159716,1,1
2016-07-05,model2,7.055857024154592,3.333359250238747,-0.2692806689481122,-1,-1
2016-07-06,model2,6.20250354267311,4.309956930057148,-1.8299511612998831,-1,-1
2016-07-07,model2,3.9586050426731103,3.7861949808354285,-1.72013655077828,-1,-1
2016-07-08,model2,0.8376788246650931,2.0183254841337703,-1.3530567213063591,-1,-1
2016-07-11,model2,-0.9842355457052773,0.10814343618763078,0.08826767757576914,1,1
2016-07-12,model2,-0.48672491645357674,-0.20281185031609664,0.8084659157554279,1,1
2016-07-13,model2,2.3701251662887404,1.2221617811354275,1.4318764512907929,1,1
2016-07-14,model2,4.07836964852608,2.8054455899194886,0.12496067345327888,1,1
2016-07-15,model2,3.731775597288564,2.2750381129254342,0.1838134257565378,1,1
2016-07-18,model2,2.2139170039079485,0.5406982206522947,0.21648129889252443,1,1
2016-07-19,model2,0.47010298463357225,-0.6687367497926139,-0.5343790488294677,-1,-1
2016-07-20,model2,-2.116600093380612,-1.2728622820820161,-1.9825775457247823,-1,-1
2016-07-21,model2,-2.8663682777777755,-1.2180719024417195,-0.80455856403746,-1,-1
2016-07-22,model2,-2.8255657777777756,-2.2008264587334425,1.0235570562917229,1,1
2016-07-25,model2,-2.460237838383836,-2.2470452861718972,0.41154676683239444,1,1
2016-07-26,model2,-1.291621321377033,-0.40848249765910377,-0.6699462715059905,-1,-1
2016-07-27,model2,-0.06554058063629246,0.5130426807663279,0.30455556231530867,1,1
2016-07-28,model2,1.0458601608208318,0.6188902547641457,1.0055531674593063,1,1
2016-07-29,model2,-0.7480715986102133,-1.7811052512319756,0.606063746565076,1,1
2016-08-01,model2,-3.6637566892327507,-3.9555687975470235,-0.7412215443074897,-1,-1
2016-08-02,model2,-3.464718906315699,-3.233402542243454,-0.5231284723865177,-1,-1
2016-08-03,model2,-2.4745633373608436,-1.549398508820973,-0.6938484644676257,-1,-1
2016-08-04,model2,-0.5436923691215593,1.8001192989758825,-1.4186468395575713,-1,-1
2016-08-05,model2,-0.825138923798766,1.824282248559859,-0.3056095042611833,-1,-1
2016-08-08,model2,0.7872271610181395,2.6096930147373576,0.826955318639407,1,1
2016-08-09,model2,4.164301511927792,3.700449377704912,2.286317987942098,1,1
2016-08-10,model2,5.138495312981809,3.8356941905988684,0.8389489881600611,1,1
2016-08-11,model2,4.625660928845176,1.4663389300858578,1.8565208763763774,1,1
2016-08-12,model2,4.602783804022481,-0.03701016902056701,1.4804719742837302,1,1
2016-08-15,model2,8.215421693877554,1.314251976892738,2.2613757439417674,1,1
2016-08-16,model2,7.710095652482271,4.190183769071148,-3.3812578335736934,-1,-1
2016-08-17,model2,4.78226784668517,5.797450749049458,-4.53509478577541,-1,-1
2016-08-18,model2,-0.763030308870385,5.132696639607798,-4.880544046113895,-1,-1
2016-08-19,model2,-2.3754462206119134,3.489996938222227,0.030283789644042436,1,1
2016-08-22,model2,-4.335225948148145,0.27816993220362907,1.2520472784823662,1,1
2016-08-23,model2,-3.8767025243755353,-1.6239003893085737,2.3605937452848127,1,1
2016-08-24,model2,-4.2614177041406665,-2.3788404686144147,0.3702248995407098,1,1
2016-08-25,model2,-4.690916382401536,-2.3345457315814557,-0.47379341529382835,-1,-1
2016-08-26,model2,-4.989666614959676,-1.9513348735190863,-0.6819610906205094,-1,-1
2016-08-29,model2,-3.7438250455005027,-1.111693394636485,0.4062000905765719,1,1
2016-08-30,model2,-0.6775542339063,-0.20544643674174845,2.160023853699466,1,1
2016-08-31,model2,1.798174797101452,0.3845164432622803,1.8857661510037231,1,1
2016-09-01,model2,1.5478081489361728,-0.9241779397691046,1.0583277348661058,1,1
2016-09-02,model2,1.4926242938637093,-2.2617805494182277,1.2824187545766597,1,1
2016-09-05,model2,0.6137831575000728,-2.911475368581408,-0.2291463172004563,-1,-1
2016-09-06,model2,2.272337625585179,-0.5423538707882072,-0.7105670297080944,-1,-1
2016-09-07,model2,3.3868520838322467,2.1021559297038768,-1.5299953422450163,-1,-1
2016-09-08,model2,3.345752716319914,3.7517871776090157,-1.6907306154174715,-1,-1
2016-09-09,model2,1.509272085409748,2.070703274188523,-0.15539672748967326,-1,-1
2016-09-12,model2,-2.915838628875966,-1.3246167079944902,-1.0297907321027013,-1,-1
2016-09-13,model2,-7.865176603260867,-3.383208504219745,-2.890746178159647,-1,-1
2016-09-14,model2,-14.548498100010276,-4.518825638194481,-5.547704362774673,-1,-1
2016-09-19,model2,-11.44581997339529,-1.6774277434982128,0.2612802319187182,1,1
2016-09-20,model2,-6.976643532171457,-0.36495888153917516,3.156707579264795,1,1
2016-09-21,model2,0.6878330087698717,1.3406720980726108,5.958845561329543,1,1
2016-09-22,model2,2.0688175841750867,1.841010335083822,0.8806463383940035,1,1
2016-09-23,model2,2.721751795125167,1.6993696985830677,0.7945748474508345,1,1
2016-09-26,model2,1.4746230556022786,-0.034742268004305764,0.48698322706448516,1,1
2016-09-27,model2,0.3194515809722576,-1.1343857873035768,-0.055527955330749945,-1,-1
2016-09-28,model2,-0.6496471871436844,-1.7564486555968104,-0.3470358998227083,-1,-1
2016-09-29,model2,0.4525292796519313,-0.5550974998098213,-0.09917468899137338,-1,-1
2016-09-30,model2,0.6342474967061947,-0.019194594038254593,-0.3541846887173032,-1,-1
2016-10-10,model2,2.406764160353538,2.467210458015663,-0.7138883884065743,-1,-1
2016-10-11,model2,4.712546126355016,5.405607291296453,-0.6326148672793117,-1,-1
2016-10-12,model2,3.5247186844945504,6.484156352168366,-2.266376502732379,-1,-1
2016-10-13,model2,1.147318657785149,4.6806493897600765,-0.573893064301112,-1,-1
2016-10-14,model2,-1.413269918505265,1.5093070774225745,0.6107537360470876,1,1
2016-10-17,model2,-1.9812889917963148,-1.709121741169261,2.6504097453007858,1,1
2016-10-18,model2,-0.18496814800653505,-1.4696120626566078,1.5568111652771266,1,1
2016-10-19,model2,1.6978205908855053,-0.6885091017178118,1.1016857779532443,1,1
2016-10-20,model2,3.9582686893703536,0.897379520255504,0.6745594765115324,1,1
2016-10-21,model2,5.098333321364049,-0.3626769012338416,2.4001210534830415,1,1
2016-10-24,model2,6.250867988376676,-0.08383677501473256,0.8736945407935176,1,1
2016-10-25,model2,6.491722362490151,0.9905558757328937,-0.8335382766341513,-1,-1
2016-10-26,model2,3.5232139273049667,1.7313751248734566,-3.709327684325747,-1,-1
2016-10-27,model2,-0.9902671530183061,0.6564840412675552,-3.4385899967173716,-1,-1
2016-10-28,model2,-3.058872763242892,-1.7254367256252252,0.31331515666819465,1,1
2016-10-31,model2,-2.788538977011008,-3.405567375101157,1.9504644357078156,1,1
2016-11-01,model2,-0.23010044987922473,-2.100854283910801,1.2537254359414276,1,1
2016-11-02,model2,0.003148635522666495,-0.6891810067268284,-1.1784241917820815,-1,-1
2016-11-03,model2,0.8721607962604794,1.2149605696364063,-1.0351294156254216,-1,-1
2016-11-04,model2,0.18132338885307173,0.3528783273729728,0.17124483485602593,1,1
2016-11-07,model2,1.3789250131395274,-0.1309533037139925,1.681433255373421,1,1
2016-11-08,model2,2.6976334411698306,0.16006987824708765,1.0276852460692232,1,1
2016-11-09,model2,1.6732852023187343,-0.026049847917339775,-0.8382285126866689,-1,-1
2016-11-10,model2,1.4490487712585054,1.1757170709304152,-1.4260033499079838,-1,-1
2016-11-11,model2,1.7979096317657517,1.8898464469403493,-0.3652685155026878,-1,-1
2016-11-14,model2,4.857012929539407,3.5123000167297467,1.4366497279842585,1,1
2016-11-15,model2,5.663842081466844,4.700639958672141,-0.38151079001495747,-1,-1
2016-11-16,model2,3.963838665065289,4.43736189636624,-1.4367253540956542,-1,-1
2016-11-17,model2,1.8990512461082776,2.9833612133510656,-0.6107867359418369,-1,-1
2016-11-18,model2,-0.5556308279657968,-0.03194067033118175,0.5606198096081729,1,1
2016-11-21,model2,-1.076074021184963,-1.5960341510128166,1.0436502874624685,1,1
2016-11-22,model2,-0.7706273033884927,-0.8365209440262215,-0.4540664891901248,-1,-1
2016-11-23,model2,1.4772119349367892,0.23316830040187167,1.1781499938971889,1,1
2016-11-24,model2,2.4788395960873015,0.35181172212705364,0.8829842394253304,1,1
2016-11-25,model2,3.5813125762882465,-0.3024478804882678,1.7567325828162663,1,1
2016-11-28,model2,3.7757407831954315,-0.36242808046715175,0.2544084068860689,1,1
2016-11-29,model2,4.865629287825061,-0.9169191262187857,1.6443795503812633,1,1
2016-11-30,model2,3.2060826211583944,-2.166585726184773,-0.409880066700679,-1,-1
2016-12-01,model2,2.2600913707729493,-2.065028771512418,-1.0475482050578004,-1,-1
2016-12-02,model2,0.359684717995171,-2.098465732956928,-1.866969691333268,-1,-1
2016-12-05,model2,-0.8740992125603846,-2.3803142131331394,-0.9519354503793442,-1,-1
2016-12-06,model2,-2.909445027777776,-3.3020012999215904,-1.1136587284289403,-1,-1
2016-12-07,model2,-2.988627713768114,-1.5136070306423648,-1.8675769552695638,-1,-1
2016-12-08,model2,-1.8014161960376178,0.047239319895310994,-0.37363483280717946,-1,-1
2016-12-09,model2,0.42612432932470123,0.45043956716911,1.8243402780885203,1,1
2016-12-12,model2,0.8538129264261505,-2.431873862125689,3.3100020263962486,1,1
2016-12-13,model2,-0.13811931352656792,-4.073300858939276,0.6494947568608684,1,1
2016-12-14,model2,-2.445086139909295,-5.885956482946536,-0.4943112023754668,-1,-1
2016-12-15,model2,-4.994966354875281,-3.7431968023062137,-4.692639895606309,-1,-1
2016-12-16,model2,-6.447550476190474,-1.0237880702390532,-4.171992853382354,-1,-1
2016-12-19,model2,-7.081273776233896,1.9847778542579804,-3.6422892245404555,-1,-1
2016-12-20,model2,-7.348710250156799,1.8693108455985212,-0.15196946526344357,-1,-1
2016-12-21,model2,-4.8319954066193835,1.9446442823360606,2.4413814067998763,1,1
2016-12-22,model2,-2.682698598108745,1.7296031555398577,2.3643379353068417,1,1
2016-12-23,model2,-1.4430539121184072,1.1638415319707238,1.8054063095594717,1,1
2016-12-26,model2,-2.0748482099907477,-0.6220843296496191,1.1541315637480023,1,1
2016-12-27,model2,-3.5592669210607446,-1.70429658113057,-0.402206459589046,-1,-1
2016-12-28,model2,-4.600158670543146,-2.574880624332705,-0.17030770628026626,-1,-1
2016-12-29,model2,-5.384851761559695,-3.559151676893979,0.1995779615447253,1,1
2016-12-30,model2,-3.660755674603173,-3.432535819386318,1.5974802294488608,1,1
2017-01-03,model2,0.8654907638888906,-0.9549266377763518,2.048637256882097,1,1
2017-01-04,model2,6.287155331072353,2.716476925682643,1.750261003724468,1,1
2017-01-05,model2,8.998200773249225,5.017809323076446,0.40971304478306925,1,1
2017-01-06,model2,6.6476765190221725,4.524193189414404,-1.8569081205650102,-1,-1
2017-01-09,model2,3.0832576370238933,3.252727395449025,-2.2929530880329003,-1,-1
2017-01-10,model2,0.6292964372712652,1.4189317983919227,-0.6201656026955262,-1,-1
2017-01-11,model2,-0.12286524915824722,-0.6424425290934573,1.3092126410558675,1,1
2017-01-12,model2,-2.1047304756871017,-4.071961265230868,1.4476535096085563,1,1
2017-01-13,model2,-2.141269398962408,-8.28773961088803,4.179239422381856,1,1
2017-01-16,model2,0.4695097630660401,-13.882051829526022,8.20509138066644,1,1
2017-01-17,model2,2.045888054409709,-12.383735438369229,0.07806190018687564,1,1
2017-01-18,model2,2.880852590333237,-8.508353114504393,-3.0404177879413075,-1,-1
2017-01-19,model2,1.8491857347020952,-1.9493991503625807,-7.590620819772954,-1,-1
2017-01-20,model2,2.6918574847020955,0.28794689695282855,-1.3946742973154092,-1,-1
2017-01-23,model2,2.700870093397748,3.0919263261201464,-2.7949668204716653,-1,-1
2017-01-24,model2,2.420708676328504,5.033981491034542,-2.222216581983639,-1,-1
2017-01-25,model2,2.162918169868556,5.053580479241018,-0.27738949466642415,-1,-1
2017-01-26,model2,1.7638754977671065,4.670967089371426,-0.01642928223185769,-1,-1
2017-02-03,model2,0.6345192296511645,3.9351673187784306,-0.39355649752294664,-1,-1
2017-02-06,model2,-0.3660022083333316,4.229080316163788,-1.2944344353698536,-1,-1
2017-02-07,model2,-2.0548892727272707,3.0954563356954274,-0.5552630839255783,-1,-1
2017-02-08,model2,-1.8569674076479057,3.544605817491831,-0.2512276167170384,-1,-1
2017-02-09,model2,-1.044859858867418,3.9458636525903503,0.4108497136819682,1,1
2017-02-10,model2,1.171538194001699,3.9867929266482154,2.175468778811252,1,1
2017-02-13,model2,4.795962729631554,4.340907126657537,3.2703103356205325,1,1
2017-02-14,model2,6.109939756608642,3.160855670615065,2.494028483019561,1,1
2017-02-15,model2,4.464796210509351,1.1315999336423368,0.38411219087343706,1,1
2017-02-16,model2,1.5167977643455852,-0.260970046089439,-1.5554284664319897,-1,-1
2017-02-17,model2,-0.6391727724048989,-1.6660586833720146,-0.7508818994679085,-1,-1
2017-02-20,model2,0.3056587169568033,-0.2723512828540462,-0.4488759111562661,-1,-1
2017-02-21,model2,1.3773612334258416,1.23736201939093,-0.4380107857759379,-1,-1
2017-02-22,model2,2.0732041362792146,3.422973424866518,-1.489768502622215,-1,-1
2017-02-23,model2,1.044176375837922,3.9942550145987123,-1.600309350173487,-1,-1
2017-02-24,model2,-0.8336965227128026,3.17832013094022,-1.0619380148922322,-1,-1
2017-02-27,model2,-3.5172492423510455,0.8248879575968032,-0.33012054629482623,-1,-1
2017-02-28,model2,-4.044244871980676,-0.2042484442776098,0.5021407722447826,1,1
2017-03-01,model2,-4.106881849206348,-0.5794992931470996,0.3126138716438175,1,1
2017-03-02,model2,-4.020948086580085,-0.52564605381232,0.0320805232914837,1,1
2017-03-03,model2,-5.642728658008657,-1.0358378244120958,-1.1115888008287964,-1,-1
2017-03-06,model2,-5.796773207147461,-0.18585483251948576,-1.0040275410314137,-1,-1
2017-03-07,model2,-3.736655800523078,1.5638795555105929,0.3103830185943044,1,1
2017-03-08,model2,-0.9211065044568252,2.2056065132587204,2.173822338318125,1,1
2017-03-09,model2,-0.5614072244691596,-0.11487758761847289,2.6801833808648587,1,1
2017-03-10,model2,-1.666227074275361,-2.4106501508919034,1.190952713467229,1,1
2017-03-13,model2,-0.6641969825865116,-2.146441109939265,0.7378210507362111,1,1
2017-03-14,model2,1.238742117252458,-1.0164257994931643,0.7729237893928687,1,1
2017-03-15,model2,3.629753334845051,-0.0066606831740131005,1.3812461012734414,1,1
2017-03-16,model2,4.434565355397953,0.8247350575270002,-0.026583720148111167,-1,-1
2017-03-17,model2,3.0323815544720265,0.658684997131313,-1.2361337405302393,-1,-1
2017-03-20,model2,1.5063431588491307,1.033064790374729,-1.9004181888663116,-1,-1
2017-03-21,model2,-0.34180054759551903,-0.042188169752219305,-0.7728907463177015,-1,-1
2017-03-22,model2,-1.5874675614844078,-0.6069731089076417,-0.6808820747334664,-1,-1
2017-03-23,model2,-1.3287904251207714,-1.4769531930782265,1.1286572205342211,1,1
2017-03-24,model2,0.1302589861111123,-0.9127189336196869,0.8948151517733441,1,1
2017-03-27,model2,1.625836385638299,-0.311969664157073,0.8948281300645726,1,1
2017-03-28,model2,0.5933014462443595,-0.15930457627453568,-1.1852000272764767,-1,-1
2017-03-29,model2,-2.1211227898667513,-1.9529063403368532,-0.9208224720487934,-1,-1
2017-03-30,model2,-4.285571603535353,-4.508417855360669,0.3910627013552137,1,1
2017-03-31,model2,-4.267585441919191,-4.76016625735294,0.2697345636084325,1,1
2017-04-05,model2,-1.5099118489240222,-2.349673704796981,0.34718104043921016,1,1
2017-04-06,model2,1.58562736714976,1.2074450235339473,-0.46157951225714555,-1,-1
2017-04-07,model2,4.019089989888778,2.904180233247079,0.7367274130258863,1,1
2017-04-10,model2,2.100643795041757,1.919525526529732,-0.9337914881296738,-1,-1
2017-04-11,model2,0.0067517037037050365,1.691271170811018,-1.865637735619338,-1,-1
2017-04-12,model2,-2.3037171042204982,0.41981954187428605,-1.0390171789874714,-1,-1
2017-04-13,model2,-4.074283445605361,0.12085134057758451,-1.4715981400881613,-1,-1
2017-04-14,model2,-6.434545570341091,-1.5075540473429927,-0.7318567368151525,-1,-1
2017-04-17,model2,-6.848887895256915,-2.812821990153926,0.8909256178951088,1,1
2017-04-18,model2,-7.496100359025032,-5.320868508040302,1.8608340541182593,1,1
2017-04-19,model2,-7.779296643296316,-7.949243822934054,2.345179030622468,1,1
2017-04-20,model2,-8.350655799861974,-9.123243902671662,0.6026409231719505,1,1
2017-04-21,model2,-4.64240766137566,-8.72907191166807,3.314076147482721,1,1
2017-04-24,model2,0.611707104220501,-8.388654415381144,4.9136972693092344,1,1
2017-04-25,model2,3.22562026184324,-6.890551452834253,1.1158101950758486,1,1
2017-04-26,model2,3.7419699390919177,-5.167527615168119,-1.2066741604174567,-1,-1
2017-04-27,model2,4.332225570321153,-2.1795659808534267,-2.3977060030854567,-1,-1
2017-04-28,model2,4.9715980295566515,0.09034652617129983,-1.630540047789228,-1,-1
2017-05-02,model2,3.3575016856413082,1.661740246040429,-3.1854900637844725,-1,-1
2017-05-03,model2,1.5296249215720437,2.162038113084593,-2.328174631113429,-1,-1
2017-05-04,model2,-0.6539823875938863,0.6654165408681916,-0.6869857369495285,-1,-1
2017-05-05,model2,-1.479497313519812,-2.678580535355946,2.5184821502982118,1,1
2017-05-08,model2,-1.986306396011395,-6.492206117773528,3.3068164999259992,1,1
2017-05-09,model2,-1.3465116402116388,-6.572881267956679,0.7204699059829067,1,1
2017-05-10,model2,-1.6221601679894169,-6.016459828400539,-0.8320699673339182,-1,-1
2017-05-11,model2,-1.5973460295031046,-4.096699406995857,-1.8949462829183696,-1,-1
2017-05-12,model2,-0.4467596855877603,-4.771286170229673,1.8251731071491606,1,1
2017-05-15,model2,1.3492248051529803,-3.6351181210881243,0.6598164415991918,1,1
2017-05-16,model2,3.5907489158249177,-0.215165085136143,-1.178428925280044,-1,-1
2017-05-17,model2,2.307442225589227,3.0173295230027684,-4.515801298374602,-1,-1
2017-05-18,model2,-1.3499027470355713,3.528408070536964,-4.168423520158994,-1,-1
2017-05-19,model2,-7.187977370009496,1.4913395041631112,-3.801006056600072,-1,-1
2017-05-22,model2,-8.810557494588622,-1.82625627509273,1.6950156546767152,1,1
2017-05-23,model2,-4.5542570783074,-5.521736380528285,7.951780521716777,1,1
2017-05-24,model2,0.731527781820675,-6.439040413391438,6.203088892991228,1,1
2017-05-25,model2,6.100594498920754,-4.271973093703927,3.2019993974125684,1,1
2017-05-26,model2,8.454496346269622,-0.17790386923238488,-1.7401673771226749,-1,-1
2017-05-31,model2,10.84398648790335,1.220569493298756,0.9910167791025881,1,1
2017-06-01,model2,11.673592925685428,-0.4343806333676001,2.4845565644484333,1,1
2017-06-02,model2,7.547661782828285,-0.8586655882778583,-3.7016461879468854,-1,-1
2017-06-05,model2,2.3324926161616175,-0.12710535471620332,-5.946729400228323,-1,-1
2017-06-06,model2,-2.344126670608523,2.326313876122418,-7.130038517608762,-1,-1
2017-06-07,model2,-0.7454614819780319,6.714532968218788,-2.7895539034658787,-1,-1
2017-06-08,model2,1.444357046160496,8.364451176630498,0.5399003197268182,1,1
2017-06-09,model2,3.6749307973421943,8.159840208548419,2.4351847192637774,1,1
2017-06-12,model2,3.4827394190098064,3.5775278845595633,4.390120945656467,1,1
2017-06-13,model2,2.9104260856764728,1.5673976104159928,1.4378169408102366,1,1
2017-06-14,model2,0.041495286488580696,0.8375159335094958,-2.139049122281395,-1,-1
2017-06-15,model2,-1.7550927150239926,2.163412036974853,-3.1224841049779304,-1,-1
2017-06-16,model2,-3.767986025128522,2.521309632539845,-2.3707909056695216,-1,-1
2017-06-19,model2,-2.1442827206552177,3.725480265358094,0.41953267165505537,1,1
2017-06-20,model2,-0.7529973072185253,3.484918520980125,1.6318471578146614,1,1
2017-06-21,model2,1.1491147086247102,3.0388434592190254,2.3481870776043348,1,1
2017-06-22,model2,2.0461612237762252,0.37246101741224297,3.5634289569582975,1,1
2017-06-23,model2,3.598270001554003,-1.7037780304427852,3.628347825632806,1,1
2017-06-26,model2,5.571327320178532,-1.2035321338511111,1.4728114220328548,1,1
2017-06-27,model2,6.213458067183464,0.7358574743511114,-1.2972588611972902,-1,-1
2017-06-28,model2,4.38398897194537,1.8874517507852955,-2.9810633716722785,-1,-1
2017-06-29,model2,2.3443219074818846,1.4307293020170981,-1.582944615695288,-1,-1
2017-06-30,model2,0.2838190392648303,1.1940936879097166,-1.8238672541096728,-1,-1
2017-07-03,model2,-0.461097917176661,2.3845519416855914,-1.935375210217366,-1,-1
2017-07-04,model2,-2.2938436231081565,2.267556573635586,-1.7157503378814902,-1,-1
2017-07-05,model2,-2.15943568660022,2.6960991428420904,-0.2941346326985679,-1,-1
2017-07-06,model2,-1.564096796536795,2.1691988334364574,1.1222391994690581,1,1
2017-07-07,model2,0.14135419091244827,2.3857767765146654,1.4888730443710352,1,1
2017-07-10,model2,0.6160256194838768,1.460166873191241,1.400281331894853,1,1
2017-07-11,model2,1.322214558877816,-0.6876477335908655,2.854003546176046,1,1
2017-07-12,model2,1.8936967893217906,-2.931189966843931,2.81502446369704,1,1
2017-07-13,model2,3.7168060168350183,-3.8301168674819768,2.7220361281512737,1,1
2017-07-14,model2,7.277192366041368,-3.2322795889779834,2.9625490707023565,1,1
2017-07-17,model2,10.567182793650796,-3.9768588789987347,4.034569717630179,1,1
2017-07-18,model2,8.376736645502648,-3.7527992045344294,-2.414505822612453,-1,-1
2017-07-19,model2,4.956487042328044,-1.7832512978532378,-5.3897975098557955,-1,-1
2017-07-20,model2,1.9076606633444086,2.080136852818487,-6.91221452965536,-1,-1
2017-07-21,model2,1.4368816297526774,4.137872642754364,-2.5285148235276083,-1,-1
2017-07-24,model2,0.38395844961240444,5.469696146312508,-2.384746683698417,-1,-1
2017-07-25,model2,-2.006986432346722,4.376283906101838,-1.2975326417484565,-1,-1
2017-07-26,model2,-2.1061698431994347,2.357093611485088,1.9200068837640374,1,1
2017-07-27,model2,-2.1773126773835907,0.3794275250496344,1.9065232522512974,1,1
2017-07-28,model2,-1.066887601626015,0.3862784236089187,1.1035741771982914,1,1
2017-07-31,model2,-1.2958969667053801,1.626169738251735,-1.4689006797221815,-1,-1
2017-08-01,model2,-0.15702769841269712,1.7580917614398912,1.006947245104527,1,1
2017-08-02,model2,1.356002486772488,0.6923626424003935,2.5787593042246826,1,1
2017-08-03,model2,2.3060990488215505,-0.6500970128856977,2.2925562173351537,1,1
2017-08-04,model2,0.2740356341874038,-2.11022014008365,-0.5719402874361941,-1,-1
2017-08-07,model2,-1.672849240920262,-0.914625363390213,-3.1424796518011027,-1,-1
2017-08-08,model2,-2.4745127169597265,0.1271285326798078,-1.8434173721094853,-1,-1
2017-08-09,model2,-2.304289006029284,1.715517438587904,-1.4181651949776537,-1,-1
2017-08-10,model2,-1.6570541223083535,0.8751160889530057,1.4876362333558286,1,1
2017-08-11,model2,-2.7051872371779804,-1.386127520626535,1.213110494709914,1,1
2017-08-14,model2,-2.185976169837913,-1.516233554227929,0.6493171009414611,1,1
2017-08-15,model2,-2.118673534178998,-0.44985597018709694,-0.999074948381917,-1,-1
2017-08-16,model2,-1.299446140239604,2.0558698621232128,-1.6864984383709154,-1,-1
2017-08-17,model2,-0.12967454091300482,3.5409732996212937,-0.3153318381714818,-1,-1
2017-08-18,model2,0.32044990605239515,3.4875516318481186,0.5035461147385751,1,1
2017-08-21,model2,1.2127684914182488,3.8302970876853433,0.549573129528629,1,1
2017-08-22,model2,1.0409117405764978,1.882210474505852,1.7762298623377402,1,1
2017-08-23,model2,1.2765256762749457,0.4374542461695758,1.6803701640347242,1,1
2017-08-24,model2,0.8961569696969708,-2.246915238882974,2.3040007784745744,1,1
2017-08-25,model2,2.003034815546773,-1.9490251087472437,0.8089877157140724,1,1
2017-08-28,model2,3.3564549802371553,0.2642161588467055,-0.8598211029035672,-1,-1
2017-08-29,model2,4.494930072463769,2.6159935022592324,-1.213302251185913,-1,-1
2017-08-30,model2,3.0979114113181514,3.4913583784510505,-2.272383537337436,-1,-1
2017-08-31,model2,1.0042089475500353,3.0738793590936386,-1.676223444410704,-1,-1
2017-09-01,model2,-1.412709839067294,3.275696272511255,-2.6187357000349456,-1,-1
2017-09-04,model2,-2.1774975547332702,3.1906400585515478,-0.6797315017062691,-1,-1
2017-09-05,model2,-1.6762745788878597,2.502691148411596,1.1891718859853624,1,1
2017-09-06,model2,-0.557851726247986,2.1887880966102116,1.432325904441258,1,1
2017-09-07,model2,-1.8941573506698175,0.7458668635645109,0.1066156086238692,1,1
2017-09-08,model2,-4.119994387706854,-0.04391763072387186,-1.4360525427486541,-1,-1
2017-09-11,model2,-4.111062788380255,-0.48687831455467157,0.4518922831573992,1,1
2017-09-12,model2,-1.7667535752765737,-0.2949686813237238,2.152399579872734,1,1
2017-09-13,model2,0.04032120701791556,0.5611126621932705,0.950993438777495,1,1
2017-09-14,model2,-0.4133540219383134,0.4384418221123619,-0.33100438887532035,-1,-1
2017-09-15,model2,-1.2308291554159467,0.15957394708800962,-0.5386072584532811,-1,-1
2017-09-18,model2,-0.9106442340067327,0.207626380591846,0.2721324879053777,1,1
2017-09-19,model2,-0.28258223400673266,0.07841813363659507,0.7572702469552509,1,1
2017-09-20,model2,-0.755952158249157,0.9169096694936666,-1.3118614600994958,-1,-1
2017-09-21,model2,-1.3650209336628685,0.03163347878159225,0.2762074152983628,1,1
2017-09-22,model2,-0.8434880802007108,-1.1675713141484487,1.7207376463921986,1,1
2017-09-25,model2,0.6007426641998164,-4.0455652997947515,4.32222473004683,1,1
2017-09-26,model2,1.9585368485969796,-4.75652120925318,2.0687500938555923,1,1
2017-09-27,model2,0.8600041905642938,-3.1069941990907757,-2.7480596681950904,-1,-1
2017-09-28,model2,-2.047468826563506,-0.5467499266282041,-5.467717289590372,-1,-1
2017-09-29,model2,-4.131509939250662,1.420749960053455,-4.0515409993688145,-1,-1
2017-10-09,model2,-3.61847249860928,3.0910343400870133,-1.157246939392177,-1,-1
2017-10-10,model2,-1.1252439742351035,5.158784663354001,0.42547820110718915,1,1
2017-10-11,model2,0.22330961577350994,5.816370115768044,0.6909681375945702,1,1
2017-10-12,model2,0.024546926905178124,3.8007379302726485,1.8168694966270638,1,1
2017-10-13,model2,-0.9755598331592341,2.046698338281756,0.7539328319264802,1,1
2017-10-16,model2,-1.8611583120567363,-0.1666105510046408,1.3277104103888948,1,1
2017-10-17,model2,-2.302688212121211,-1.031740794564011,0.4236003434948953,1,1
2017-10-18,model2,-1.575731596984335,-2.8869942669484594,2.5822100875213243,1,1
2017-10-19,model2,-1.0806433377250757,-4.763078703457453,2.3711726957682533,1,1
2017-10-20,model2,-0.14059509661835623,-3.9329964980474528,0.10996603569671892,1,1
2017-10-23,model2,-0.06823237842189891,-1.8446759186050607,-2.015957861245935,-1,-1
2017-10-24,model2,1.3165486263062334,0.8736043081996293,-1.3334992220765578,-1,-1
2017-10-25,model2,2.2874258221269277,1.6253071147834177,0.2191743892369059,1,1
2017-10-26,model2,3.0446202989787796,1.9928182638411396,0.38968332779413006,1,1
2017-10-27,model2,2.5228463982695595,1.7163196153677414,-0.24527525223582192,-1,-1
2017-10-30,model2,1.9349245345744694,-0.5313582026938942,1.6597559543665457,1,1
2017-10-31,model2,0.6016516873522472,-2.008753100090329,0.14412205017421265,1,1
2017-11-01,model2,-1.4224365972222206,-2.5299207131793464,-1.5029206714854504,-1,-1
2017-11-02,model2,-1.2833300823643399,-2.545322995592944,0.15450879727147848,1,1
2017-11-03,model2,0.504453468360298,-3.9323527457017953,3.174813300833489,1,1
2017-11-06,model2,1.5511724991573994,-3.148230520557845,0.26259680565315113,1,1
2017-11-07,model2,2.0079948816918085,-0.6444014893451232,-2.0470066486783125,-1,-1
2017-11-08,model2,2.5646461860396346,2.0100081371955993,-2.0977583221928966,-1,-1
2017-11-09,model2,3.5796578496869778,3.6523340211822592,-0.6273142203393167,-1,-1
2017-11-10,model2,2.4973991089140726,3.735977532487903,-1.1659022520785491,-1,-1
2017-11-13,model2,0.28697690690283345,3.3381240008798234,-1.8125686704031594,-1,-1
2017-11-14,model2,-1.6143576306267173,1.1507428442962218,0.2860466190540507,1,1
2017-11-15,model2,-4.016546259468325,-1.3067940106691258,0.055348226123739686,1,1
2017-11-16,model2,-6.451669252665603,-3.302153790275527,-0.4397632135908769,-1,-1
2017-11-17,model2,-5.445079437358275,-5.847762954945139,3.5521989799769407,1,1
2017-11-20,model2,-2.019885205679788,-6.403050981505198,3.980482258238546,1,1
2017-11-21,model2,2.322737262115841,-5.986719081122971,3.9262905674134014,1,1
2017-11-22,model2,4.554973164893618,-3.7770912534496106,0.022608075104416425,1,1
2017-11-23,model2,2.6831333776595763,-3.957155237020565,-1.6917758036630874,-1,-1
2017-11-24,model2,-0.08637555851063657,-4.125443240340162,-2.6012209328506164,-1,-1
2017-11-27,model2,-3.16620051221434,-5.3992316655472266,-1.8060365284966386,-1,-1
2017-11-28,model2,-4.005257456658785,-2.8623925996511907,-3.3758960103404805,-1,-1
2017-11-29,model2,-4.1103993888888875,-0.727520817461341,-2.2400137144199523,-1,-1
2017-11-30,model2,-5.5656021892502245,0.9964076655182832,-3.1791312833409613,-1,-1
2017-12-01,model2,-5.974865022583558,0.9415871000177175,-0.35444226783276733,-1,-1
2017-12-04,model2,-5.86834977021491,-0.15031001292327817,1.1984123653096432,1,1
2017-12-05,model2,-3.0706574158097326,-1.6228929000694876,4.270275241551387,1,1
2017-12-06,model2,-1.1905562094605266,-2.524500700369788,2.7817090066495065,1,1
2017-12-07,model2,-1.1939441164372708,-2.888413328267221,0.36052472092068855,1,1
2017-12-08,model2,-2.765064337147777,-0.239911334405677,-4.21962221457205,-1,-1
2017-12-11,model2,-2.876521707748191,2.5999049078953824,-2.9512736129014736,-1,-1
2017-12-12,model2,-3.9377771831476536,3.439610093990119,-1.900960661494199,-1,-1
2017-12-13,model2,-3.8263462849995054,3.056653160007306,0.49438783213096116,1,1
2017-12-14,model2,-5.396702896162009,0.8492564822708112,0.637040066573991,1,1
2017-12-15,model2,-6.216906789302598,-0.12268722407940791,0.15173981320962981,1,1
2017-12-18,model2,-7.858006428191487,-1.5857043767144852,-0.17808248625381173,-1,-1
2017-12-19,model2,-5.574502689814813,-1.2554302382139158,1.9532295998761047,1,1
2017-12-20,model2,-1.8648387314814794,-0.905215257821759,3.359448977941177,1,1
2017-12-21,model2,2.810367787037039,-0.3244038676872299,4.094395128383989,1,1
2017-12-22,model2,2.576351819243158,-1.0320462561082266,0.4736264206271159,1,1
2017-12-25,model2,0.6663889422590309,-1.8580573916393621,-1.0839517414529918,-1,-1
2017-12-26,model2,-0.7030352984817098,-1.1385379877967936,-2.088943644583309,-1,-1
2017-12-27,model2,-0.8176791964285696,-1.1200868933947166,-0.13309499234893685,-1,-1
2017-12-28,model2,0.7099883584515386,0.08277360570406822,0.3248070557813234,1,1
2017-12-29,model2,0.6083900613500892,0.6897710149575769,-0.708595706354958,-1,-1
2018-01-02,model2,2.0727636398648284,2.8859225306621528,-0.7317779371898367,-1,-1
2018-01-03,model2,4.556130801538008,5.557515938866275,-0.18822624653094255,-1,-1
2018-01-04,model2,5.338385747575628,6.725716602756854,-0.38594571785295884,-1,-1
2018-01-05,model2,5.642683675703402,5.696823045269299,1.3331914856153286,1,1
2018-01-08,model2,4.538257757336054,3.6527913896023967,0.9396057372995545,1,1
2018-01-09,model2,4.552036295474713,1.513677742792711,2.152892184948345,1,1
2018-01-10,model2,4.848023955498868,-0.5328879826576599,2.3425533854745257,1,1
2018-01-11,model2,3.865913798185943,-1.5734599206398385,0.05846178066925356,1,1
2018-01-12,model2,2.7870420685579216,-2.181632797827438,-0.4706988524404221,-1,-1
2018-01-15,model2,0.7621357321066745,-3.090251981487345,-1.1162871527913398,-1,-1
2018-01-16,model2,1.9071513127804334,-3.513037144958021,1.5678007441444346,1,1
2018-01-17,model2,3.600328212476482,-3.1829406852388775,1.3630804399769052,1,1
2018-01-18,model2,6.236583090594396,-1.6249572963598726,1.0782714892389096,1,1
2018-01-19,model2,7.7069363530057435,-1.102474295860372,0.9478702619118464,1,1
2018-01-22,model2,7.133869807919623,0.10538299832511733,-1.7809238392716094,-1,-1
2018-01-23,model2,6.3632118218085125,1.025600061786981,-1.6908750495729745,-1,-1
2018-01-24,model2,4.527202318262414,2.3225930177820113,-3.133002459541129,-1,-1
2018-01-25,model2,3.383686142260098,1.977137925858062,-0.7980610840783664,-1,-1
2018-01-26,model2,1.6254533318859476,1.5879676143816195,-1.3690624988977078,-1,-1
2018-01-29,model2,0.34472794181502575,-0.2836437429616952,0.5908859672723927,1,1
2018-01-30,model2,-0.8758127384570832,-1.619021928593524,0.1148375053597197,1,1
2018-01-31,model2,-2.435712358638489,-3.818266476674852,0.6393449278999226,1,1
2018-02-01,model2,-2.359949075963717,-6.864273601972336,3.1217704079722557,1,1
2018-02-02,model2,-1.061147976190474,-9.476444393097877,3.910971890898784,1,1
2018-02-05,model2,1.777506678004537,-9.95817427231676,3.320384533413895,1,1
2018-02-06,model2,0.8713459346828181,-10.51814936259242,-0.3461856530460603,-1,-1
2018-02-07,model2,-1.181647398650515,-8.508707609609326,-4.062435086316427,-1,-1
2018-02-08,model2,-5.820001752392012,-5.370592890305679,-7.776469073045144,-1,-1
2018-02-09,model2,-11.621575022675735,-1.8405012412334756,-9.331664919355926,-1,-1
2018-02-12,model2,-17.046340544217685,-0.11169421027871988,-7.153572552496706,-1,-1
2018-02-13,model2,-14.152668391952526,0.35679241704427794,2.425185524942161,1,1
2018-02-14,model2,-7.934761873171098,2.1173519263457607,4.457347009479945,1,1
2018-02-22,model2,2.385792606704186,4.775776181275774,7.662130224945271,1,1
2018-02-23,model2,8.774574604098888,7.763456599713568,3.401101578956908,1,1
2018-02-26,model2,15.26734951388889,11.860468390999168,2.3957631185044024,1,1
2018-02-27,model2,12.098251418439718,11.060570266152467,-2.3691999706024713,-1,-1
2018-02-28,model2,5.020646452453324,8.187277569183564,-4.204312269017491,-1,-1
2018-03-01,model2,-2.272931227062927,5.099160970543439,-4.205461080876125,-1,-1
2018-03-02,model2,-4.995380145502643,3.124117612984106,-0.7474055608803831,-1,-1
2018-03-05,model2,-4.978284410953504,1.5536528470276092,1.5875605005056361,1,1
2018-03-06,model2,-2.7340263232739885,0.6790607776900597,3.1188501570170644,1,1
2018-03-07,model2,-0.2012018019973922,0.5371745015407944,2.6747107974258615,1,1
2018-03-08,model2,0.9823116731799127,1.4157194698868771,0.3049685068312221,1,1
2018-03-09,model2,0.2888840087808197,2.161469417951368,-1.439177612463584,-1,-1
2018-03-12,model2,1.1032310152820017,4.4317527331414475,-1.4559363086888975,-1,-1
2018-03-13,model2,0.12094250464370389,5.128970741231553,-1.6795065187284037,-1,-1
2018-03-14,model2,-1.743558844562645,2.808561541826792,0.4559078501984124,1,1
2018-03-15,model2,-3.4761384278959784,-0.6682684877057977,1.7442504461992565,1,1
2018-03-16,model2,-5.331806654846333,-3.4178672341718523,0.8939305195156999,1,1
2018-03-19,model2,-7.028054670719349,-4.405004758194437,-0.7091104918504318,-1,-1
2018-03-20,model2,-6.83779092071935,-4.306880342780665,0.09213933458622758,1,1
2018-03-21,model2,-4.681369080687828,-4.1970750813292295,2.0466165785800863,1,1
2018-03-22,model2,-3.018831103574501,-3.8122842497361664,1.277747145520264,1,1
2018-03-23,model2,-5.076414298018946,-6.016171722682145,0.1463042785015336,1,1
2018-03-26,model2,-8.841161427648576,-4.886761384653334,-4.894157467658441,-1,-1
2018-03-27,model2,-8.799171026570045,-2.3355837138688336,-2.50918726970597,-1,-1
2018-03-28,model2,-7.963541481115501,1.2751896284463118,-2.7751437968606014,-1,-1
2018-03-29,model2,-3.3653416568524617,3.0610953509204055,2.812294101788946,1,1
2018-03-30,model2,-1.632596026263501,4.748288732353786,0.04555224915557998,1,1
2018-04-02,model2,0.43656392103557673,5.8835359968890115,0.9339126827638524,1,1
2018-04-03,model2,-0.9894320505704567,4.5588393334958806,-0.10129930821290234,-1,-1
2018-04-04,model2,-3.9569226888683295,0.12970138217312913,1.4616473130248782,1,1
2018-04-09,model2,-6.041295007708908,-2.780077523045095,0.8254065863776456,1,1
2018-04-10,model2,-3.977669104130086,-3.048340850740749,2.331889231274476,1,1
2018-04-11,model2,-0.39340748595089997,-1.0415222356705065,1.5774430031089435,1,1
2018-04-12,model2,1.535827823129254,0.09938874336702692,0.7883243300426206,1,1
2018-04-13,model2,-1.1233567853524364,-0.6316513796917606,-1.928144485422903,-1,-1
2018-04-16,model2,-6.096791887393253,-2.4772008783783703,-3.127885603354206,-1,-1
2018-04-17,model2,-12.99136426400347,-5.5847561301152995,-3.7870171248732887,-1,-1
2018-04-18,model2,-12.610832883979832,-5.5560729273550225,0.3518481772633617,1,1
2018-04-19,model2,-7.254531269879645,-3.9324139868362984,3.732642673581463,1,1
2018-04-20,model2,-0.45375410675907774,-1.5885122694449947,4.456875445729263,1,1
2018-04-23,model2,0.5824107543520335,-2.323540208056169,1.7711927997222856,1,1
2018-04-24,model2,0.36583988855116756,-1.9426621191629447,-0.5974489546940903,-1,-1
2018-04-25,model2,0.6782526545086144,-0.24251004029389747,-1.3877393129116005,-1,-1
2018-04-26,model2,-0.2950023454913855,0.8070794523826713,-2.0228444926765685,-1,-1
2018-04-27,model2,-1.299101283983449,-0.04985229888652448,-0.1471671872228677,-1,-1
2018-05-02,model2,-0.658822418735222,-0.93821334136547,1.5286399077271726,1,1
2018-05-03,model2,1.2639779713356998,-0.07430042093536249,1.0588874696408144,1,1
2018-05-04,model2,0.6983783687943287,0.23847454274991645,-0.87837456622665,-1,-1
2018-05-07,model2,1.3750784958628868,2.2483989042092767,-1.3332242343908018,-1,-1
2018-05-08,model2,2.8745859946808534,4.2346392305115605,-0.48673282748431723,-1,-1
2018-05-09,model2,4.094617879629633,4.936311383411009,0.5183597320493312,1,1
2018-05-10,model2,4.2488686580534045,3.718132467126632,1.3724296947081487,1,1
2018-05-11,model2,2.9700094648166897,0.8267400853186185,1.6125331885712986,1,1
2018-05-14,model2,2.9457271685203934,-1.3757231809842914,2.1781809700066135,1,1
2018-05-15,model2,1.57244817792168,-1.9642221040109735,-0.7847800675720313,-1,-1
2018-05-16,model2,-0.7412103788416052,-1.5257252359721034,-2.7521554248021554,-1,-1
2018-05-17,model2,-4.041845789694318,-0.9675204848552034,-3.858840161969613,-1,-1
2018-05-18,model2,-3.4286335497416,-1.0136403988508347,0.6593321539483498,1,1
2018-05-21,model2,-0.8279979639928072,0.4589074942078912,1.1280876926900667,1,1
2018-05-22,model2,1.7838439653784244,2.8298048685537327,0.24094455502538992,1,1
2018-05-23,model2,-0.12861479939698928,2.513533917859314,-1.596187814080995,-1,-1
2018-05-24,model2,-3.9785916109911916,0.14538037319213096,-1.481823266927019,-1,-1
2018-05-25,model2,-6.234362425806007,-3.5928299631481067,1.4824395215254218,1,1
2018-05-28,model2,-6.230916086956519,-6.318805769560005,2.729422145261387,1,1
2018-05-29,model2,-5.0420447222222196,-8.46721806444468,3.337283659618974,1,1
2018-05-30,model2,-5.691140203703701,-10.7956521143446,1.679338568418439,1,1
2018-05-31,model2,-3.7865890972222203,-8.022838046667003,-0.8682629611961166,-1,-1
2018-06-01,model2,-1.9271835998061995,-5.431667173335569,-0.731765375915413,-1,-1
2018-06-04,model2,1.3936809126654561,-1.5740349488453027,-0.5367677120186105,-1,-1
2018-06-05,model2,1.9298647691469377,-0.1460393178296031,-0.891811774534218,-1,-1
2018-06-06,model2,1.6208995967900186,1.4949103143728166,-1.9499148045593389,-1,-1
2018-06-07,model2,1.4979995287628078,1.8242135357763818,-0.4522032894307759,-1,-1
2018-06-08,model2,-1.2609617582742294,-0.6522789588501041,-0.2824687924105511,-1,-1
2018-06-11,model2,-3.094397051033589,-3.8102142341276704,1.3244999825182064,1,1
2018-06-12,model2,-3.1242232829176477,-3.511719257041703,-0.32832120897002603,-1,-1
2018-06-13,model2,-2.4159067019483804,-3.0028517807794035,0.19944910470696797,1,1
2018-06-14,model2,-1.0409690275297756,-1.8250859511497737,0.19717184478897498,1,1
2018-06-15,model2,-0.4956675178679397,-3.6165400377286656,2.336755596240728,1,1
2018-06-19,model2,0.834637706718349,-7.192458145799243,4.906223332656866,1,1
2018-06-20,model2,0.696317708333336,-7.940657496389395,0.609879352205139,1,1
2018-06-21,model2,-1.4414061111111085,-8.440843243262096,-1.6375380725717439,-1,-1
2018-06-22,model2,-2.108537740740738,-4.0348029631910025,-5.073171909700723,-1,-1
2018-06-25,model2,-4.099133549981102,-2.5718189391788973,-3.4535798332524688,-1,-1
2018-06-26,model2,-6.588287786092212,-0.031587859138219855,-5.029385316151788,-1,-1
2018-06-27,model2,-10.526419253389298,-0.25640663343883624,-3.7133126929964693,-1,-1
2018-06-28,model2,-13.039265388593378,-1.54810877546125,-1.2211439931816668,-1,-1
2018-06-29,model2,-8.504835527482268,-0.907227257514263,3.893548343164124,1,1
2018-07-02,model2,-4.615346874999998,-0.6129039090848402,3.595165304052846,1,1
2018-07-03,model2,0.1843819444444468,1.3215889492033457,2.8652359611562597,1,1
2018-07-04,model2,-1.062223731481479,0.24864262177907506,-0.17365934850165532,-1,-1
2018-07-05,model2,-1.1041584537037012,-1.5393394594248784,1.7460473589817314,1,1
2018-07-06,model2,0.044603196813094804,-3.5513327565282613,3.1607549476201795,1,1
2018-07-09,model2,3.244052129541742,-2.6702669177446623,2.3183830939450485,1,1
2018-07-10,model2,5.108856703615817,0.32624785714016086,-1.131710200810749,-1,-1
2018-07-11,model2,3.8912250899470924,1.7166300342996508,-2.608013790828214,-1,-1
2018-07-12,model2,1.8034580151171606,2.274085678546298,-2.645222719076579,-1,-1
2018-07-13,model2,0.8771703618468688,2.46433648114518,-1.1165384558691738,-1,-1
2018-07-16,model2,0.5246633550441478,3.162528869687249,-1.0506993953447898,-1,-1
2018-07-17,model2,-0.9433225028545672,2.4931389840363942,-0.7985959722478604,-1,-1
2018-07-18,model2,-4.030058256991683,0.6348775561040425,-1.2284743262047646,-1,-1
2018-07-19,model2,-6.2828924066515475,-1.4259987305232453,-0.19195786303257645,-1,-1
2018-07-20,model2,-4.225927841269838,-1.8329025593494144,2.4638683942078785,1,1
2018-07-23,model2,1.0007748299319756,-0.2968534433993663,3.6906535552517656,1,1
2018-07-24,model2,8.66191942176871,3.931989682672006,3.432301465765362,1,1
2018-07-25,model2,10.175321671201818,6.44621355888529,-1.000821626780176,-1,-1
2018-07-26,model2,7.362782910165488,6.833239073793391,-3.1995642759444305,-1,-1
2018-07-27,model2,1.848497836091414,3.9744143828860152,-2.6554603831666985,-1,-1
2018-07-30,model2,-1.50407737903861,-0.3583650094179773,0.9802041771739685,1,1
2018-07-31,model2,-1.7651384003152055,-3.220208253173176,2.6007822224786032,1,1
2018-08-01,model2,-2.447635196989431,-5.324082506802941,1.421377456955539,1,1
2018-08-02,model2,-3.9540853605442146,-7.264762710333261,0.43423003997553655,1,1
2018-08-03,model2,-6.797839516572583,-10.130635436905637,0.0221185705440079,1,1
2018-08-06,model2,-9.767202929512226,-13.426055694378142,0.32605684453286177,1,1
2018-08-07,model2,-6.600987283253723,-9.440919658363313,-0.8189203897563253,-1,-1
2018-08-08,model2,-3.395533480966852,-5.169848959200691,-1.0656168968757513,-1,-1
2018-08-09,model2,1.6472894416099804,1.3811421218544735,-1.508168158478333,-1,-1
2018-08-10,model2,1.3598572434807288,2.4874812443861045,-1.3937713206608826,-1,-1
2018-08-13,model2,0.7055728472222254,3.6441841191907085,-1.8109872710631074,-1,-1
2018-08-14,model2,-0.7036779398148117,3.27387316902824,-1.0389398368745684,-1,-1
2018-08-15,model2,-3.9865050925925893,0.4084499723732892,-0.4174039561228269,-1,-1
2018-08-16,model2,-5.382564490740737,-3.5402239196028193,2.5526144938279605,1,1
2018-08-17,model2,-8.041092397014358,-9.038989858056606,2.8402380321801655,1,1
2018-08-20,model2,-5.340015802569915,-9.42545771856237,3.0875444549502076,1,1
2018-08-21,model2,-1.7835924163265275,-6.070114587004512,0.20108025468552881,1,1
2018-08-22,model2,1.8379907129251725,-1.1910756659125912,-1.2574557918402203,-1,-1
2018-08-23,model2,2.220919888682748,0.9133814305379797,-1.7215279206929954,-1,-1
2018-08-24,model2,1.9973418505875102,0.5106956120949285,0.17910778034781327,1,1
2018-08-27,model2,4.392288909090912,1.8304261008278162,1.0752165697705136,1,1
2018-08-28,model2,5.173909702127662,2.783509730461965,-0.1714628365973987,-1,-1
2018-08-29,model2,4.588705693617024,2.685368508675131,-0.4870627867238033,-1,-1
2018-08-30,model2,0.876767426950357,0.12840891649060712,-1.1549786744821438,-1,-1
2018-08-31,model2,-0.8989242071500917,-4.111224425732236,2.4639417081223947,1,1
2018-09-03,model2,-3.0907311667553956,-6.677295376919638,0.3742639915820978,1,1
2018-09-04,model2,-1.6491286660751232,-4.937592668294223,-0.29810020794514225,-1,-1
2018-09-05,model2,-2.0107179341023342,-2.606134456066649,-2.6930474802547852,-1,-1
2018-09-06,model2,-2.3123333511715773,-1.2879800197034907,-1.6197698534324012,-1,-1
2018-09-07,model2,-2.8009192547504003,-2.2304188371610048,0.4538529138786911,1,1
2018-09-10,model2,-2.677877673798019,-3.4930916815729227,1.385714425364299,1,1
2018-09-11,model2,-2.0382464052795006,-3.6340695109305208,0.7806090978761167,1,1
2018-09-12,model2,-2.6117702326839805,-3.676945974897542,-0.5306473634374584,-1,-1
2018-09-13,model2,-1.1514819469696946,-1.344927598544116,-0.8717300906391405,-1,-1
2018-09-14,model2,0.46019566666666906,-0.4802951420916553,0.747045157183903,1,1
2018-09-17,model2,1.150368974747477,-1.3826724626298237,1.5925506286189763,1,1
2018-09-18,model2,1.4782271747474773,-1.4111621834375738,0.35634792080775046,1,1
2018-09-19,model2,2.7848369222222247,0.4118489651787926,-0.5164014011416191,-1,-1
2018-09-20,model2,3.868977061111114,2.6240156882285275,-1.1280265841608457,-1,-1
2018-09-21,model2,6.54829212777778,4.536705801222877,0.7666249536723169,1,1
2018-09-25,model2,5.782007613888891,4.663174290552182,-0.8927530032181945,-1,-1
2018-09-26,model2,6.388401110265703,4.7839585701770755,0.4856092167519188,1,1
2018-09-27,model2,3.737902974033819,1.7412271455876092,0.3922332883575823,1,1
2018-09-28,model2,4.434784574090508,0.5062789406904527,1.9318298049538456,1,1
2018-10-08,model2,2.307337127713696,-1.3576914953049386,-0.2634770103814208,-1,-1
2018-10-09,model2,0.4007468378586241,-1.8159094973918286,-1.448372287768182,-1,-1
2018-10-10,model2,-1.0357364927536208,-2.86693245690649,-0.3854603710975837,-1,-1
2018-10-11,model2,-1.5657246260869542,-4.288260154184668,0.8913395639448447,1,1
2018-10-12,model2,-1.2197591999999977,-6.019141932479581,2.0768472043818695,1,1
2018-10-15,model2,-2.8057322611111086,-8.963498237153786,1.358383243563094,1,1
2018-10-16,model2,-3.3940693444444414,-12.416491678113976,2.8646563576268576,1,1
2018-10-17,model2,-3.026283270975054,-10.368590738002888,-1.6801148666417003,-1,-1
2018-10-18,model2,-3.2892740901360518,-8.166961297189149,-2.4646202599747378,-1,-1
2018-10-19,model2,-1.4877003401360522,-2.160617682291836,-4.2047698648973135,-1,-1
2018-10-22,model2,0.17503798639455978,0.5056773639324147,-1.003556719693639,-1,-1
2018-10-23,model2,1.6880586666666684,2.174403261848328,-0.15570521764380474,-1,-1
2018-10-24,model2,1.5249986666666686,1.9678170923894447,0.04352616945888377,1,1
2018-10-25,model2,0.7155056944444467,-0.161100033516464,1.3194241536836868,1,1
2018-10-26,model2,0.13433652777778002,-0.6780979259900786,-0.06417127419305202,-1,-1
2018-10-29,model2,-1.9874077388888869,-2.333879210756947,-0.46596298189979857,-1,-1
2018-10-30,model2,-2.9876932205673743,-2.363239473229172,-0.9709252192062625,-1,-1
2018-10-31,model2,-1.4392497060746203,-0.6578704738101054,-0.15692548492631264,-1,-1
2018-11-01,model2,1.8482474772587132,2.739795462321206,-0.110168752797978,-1,-1
2018-11-02,model2,5.80839899782609,7.027996632274501,-0.3280496493859184,-1,-1
2018-11-05,model2,5.3973090037415,9.19119932349566,-2.574292685305748,-1,-1
2018-11-06,model2,3.3014681278911593,8.955845281796742,-1.8604868341514238,-1,-1
2018-11-07,model2,-1.9895659458677064,4.559964195856387,-0.89515298781851,-1,-1
2018-11-08,model2,-4.303202660720314,-0.7293424992550083,2.975669980258788,1,1
2018-11-09,model2,-6.844558868203308,-4.773985267892336,1.5032865611543338,1,1
2018-11-12,model2,-5.402195099206346,-3.6047395095415915,0.27311801064621744,1,1
2018-11-13,model2,-2.3872171084656064,0.2174445757682566,-0.8072060945691084,-1,-1
2018-11-14,model2,0.7713114799697679,4.163727224209443,-0.7877540600058119,-1,-1
2018-11-15,model2,1.9153760513983393,6.521186786782167,-1.2133949911441526,-1,-1
2018-11-16,model2,1.7812355990736746,7.7327305825664565,-1.3456842481089546,-1,-1
2018-11-19,model2,3.5444500888695933,7.843208996889359,1.652736075473016,1,1
2018-11-20,model2,1.8120968888695927,3.7530750166269384,2.35778078026242,1,1
2018-11-21,model2,-0.4784152449571109,-0.32366328620350204,1.7862261690037369,1,1
2018-11-22,model2,-3.610592906521737,-2.6232684344044137,-0.8325725133637141,-1,-1
2018-11-23,model2,-6.856281706521737,-3.9954693824312844,-1.8734878519731297,-1,-1
2018-11-26,model2,-10.085760112318837,-5.494915490693064,-1.7300322975353208,-1,-1
2018-11-27,model2,-11.14299733454106,-5.189682215277056,-1.3624704976382294,-1,-1
2018-11-28,model2,-6.389302667874393,-2.0125690076432754,1.5765814590328855,1,1
2018-11-29,model2,-1.8821661944444419,-0.2295883960560785,2.724155861842754,1,1
2018-11-30,model2,1.5327194376417257,0.08868181889691577,3.0966154171331732,1,1
2018-12-03,model2,3.0949625396825424,0.831787934781218,0.8191369861565144,1,1
2018-12-04,model2,6.341017748015876,3.035051408387911,1.0427917347266402,1,1
2018-12-05,model2,5.886327748015876,3.826089803329797,-1.2457283949418851,-1,-1
2018-12-06,model2,2.0771804691043108,0.9984257591696171,-0.9814832347513858,-1,-1
2018-12-07,model2,-2.6914320518905215,-1.8471360387369853,-1.92305072308823,-1,-1
2018-12-10,model2,-5.401906609713651,-4.968538843513699,0.41092824695358354,1,1
2018-12-11,model2,-4.401814510362281,-4.199665678945332,0.23121893478300404,1,1
2018-12-12,model2,-2.388193108811895,-2.9975238401461812,0.8114795627512352,1,1
2018-12-13,model2,1.7163257891472892,0.5101621463948849,0.5968329114181179,1,1
2018-12-14,model2,2.0008573632653084,0.5325951579493021,0.262098562563602,1,1
2018-12-17,model2,1.238433591836737,-0.22920456427557453,-0.0006240492036946321,-1,-1
2018-12-18,model2,-1.158542769274374,-2.160576480627696,-0.46560444475898954,-1,-1
2018-12-19,model2,-3.2054971910430816,-4.414881351880795,0.2073504494843914,1,1
2018-12-20,model2,-6.933861819614511,-5.444889001788404,-2.69835697866382,-1,-1
2018-12-21,model2,-11.858228069614512,-6.305783108119658,-4.063472143668747,-1,-1
2018-12-24,model2,-13.10604181111111,-3.479231417912501,-4.074365431703756,-1,-1
2018-12-25,model2,-12.77351310090703,-1.9943912098010834,-1.1523114979073372,-1,-1
2018-12-26,model2,-11.03409469812925,-0.8215825331629066,0.5666097261396028,1,1
2018-12-27,model2,-8.994441689999169,-2.6035514181683648,3.8216218931355392,1,1
2018-12-28,model2,-4.8707096639713665,-3.5734039313672867,5.0935845392267245,1,1
2019-01-02,model2,-2.489549177860256,-4.605544454367995,3.4133010091118186,1,1
2019-01-03,model2,-1.7906606257066493,-4.095450082441266,0.18879418022687777,1,1
2019-01-04,model2,-1.0602528558160842,-1.6399844801409291,-1.7250578324097718,-1,-1
2019-01-07,model2,1.5189330469616937,3.055440506777304,-2.1162390841404557,-1,-1
2019-01-08,model2,2.4946485079546012,6.176148364149939,-2.1449923963797275,-1,-1
2019-01-09,model2,3.0245155422576837,5.960470215717398,0.7455451827356239,1,1
2019-01-10,model2,2.054514095035462,3.2174573747737973,1.7730113937213785,1,1
2019-01-11,model2,2.696174692806485,2.1680621665163433,1.6910558060284773,1,1
2019-01-14,model2,0.7337678625850349,1.337621576901942,-1.131966240607049,-1,-1
2019-01-15,model2,1.2450034693877559,2.1588769678169055,-0.3100197841122426,-1,-1
2019-01-16,model2,2.0331544735285423,1.9201284485533547,1.0268995234043372,1,1
2019-01-17,model2,2.5436051538006517,1.1945373534776433,1.2360417753478208,1,1
2019-01-18,model2,3.867380323868679,0.38560802014431,2.1327045034013605,1,1
2019-01-21,model2,5.169213294883171,0.6603258022695923,1.0271151888892103,1,1
2019-01-22,model2,4.368225335699498,0.5407209357606698,-0.6813830926747506,-1,-1
2019-01-23,model2,1.8207213857791043,-0.6536592291812329,-1.3531237849784912,-1,-1
2019-01-24,model2,-1.5879675417571282,-1.7650501274418398,-2.2972980292756255,-1,-1
2019-01-25,model2,-0.17131243971631172,-1.717888313583807,1.3694932881827837,1,1
2019-01-28,model2,1.187037666666667,-1.8154831259625794,1.4559449187617513,1,1
2019-01-29,model2,2.5925908865248233,-3.421033190668878,3.011103284564455,1,1
2019-01-30,model2,1.7532448321030545,-6.125000247015573,1.8646210019249265,1,1
2019-01-31,model2,1.3872332334635988,-9.70666957105812,3.2156577254030907,1,1
2019-02-01,model2,1.877039049066435,-7.320960031533901,-1.8959037239213823,-1,-1
2019-02-11,model2,3.483890867377093,-1.8455305150513042,-3.868577698171939,-1,-1
2019-02-12,model2,5.761800051050563,6.0700512938614795,-5.637672625239313,-1,-1
2019-02-13,model2,10.070610082256236,12.783901128765722,-2.4050398036985694,-1,-1
2019-02-14,model2,10.685077096145127,16.68413213366834,-3.2857639910137255,-1,-1
2019-02-15,model2,7.0963234907029475,14.067373442418562,-0.9719949141924031,-1,-1
2019-02-18,model2,1.6724244240362813,8.538542942962781,0.10493143278911443,1,1
2019-02-19,model2,-0.25845311564625845,3.7172495621665522,2.8904158411136893,1,1
2019-02-20,model2,1.2248516926406927,3.5159111530305047,1.6846432174229986,1,1
2019-02-21,model2,0.9406643731962482,1.4325038263085126,1.7992200072775475,1,1
2019-02-22,model2,1.0845843434343434,1.2551551062286974,0.3212686903179104,1,1
2019-02-25,model2,2.8146107555555555,3.260899158509399,-0.2757176401594894,-1,-1
2019-02-26,model2,3.266710075,5.60671752210214,-1.893719044148296,-1,-1
2019-02-27,model2,3.2942560911564627,5.449052676107288,0.185210862151314,1,1
2019-02-28,model2,0.9722805850340137,3.6333072669561495,-0.50623009697131,-1,-1
2019-03-01,model2,0.9757892517006804,2.283612772093769,1.3532031615290472,1,1
2019-03-04,model2,1.962669693877551,3.0488194864768636,0.22167372779377603,1,1
2019-03-05,model2,3.3487125510204088,5.674069350769702,-1.239207007149981,-1,-1
2019-03-06,model2,4.897572480098423,9.860837947672898,-2.637908667825182,-1,-1
2019-03-07,model2,3.915911080098423,13.149559167441696,-4.270382619768798,-1,-1
2019-03-08,model2,-0.3523000709219855,9.793107895572968,-0.9117598791516803,-1,-1
2019-03-11,model2,-2.7689736734693873,6.065478028151049,1.310956264874517,1,1
2019-03-12,model2,-2.571333372760168,2.884843943095953,3.3782743857643154,1,1
2019-03-13,model2,0.45120558955867285,2.8417341234969964,3.0656487819177975,1,1
2019-03-14,model2,0.9469035892691954,0.6439686071686408,2.6934635160388782,1,1
2019-03-15,model2,2.0615939941155315,-1.1601202188320492,2.9187792308470257,1,1
2019-03-18,model2,5.202431631796691,0.3176385030831617,1.663078915765949,1,1
2019-03-19,model2,5.7566227916666675,2.4014878958006594,-1.5296582328475212,-1,-1
2019-03-20,model2,3.803983893518519,3.1520592981902382,-2.7032103005377275,-1,-1
2019-03-21,model2,-0.24745355092592516,3.151192023581405,-4.050570169835611,-1,-1
2019-03-22,model2,-2.6362413499622064,2.973477983125297,-2.2110737585801736,-1,-1
2019-03-25,model2,-6.923567424036281,1.7288092234199783,-3.042657314368756,-1,-1
2019-03-26,model2,-10.833486046258502,-1.7591665272915964,-0.4219428715106459,-1,-1
2019-03-27,model2,-10.405217066666667,-3.82393005465952,2.493032506959758,1,1
2019-03-28,model2,-7.120545288888889,-5.54083947231446,5.001581195432719,1,1
2019-03-29,model2,-1.2729891555555555,-2.7342845126370405,3.0410011736559137,1,1
2019-04-01,model2,3.0458294444444447,0.9329385946174392,0.6515954927455203,1,1
2019-04-02,model2,5.4664086111111105,5.1252833164904485,-1.7717655552063438,-1,-1
2019-04-03,model2,6.662659217913833,7.349937530945307,-1.0284036076521357,-1,-1
2019-04-04,model2,7.478814022169151,7.537485627721646,0.6286067074789781,1,1
2019-04-08,model2,9.215647216613597,5.99351231610185,3.280806506064242,1,1
2019-04-09,model2,7.1567034751169984,3.0492668840875865,0.8853016905176654,1,1
2019-04-10,model2,3.2866525375283455,0.30013281382714657,-1.120916867328213,-1,-1
2019-04-11,model2,-2.026177873469387,-1.548303046965219,-3.464394550205367,-1,-1
2019-04-12,model2,-4.746689109790002,-3.2014257374541892,-1.0673885458316446,-1,-1
2019-04-15,model2,-6.969643460514639,-5.574326206139585,0.14994611796075796,1,1
2019-04-16,model2,-3.8328431884057963,-3.6652746881656477,1.2277487541349061,1,1
2019-04-17,model2,-0.6266318840579707,-1.3364040569019966,0.8773406730841744,1,1
2019-04-18,model2,1.5674982312925174,0.9123724022205574,-0.0546463437720659,-1,-1
2019-04-19,model2,1.8946117006802725,0.6417563625404076,0.5977295090679049,1,1
2019-04-22,model2,0.827241034013606,-0.6435477690936096,0.21793346496735055,1,1
2019-04-23,model2,-0.09949511394557768,-2.541366884231669,0.9710829671788755,1,1
2019-04-24,model2,-1.6961029095744677,-2.954784833477211,-1.183189846383348,-1,-1
2019-04-25,model2,-3.132814376241134,-3.7754441118864257,-0.6160521882574514,-1,-1
2019-04-26,model2,-5.579915259574467,-3.809265841010662,-2.413279154209097,-1,-1
2019-04-29,model2,-6.987295377777777,-6.452176705208193,1.2355307459942217,1,1
2019-04-30,model2,-5.498725605555555,-5.547717453718428,0.5841105207324562,1,1
2019-05-06,model2,-3.6532466722222217,-5.2405818471720025,1.5383433267869084,1,1
2019-05-07,model2,-2.7427723696217488,-3.0063413719494414,-1.3237661726220882,-1,-1
2019-05-08,model2,-4.097715147399526,-3.20551134620881,-1.155772803518409,-1,-1
2019-05-09,model2,-6.25495328073286,-3.102961084279245,-2.2597883952628983,-1,-1
2019-05-10,model2,-5.124668472222222,-1.5794352644751297,-0.39324101129347766,-1,-1
2019-05-13,model2,-3.5518119999999986,-0.5276075703793602,0.5210287781264538,1,1
2019-05-14,model2,-0.708140938775509,0.5471225251833755,1.7689409656617539,1,1
2019-05-15,model2,-0.4384542721088424,0.44298814614375576,0.37382104570628627,1,1
2019-05-16,model2,0.5395889335649166,1.3514312370100459,0.06960011480746875,1,1
2019-05-17,model2,0.7421649390070933,1.3569941652272106,0.19701307722501205,1,1
2019-05-20,model2,-0.767910475958893,-0.3967884315399,0.24370718180112427,1,1
2019-05-21,model2,-0.9359409871882073,-1.0233483870814561,0.45852944431224185,1,1
2019-05-22,model2,0.08236258503401472,-0.3946814293712925,0.38963661451205844,1,1
2019-05-23,model2,0.15503027777777886,-0.6619798257292441,0.33996608910171566,1,1
2019-05-24,model2,-1.0519024999999989,-2.920322621015664,1.051410017508642,1,1
2019-05-27,model2,-0.3294929620181393,-2.223555464247713,0.025642381213908605,1,1
2019-05-28,model2,2.707835787981861,-0.698398514279306,1.5121718000315933,1,1
2019-05-29,model2,4.400364878117915,1.058883236900235,-0.06475266104348698,-1,-1
2019-05-30,model2,2.638152772169153,0.041684940491938605,-0.7450138095404657,-1,-1
2019-05-31,model2,-1.1033333389419582,-1.8736382854653495,-1.826162885153823,-1,-1
2019-06-03,model2,-2.94144169326241,-5.16105361184144,1.4493069720556382,1,1
2019-06-04,model2,-3.5474342131639873,-8.752423267887401,2.9853771361443844,1,1
2019-06-05,model2,-1.7593537964973212,-9.782197866585882,2.817855015365147,1,1
2019-06-06,model2,-1.7759530691346292,-10.39578194662039,0.5969848073972002,1,1
2019-06-10,model2,1.1344884274640101,-7.56431287962502,0.07897242960326878,1,1
2019-06-11,model2,3.845877894130677,-3.5583696236364957,-1.2945537893218582,-1,-1
2019-06-12,model2,5.5691025278911575,0.6365269110236494,-2.471671900899665,-1,-1
2019-06-13,model2,4.0744396396924,2.1740986682796017,-3.0322346454547096,-1,-1
2019-06-14,model2,1.1108127262172227,0.08755325247002214,-0.8770814976655981,-1,-1
2019-06-17,model2,0.03611169133518478,-1.4348955684725162,0.4477477860605006,1,1
2019-06-18,model2,0.20864138376674676,-3.1801834389802486,1.9178175629392944,1,1
2019-06-19,model2,2.0118444555752575,-1.8247074376671428,0.44772707049540506,1,1
2019-06-20,model2,6.275589210185186,1.5045872267859517,0.934450090156834,1,1
2019-06-21,model2,9.055125604710145,7.070459816842171,-2.78633619553126,-1,-1
2019-06-24,model2,10.068304313043479,9.289074605857332,-1.2054360806818272,-1,-1
2019-06-25,model2,6.181774010265702,6.947970071224045,-1.54542576814449,-1,-1
2019-06-26,model2,2.913903607860521,1.8619095550158289,1.8181901138030354,1,1
2019-06-27,model2,1.4456743115642252,-0.8343301926043071,1.2280104513238401,1,1
2019-06-28,model2,1.6910910306685334,-1.6357349621413901,1.0468214886413914,1,1
2019-07-01,model2,3.9949027200302356,0.06972984621484161,0.5983468810054706,1,1
2019-07-02,model2,5.000926193631496,0.6836870060941291,0.3920663137219732,1,1
2019-07-03,model2,5.04929265621653,1.255187431257397,-0.5231339625782339,-1,-1
2019-07-04,model2,2.714357528680299,-0.2515117142893286,-0.828235981989506,-1,-1
2019-07-05,model2,0.3773843921916606,-1.1691162935705124,-1.4193685572074544,-1,-1
2019-07-08,model2,-1.8353528867199043,-2.742451567944397,-0.6394020045376803,-1,-1
2019-07-09,model2,-3.3134705123751615,-3.416889586510598,-0.803679607089056,-1,-1
2019-07-10,model2,-6.2987288116948905,-5.107446811000394,-1.2947010748299328,-1,-1
2019-07-11,model2,-6.345710478361556,-5.043449130107313,-0.1109793475597467,-1,-1
2019-07-12,model2,-4.961103628873771,-3.8630718504748356,0.20422956985530716,1,1
2019-07-15,model2,-1.3386730441292343,-1.005792200744985,0.7651509350146863,1,1
2019-07-16,model2,0.1815821040189138,1.9942697427687932,-1.4798067953656302,-1,-1
2019-07-17,model2,-0.19001288672182678,2.499933279224814,-0.8772585271967612,-1,-1
2019-07-18,model2,-2.772459661942553,-0.25172593573802704,0.16921243974211464,1,1
2019-07-19,model2,-2.5629384212018125,-2.2440205979105383,2.201815902913252,1,1
2019-07-22,model2,-1.91130701753751,-4.36746238943618,2.775073195189944,1,1
2019-07-23,model2,0.114927204491727,-2.7783227929193384,0.4370946255123953,1,1
2019-07-24,model2,1.1722021350472824,-0.7601513143233077,-0.9608965480404752,-1,-1
2019-07-25,model2,2.692255766912696,2.076932550270845,-1.3170302327287395,-1,-1
2019-07-26,model2,3.640382676033593,3.28755427447606,-0.26249481508431804,-1,-1
2019-07-29,model2,2.932678504737297,2.7117489261451464,-0.13189882296538213,-1,-1
2019-07-30,model2,2.035342641912895,2.338355481777442,-0.5239424184566976,-1,-1
2019-07-31,model2,0.16209218669270697,1.302891863058873,-0.837786836501619,-1,-1
2019-08-01,model2,-2.111025828122108,-0.29036618084860494,-0.679859970907337,-1,-1
2019-08-02,model2,-6.471735106382977,-3.2562608473035524,-1.3948146118059213,-1,-1
2019-08-05,model2,-13.053647066666665,-7.864361690478563,-1.973811117108677,-1,-1
2019-08-06,model2,-21.4433468,-14.785947089079707,-1.4681143347321912,-1,-1
2019-08-07,model2,-27.91968877777778,-19.274873769155956,-1.9874152977015296,-1,-1
2019-08-08,model2,-20.29805971111111,-16.130203405213216,4.476958702723927,1,1
2019-08-09,model2,-10.018848219638242,-10.159731015054602,4.308739101314256,1,1
2019-08-12,model2,1.5897144901123255,-2.9650344656081966,4.413866160304162,1,1
2019-08-13,model2,1.7714561780555877,-1.2935342915880226,-1.4897584860769117,-1,-1
2019-08-14,model2,2.189991228611705,0.8975140677225067,-1.7725133087544118,-1,-1
2019-08-15,model2,1.4116507781203973,0.8968738637683042,-0.7777002465371053,-1,-1
2019-08-16,model2,1.546468479066024,1.1256610626807333,-0.09396949796680243,-1,-1
2019-08-19,model2,3.679882603703705,3.173239062686347,0.08583612463206691,1,1
2019-08-20,model2,4.8195922711583945,4.464936889237156,-0.15198815909611918,-1,-1
2019-08-21,model2,4.590436596555219,4.932018276603314,-0.6962370619693337,-1,-1
2019-08-22,model2,1.668490253292808,3.181883320136469,-1.1718113867955657,-1,-1
2019-08-23,model2,-0.23055024316109293,1.0799162675803473,0.20292655610222043,1,1
2019-08-26,model2,-3.129201424113474,-1.4372112931137853,-0.3815236202582484,-1,-1
2019-08-27,model2,-2.7241125086288402,-1.072514415373697,0.04039203774454525,1,1
2019-08-28,model2,-2.6001138821995453,-0.2188858015813547,-0.7296299873630473,-1,-1
2019-08-29,model2,-0.8972518907101836,1.160228984852721,0.3237472050552861,1,1
2019-08-30,model2,-1.96322808032371,-0.8428428872064474,0.9370956824456418,1,1
2019-09-02,model2,-1.2733393728407167,-0.5587939266398155,0.4058397469163615,1,1
2019-09-03,model2,0.06337484307732895,0.5612076513618395,0.21671263791639062,1,1
2019-09-04,model2,2.5366737938019663,3.1055738123642285,-0.07106721027775142,-1,-1
2019-09-05,model2,5.409399274074075,4.990766309297119,0.9875329833392179,1,1
2019-09-06,model2,9.996248887943265,6.793361570342817,2.784254352823492,1,1
2019-09-09,model2,12.831481324822697,9.204132941997663,0.4244610652245857,1,1
2019-09-10,model2,12.209038672970843,8.976915557747438,-0.3952252676016279,-1,-1
2019-09-11,model2,7.973139707249804,6.745297675499471,-2.0042810834730727,-1,-1
2019-09-12,model2,4.8758021185973215,3.560288037730149,0.08767204911683946,1,1
2019-09-16,model2,1.8994614197245356,1.2288756072553007,-0.6449282683979374,-1,-1
2019-09-17,model2,-0.24440180589904706,-0.5641582814517371,-0.35082933691654494,-1,-1
2019-09-18,model2,-2.6089641652371087,-2.896341720926248,-0.03237891986355068,-1,-1
2019-09-19,model2,-2.3921296724834855,-2.637694258285733,-0.04181296988689187,-1,-1
2019-09-20,model2,-0.39105116908212506,-0.9873181474468194,0.3507023925624466,1,1
2019-09-23,model2,-0.15106792463768062,0.07159538950065736,-0.8189302925030323,-1,-1
2019-09-24,model2,-1.544697578787878,-1.2622155199431087,-0.05981874470643134,-1,-1
2019-09-25,model2,-4.681151320284477,-4.146888817686027,-0.25178044375368014,-1,-1
2019-09-26,model2,-6.845644732529375,-8.57034727385586,2.2589650439249356,1,1
2019-09-27,model2,-7.664105986394557,-9.077662704095964,-0.31114582362507903,-1,-1
2019-09-30,model2,-7.678102378231292,-8.265496088047716,-0.8261630078849826,-1,-1
2019-10-08,model2,-5.664548299319727,-4.057574048012481,-2.19436796112367,-1,-1
2019-10-09,model2,-4.175497999999999,-2.0003561073623017,-0.5681676413304513,-1,-1
2019-10-10,model2,-1.1564191710144922,1.0602420780683535,-0.04151935644514815,-1,-1
2019-10-11,model2,2.086893362318841,3.784166461433619,0.5193881499680684,1,1
2019-10-14,model2,7.409508028985509,7.218526306701101,1.8882548213991863,1,1
2019-10-15,model2,8.961639194444444,7.052923232724495,1.7177342394355417,1,1
2019-10-16,model2,7.543871350472814,4.54754666985398,1.0876087188988839,1,1
2019-10-17,model2,2.393918089603249,-0.8873117512747237,0.2849051602591395,1,1
2019-10-18,model2,-2.381260038174529,-5.0496994560284465,-0.6127904230240553,-1,-1
2019-10-21,model2,-5.849118888647342,-7.579034572488851,-0.9385237340124086,-1,-1
2019-10-22,model2,-5.199157257407407,-5.970427363868704,-0.9586455773802118,-1,-1
2019-10-23,model2,-2.896391847883597,-3.451126764347808,-0.216535189997086,-1,-1
2019-10-24,model2,-0.7277788617724861,-0.8273010484429543,-0.4552127297937427,-1,-1
2019-10-25,model2,0.2899854761904768,-0.4390409894892482,0.6295042790092568,1,1
2019-10-28,model2,1.5408096666666673,1.4084473449102444,-0.596664143923302,-1,-1
2019-10-29,model2,1.6016158472222228,2.008234451954146,-0.5389809264883461,-1,-1
2019-10-30,model2,-0.5709872866430254,0.626909843287288,-0.7912785251983903,-1,-1
2019-10-31,model2,-2.295070796847107,-2.1093350144974923,1.0121613475806988,1,1
2019-11-01,model2,-0.8790226718471071,-2.2546891763062478,1.5614022868087551,1,1
2019-11-04,model2,2.0401660870181413,-1.4048537795256364,2.0693533620846374,1,1
2019-11-05,model2,5.39293246388889,0.8962388125810749,1.0516737847640374,1,1
2019-11-06,model2,5.3660006893617025,0.6791154351941927,0.1901916028596946,1,1
2019-11-07,model2,3.7847236326241145,0.937324877714472,-1.8394864992578674,-1,-1
2019-11-08,model2,0.370512835401892,-0.21431703575033312,-2.2625688837574174,-1,-1
2019-11-11,model2,-4.29961825395981,-1.6602516889644165,-3.224196436147619,-1,-1
2019-11-12,model2,-7.735285584977324,-3.4913237754157223,-1.6045952445662077,-1,-1
2019-11-13,model2,-10.47539310123028,-5.062013126901503,-1.1694181647671753,-1,-1
2019-11-14,model2,-10.130644515723032,-3.9976684134070024,-0.7195961279872534,-1,-1
2019-11-15,model2,-9.843398183523485,-3.758613719947195,0.048191638739740306,1,1
2019-11-18,model2,-6.400588736714975,-2.1206529480474243,1.804848674908739,1,1
2019-11-19,model2,-1.7705096666666662,0.03155207480182387,2.4778740471990606,1,1
2019-11-20,model2,0.574846055555556,1.888769524211748,0.48813827281229805,1,1
2019-11-21,model2,-0.07113970330969188,2.3612099866150342,-1.118426221268534,-1,-1
2019-11-22,model2,-2.8854958439716305,0.5821176393146384,-1.0352637933615427,-1,-1
2019-11-25,model2,-2.5312714439716304,-0.4909502344850871,1.4272922737997256,1,1
2019-11-26,model2,-0.9086435184397157,-2.643073661353064,3.7747513523998917,1,1
2019-11-27,model2,0.28261359444444506,-3.268638918856755,1.8168223703878514,1,1
2019-11-28,model2,-0.6267193905895684,-3.756123710794451,-0.4218481930963174,-1,-1
2019-11-29,model2,-3.4526518905895682,-2.1164115566922135,-4.465644654102237,-1,-1
2019-12-02,model2,-5.55510161281179,-1.249097348012611,-2.9697639309018244,-1,-1
2019-12-03,model2,-6.216700064814813,0.2303980822363986,-2.141093882252033,-1,-1
2019-12-04,model2,-6.393612071617536,0.6257474814963223,-0.5722614060626463,-1,-1
2019-12-05,model2,-3.762613043839757,2.0949183406432765,1.1618281686308247,1,1
2019-12-06,model2,-0.2883325140490977,3.43521944193062,2.133979428503316,1,1
2019-12-09,model2,2.609293333333334,4.707283475167699,1.6255618141453523,1,1
2019-12-10,model2,2.390858971631206,4.9162677716169805,-0.4274186581514092,-1,-1
2019-12-11,model2,1.4963386093123656,3.289865902848389,0.731881506449751,1,1
2019-12-12,model2,0.8458191890225106,1.0331192184501552,1.6062272641083788,1,1
2019-12-13,model2,1.9869005507246384,0.02896072900185942,2.1452398511504236,1,1
2019-12-16,model2,2.9247176702898554,1.7520647228501416,-0.7852868742830652,-1,-1
2019-12-17,model2,6.073329050000001,5.528642081035962,-0.6279659784756757,-1,-1
2019-12-18,model2,6.177892560204082,7.309631030615795,-1.676425439375751,-1,-1
2019-12-19,model2,4.295215513102633,7.999827348759548,-2.5728733652452025,-1,-1
2019-12-20,model2,1.2985088612507814,4.918772608340859,0.08434808856683729,1,1
2019-12-23,model2,-2.038434948273028,0.7124391682927751,0.8693896305242745,1,1
2019-12-24,model2,-2.405605165664332,-1.8842113726878449,2.229480323589316,1,1
2019-12-25,model2,-3.0086368648328885,-1.692524722071388,-0.7947183497850134,-1,-1
2019-12-26,model2,-0.10718910973084779,0.5968463860002465,0.6120766470304062,1,1
2019-12-27,model2,1.2303415501519768,0.7879305130421567,1.1464465328409144,1,1
2019-12-30,model2,3.2047505678390515,1.6555017409448842,1.1068377897843473,1,1
2019-12-31,model2,4.362911474375579,2.2491153964507458,0.5645472510306662,1,1
2020-01-02,model2,6.775520762318841,4.55370483986954,0.10801984452446778,1,1
2020-01-03,model2,7.6998740873188405,5.73908897799382,-0.26103081312428067,-1,-1
2020-01-06,model2,6.236883125000001,6.827201235855728,-2.5511032201807478,-1,-1
2020-01-07,model2,3.080239298049646,7.087989096731786,-3.4174316878264124,-1,-1
2020-01-08,model2,0.18016857304964606,5.550982881208022,-1.3630645094762368,-1,-1
2020-01-09,model2,0.30152952027186836,4.2087747610812904,1.4635690673489543,1,1
2020-01-10,model2,0.713120355917875,1.7867702555435379,2.833595341183759,1,1
2020-01-13,model2,2.2538988254830925,1.9610897936872844,1.3664589314214708,1,1
2020-01-14,model2,2.1189052898550726,1.6178234193651655,0.20827283869409907,1,1
2020-01-15,model2,0.8660779478260873,0.9221114100851784,-0.5571153327489984,-1,-1
2020-01-16,model2,-1.4741498550724632,-0.8922460166525522,-0.5258703761608197,-1,-1
2020-01-17,model2,-3.3466753030303025,-2.941074019195017,0.17630255458462551,1,1
2020-01-20,model2,-3.04559293080808,-2.496359245989176,-0.1436324009836185,-1,-1
2020-01-21,model2,-2.8919013308080803,-2.2412724558751336,-0.10139519011404285,-1,-1
2020-01-22,model2,-1.2841994971655322,-1.1980919908163716,0.5645213685837862,1,1
2020-01-23,model2,-2.521250336054421,-3.0713017007710146,0.6361588710657542,1,1
2020-02-03,model2,-5.155856802721087,-6.227425730463117,0.5215175630254363,1,1
2020-02-04,model2,-6.03887111111111,-9.486943698045584,2.376503659192444,1,1
2020-02-05,model2,-3.6928844328502417,-6.932476195105335,-0.208480824679381,-1,-1
2020-02-06,model2,1.6211282855171063,-0.906349067176666,-0.7121144095613214,-1,-1
2020-02-07,model2,4.32255536885044,5.022626282437495,-3.2275482662808272,-1,-1
2020-02-10,model2,5.474888693310658,7.402763566890992,-1.2278039599932793,-1,-1
2020-02-11,model2,6.694146841609978,6.964629477121832,1.6573922380684802,1,1
2020-02-12,model2,8.698055239758126,6.787538390671723,2.1809994845982574,1,1
2020-02-13,model2,8.545844219349965,3.575038510626834,3.0602888596367275,1,1
2020-02-14,model2,8.31499036101663,1.6326509049726778,1.7115337473208212,1,1
2020-02-17,model2,7.6368627239795925,1.1857550731954627,-0.23123180525982212,-1,-1
2020-02-18,model2,5.989423064115648,2.7415132559380333,-3.2031978426065146,-1,-1
2020-02-19,model2,3.0732243224489806,3.4864769126655957,-3.66116239839423,-1,-1
2020-02-20,model2,0.6449537891156468,3.7477649006499214,-2.6895585213176596,-1,-1
2020-02-21,model2,0.6487837891156468,4.320985902043,-0.5693910013930783,-1,-1
2020-02-24,model2,0.3435349891156469,5.28761859024178,-1.2718814881987803,-1,-1
2020-02-25,model2,-1.990666410884353,4.025909889345443,-1.072492699103663,-1,-1
2020-02-26,model2,-4.890135254421768,1.2355831978436564,-0.10914215203562794,-1,-1
2020-02-27,model2,-6.3843788933106564,-0.9358814746395839,0.677221033594352,1,1
2020-02-28,model2,-8.271931559977324,-3.7483872511251644,0.9249531098189134,1,1
2020-03-02,model2,-5.233902838888889,-2.7640427381037536,2.053684208067024,1,1
2020-03-03,model2,-2.0435195055555564,-1.0946619610536048,1.5210025562831835,1,1
2020-03-04,model2,2.6738640348699767,2.13424650143962,1.4884750779323088,1,1
2020-03-05,model2,6.109349368203309,4.95657456310294,0.613157271670012,1,1
2020-03-06,model2,5.479654694167029,5.09572836352858,-0.7688484744619197,-1,-1
2020-03-09,model2,2.59902768707483,2.971311999536025,-0.756210643099644,-1,-1
2020-03-10,model2,-0.9074222857142855,0.24163849309765317,-0.7767764663507433,-1,-1
2020-03-11,model2,-1.361703238095238,-0.8733385406545024,0.6606960813712031,1,1
2020-03-12,model2,-1.1876821825396824,-0.9751432464669999,0.27582576136805315,1,1
2020-03-13,model2,-4.2144303430839,-3.8783096334906886,-0.12358177352052868,-1,-1
2020-03-16,model2,-10.36014561111111,-9.167838706285934,-0.856186195231964,-1,-1
2020-03-17,model2,-15.960381787234041,-13.325383875816954,-1.4426910065919127,-1,-1
2020-03-18,model2,-20.43019445390071,-16.69748858448904,-1.097707957994583,-1,-1
2020-03-19,model2,-21.404264219887107,-14.916232267785686,-2.7553260826897503,-1,-1
2020-03-20,model2,-14.12562843265306,-9.072352000284488,1.4347555197328479,1,1
2020-03-23,model2,-7.087952965986393,-3.8656205183576966,1.8309439847398767,1,1
2020-03-24,model2,0.49582866666666786,-0.14042860237420662,3.8585897166695706,1,1
2020-03-25,model2,1.903440000000001,1.096880779486112,0.1703019514730144,1,1
2020-03-26,model2,2.9105865362318855,2.3174988961643233,-0.21347158044632675,-1,-1
2020-03-27,model2,3.8252971288244777,2.278931704838129,0.9532777839187867,1,1
2020-03-30,model2,2.3107639621578113,-0.40556260609194555,1.1699611442634081,1,1
2020-03-31,model2,0.5870847592592607,-2.7894708927350944,0.6602290837445981,1,1
2020-04-01,model2,-1.3290473611111098,-4.78439743313048,0.07879442002501524,1,1
2020-04-02,model2,-0.4714698611111097,-3.189859313136925,-0.736960619993555,-1,-1
2020-04-03,model2,0.62423320011338,-1.303263811371662,-0.7908924405407733,-1,-1
2020-04-07,model2,2.6943822612244914,1.7849463703643684,-1.0180611206249188,-1,-1
2020-04-08,model2,2.3756311501133798,2.5210982680477554,-1.0549030087944986,-1,-1
2020-04-09,model2,2.788273451207731,4.028998816840724,-1.095258247698617,-1,-1
2020-04-10,model2,0.7704397845410642,2.7076817355739737,-0.6965165853999169,-1,-1
2020-04-13,model2,-1.6424953043478248,0.3242149353698586,-0.029468288684773913,-1,-1
2020-04-14,model2,-1.5324503888888878,-0.3561159111356777,0.7903757619644732,1,1
2020-04-15,model2,-0.7211616705215409,0.05250436626888485,0.4026684409627844,1,1
2020-04-16,model2,0.8269449716553301,1.3781680328222465,0.22244297562350934,1,1
2020-04-17,model2,0.8779008744331079,0.9597688564057686,0.4693550791942558,1,1
2020-04-20,model2,1.3480452962018152,1.501429300023154,-0.07151602184867811,-1,-1
2020-04-21,model2,0.6212915873582779,0.9629878004815247,-0.18831220930190795,-1,-1
2020-04-22,model2,0.08820718458050025,0.7478497130146256,-0.3179463153108786,-1,-1
2020-04-23,model2,-0.9219424072562346,-0.21750897335218053,-0.04479090546992881,-1,-1
2020-04-24,model2,-1.9659274030009153,-1.336201934211485,0.07470796511462385,1,1
2020-04-27,model2,-3.2166666985091896,-3.2417103420174094,0.65476911229765,1,1
2020-04-28,model2,-2.921297174699666,-5.912793913234107,2.966453095026221,1,1
2020-04-29,model2,0.04867465914025315,-6.5600833718933345,3.6172612924991467,1,1
2020-04-30,model2,4.011689815759638,-3.9581538227699222,1.3610856074959727,1,1
2020-05-06,model2,5.430650932539684,0.630572830866214,-3.169765536856091,-1,-1
2020-05-07,model2,4.012700932539683,3.3161488282339757,-4.103525997367762,-1,-1
2020-05-08,model2,2.4490932936507948,4.097336349537918,-2.344795160192831,-1,-1
2020-05-11,model2,2.18310183383992,3.367761152676566,0.4635837370504774,1,1
2020-05-12,model2,2.8723071399623685,2.727834129865293,1.3291323289337216,1,1
2020-05-13,model2,1.148379389962369,1.0982841867391746,-0.0943778068738812,-1,-1
2020-05-14,model2,-1.9412770697278898,-1.0835728528576951,-0.9077994200933892,-1,-1
2020-05-15,model2,-5.898696704854667,-1.8208431557446432,-3.2201493322398296,-1,-1
2020-05-18,model2,-7.783567843743557,-2.3267193128288075,-1.3789949818047258,-1,-1
2020-05-19,model2,-4.962187571634714,-0.8863261542986679,1.380987113578704,1,1
2020-05-20,model2,-1.2431353601582458,-0.6372362056357788,3.4699622628135787,1,1
2020-05-21,model2,0.44650924301635725,-1.360648884013292,2.413057281552116,1,1
2020-05-22,model2,-2.7993740984802415,-4.045022886686096,-0.5615093388237944,-1,-1
2020-05-25,model2,-5.673241107936506,-5.962168742830049,-0.9567211533123117,-1,-1
2020-05-26,model2,-4.834178185858584,-4.136837940950506,-0.9862678798016216,-1,-1
2020-05-27,model2,-2.4998492803030286,-1.401985014176535,-0.4005240212184149,-1,-1
2020-05-28,model2,0.7280181546851511,1.0282016790519963,0.7976807417596481,1,1
2020-05-29,model2,-0.09375537963766882,0.801278727405947,-0.5948505826767705,-1,-1
2020-06-01,model2,0.8112239814734424,2.017765944355315,-0.3115078558382569,-1,-1
2020-06-02,model2,1.7687715238095256,3.743984581942487,-0.7686710952510886,-1,-1
2020-06-03,model2,3.5321420467687097,4.073011869391585,1.4343432355100862,1,1
2020-06-04,model2,2.7264745365646275,2.8359164554217373,0.4314279037657651,1,1
2020-06-05,model2,1.4524529719387775,1.169422893403164,0.3924719973927233,1,1
2020-06-08,model2,0.4399604761904781,0.22044359814883027,-0.0635132004939657,-1,-1
2020-06-09,model2,1.3034084106369839,0.13633171335131847,0.9475598192440176,1,1
2020-06-10,model2,1.0381822201607933,-0.04409575601709013,-0.08479872110778197,-1,-1
2020-06-11,model2,-0.288356351267778,-1.0206782884288021,-0.34995603901685934,-1,-1
2020-06-12,model2,-3.360875442176869,-2.5124626186544545,-1.5807347606834388,-1,-1
2020-06-15,model2,-7.6897413605442155,-3.840040527073343,-3.0012880099484587,-1,-1
2020-06-16,model2,-5.938555918367345,-1.665542648051442,-0.4233124368450305,-1,-1
2020-06-17,model2,-3.036861196145123,0.8878379268094037,0.3483141473613762,1,1
2020-06-18,model2,2.010326896135268,3.120152564862833,2.8148734542269613,1,1
2020-06-19,model2,3.437364432367152,3.465854550274815,1.0813355508199023,1,1
2020-06-22,model2,3.7266586463151423,2.738769684143742,1.016379080079063,1,1
2020-06-23,model2,3.166728581245636,1.9471056399069113,0.23173397916732452,1,1
2020-06-24,model2,2.7684226422359743,-0.2449881023355318,1.7937878032327816,1,1
2020-06-29,model2,2.364555479115407,-2.3954710757711872,1.7466158103150882,1,1
2020-06-30,model2,3.2197879536052034,-1.4575655587983463,-0.08267304248304463,-1,-1
2020-07-01,model2,3.828136289716314,0.5769530926698897,-1.4261703153571257,-1,-1
2020-07-02,model2,5.883868183333334,3.9402428290229676,-1.307557842736058,-1,-1
2020-07-03,model2,9.890754000000001,6.626004428347533,1.3211242173421023,1,1
2020-07-06,model2,17.750505733333338,12.515118032779206,1.9706381289016628,1,1
2020-07-07,model2,17.362807848979593,14.318039320825973,-2.1906191724005115,-1,-1
2020-07-08,model2,13.952881562454772,15.290124017676982,-4.38201098337583,-1,-1
2020-07-09,model2,6.1068200957881045,13.505452773021593,-6.061390222011279,-1,-1
2020-07-10,model2,2.760501813475178,11.831476462907466,-1.6723419721987987,-1,-1
2020-07-13,model2,0.4674189000000011,9.815331874513404,-0.2769383250811157,-1,-1
2020-07-14,model2,-3.0978699666666656,5.409977292807228,0.8400657150395099,1,1
2020-07-15,model2,-4.884154133333332,2.8700489992691227,0.7536441268714391,1,1
2020-07-16,model2,-8.768043466666667,-1.9908931710615254,0.9770528369973128,1,1
2020-07-17,model2,-12.286703381560281,-6.003166552130096,0.4936134661749554,1,1
2020-07-20,model2,-8.758242048226949,-4.904394523460989,2.429689304664226,1,1
2020-07-21,model2,-3.6298301733970173,-1.9810554345426645,2.2050727859116064,1,1
2020-07-22,model2,1.534444727607711,1.8112376728566215,1.3719817936054426,1,1
2020-07-23,model2,0.25859665668572535,1.5471831289745348,-1.0117935270398988,-1,-1
2020-07-24,model2,-3.2906088848108737,-1.2404662981596994,-0.7615561143623646,-1,-1
2020-07-27,model2,-8.269698892198582,-4.470936579048007,-1.7486197264994,-1,-1
2020-07-28,model2,-8.293119256059205,-4.845483980321983,0.35112703741335327,1,1
2020-07-29,model2,-4.105251809800699,-1.309058927915778,0.6514423938523004,1,1
2020-07-30,model2,1.3116460958296374,2.2139630511061728,1.893875926608386,1,1
2020-07-31,model2,3.106235661047029,3.7974388549448292,0.21111376137873505,1,1
2020-08-03,model2,4.0645072147885255,5.385533757212907,-0.6298233485265814,-1,-1
2020-08-04,model2,4.622624221591246,5.684334127663415,0.2593166363522128,1,1
2020-08-05,model2,3.4274597578231307,5.032560805396456,-0.5433911415011567,-1,-1
2020-08-06,model2,1.1521343265306134,2.1482105223608206,0.6090248517431185,1,1
2020-08-07,model2,-1.133973564625849,-0.25868066734700507,0.12078329855136305,1,1
2020-08-10,model2,-1.2513971428571418,-0.8967828912745927,0.5206786456962949,1,1
2020-08-11,model2,-1.73037068461427,-2.1340224824303426,0.7582660493986217,1,1
2020-08-12,model2,-1.7877079068364923,-2.9886845807934517,0.7973248761408867,1,1
2020-08-13,model2,-2.9660055924940885,-4.323069811532093,0.1560875450810455,1,1
2020-08-14,model2,-1.4355302861111099,-2.5448724069649287,-0.2477220981841861,-1,-1
2020-08-17,model2,1.510234269444446,1.4366937515055405,-1.0358016029149133,-1,-1
2020-08-18,model2,3.5400190666666678,4.744126512429478,-1.2776479637017157,-1,-1
2020-08-19,model2,1.6954548530612261,4.439061529385317,-1.5394992305612802,-1,-1
2020-08-20,model2,-2.1859944802721074,1.180730042863688,-0.6231178468117049,-1,-1
2020-08-21,model2,-3.8103666485260757,-1.5174911565484386,1.0738490311581583,1,1
2020-08-24,model2,-3.880838077097504,-1.8922520612088627,0.3042894760889956,1,1
2020-08-25,model2,-2.3453994813528234,-1.2681307575189875,0.9113172920548056,1,1
2020-08-26,model2,-2.7855912075432996,-2.621575138791389,0.9132526550819253,1,1
2020-08-27,model2,-1.9676369017300654,-2.9324979107212137,1.1288770777430588,1,1
2020-08-28,model2,-0.26818145665841975,-1.2940120916819415,0.06096962603237355,1,1
2020-08-31,model2,1.6296356663574534,1.023047149293481,-0.41924211795954913,-1,-1
2020-09-01,model2,2.277409024943312,2.303281921253041,-0.6324614133737017,-1,-1
2020-09-02,model2,0.5330731065759651,2.0046186892319096,-1.4456726863462153,-1,-1
2020-09-03,model2,-2.226200405328797,1.0852383498835383,-1.8398931725563912,-1,-1
2020-09-04,model2,-6.6391380442176855,-1.2587188516894743,-2.0689804373158753,-1,-1
2020-09-07,model2,-11.45286838435374,-4.938948269924701,-1.1335009219008283,-1,-1
2020-09-08,model2,-10.150723939909296,-5.394972957869011,1.7581691323887538,1,1
2020-09-09,model2,-8.128582808956915,-6.1979233219797045,2.8250914950630746,1,1
2020-09-10,model2,-4.866441257936507,-5.895988064011637,2.960206293052341,1,1
2020-09-11,model2,-4.879156730158729,-5.339326166354109,-0.5693773698797502,-1,-1
2020-09-14,model2,-3.1045953333333323,-3.1720392902142787,-0.39272547931443347,-1,-1
2020-09-15,model2,-0.5038769523809511,-0.16130113333180707,-0.4100197759300901,-1,-1
2020-09-16,model2,0.6118967647907659,0.4425178084391703,0.5119547754007396,1,1
2020-09-17,model2,0.24376908630376817,0.8619887451581887,-0.7875986152060162,-1,-1
2020-09-18,model2,0.3459300386847208,2.2739628640577814,-1.30981316651864,-1,-1
2020-09-21,model2,0.4359110652771759,2.8821834477427317,-0.5182395570924953,-1,-1
2020-09-22,model2,-0.18080356734693762,1.736965174179276,0.5285036409393422,1,1
2020-09-23,model2,-2.575708150680271,-0.7750101926797153,0.1170707835256577,1,1
2020-09-24,model2,-7.642730583333332,-4.132661903074805,-1.709370722257972,-1,-1
2020-09-25,model2,-10.942560654651162,-6.066228346803393,-1.366263627589242,-1,-1
2020-09-28,model2,-10.890129948868848,-8.067105431278021,2.053307790256942,1,1
2020-09-29,model2,-7.350234468017785,-5.865748481783072,1.3385385313561144,1,1
2020-09-30,model2,-4.400306678181437,-3.853245669323512,0.937424977376788,1,1
2020-10-09,model2,-1.7822968978526383,-0.28565916245069634,-0.9495767265440169,-1,-1
2020-10-12,model2,1.8416081546296308,2.6607629325961577,0.6774829574354149,1,1
2020-10-13,model2,4.664981836111113,5.192483707630451,0.29165290644718844,1,1
2020-10-14,model2,4.118382451851853,4.836716462770105,-0.1908321393989132,-1,-1
2020-10-15,model2,2.922562570370372,1.1934709671201424,2.447425614168481,1,1
2020-10-16,model2,2.8949752834138507,-2.4755141427497307,3.641397822913352,1,1
2020-10-19,model2,1.6098120982286652,-6.120983446053192,2.3603061181182756,1,1
2020-10-20,model2,-0.5668155314009646,-5.491148948768987,-2.806462126913835,-1,-1
2020-10-21,model2,-2.4921189342403616,-4.587202446750919,-2.8292499048574644,-1,-1
2020-10-22,model2,-2.015832753684806,-2.546845360069382,-1.5640709061259819,-1,-1
2020-10-23,model2,-2.147330962301586,-3.9361659011949226,1.2578223325087605,1,1
2020-10-26,model2,-2.5390558927955227,-5.079379925423515,0.7514890937346559,1,1
2020-10-27,model2,-3.1043722066844115,-5.646782097428936,0.002085858116532169,1,1
2020-10-28,model2,-2.5297474702898537,-4.565118643528226,-0.5070387175061519,-1,-1
2020-10-29,model2,-2.482141791496597,-3.346819632734336,-1.1706933320006336,-1,-1
2020-10-30,model2,-3.7993883248299305,-3.8780658567485595,-0.7860003093191099,-1,-1
2020-11-02,model2,-6.212279115646258,-4.955640485512657,-1.33531616205223,-1,-1
2020-11-03,model2,-4.330801374149659,-3.3443550675512963,0.27019232353523837,1,1
2020-11-04,model2,-0.9468305045844416,-0.8361873884225258,0.8758031904364469,1,1
2020-11-05,model2,4.602063380203517,2.182064728175279,2.530641768190153,1,1
2020-11-06,model2,6.721196949647961,2.243375896885828,2.057822400733895,1,1
2020-11-09,model2,10.035598188926281,3.256370885695857,2.301406250468291,1,1
2020-11-10,model2,9.949744713748975,2.4295546031298105,0.7409628073887409,1,1
2020-11-11,model2,8.65713414430453,0.9896521437679627,0.1472918899174025,1,1
2020-11-12,model2,3.7956125687943274,-1.0147498467099536,-2.8571195850322866,-1,-1
2020-11-13,model2,-0.3790196666666654,-2.4319293308082965,-2.75745275136265,-1,-1
2020-11-16,model2,-2.405084533333332,-1.6430822515998245,-2.8149119458751386,-1,-1
2020-11-17,model2,-2.0860434724637673,-0.9775103398351187,-0.3465308508951409,-1,-1
2020-11-18,model2,0.25091273462843167,0.14851106772790665,1.210934799529174,1,1
2020-11-19,model2,2.303890601295098,0.28688240711996293,1.9146065272746104,1,1
2020-11-20,model2,2.8721272383847167,1.0792144743588759,-0.22409543014929434,-1,-1
2020-11-23,model2,3.467560136054423,2.075413172427577,-0.4007658003989947,-1,-1
2020-11-24,model2,1.899889781444494,2.4113276567125994,-1.9035848388949517,-1,-1
2020-11-25,model2,0.5943310059342899,0.5029766994393223,0.602792181763073,1,1
2020-11-26,model2,-0.6815160321609482,-2.0532980931173834,1.2804277544614675,1,1
2020-11-27,model2,0.721512855782314,-3.6737672018893135,3.0234979967151925,1,1
2020-11-30,model2,2.418814676595746,-4.125177265343321,2.1487118842674398,1,1
2020-12-01,model2,4.22273840992908,-1.9576646021678845,-0.3635889298421029,-1,-1
2020-12-02,model2,3.4589375849290795,0.14200929337351686,-2.8634747205414013,-1,-1
2020-12-03,model2,2.8434918185374163,2.3116467915108325,-2.785083264528979,-1,-1
2020-12-04,model2,0.12691595187074967,2.2788266019737864,-2.6837556771296205,-1,-1
2020-12-07,model2,-3.5961316231292497,0.5675264656160589,-2.011747438642272,-1,-1
2020-12-08,model2,-9.438017480555553,-1.4207488286871033,-3.8536105631231417,-1,-1
2020-12-09,model2,-15.166138880555556,-5.416367471982014,-1.7325027567050926,-1,-1
2020-12-10,model2,-18.327162075113378,-7.352201907457265,-1.2251887590825712,-1,-1
2020-12-11,model2,-18.278518927891156,-9.563737908314295,2.260179148079252,1,1
2020-12-14,model2,-13.95602040011338,-7.309925821844146,2.0686864413076282,1,1
2020-12-15,model2,-9.598213605555555,-5.219636130722352,2.26751710343603,1,1
2020-12-16,model2,-5.515199602834467,-2.479042340266202,1.3424202122649382,1,1
2020-12-17,model2,-2.291430076190475,-0.9110449718361061,1.655772158213896,1,1
2020-12-18,model2,-0.5150558095238081,-0.25740096217652514,1.1227302570070856,1,1
2020-12-21,model2,0.6156076776101757,1.6370823396152658,-0.7638198146578072,-1,-1
2020-12-22,model2,-1.4598881101449266,0.553676089653534,-0.9920895377933703,-1,-1
2020-12-23,model2,-1.5972531314215221,-0.4612939786298463,0.8776050470067847,1,1
2020-12-24,model2,-1.4005029864939857,-3.2514402299481873,2.986896396245877,1,1
2020-12-25,model2,0.7940675468393475,-3.330642163467624,2.27377246685277,1,1
2020-12-28,model2,1.4581232486714988,-3.6814883115439585,1.0149018499084859,1,1
2020-12-29,model2,1.8272533812647767,-2.307817972804201,-1.0045402061464794,-1,-1
2020-12-30,model2,1.720461152693348,-1.6053940749773183,-0.8092161263983115,-1,-1
2020-12-31,model2,2.7834835388044588,0.4624961275708112,-1.0048678164370188,-1,-1
2021-01-04,model2,4.3575359575396835,2.1056306503027344,-0.06908210399669845,-1,-1
2021-01-05,model2,6.038136501757371,3.5994061693848796,0.18682502513554278,1,1
2021-01-06,model2,5.610976060090704,3.0587746253733354,0.11347110234487667,1,1
2021-01-07,model2,5.568173005952382,1.115014847925492,1.900956723309522,1,1
2021-01-08,model2,4.342997154195012,-0.274584024870522,0.16442302103864348,1,1
2021-01-11,model2,3.625546195861679,-1.6256211175006776,0.6335861342968225,1,1
2021-01-12,model2,3.546355719671203,-0.8688227960260161,-0.8359887976651371,-1,-1
2021-01-13,model2,3.5305430807823144,-1.248467917776696,0.36383248286179104,1,1
2021-01-14,model2,4.400993686224491,-0.36578556054172956,-0.01223175179278968,-1,-1
2021-01-15,model2,3.2850395776644006,-0.38527965562350874,-1.0964600134783113,-1,-1
2021-01-18,model2,2.5840754193310675,0.4107606632517021,-1.4970044772085438,-1,-1
2021-01-19,model2,1.1343754138888904,1.073513916392194,-2.1124532585826694,-1,-1
2021-01-20,model2,-0.023243399999998582,1.1997372131516226,-1.2838421106483175,-1,-1
2021-01-21,model2,-1.2334539482993183,1.019059154144702,-1.0295324892923992,-1,-1
2021-01-22,model2,-2.982439948299318,0.14485806187365405,-0.8747849077289517,-1,-1
2021-01-25,model2,-4.225157570068026,-1.094298610499307,-0.003560949395746693,-1,-1
2021-01-26,model2,-5.27352453010204,-3.2498019692626223,1.1071363987293017,1,1
2021-01-27,model2,-4.7715321981292504,-4.532435393330409,1.7846257560405756,1,1
2021-01-28,model2,-5.703154309693876,-6.185652950215136,0.7215954453201014,1,1
2021-01-29,model2,-7.670666334693877,-7.9032574781945115,-0.24990749702062498,-1,-1
2021-02-01,model2,-9.170780416326531,-8.124894957562413,-1.2784766022647531,-1,-1
2021-02-02,model2,-7.717956149659862,-6.245579717127296,-0.42649097376844747,-1,-1
2021-02-03,model2,-5.439449055215419,-4.458002383581897,0.4909297608990446,1,1
2021-02-04,model2,-4.309599327324261,-4.940323861671851,1.6121712059811104,1,1
2021-02-05,model2,-4.289799907879817,-6.902476017429227,1.9819515752018209,1,1
2021-02-08,model2,-2.441053310657595,-6.3591498939712805,1.3054204737642756,1,1
2021-02-09,model2,0.4764285941043096,-3.0530942923058593,-0.38857369690351673,-1,-1
2021-02-10,model2,3.67216359410431,1.2615050543211648,-1.1188643466270238,-1,-1
2021-02-18,model2,5.356188502437643,5.480535361442171,-2.535005398787673,-1,-1
2021-02-19,model2,7.289929454818595,9.566529823355017,-2.152253509531894,-1,-1
2021-02-22,model2,6.205487232596373,12.162168912219188,-3.6800813110863935,-1,-1
2021-02-23,model2,3.4880235659297063,9.90794198953194,-0.4632367439794183,-1,-1
2021-02-24,model2,-2.097441944274375,4.098472202916031,0.2240042764118284,1,1
2021-02-25,model2,-4.136701041496598,-1.1666536018021556,3.225866707495964,1,1
2021-02-26,model2,-6.064423041496597,-4.299131324222034,1.204755722419879,1,1
2021-03-01,model2,-4.197773744444444,-3.4749708913294115,1.0424888641595307,1,1
2021-03-02,model2,-3.8224577111111095,-2.370032653348265,-0.7296222046478125,-1,-1
2021-03-03,model2,-0.9641889111111096,0.6201704409915709,-0.13193429433983583,-1,-1
2021-03-04,model2,-0.7996483555555541,0.8545781726651533,-0.06986717611802695,-1,-1
2021-03-05,model2,-0.5476556388888875,1.2171576891680507,-0.11058679983623065,-1,-1
2021-03-08,model2,-2.550033625283445,-0.25041865619701414,-0.5348016410294929,-1,-1
2021-03-09,model2,-5.1536622697278895,-2.867798936806038,0.013751636164579306,1,1
2021-03-10,model2,-7.33808771972789,-5.852214725280072,0.7999903384740326,1,1
2021-03-11,model2,-4.994886399999999,-4.723110775415574,1.214097369863394,1,1
2021-03-12,model2,-0.6925484765957434,-2.1475281105678583,1.7267552585565396,1,1
2021-03-15,model2,2.521095213200175,0.7343242416921839,0.3317913375358761,1,1
2021-03-16,model2,2.8634883152409913,1.2993519045489381,-0.22263456081593802,-1,-1
2021-03-17,model2,1.6332429251700697,1.598433138658205,-1.5293266241801884,-1,-1
2021-03-18,model2,1.318532602040818,1.6250248725087337,-0.34130205697978067,-1,-1
2021-03-19,model2,-1.6845327666666652,0.5784695115334172,-1.9565100077321667,-1,-1
2021-03-22,model2,-1.9483776999999989,1.2374517451824005,-0.922827166982317,-1,-1
2021-03-23,model2,-2.0653783944444433,1.2704747652633073,-0.15002371452535113,-1,-1
2021-03-24,model2,-1.1643810529478444,0.41709710988525267,1.7543749968746534,1,1
2021-03-25,model2,-1.7899690447845789,-1.6034540288311032,1.3949631468796215,1,1
2021-03-26,model2,-1.2266832114512456,-1.226600490493911,0.186432294996141,1,1
2021-03-29,model2,0.7192281137188221,0.20845941669511778,0.5108514179810391,1,1
2021-03-30,model2,3.5604560388888906,1.2107583073344432,1.838929034530743,1,1
2021-03-31,model2,3.7942492503401373,0.5219619700528756,0.9225895487328143,1,1
2021-04-01,model2,3.6276690136054435,0.3454016782568094,0.009980055061372395,1,1
2021-04-02,model2,2.416835219279202,0.07248872051238107,-0.937920836581813,-1,-1
2021-04-06,model2,1.4498487487840273,0.5162726303531926,-1.4107703803359866,-1,-1
2021-04-07,model2,0.10953711613096624,0.7505729954196445,-1.574611997719513,-1,-1
2021-04-08,model2,-0.6048166589872369,0.7391297467238624,-0.7029105264224211,-1,-1
2021-04-09,model2,-1.8654764554988648,0.1406000689140076,-0.6621301187017729,-1,-1
2021-04-12,model2,-4.426548023148147,-1.3834668343035776,-1.037004664431697,-1,-1
2021-04-13,model2,-7.316657587037035,-3.4203724595284974,-0.8532039386639685,-1,-1
2021-04-14,model2,-6.316707031481481,-3.1940911069374613,0.7736692029645185,1,1
2021-04-15,model2,-4.866370466666665,-1.9395609025178686,0.1958063603952227,1,1
2021-04-16,model2,-2.3150009863945566,1.1477954354229245,-0.5359868576686848,-1,-1
2021-04-19,model2,-0.3485864994331053,3.3465548181260054,-0.23234489574162942,-1,-1
2021-04-20,model2,1.74743350612245,4.350558241799824,1.0920165818817367,1,1
2021-04-21,model2,1.7363695605442189,3.733160388330814,0.606333907890779,1,1
2021-04-22,model2,-1.0608603986394547,1.476291427878592,-0.5403609987314515,-1,-1
2021-04-23,model2,-3.5103887435669905,-1.0831338139757503,0.10989689692680615,1,1
2021-04-26,model2,-7.44268145048309,-3.5149768634497263,-1.500449657442124,-1,-1
2021-04-27,model2,-10.114449110347037,-5.4075234593116965,-0.7792210640019763,-1,-1
2021-04-28,model2,-10.567035496031744,-4.968287024133633,-0.891822820862771,-1,-1
2021-04-29,model2,-5.512900748299319,-3.1775278136822105,3.263375537281003,1,1
2021-04-30,model2,-1.296846833116224,-1.6990031591212038,2.737529260622088,1,1
2021-05-06,model2,0.6655547315096265,-0.8325175122187757,1.0959159177234223,1,1
2021-05-07,model2,-1.7242616630481968,-0.7634944840070338,-2.4588394227695654,-1,-1
2021-05-10,model2,-3.8496781183673456,-0.7298075575591468,-2.1591033817670358,-1,-1
2021-05-11,model2,-3.7019671523809516,-0.5992955779611592,0.017198986388406334,1,1
2021-05-12,model2,-1.8068484916666658,0.24419700861631113,1.0516260741368155,1,1
2021-05-13,model2,-0.7860199873188393,0.4753037897924118,0.7897217231717258,1,1
2021-05-14,model2,0.5969464126811608,1.259578158737269,0.5986920310551427,1,1
2021-05-17,model2,1.1434695710144942,1.1418352770677644,0.664266040002838,1,1
2021-05-18,model2,2.2676972666666684,1.9342037941956356,0.331859178524303,1,1
2021-05-19,model2,0.9743190333333348,0.9388894030330818,-0.29806384217077986,-1,-1
2021-05-20,model2,0.1001507361111126,-0.45184657348820095,0.5165676792990606,1,1
2021-05-21,model2,-1.3660401972222207,-2.229179162736964,0.31114165591542986,1,1
2021-05-24,model2,-1.8282651046296283,-2.514108939995463,-0.17729513014890874,-1,-1
2021-05-25,model2,-0.8272590074074061,-0.9072645209369034,-0.6058383218363375,-1,-1
2021-05-26,model2,1.4442246635145797,1.269902073608684,0.09431707637639875,1,1
2021-05-27,model2,3.1862894468085123,2.990598284893251,0.021368572009365483,1,1
2021-05-28,model2,1.8420188753799407,2.7164011665906656,-1.0700734531259861,-1,-1
2021-05-31,model2,0.22133370241713854,2.0545294195159167,-0.9588134258880534,-1,-1
2021-06-01,model2,-1.6944759401360532,1.1387416216351516,-1.0000218446724265,-1,-1
2021-06-02,model2,-3.5255423687074816,-0.05538372372994275,-0.636941083206334,-1,-1
2021-06-03,model2,-4.874175044444443,-1.1704828286112192,-0.23353357085568494,-1,-1
2021-06-04,model2,-4.533319166666666,-2.1534265213103674,1.3237995704769252,1,1
2021-06-07,model2,-2.7424736702127643,-1.8625219628697505,1.4999409380132847,1,1
2021-06-08,model2,-1.3423469294720238,-1.1082621595679052,0.6458669374388952,1,1
2021-06-09,model2,-0.8586066516942462,-0.6350496802725595,0.010527798482431905,1,1
2021-06-10,model2,-1.0946534675925914,-0.18973910214029535,-0.6813573940306094,-1,-1
2021-06-11,model2,-2.291546633454105,-0.6884425652955978,-0.6981897027062112,-1,-1
2021-06-15,model2,-4.891721216787438,-2.07761438931719,-1.2110027593117407,-1,-1
2021-06-16,model2,-6.27114074768313,-3.9610670962844456,0.5040331760715642,1,1
2021-06-17,model2,-7.039227137377171,-4.339927117282053,-0.38922636869643457,-1,-1
2021-06-18,model2,-6.155273180521379,-3.09039742114067,-0.36557573928559073,-1,-1
2021-06-21,model2,-6.009774135736799,-1.418688002953827,-1.5262103734022627,-1,-1
2021-06-22,model2,-3.5604838977541355,0.19253254944474607,0.8380696855840903,1,1
2021-06-23,model2,-0.39308716016548334,1.5194923800860785,1.8404369069473197,1,1
2021-06-24,model2,1.714595815602838,1.892584534144392,1.7345908217100077,1,1
2021-06-25,model2,3.646455762049502,1.8377405257765522,1.986703954814504,1,1
2021-06-28,model2,2.3016684287161686,1.0677680592126995,-0.5748148667694808,-1,-1
2021-06-29,model2,1.0925569523809537,0.10124282168904664,-0.24258623881156205,-1,-1
2021-06-30,model2,-0.761368871339839,-1.1100566038700779,-0.6426263981616682,-1,-1
2021-07-01,model2,-0.4949169989994135,-2.3572581210155854,1.513653389485933,1,1
2021-07-02,model2,-0.5119383595436311,-3.2160439343316436,0.8417644527718406,1,1
2021-07-05,model2,-1.7493858609929065,-3.4474975678591484,-1.0059938679217706,-1,-1
2021-07-06,model2,-1.8918524567375872,-3.093920973088697,-0.4960431905151321,-1,-1
2021-07-07,model2,-1.3558280595744667,-1.6834084819225932,-0.8744880940029833,-1,-1
2021-07-08,model2,-0.8575081929078,-1.5667834517688017,0.3816948365128753,1,1
2021-07-09,model2,-2.0763622102442856,-1.1438984266228307,-1.6417390424824565,-1,-1
2021-07-12,model2,-2.277866962017335,-0.13542514485264126,-1.2099780335432389,-1,-1
2021-07-13,model2,-1.6396525397951127,1.7672766019840243,-1.2644873246144432,-1,-1
2021-07-14,model2,-1.3328552657210386,2.28219031297407,-0.20811643691597181,-1,-1
2021-07-15,model2,-0.6760532104308375,1.6409483407325205,1.2980440275317506,1,1
2021-07-16,model2,-1.1742539787523505,0.057767631989448974,1.0849799404215585,1,1
2021-07-19,model2,-0.512218373196795,-1.3026373102458644,2.0224405477908687,1,1
2021-07-20,model2,-1.0293892228132373,-2.452651178522735,0.6328430186604285,1,1
2021-07-21,model2,-0.7769430916799328,-2.671112005514289,0.4709069581248583,1,1
2021-07-22,model2,0.42515043609784503,-1.2979030295692715,-0.17111544816723967,-1,-1
2021-07-23,model2,1.682671625850342,-0.5528399980808142,0.5124581582640396,1,1
2021-07-26,model2,0.705922507482995,-1.8480457490169544,0.3184566325687931,1,1
2021-07-27,model2,-3.109856092517005,-5.5199507558115455,-0.1438735932054085,-1,-1
2021-07-28,model2,-6.760101330612244,-8.687709088620531,-0.48248690528625326,-1,-1
2021-07-29,model2,-6.431973520683165,-7.807027494268798,-0.5525537844226545,-1,-1
2021-07-30,model2,-4.102590531794276,-4.945095741335741,-0.5325487640441686,-1,-1
2021-08-02,model2,-0.6950086678486986,-0.7858567419272807,-0.7516571354628825,-1,-1
2021-08-03,model2,1.8269467888888904,1.2125120719048204,0.5235866429054883,1,1
2021-08-04,model2,2.885865052777779,2.274516830047802,-0.0030864942540929086,-1,-1
2021-08-05,model2,2.4507986556146584,1.6831040143128122,0.15634641857186904,1,1
2021-08-06,model2,0.4395401861702138,0.21687006378480497,-0.5450245189164371,-1,-1
2021-08-09,model2,0.2838983333924361,0.2822602279450362,-0.22103201693800892,-1,-1
2021-08-10,model2,1.6924514539598121,1.3573744220455095,0.33343892646690265,1,1
2021-08-11,model2,3.4457387929078025,2.8264430565759606,0.28421870441753927,1,1
2021-08-12,model2,2.1157537929078027,2.6882901492809155,-1.1918320927049546,-1,-1
2021-08-13,model2,-0.49189479444203094,1.4362567471708785,-1.3556151852397968,-1,-1
2021-08-16,model2,-2.391876091723355,0.49798005903620357,-0.9617046091466492,-1,-1
2021-08-17,model2,-3.4854225087446316,-1.329395013308729,0.7338286553236559,1,1
2021-08-18,model2,-3.3205490447990536,-2.026886044879405,0.8623644955162539,1,1
2021-08-19,model2,-3.9427468170212756,-2.8048590329418475,0.15577521584022058,1,1
2021-08-20,model2,-4.729509449999999,-2.8778709997596725,-0.7137506661608986,-1,-1
2021-08-23,model2,-4.854133744444443,-1.8380403820281728,-1.1644549121759435,-1,-1
2021-08-24,model2,-3.1973049586288407,-0.27981556760736853,0.09860397139479815,1,1
2021-08-25,model2,-0.3572999586288402,2.1947847024552645,0.3654047299373677,1,1
2021-08-26,model2,-0.2892757225177294,2.695211970730131,-0.4324030321637557,-1,-1
2021-08-27,model2,-1.2222385416666655,2.3487464055025034,-0.5864972539213085,-1,-1
2021-08-30,model2,-1.9516247066326518,1.4425141886274664,0.17684605190905067,1,1
2021-08-31,model2,-0.8338751816326518,1.1064050166461072,1.453858696981359,1,1
2021-09-01,model2,0.5105569183673483,1.2837966251765078,1.1670404914695995,1,1
2021-09-02,model2,2.3504142000000012,2.2687711884037025,0.8548827184054584,1,1
2021-09-03,model2,4.475017466666668,3.0033095945662502,1.3900648605041193,1,1
2021-09-06,model2,6.346448753191491,4.428652483756253,0.44608839733481975,1,1
2021-09-07,model2,7.611179886524824,5.762967222959916,-0.06958360587032963,-1,-1
2021-09-08,model2,6.335390574468087,7.034850444253443,-2.547672533350265,-1,-1
2021-09-09,model2,3.406085708351427,7.352132503069394,-3.2465869249326107,-1,-1
2021-09-10,model2,1.4897715790997264,5.28609547269662,0.14972290112107367,1,1
2021-09-13,model2,0.8396074829931984,3.1978729284937035,1.4380584480963887,1,1
2021-09-14,model2,0.1465583292517021,0.010599996501547674,2.4942237782506598,1,1
2021-09-15,model2,-2.558004408163264,-1.18654782030286,-1.5074149206105583,-1,-1
2021-09-16,model2,-7.021288761904761,-3.243747745319902,-2.406084428724454,-1,-1
2021-09-17,model2,-8.601318406349206,-4.2094957182878705,-0.6142816714764767,-1,-1
2021-09-22,model2,-8.812080975056688,-4.928922689210144,0.5086644022147917,1,1
2021-09-23,model2,-5.241679614512471,-3.173432689182207,1.8149113605162799,1,1
2021-09-24,model2,-3.796235238095237,-1.9769759953600754,0.24898768259510207,1,1
2021-09-27,model2,-2.635065170068026,-2.019078529292063,1.2032726019591988,1,1
2021-09-28,model2,-1.3776597687074819,-3.19973169869097,2.438058570759451,1,1
2021-09-29,model2,0.3839310993197292,-5.123155620992808,3.685014790329049,1,1
2021-09-30,model2,1.6963910638888902,-4.522666546021104,0.711970889597457,1,1
2021-10-08,model2,2.010850797222224,-3.081081733800032,-1.1271250788877383,-1,-1
2021-10-11,model2,1.9224632638888906,-0.08834463130872579,-3.081124635824639,-1,-1
2021-10-12,model2,1.422012933333335,0.18243430035240257,-0.7712292622166841,-1,-1
2021-10-13,model2,-0.31396179319727757,-0.745509939464298,-0.8080304867139119,-1,-1
2021-10-14,model2,-2.2872503376417224,-1.8311418972862388,-0.8876565866225041,-1,-1
2021-10-15,model2,-1.9674339654194999,-2.4359279661672284,0.9246024411032121,1,1
2021-10-18,model2,-2.1226766666666657,-1.98160800286133,-0.6095626645530641,-1,-1
2021-10-19,model2,-0.3589705555555543,-0.6402000906246713,0.4222981988744525,1,1
2021-10-20,model2,-0.8723742228132375,0.6651395712110776,-1.818743329093432,-1,-1
2021-10-21,model2,-0.5996857505910154,0.21345010790517893,0.7243779355281208,1,1
2021-10-22,model2,-0.8209771281420357,-1.5358539516999006,1.5280126820540592,1,1
2021-10-25,model2,-0.017719681333525084,-2.240879462411192,1.508282957519802,1,1
2021-10-26,model2,0.33671311911998963,-2.703545725961328,0.8170990640036506,1,1
2021-10-27,model2,-1.4616115540536274,-3.815470728660383,-0.6863996704745621,-1,-1
2021-10-28,model2,-4.936341905826677,-5.735207700317083,-1.5549933801163496,-1,-1
2021-10-29,model2,-6.25468748405797,-5.412389387868875,-1.6411638906795014,-1,-1
2021-11-01,model2,-4.896571518367346,-3.2861504213360555,-0.7681230008421953,-1,-1
2021-11-02,model2,-2.505362385034012,-1.2845703993066944,0.38962911130397293,1,1
2021-11-03,model2,-2.207291321204225,0.09448495062925326,-1.0809842861061607,-1,-1
2021-11-04,model2,-2.620926831408307,1.4431582597660506,-1.7623088193408791,-1,-1
2021-11-05,model2,-2.8281010591860842,2.1192251853242063,-0.883241153335933,-1,-1
2021-11-08,model2,-1.7517700489417976,1.5683546066656258,1.6272015889028673,1,1
2021-11-09,model2,-1.1920993148148133,0.5162546137277726,1.6117707270648374,1,1
2021-11-10,model2,-1.3281116759259246,0.407617211209689,-0.027374958593027687,-1,-1
2021-11-11,model2,-0.5801900166666655,0.8632513496232074,0.2922875208457408,1,1
2021-11-12,model2,-0.370847553514738,1.0097224134501477,0.06287139932498714,1,1
2021-11-15,model2,0.8026534881519288,1.5095493786049072,0.6736740765119074,1,1
2021-11-16,model2,-0.699041309011192,0.7066686192913125,-0.6988140378495262,-1,-1
2021-11-17,model2,-2.5073116284433126,0.32115437792079227,-1.4227560780616004,-1,-1
2021-11-18,model2,-6.072099478500001,-0.8550294810510922,-2.3886039910848043,-1,-1
2021-11-19,model2,-5.1122713480035475,0.03272317804117245,0.0720754714041889,1,1
2021-11-22,model2,-3.33590639727891,1.0357374587564314,0.7733506700093788,1,1
2021-11-23,model2,0.5541036840579724,2.7302705966167857,2.195476943476528,1,1
2021-11-24,model2,1.0937028585260575,2.73037090959358,0.5394988614912907,1,1
2021-11-25,model2,0.6827729211110918,1.5705346188530565,0.748906353325558,1,1
2021-11-26,model2,-2.678355074057991,-0.22656592691364116,-1.5640274494023854,-1,-1
2021-11-29,model2,-7.504650412414964,-2.3595643112970768,-2.693296953973537,-1,-1
2021-11-30,model2,-10.923533179347826,-2.9589691628774157,-2.819477915352523,-1,-1
2021-12-01,model2,-7.377689201570046,-1.9851900110396123,2.572064825939977,1,1
2021-12-02,model2,-2.567714430588959,-0.9464721813339315,3.7712569412754067,1,1
2021-12-03,model2,2.9403483276595765,0.17176105094858066,4.389829525966023,1,1
2021-12-06,model2,4.450634576639168,-0.3760636477919579,2.0581109477201305,1,1
2021-12-07,model2,7.314362036213637,-0.3757240116337659,2.863387823416276,1,1
2021-12-08,model2,8.382037487074832,-0.001127647221987882,0.6930790864494178,1,1
2021-12-09,model2,11.036161038095239,1.4101520069965463,1.2428438968018722,1,1
2021-12-10,model2,9.56584742857143,2.2262689583995,-2.286430560926762,-1,-1
2021-12-13,model2,7.76673545436508,1.7765066050322107,-1.349349620839061,-1,-1
2021-12-14,model2,2.8297715376984143,0.4868095504450305,-3.647266862079486,-1,-1
2021-12-15,model2,-0.94515713504728,-0.6728971679070761,-2.6152219543935877,-1,-1
2021-12-16,model2,-1.566586793493992,-0.7476173554997692,-0.546709470854019,-1,-1
2021-12-17,model2,-1.8392187379384366,-0.8243794843253661,-0.19586981561884753,-1,-1
2021-12-20,model2,-1.1617648951247153,-0.8543886232065367,0.707462981694892,1,1
2021-12-21,model2,-1.6695180839002255,-0.3206028462326828,-1.041538965749364,-1,-1
2021-12-22,model2,-1.4585574064625837,0.4687296935560195,-0.5783718623510605,-1,-1
2021-12-23,model2,0.054403681972790295,1.5093254021170395,0.4723653798743539,1,1
2021-12-24,model2,0.8429805702706626,0.386145854185977,1.9117564362289348,1,1
2021-12-27,model2,0.9145077131278055,-0.2620268029756812,0.7196998000188011,1,1
2021-12-28,model2,1.2279023474815471,-0.619506382390158,0.6708742137682184,1,1
2021-12-29,model2,0.01115129251700823,-0.9892730224412363,-0.8469844149134605,-1,-1
2021-12-30,model2,-0.14471757575757435,-0.6965421789761906,-0.4485997117396282,-1,-1
2021-12-31,model2,-0.9688918222114751,0.3608346194959513,-1.8815510449260424,-1,-1
2022-01-04,model2,0.2630565111218583,2.4754622949696405,-0.8826793421403556,-1,-1
2022-01-05,model2,1.174485286879434,2.3568592475457533,1.030031823181463,1,1
2022-01-06,model2,0.7194601370748313,1.1421728685502,0.7596612291909506,1,1
2022-01-07,model2,-0.4212059795918355,-1.2375840360367227,1.239090787920256,1,1
2022-01-10,model2,-1.151206295238094,-1.742493854026369,-0.22509049765661215,-1,-1
2022-01-11,model2,-1.852542243182489,-2.290931305199592,-0.15289849677117218,-1,-1
2022-01-12,model2,-1.0118937030464346,-1.2663438774853788,-0.18393888757815868,-1,-1
2022-01-13,model2,-0.735109349304938,-1.5008924809941508,0.5113329572502686,1,1
2022-01-14,model2,-1.7256829251700667,-1.9641403387314427,-0.5273257181278369,-1,-1
2022-01-17,model2,-4.1914465986394545,-2.8225696987106716,-1.6073343134901588,-1,-1
2022-01-18,model2,-3.808238370068026,-2.12471287954682,-0.314648590592423,-1,-1
2022-01-19,model2,-0.930327158333332,-0.971304269445462,1.7245026016333358,1,1
2022-01-20,model2,2.584953050000001,-0.6368937279867609,3.180869666874632,1,1
2022-01-21,model2,2.2700136258865258,-2.482312301405545,1.5304791493053087,1,1
2022-01-24,model2,1.2974116267730509,-4.2023862551585,0.7474719546394806,1,1
2022-01-25,model2,-3.35999143870314,-7.343874531135259,-1.5159147894994325,-1,-1
2022-01-26,model2,-4.454172703478553,-7.065782915722213,-1.3722728801884592,-1,-1
2022-01-27,model2,-6.061267546031746,-7.8470900081043675,-0.8257877501710382,-1,-1
2022-01-28,model2,-5.390187546031744,-5.994674686541491,-1.1813353215628748,-1,-1
2022-02-07,model2,-4.48796619047619,-4.507177598746578,-0.5852757322393582,-1,-1
2022-02-08,model2,-2.202767523809523,-0.9921081902801937,-1.2298707417997177,-1,-1
2022-02-09,model2,0.7810250666666679,3.619303941756273,-1.6276195415602759,-1,-1
2022-02-10,model2,1.8505008666666678,7.144645156832769,-2.455865415076496,-1,-1
2022-02-11,model2,1.5043814353741507,6.2377463933361375,0.5607793322041141,1,1
2022-02-14,model2,0.6523641325963732,2.2817465960842918,3.103982494474068,1,1
2022-02-15,model2,-1.0597281136621302,-1.9812938385187246,2.5509481883445133,1,1
2022-02-16,model2,-1.0231655768140575,-1.9397187350760836,-0.005012566594568391,-1,-1
2022-02-17,model2,-0.7195994566449756,-1.2069301177614398,-0.42922249714556193,-1,-1
2022-02-18,model2,0.6379347896135279,0.2360438496255147,-0.08543972112845077,-1,-1
2022-02-21,model2,0.5882243729468611,1.196366995276562,-1.0100335623177141,-1,-1
2022-02-22,model2,-0.3252303777777765,1.1900811722878626,-0.9071689277359382,-1,-1
2022-02-23,model2,-1.5688205055555544,0.645160569016767,-0.6986695245066823,-1,-1
2022-02-24,model2,-3.5578945277777763,-1.1068032574339755,-0.2371101957714794,-1,-1
2022-02-25,model2,-5.914073930614656,-1.4235533104726183,-2.0394293497982368,-1,-1
2022-02-28,model2,-8.062486144333477,-1.5686472872752188,-2.00331823691622,-1,-1
2022-03-01,model2,-5.0822379157620485,-0.32686699245859324,1.7384679337548024,1,1
2022-03-02,model2,-1.4494463708961838,1.1005541762827622,2.205370376124509,1,1
2022-03-03,model2,1.7984375706004148,2.224099022840241,2.1243390949391197,1,1
2022-03-04,model2,-0.14615685116829255,1.0219532583713955,-0.7424486572998616,-1,-1
2022-03-07,model2,-3.6834803931972786,-2.4471231565130585,-0.06824712714453174,-1,-1
2022-03-08,model2,-9.42837297414966,-8.730219420155544,0.5382036826901047,1,1
2022-03-09,model2,-15.363485047619049,-15.225167304542111,0.5598358109171784,1,1
2022-03-10,model2,-17.01238869761905,-14.275080368167446,-2.598990586374665,-1,-1
2022-03-11,model2,-12.527275622222222,-8.783746648621229,-1.0062206441493906,-1,-1
2022-03-14,model2,-7.820430827664399,-2.504307293782519,-1.572594560280887,-1,-1
2022-03-15,model2,-6.565024244331066,-3.0996551387305438,1.8507544282813582,1,1
2022-03-16,model2,-5.904332272108843,-3.2680991785692903,0.8291360120609692,1,1
2022-03-17,model2,-2.7627513333333327,-1.151436668488645,1.0249184286948654,1,1
2022-03-18,model2,2.0785933333333335,2.7327972711350106,0.9571107270430108,1,1
2022-03-21,model2,2.3917154965986396,4.6292479372782935,-1.5833285028779769,-1,-1
2022-03-22,model2,2.0226764625850344,5.1271937727727614,-0.8669848695080731,-1,-1
2022-03-23,model2,0.9756867462729774,4.452447235409478,-0.3722431789487737,-1,-1
2022-03-24,model2,0.2855412641670916,1.733944365819409,2.0283573874841836,1,1
2022-03-25,model2,-2.8312979875335884,-1.7677165380136997,0.3848216521324286,1,1
2022-03-28,model2,-4.952047404554865,-3.71826407166296,-0.1702018833720158,-1,-1
2022-03-29,model2,-7.375432874829932,-4.8558651340568,-1.2857844078812275,-1,-1
2022-03-30,model2,-4.266305255782313,-2.386977955815999,0.6402404408068185,1,1
2022-03-31,model2,-1.8333100113378684,-0.7792924878981848,0.82530977652663,1,1
2022-04-01,model2,2.058790532879818,1.7753308452671719,1.3374772110523296,1,1
2022-04-06,model2,3.2311462967687077,2.6209353144805543,0.3267512946755071,1,1
2022-04-07,model2,1.6934756958616781,0.6806901593974116,0.4025745541761132,1,1
2022-04-08,model2,-0.6827257259070295,-2.3240835438894734,0.6285722815181773,1,1
2022-04-11,model2,-5.5595790897959185,-7.301699170444775,0.10076226266641264,1,1
2022-04-12,model2,-4.582146961111111,-6.124576583172608,-0.19969045858735957,-1,-1
2022-04-13,model2,-3.4629110722222225,-4.373241455620718,-0.6320992386630011,-1,-1
2022-04-14,model2,0.2801376871980677,-0.6553208048914865,0.025128108691058415,1,1
2022-04-15,model2,1.2837499802819679,-0.385844040494681,0.7341355286870948,1,1
2022-04-18,model2,1.0781301580597458,0.046018540969665754,-0.6374824036865688,-1,-1
2022-04-19,model2,-0.8209170013605442,0.07356143617675565,-1.92659005462738,-1,-1
2022-04-20,model2,-4.389725572789115,-0.8537066886626065,-2.6415404465892087,-1,-1
2022-04-21,model2,-8.81796210612245,-3.2316767596817684,-2.050266462314172,-1,-1
2022-04-22,model2,-9.779191039455782,-6.115634096136581,1.9227284031214804,1,1
2022-04-25,model2,-11.270814666666666,-10.664049124625734,3.056791401278268,1,1
2022-04-26,model2,-8.944673662585034,-15.107227405834285,6.769319285290184,1,1
2022-04-27,model2,-6.283258595918366,-12.565078847987373,0.11926650881975487,1,1
2022-04-28,model2,-1.424718995918367,-7.135530090969202,-0.571009157018171,-1,-1
2022-04-29,model2,3.0394485777777778,1.1106685502618736,-3.7820310675349305,-1,-1
2022-05-05,model2,5.495402458049887,3.658156115646348,-0.09153368511236515,-1,-1
2022-05-06,model2,3.988333858049886,4.0753301940032305,-1.9242426783568836,-1,-1
2022-05-09,model2,0.5298716136054417,3.5497540095319366,-2.9328860599731508,-1,-1
2022-05-10,model2,-3.045784440816327,2.715862851621342,-2.7417648965111736,-1,-1
2022-05-11,model2,-2.094838616326531,3.489221715483406,0.17758696062773183,1,1
2022-05-12,model2,-0.9977518801563181,4.103881495836693,0.48242695581692585,1,1
2022-05-13,model2,0.7570901606600086,4.429176035793216,1.4295475008598033,1,1
2022-05-16,model2,0.5500760790273554,4.068747466692343,0.15341448746822062,1,1
2022-05-17,model2,1.5668570068027208,3.1620917920336495,1.9234366024340583,1,1
2022-05-18,model2,0.6866084651360542,1.4496931139689682,0.8321501363980148,1,1
2022-05-19,model2,-0.2126733999433109,0.6440663562733201,-0.09365510738371707,-1,-1
2022-05-20,model2,0.05671279053287955,1.9151746508218566,-1.001722104072346,-1,-1
2022-05-23,model2,0.3322890192743762,3.870953270555074,-1.6802023909917208,-1,-1
2022-05-24,model2,0.4017304081632651,3.0831422354558295,0.8572524239881334,1,1
2022-05-25,model2,-0.6196733545918369,1.4054261060645825,0.656312366636145,1,1
2022-05-26,model2,-1.2452630984042556,0.22334853433741722,0.5564878279147465,1,1
2022-05-27,model2,-0.1906973345153666,1.1612256251786894,0.11668867304761676,1,1
2022-05-30,model2,0.9093476527295313,1.9467598918783822,0.3145107205452051,1,1
2022-05-31,model2,3.1764733205782316,2.9203323947495234,1.2935531649775591,1,1
2022-06-01,model2,3.1013060600907028,3.9523833218549735,-1.107218187592979,-1,-1
2022-06-02,model2,2.175464336734694,4.7725450872935165,-1.7460034887945515,-1,-1
2022-06-06,model2,0.990464910020746,6.0372718399617975,-2.449726179382229,-1,-1
2022-06-07,model2,2.095928508068661,6.275066734312297,0.8676687036974156,1,1
2022-06-08,model2,3.8902582007400555,5.478840937531686,2.5905554894520053,1,1
2022-06-09,model2,4.040316308009559,1.6896442938230456,3.939254750978144,1,1
2022-06-10,model2,4.977931406560284,1.0603501173096286,1.566909275064142,1,1
2022-06-13,model2,3.2172041855442184,0.5547601283779499,-1.2551372320843868,-1,-1
2022-06-14,model2,2.8128019633219963,1.6728292456249034,-1.5224713394691758,-1,-1
2022-06-15,model2,1.3201959633219955,1.4458074924385969,-1.2655842468136942,-1,-1
2022-06-16,model2,1.1682766027777778,1.5192095358328352,-0.22532140393845612,-1,-1
2022-06-17,model2,1.1873796539007093,1.6432565471990301,-0.10494396024326336,-1,-1
2022-06-20,model2,1.7292620000000003,1.938064168851355,0.2470747244469662,1,1
2022-06-21,model2,2.0336317021276598,0.9946830564005412,1.247750814578473,1,1
2022-06-22,model2,0.35546851353307307,-1.7598212905242587,1.0763411583302132,1,1
2022-06-23,model2,-0.8868300665798232,-2.3487164558416826,-0.6534034147954724,-1,-1
2022-06-24,model2,-0.794737482993197,-0.9810459069815404,-1.275577965273516,-1,-1
2022-06-27,model2,1.8069108829063543,1.6865462588297992,-0.06594379991178823,-1,-1
2022-06-28,model2,4.166123903031071,3.3144454387236486,0.7313138402308672,1,1
2022-06-29,model2,3.690088732963044,2.638795884138725,0.1996143845168965,1,1
2022-06-30,model2,2.7818516156462585,2.296951446062309,-0.5663926792403693,-1,-1
2022-07-01,model2,0.6762495160599702,0.0688727319102751,0.12247661456574521,1,1
2022-07-04,model2,0.9730074143026005,-0.03616811030957179,0.4017987404624772,1,1
2022-07-05,model2,-0.015072337681526346,-0.6174186299209161,-0.40682923237278257,-1,-1
2022-07-06,model2,-1.9479772908730155,-1.8252906543947827,-0.7250329287176227,-1,-1
2022-07-07,model2,-4.673477058385092,-3.3090602756357304,-1.2417301462711294,-1,-1
2022-07-08,model2,-5.572443903623188,-4.129889151701281,-0.07813796917254434,-1,-1
2022-07-11,model2,-6.44646320430346,-4.6170131959725085,-0.3868952564090451,-1,-1
2022-07-12,model2,-5.861543035714287,-5.7972974804018,1.7652044530184643,1,1
2022-07-13,model2,-5.864593363728471,-5.643699464318863,-0.15664834409712025,-1,-1
2022-07-14,model2,-5.428430596381531,-4.129934556879703,-1.077602140092221,-1,-1
2022-07-15,model2,-7.504301344680852,-3.0978771462629844,-3.107928158916039,-1,-1
2022-07-18,model2,-6.2389716,-1.5350188976835188,-0.29752850389861396,-1,-1
2022-07-19,model2,-4.187374472222223,0.16901975642642256,0.34755847366783543,1,1
2022-07-20,model2,-0.06435475591016598,3.3040855371481794,0.9879539355903,1,1
2022-07-21,model2,-1.2364651559101663,3.4239938981791074,-1.2920187610309282,-1,-1
2022-07-22,model2,-1.8253239059101662,1.5038335679080035,1.331301580271104,1,1
2022-07-25,model2,-2.9233984521541956,-1.9619178810261222,2.3676769026900963,1,1
2022-07-26,model2,-1.2162471910430845,-2.4849564323971864,2.230189812482175,1,1
2022-07-27,model2,-0.5890261592970527,-1.2990562194269266,-0.558679181224228,-1,-1
2022-07-28,model2,0.5009926289682535,1.3431534501532314,-1.5521908813148517,-1,-1
2022-07-29,model2,-1.3038446130952386,0.8887268505619547,-1.350410642472215,-1,-1
2022-08-01,model2,-3.541117589285715,0.23067434678236745,-1.5792204724108896,-1,-1
2022-08-02,model2,-8.748411280952382,-2.673710574001229,-2.3029087708830707,-1,-1
2022-08-03,model2,-12.945743033333335,-5.780795776479863,-1.0902465499023184,-1,-1
2022-08-04,model2,-11.913263390476189,-5.969332730706995,1.2210165970842777,1,1
2022-08-05,model2,-5.760474065306123,-2.679234088622284,2.862690683085355,1,1
2022-08-08,model2,1.153724850635907,2.362112735377074,1.8728520919426712,1,1
2022-08-09,model2,2.927272846667653,3.983843661912162,0.15181706949665807,1,1
2022-08-10,model2,0.6312111271713435,3.395426291435116,-1.7076443490192634,-1,-1
2022-08-11,model2,-0.32836032210401894,3.519729530102216,-1.0838746879424621,-1,-1
2022-08-12,model2,0.4172706614560718,3.5501629079787844,0.7151976056835221,1,1
2022-08-15,model2,1.8450997278911565,3.3040344840706948,1.6739574903431744,1,1
2022-08-16,model2,0.6662883945578232,1.8603828031590137,0.2648403475783476,1,1
2022-08-17,model2,0.3671714054421769,1.4883851805672104,0.07288063347615709,1,1
2022-08-18,model2,-0.15168662176870742,0.6786956450588888,0.2908315082974372,1,1
2022-08-19,model2,-0.7150557745464853,-1.2942592877946126,1.4095857800757234,1,1
2022-08-22,model2,-1.9187395178088966,-2.261296580140782,-0.23664645091624226,-1,-1
2022-08-23,model2,-2.7653599571513006,-1.9545345834374093,-1.1533824360457765,-1,-1
2022-08-24,model2,-4.4996918321513,-2.1223610802653377,-1.5665053781720713,-1,-1
2022-08-25,model2,-3.8670874222222227,-3.03422864532142,1.5444719749851599,1,1
2022-08-26,model2,-2.7540454944444446,-3.834365344512296,1.9131786269686542,1,1
2022-08-29,model2,-0.6360568833333335,-2.825437910422975,1.1090611770217902,1,1
2022-08-30,model2,-1.6321403712765958,-1.6884942812480892,-2.1330271171181483,-1,-1
2022-08-31,model2,-1.1984043046099293,-1.4810671427143227,0.22630892813290004,1,1
2022-09-01,model2,-0.5907002825010857,-2.3401768927443674,1.466813772138888,1,1
2022-09-02,model2,-1.6789281223356014,-3.248941051142347,-0.1794636814365358,-1,-1
2022-09-05,model2,-3.102380031179139,-2.49384452382324,-2.178548436162645,-1,-1
2022-09-06,model2,-2.173688844954649,0.2638149676607953,-1.8289683052595458,-1,-1
2022-09-07,model2,-0.7683169090136056,1.851693064279153,-0.18250616067731418,-1,-1
2022-09-08,model2,-0.5473759112811791,1.9496332501714475,0.1230008118401319,1,1
2022-09-09,model2,0.20811743038548736,1.685190879131503,1.019935712706611,1,1
2022-09-13,model2,2.3805493555555555,1.03751080072742,2.8201120035741507,1,1
2022-09-14,model2,3.441127202777777,-0.14323841182315222,2.241327059772794,1,1
2022-09-15,model2,0.9431764844104306,-3.5602871078265537,0.919097977636055,1,1
2022-09-16,model2,-3.6005814489229024,-8.440236623430968,0.3361915822710815,1,1
2022-09-19,model2,-7.809469573922901,-13.264148120972907,0.6150233725419403,1,1
2022-09-20,model2,-9.318408213378683,-12.05939770834764,-2.7136890520810484,-1,-1
2022-09-21,model2,-9.33831963465528,-7.544472826543154,-4.534836303081083,-1,-1
2022-09-22,model2,-7.051219405186681,-2.154637083459375,-3.1027355136151806,-1,-1
2022-09-23,model2,-6.13222775516497,-2.3291463638970282,1.0935009304593644,1,1
2022-09-26,model2,-5.392160600555042,-4.6889076637412135,3.0998284544541135,1,1
2022-09-27,model2,-3.421294441134752,-3.985016590471264,1.2669750861503406,1,1
2022-09-28,model2,-2.3729106000000004,-3.0754719829726795,0.1388392336361668,1,1
2022-09-29,model2,-1.601072570068027,-1.2527303330816226,-1.0509036199590835,-1,-1
2022-09-30,model2,-2.204166413605442,-2.356187089692656,0.500362913073618,1,1
2022-10-10,model2,-3.4100186663832197,-4.11761810859836,0.5555787661279266,1,1
2022-10-11,model2,-4.847495866685563,-4.574068752869139,-0.9810265560315639,-1,-1
2022-10-12,model2,-4.362078489814815,-2.3520054946193665,-1.7366458813790246,-1,-1
2022-10-13,model2,-3.122308142592592,1.112230029214652,-2.2244651766117953,-1,-1
2022-10-14,model2,0.3571180373015876,5.1523077673498845,-0.560651558241053,-1,-1
2022-10-17,model2,2.4226970549886624,8.90443948731463,-1.68655270227767,-1,-1
2022-10-18,model2,2.497048594586771,10.395724506841292,-1.416933479928554,-1,-1
2022-10-19,model2,-0.05727894827037142,7.072175126607898,0.7692218373762518,1,1
2022-10-20,model2,-4.3499747262411335,0.7395243985710632,2.0399549500660727,1,1
2022-10-21,model2,-6.760482436474163,-3.7056358438132606,2.034652532151294,1,1
2022-10-24,model2,-9.86854270314083,-6.317834336208594,-0.49586177427133427,-1,-1
2022-10-25,model2,-9.878350788247213,-8.003827006052651,1.6761845847376753,1,1
2022-10-26,model2,-8.11811534751773,-5.986610679028323,-0.25698088629484506,-1,-1
2022-10-27,model2,-3.6907411434360973,-2.2307998155308333,0.6715633405841421,1,1
2022-10-28,model2,-3.295934334925459,-0.05167174270170142,-1.7843212643184936,-1,-1
2022-10-31,model2,-4.384852232797798,-0.9484576863399682,-0.1921319542340727,-1,-1
2022-11-01,model2,-3.3047338368794317,-0.7670868975371987,0.8987476071155972,1,1
2022-11-02,model2,-0.42048155555555483,1.5499868690565286,0.5671785147301494,1,1
2022-11-03,model2,2.3343511000000006,3.301008750665605,1.003810773946479,1,1
2022-11-04,model2,4.042159766666667,5.06102928774292,-0.05221187041064823,-1,-1
2022-11-07,model2,4.974579967612294,5.967741226740134,0.025708261948412137,1,1
2022-11-08,model2,4.873515112056738,5.819906311485898,0.04677005969868109,1,1
2022-11-09,model2,1.5763578453900717,3.3712236904890394,-0.8484746456698082,-1,-1
2022-11-10,model2,-1.1746229333333327,0.5362191723980981,0.08402373936753715,1,1
2022-11-11,model2,-0.5758582666666662,0.24773467040171115,0.8872491686630535,1,1
2022-11-14,model2,2.0045520805555563,0.6312594234979603,2.1968855941259733,1,1
2022-11-15,model2,6.722688674881798,3.196524666412081,2.152871351412121,1,1
2022-11-16,model2,7.514939488770686,3.6228262081918956,0.3659492721090736,1,1
2022-11-17,model2,6.684926216378397,3.882199527169487,-1.0893865913698808,-1,-1
2022-11-18,model2,1.939508255385488,1.7320309123582025,-2.5952493461816246,-1,-1
2022-11-21,model2,-1.5187037244897954,0.10101542624709155,-1.8271964937641725,-1,-1
2022-11-22,model2,-3.163936532653061,-2.151841384950416,0.6076240030342424,1,1
2022-11-23,model2,-3.2431181993197273,-3.671195638406361,1.4401725867892785,1,1
2022-11-24,model2,-3.362600455555555,-4.67041488840636,0.8797369937641712,1,1
2022-11-25,model2,-2.8427609888888887,-4.224713097734809,0.07413767599511534,1,1
2022-11-28,model2,-3.148857022222222,-4.511504741486127,-0.01930438958201508,-1,-1
2022-11-29,model2,-1.1160277999999997,-2.144562629533265,-0.3341128897306396,-1,-1
2022-11-30,model2,-0.3446074198581557,-0.4991480501837802,-0.873994199207641,-1,-1
2022-12-01,model2,1.4008707801418445,1.9656690526972416,-0.7193389028810218,-1,-1
2022-12-02,model2,0.9229500844896702,1.6825529146356528,-0.19480455759058557,-1,-1
2022-12-05,model2,1.1368515043478264,1.9953117861514722,-0.09885745165766313,-1,-1
2022-12-06,model2,1.7308798873265498,1.9907559768692977,0.5985841922608979,1,1
2022-12-07,model2,2.190672316312057,1.6768587443869591,0.7736896614678459,1,1
2022-12-08,model2,1.2779584156317851,0.12285986100446822,0.6412849827022189,1,1
2022-12-09,model2,0.6631838845049134,-1.7616627616791234,1.2697480915567199,1,1
2022-12-12,model2,-0.4493307821617534,-3.1451918849898988,0.2710144566441086,1,1
2022-12-13,model2,-1.2527689396375095,-3.482841172335666,-0.46578887012998904,-1,-1
2022-12-14,model2,-2.2441508595165724,-3.310111284055459,-1.1641118081592696,-1,-1
2022-12-15,model2,-1.430413326183239,-2.8501393293466015,0.3537655786244758,1,1
2022-12-16,model2,-0.3182222623534518,-2.3814293289971675,0.6434810634803532,1,1
2022-12-19,model2,-0.6370707276595743,-2.7003005455440277,2.2751240737639566e-05,1,1
2022-12-20,model2,-1.996741001128962,-3.7990138470744497,-0.2609569719389655,-1,-1
2022-12-21,model2,-3.8544956081632655,-5.870124790203639,0.2133563360948858,1,1
2022-12-22,model2,-4.632934297052153,-8.48651999592278,1.8379565168302534,1,1
2022-12-23,model2,-4.3400566235827664,-9.339472113433686,1.1458297909802928,1,1
2022-12-26,model2,-2.9510071111111107,-7.165428874242611,-0.7849937267194194,-1,-1
2022-12-27,model2,-0.651087222222222,-2.618425582345424,-2.2470834030082987,-1,-1
2022-12-28,model2,1.3972302361111113,0.28951252801317917,-0.8596206520252698,-1,-1
2022-12-29,model2,2.1440950583333334,0.34174382966607175,0.6946335205693295,1,1
2022-12-30,model2,1.5131938202380955,-0.49589565866486174,0.2067382502356956,1,1
2023-01-03,model2,1.3592031952380956,0.2342661255476428,-0.8841524092125044,-1,-1
2023-01-04,model2,1.5833834863945582,1.423092907579701,-0.9646464908755956,-1,-1
2023-01-05,model2,3.1983096967120184,3.3855810210319355,-0.3475619031347743,-1,-1
2023-01-06,model2,4.075352335600908,3.381663714692353,0.8809599452284718,1,1
2023-01-09,model2,5.381939097222222,3.003160663474935,1.6850898128387328,1,1
2023-01-10,model2,4.527844925,1.2679084810473784,0.8811580102053342,1,1
2023-01-11,model2,2.4745399310386476,-0.8162276916515921,0.030831178737618092,1,1
2023-01-12,model2,0.4540588782608695,-2.6520650349685178,-0.18464370946085218,-1,-1
2023-01-13,model2,0.6621666360839988,-2.466789510874823,0.02283223372943438,1,1
2023-01-16,model2,3.3054713493124908,-0.09152740586892734,0.2680426082225966,1,1
2023-01-17,model2,5.4447776798680465,2.6086703695194733,-0.560891444832845,-1,-1
2023-01-18,model2,5.060843394153761,4.288022897390153,-2.063286813584965,-1,-1
2023-01-19,model2,3.5837620082199546,5.696009509348215,-2.885067997891869,-1,-1
2023-01-20,model2,2.3587735359977327,6.556538948067864,-2.0855179109418707,-1,-1
2023-01-30,model2,2.1776873611111114,7.024785402952642,-0.6493326297713997,-1,-1
2023-01-31,model2,1.1285369629629631,6.644791016174975,-0.6691560113704806,-1,-1
2023-02-01,model2,1.179690823778566,7.787923027882305,-1.091978150891727,-1,-1
2023-02-02,model2,0.5124781449960599,7.239747866138283,-0.11903751703848464,-1,-1
2023-02-03,model2,-1.0209404732957015,5.070847566380523,0.6354816814659991,1,1
2023-02-06,model2,-4.93550352577797,0.9914208662992317,0.16486364759902195,1,1
2023-02-07,model2,-6.324667166439909,-0.8755570967920407,0.47781432242933386,1,1
2023-02-08,model2,-6.560487846712017,-2.3086759771310614,1.1972982000669123,1,1
2023-02-09,model2,-2.859289243813467,-1.2368138008592948,2.629336426626783,1,1
2023-02-10,model2,-1.1779299201419697,-0.634274189313336,1.0788197121255387,1,1
2023-02-13,model2,0.864902596864833,1.5408922386803667,-0.13233391098690017,-1,-1
2023-02-14,model2,1.0482598225377109,2.287660009953283,-0.5634105456000382,-1,-1
2023-02-15,model2,0.19348903314517307,1.9707753982988052,-0.5378861777380601,-1,-1
2023-02-16,model2,-1.5970024012158055,-0.2959215815708207,0.47620554550864735,1,1
2023-02-17,model2,-5.155443687943262,-3.719567360246698,-0.13479550805157992,-1,-1
2023-02-20,model2,-3.880247333333333,-3.6643978915582784,1.2200268859215098,1,1
2023-02-21,model2,-0.634179957446808,-1.2969875873127887,0.8786570716410353,1,1
2023-02-22,model2,2.3430512612534375,1.454709062267043,0.22553456912041403,1,1
2023-02-23,model2,1.6203496815432927,1.381804457218311,-0.6497969746614127,-1,-1
2023-02-24,model2,-2.1281331524992604,-0.22754583106413495,-2.1391325457601074,-1,-1
2023-02-27,model2,-6.201441457487923,-2.5482420567051607,-1.752612079347637,-1,-1
2023-02-28,model2,-6.2578545302600475,-2.687799772664079,0.08314464318679393,1,1
2023-03-01,model2,-2.9078068469267144,-1.2176463464898324,1.8798942571590864,1,1
2023-03-02,model2,1.5690257003546098,0.9178865528354039,2.341299647956088,1,1
2023-03-03,model2,3.332781767802866,1.523282869072161,1.1583597512114991,1,1
2023-03-06,model2,2.201671284469533,1.0380149405900543,-0.6458425548512263,-1,-1
2023-03-07,model2,-0.20990826394557782,-1.128150042394903,-0.2454145654301536,-1,-1
2023-03-08,model2,-5.041905270748298,-2.8859616260943532,-3.07418542310327,-1,-1
2023-03-09,model2,-10.59039048185941,-4.547925721132788,-3.886521116072677,-1,-1
2023-03-10,model2,-16.96668506961451,-5.462009809412687,-5.4622104994752005,-1,-1
2023-03-13,model2,-14.879942144444444,-5.700396777946202,2.325129893703581,1,1
2023-03-14,model2,-10.427703975510203,-6.209297179926786,4.961138570914824,1,1
2023-03-15,model2,-2.648422993197278,-3.8610633844079962,5.431047186794137,1,1
2023-03-16,model2,-2.2485561931972775,-3.498990646775651,0.037794062367654924,1,1
2023-03-17,model2,-1.8697147787981845,-2.1217425062348516,-0.9984067261417062,-1,-1
2023-03-20,model2,-2.84996896111111,-2.2333032691355044,-0.8686934194122726,-1,-1
2023-03-21,model2,-2.1750932079196206,-0.7004003548785267,-0.8580271610654884,-1,-1
2023-03-22,model2,-1.0195793842234755,1.1095475985620715,-0.6544341297444531,-1,-1
2023-03-23,model2,0.818042961354756,3.141121686168743,-0.19395174202844023,-1,-1
2023-03-24,model2,1.1087511564625863,3.6521475143328765,-0.22031763305630303,-1,-1
2023-03-27,model2,0.028217687074831115,2.786108841019836,-0.21449479607471456,-1,-1
2023-03-28,model2,-1.630659863945577,0.37695083927962775,0.7502804507198,1,1
2023-03-29,model2,-3.6899583900226745,-2.6717960666596525,0.9894483798621829,1,1
2023-03-30,model2,-2.790001247165531,-3.8121381649573323,2.0402992411548233,1,1
2023-03-31,model2,-0.8596673639455767,-2.598364551673253,0.7165602699358748,1,1
2023-04-03,model2,2.110118955498868,0.11483115308568181,0.25659061468551014,1,1
2023-04-04,model2,3.1807327083333354,1.3907396535114511,-0.20529474759130184,-1,-1
2023-04-06,model2,2.615441230555557,1.2257121275369693,-0.40026395180329666,-1,-1
2023-04-07,model2,2.206049980555557,0.8486419601265464,-0.03232108258957711,-1,-1
2023-04-10,model2,0.891982690306124,0.26443728461757465,-0.7298626147404613,-1,-1
2023-04-11,model2,0.7424059041950128,-0.11552803341617135,0.23038853192263486,1,1
2023-04-12,model2,0.2505565717120198,-0.5642882690009714,-0.04308909689819301,-1,-1
2023-04-13,model2,-0.5453932269274361,-0.9107671699956729,-0.44947089764475445,-1,-1
2023-04-14,model2,-1.3816717656390198,-0.8461919858816938,-0.9008537228255629,-1,-1
2023-04-17,model2,-0.5801259914893602,-0.11620966084895534,0.07156344911692125,1,1
2023-04-18,model2,1.2622940085106398,0.1511870357193579,1.5750233034316867,1,1
2023-04-19,model2,0.6506469278911581,-0.5698705890941781,0.10941054419405427,1,1
2023-04-20,model2,-2.0274807510204065,-2.993449822440967,-0.25454844556477596,-1,-1
2023-04-21,model2,-6.000907417687073,-6.556790150628502,-0.41008633847913156,-1,-1
2023-04-24,model2,-10.443040212244895,-10.730331994610468,-0.2685909505758559,-1,-1
2023-04-25,model2,-14.442055199999999,-14.318999611730822,-0.41034737063474935,-1,-1
2023-04-26,model2,-13.510446149659861,-12.345710084163484,-1.0416804772272013,-1,-1
2023-04-27,model2,-8.966648360770973,-7.622327189523452,-0.17958510575114328,-1,-1
2023-04-28,model2,-2.4488699716553275,-1.0763201810733474,-0.02822861933445875,-1,-1
2023-05-04,model2,0.42865966411564765,2.3423114711879016,-0.541102016490274,-1,-1
2023-05-05,model2,2.055086122448981,3.2946293083856832,0.6741086211355516,1,1
2023-05-08,model2,2.846546266666668,3.0755660686417143,1.0105233839616559,1,1
2023-05-09,model2,3.0878208472222233,0.8907325848895354,2.4261080643077344,1,1
2023-05-10,model2,1.7447447687074842,-0.7588058445427784,0.3064623509175748,1,1
2023-05-11,model2,-0.9811966979591826,-2.70179304025382,-0.7829542709556252,-1,-1
2023-05-12,model2,-4.936813771428571,-3.9927544256476466,-2.6646556880755616,-1,-1
2023-05-15,model2,-4.54006800680272,-3.1777066932477696,-0.4183019677740263,-1,-1
2023-05-16,model2,-3.7888055278911548,-2.820250293239249,0.39380607890304464,1,1
2023-05-17,model2,-1.2794897976841788,-1.6047962945873524,1.293861731555079,1,1
2023-05-18,model2,-1.7899428171286234,-2.018519158371094,-0.09673015566070298,-1,-1
2023-05-19,model2,-2.6928795627068545,-2.147090558521338,-0.7743653454279871,-1,-1
2023-05-22,model2,-2.3470438861111096,-2.37917673787651,0.5779218559509167,1,1
2023-05-23,model2,-2.3754226666666654,-3.772666906233161,1.3651113878010954,1,1
2023-05-24,model2,-3.7084843564625842,-6.621904283713614,1.5161756876845343,1,1
2023-05-25,model2,-6.826922367573694,-8.896914637531866,-0.8434276572928576,-1,-1
2023-05-26,model2,-8.829645447845804,-7.781855587185991,-3.117782130617986,-1,-1
2023-05-29,model2,-9.74795915249433,-5.116924994976168,-3.583244296858348,-1,-1
2023-05-30,model2,-9.412723092403626,-2.1592680708434133,-2.6224208640420508,-1,-1
2023-05-31,model2,-9.63735799036281,-1.5487283574447988,-0.8351746113577989,-1,-1
2023-06-01,model2,-9.057194862585034,-0.32195546550171245,-0.6466097641653097,-1,-1
2023-06-02,model2,-6.163525922675736,0.36402324354192594,2.2076902308656594,1,1
2023-06-05,model2,-3.570388211111109,1.1705285256571576,1.7866324294493952,1,1
2023-06-06,model2,-2.9025406444444424,-0.3187342477506796,2.157110340074504,1,1
2023-06-07,model2,-4.90649246811594,-2.295659038545659,-0.02702703287651831,-1,-1
2023-06-08,model2,-4.980415689884647,-4.105939681093237,1.7363574207788712,1,1
2023-06-09,model2,-2.768997323217981,-3.4359235194494206,1.5414022050228495,1,1
2023-06-12,model2,-0.6700738952380934,-1.858437184081197,0.521437092611664,1,1
2023-06-13,model2,1.0729070513533092,-0.4516017088481865,0.336145471358392,1,1
2023-06-14,model2,1.8605403846866426,-0.12761215008114354,0.46364377456629047,1,1
2023-06-15,model2,3.328186191489364,0.35387610117137,0.9861575555502078,1,1
2023-06-16,model2,4.734986877551023,1.2255468461754233,0.5351299410576058,1,1
2023-06-19,model2,4.109878344217689,1.6135424061995998,-1.0131040933575104,-1,-1
2023-06-20,model2,1.4792080164399117,0.36962277832254836,-1.3867506999007262,-1,-1
2023-06-21,model2,-3.130884092403626,-3.407919856920135,-0.8325494736008543,-1,-1
2023-06-26,model2,-7.736628292403626,-8.3352705977741,0.32160654085396523,1,1
2023-06-27,model2,-8.82148398684807,-8.075771928905564,-1.3443543633129806,-1,-1
2023-06-28,model2,-7.721698422222221,-5.369427101978595,-1.6065592623011185,-1,-1
2023-06-29,model2,-4.990055137115837,-0.7254997449323289,-1.9122840719398821,-1,-1
2023-06-30,model2,-3.633536526004726,0.7438479316862301,-0.11282906550744798,-1,-1
2023-07-03,model2,-1.1912197260047255,2.642199329688649,0.5439654019975815,1,1
2023-07-04,model2,1.4566074950113403,4.040369106672877,1.249657444031838,1,1
2023-07-05,model2,2.200876318888409,3.2284819128558566,1.556156017694089,1,1
2023-07-06,model2,-0.5357197872340401,0.4702243840106111,0.021661422722796253,1,1
2023-07-07,model2,-4.137037246134267,-2.071608884527906,-1.0594841903617098,-1,-1
2023-07-10,model2,-5.257359611678002,-2.53067583774428,-0.6612554123273604,-1,-1
2023-07-11,model2,-3.611829679705213,-0.9517377758607556,0.06659187008926404,1,1
2023-07-12,model2,-1.4722063269274352,-0.007437682534340666,1.195323259451363,1,1
2023-07-13,model2,1.1504410925170094,0.8346445967293925,1.7805651401807117,1,1
2023-07-14,model2,2.1799185407407435,0.5989073890706477,1.2652146558824788,1,1
2023-07-17,model2,1.4298754359788386,0.5763655188578123,-0.7275012345490696,-1,-1
2023-07-18,model2,-1.1506846533828636,-0.46277141688522955,-1.5414231536186604,-1,-1
2023-07-19,model2,-2.7400033941236046,-0.9577990898050199,-1.0942910678209505,-1,-1
2023-07-20,model2,-2.8346233560283665,-1.7441593520548473,0.6917403003450655,1,1
2023-07-21,model2,-2.5993674222222194,-2.323455332148314,0.8145519138996136,1,1
2023-07-24,model2,-4.0858013111111084,-2.8709021970436495,-0.9389870239935534,-1,-1
2023-07-25,model2,-2.2009521111111083,-0.6978853329606006,-0.2881676640830486,-1,-1
2023-07-26,model2,-0.33436866439909085,1.589232893140118,-0.4205347793887011,-1,-1
2023-07-27,model2,1.58220379591837,2.7678309463614066,0.7379744070961722,1,1
2023-07-28,model2,2.7401426625850362,3.246250941930782,0.6795188710972908,1,1
2023-07-31,model2,3.8813339551020434,3.868929408988976,0.5185128254588132,1,1
2023-08-01,model2,4.183241438095241,4.755998653917073,-0.5851617619348999,-1,-1
2023-08-02,model2,1.7170234325396851,3.6326486204733928,-1.342867972111875,-1,-1
2023-08-03,model2,-0.3110405428004509,2.3148972109570574,-0.7103125658238008,-1,-1
2023-08-04,model2,-0.7090414583333308,1.4055460622125817,0.5113502332115958,1,1
2023-08-07,model2,-0.24366874999999744,0.7137926777660194,1.1571260927798956,1,1
2023-08-08,model2,-0.8241638249999973,-0.9927818371777294,1.1260794399437488,1,1
2023-08-09,model2,-2.000429814952716,-3.3924721933378046,1.2234243662073565,1,1
2023-08-10,model2,-1.8409508537849157,-4.2357119329120385,1.0027187007420342,1,1
2023-08-11,model2,-3.5100341163699498,-5.977682509599496,0.0728873141024231,1,1
2023-08-14,model2,-5.227889251700678,-6.114885880941107,-1.5806517639891173,-1,-1
2023-08-15,model2,-8.025354745275886,-7.455900142910051,-1.4564512316062634,-1,-1
2023-08-16,model2,-9.74667606046863,-7.826145672875256,-1.3510757852275388,-1,-1
2023-08-17,model2,-7.640533478329392,-6.280222232649394,0.5602191419133762,1,1
2023-08-18,model2,-5.6208169153664285,-5.080076203685083,0.8195705339986521,1,1
2023-08-21,model2,-4.086019270921984,-4.352999303031173,0.8077207437905347,1,1
2023-08-22,model2,-4.358698451700679,-5.621546162805692,0.9958676789958236,1,1
2023-08-23,model2,-5.94388162993197,-7.677293416743997,0.4705640757070144,1,1
2023-08-24,model2,-4.6029988299319715,-7.433954676879396,1.0975440601353972,1,1
2023-08-25,model2,-3.7722864489795893,-7.463218499471033,0.859976203544019,1,1
2023-08-28,model2,-0.16167620408163078,-4.1607027342041,0.30809447963102565,1,1
2023-08-29,model2,2.4800097006802737,-0.7247598336009439,-0.7942569958412515,-1,-1
2023-08-30,model2,3.49990573809524,2.180311277604654,-1.8851750737906317,-1,-1
2023-08-31,model2,1.8924455612244915,2.5865269380831046,-2.013675837349199,-1,-1
2023-09-01,model2,0.5963792346938795,1.6499190497277627,-0.3594584381752701,-1,-1
2023-09-04,model2,1.3508922680272129,1.964005309145245,0.44042677391585106,1,1
2023-09-05,model2,2.0751881863945596,1.8294485602302706,0.8588526672823211,1,1
2023-09-06,model2,1.3667626081632671,1.3826227389953318,-0.26159975699635374,-1,-1
2023-09-07,model2,-1.9229484807256216,-1.8568469963216756,-0.05024135357188131,-1,-1
2023-09-08,model2,-5.530492638888887,-4.50087588253683,-0.9635152719481113,-1,-1
2023-09-11,model2,-5.439593943236713,-4.100534857818858,-0.3094423290657975,-1,-1
2023-09-12,model2,-3.4286424154589348,-1.974666382491104,-0.11491694754997628,-1,-1
2023-09-13,model2,-0.14166935990337928,-0.23213811126882966,1.5444447843332811,1,1
2023-09-14,model2,0.2537849376417257,-1.471056271909829,1.6343724581861043,1,1
2023-09-15,model2,-0.7193438236961427,-2.9374941169284337,0.4933090836807362,1,1
2023-09-18,model2,-0.4233575973368046,-2.583250176563479,-0.05825771400561658,-1,-1
2023-09-19,model2,-0.61171031842524,-2.4517541521786215,-0.31984874547329295,-1,-1
2023-09-20,model2,-0.5958832931984827,-2.980647465998864,0.5447203390470001,1,1
2023-09-21,model2,-3.812975015589567,-5.1306126724693675,-1.0671265159205814,-1,-1
2023-09-22,model2,-3.350844621031744,-4.284434299650013,-0.38404797826153114,-1,-1
2023-09-25,model2,-2.166117632653059,-2.6708905190332968,-0.4288167922380315,-1,-1
2023-09-26,model2,0.021120462585036155,-1.1123635552234683,0.628711131428267,1,1
2023-09-27,model2,-0.9222864540816306,-1.551797578715994,-0.503972893174141,-1,-1
2023-09-28,model2,-2.1228670535714262,-1.2358177367336383,-1.5165604414721514,-1,-1
2023-10-09,model2,-2.5775295257092177,-1.0368450548797452,-0.6536351539916845,-1,-1
2023-10-10,model2,-4.261790075709218,-1.6993292291365447,-1.0217763757432008,-1,-1
2023-10-11,model2,-4.7601251905051365,-2.6875269139962423,0.4898625700637791,1,1
2023-10-12,model2,-2.286062956462583,-1.394148897636324,1.180684217682635,1,1
2023-10-13,model2,0.47198590027500575,-0.5912376071926105,1.9551375662938755,1,1
2023-10-16,model2,1.0189992553191511,-1.0995058705133816,1.0552816183649165,1,1
2023-10-17,model2,0.2075622145028245,-2.288443588561694,0.3775006772319859,1,1
2023-10-18,model2,-0.6202707265885056,-4.128170483182037,1.0118939535290132,1,1
2023-10-19,model2,-2.9138214585033992,-6.856187351238668,0.43446613614173657,1,1
2023-10-20,model2,-6.942369017687073,-10.37363890946976,-0.5110960009525822,-1,-1
2023-10-23,model2,-12.051007248979587,-14.135111549052482,-1.3471655917097918,-1,-1
2023-10-24,model2,-10.416489132312922,-11.457719099714629,-1.0428743326711878,-1,-1
2023-10-25,model2,-7.421945532312922,-7.131571013436559,-1.3316044862780698,-1,-1
2023-10-26,model2,-0.9043630833333309,-0.5818173906617715,-0.03217117379519685,-1,-1
2023-10-27,model2,2.769558285714288,3.468103483219999,-0.37599950483415157,-1,-1
2023-10-30,model2,5.658677619047622,6.880909761969448,-0.5236869454161157,-1,-1
2023-10-31,model2,5.051852688492066,8.19675369888381,-1.922668867469918,-1,-1
2023-11-01,model2,2.961421804138324,6.2610177850531175,-0.15469497052304915,-1,-1
2023-11-02,model2,0.09919553747165777,1.5298297049133158,1.8689618134731356,1,1
2023-11-03,model2,-0.4511071319727866,-0.8301209660510965,1.809648001519968,1,1
2023-11-06,model2,0.28326735782313167,-0.9419194630642386,0.8461729868090604,1,1
2023-11-07,model2,1.3838181634968905,0.3499970162724307,-0.19136567366291057,-1,-1
2023-11-08,model2,1.457193696830224,0.310506821564197,0.11286572804156714,1,1
2023-11-09,model2,0.6414799390070948,-0.9563414726700801,0.451134536411148,1,1
2023-11-10,model2,-0.9369367014492728,-2.2408928785206172,-0.29386523460583036,-1,-1
2023-11-13,model2,-2.732372168115939,-2.234862459076362,-1.8014658861109218,-1,-1
2023-11-14,model2,-4.270240866666665,-1.4165286679685882,-2.356202489658499,-1,-1
2023-11-15,model2,-2.8549010101153485,0.5976771487099747,-0.5988659601272466,-1,-1
2023-11-16,model2,-1.9066866767820148,0.7071822572782255,0.8387092247650829,1,1
2023-11-17,model2,-1.7462582108554034,0.4342317425247797,0.4333789806800571,1,1
2023-11-20,model2,-2.677397593864421,-0.019494218197088593,-0.4774134222871495,-1,-1
2023-11-21,model2,-2.1832033085931033,0.17497997816163569,0.2997200889125936,1,1
2023-11-22,model2,-2.368764828349942,-1.2308976833278675,1.2203161417326645,1,1
2023-11-23,model2,-2.2868133453705015,-1.5270897345435566,0.3781435341951296,1,1
2023-11-24,model2,-3.194727622131181,-1.7850596598722195,-0.6499443514320167,-1,-1
2023-11-27,model2,-3.821404628933902,-1.2293566397620268,-1.1823800269129137,-1,-1
2023-11-28,model2,-5.158677273122013,-1.197245278992805,-1.3693840049573327,-1,-1
2023-11-29,model2,-6.933035681632652,-1.554754542098047,-1.4168491454053969,-1,-1
2023-11-30,model2,-6.505060500226755,-1.7017916495926937,0.5750122889005431,1,1
2023-12-01,model2,-6.2238417536643,-2.1434602620177388,0.7228873589875005,1,1
2023-12-04,model2,-6.009851650262941,-2.3067265204337386,0.3772563618173592,1,1
2023-12-05,model2,-8.736493805818496,-4.276513813474568,-0.7568548625147256,-1,-1
2023-12-06,model2,-9.71896983418729,-5.463684608341609,0.20469476649824703,1,1
2023-12-07,model2,-10.094562351194094,-5.463711109172832,-0.37556601617558183,-1,-1
2023-12-08,model2,-7.170556445638538,-3.3588444556961803,0.8191392520789047,1,1
2023-12-11,model2,-4.021853041383218,-1.0651587024483786,0.8550176510075183,1,1
2023-12-12,model2,-0.1036783611111088,0.720897302794937,2.132118675028793,1,1
2023-12-13,model2,1.0114320851063854,0.7454928554433996,1.0905148935690314,1,1
2023-12-14,model2,-0.48968756028368543,-1.5822919214695848,0.8266651315229137,1,1
2023-12-15,model2,-3.424935426950352,-4.847799830212613,0.33026004207636106,1,1
2023-12-18,model2,-6.676137457634966,-8.161130868455313,0.06212900755808626,1,1
2023-12-19,model2,-7.644878923356006,-9.897507398868372,0.7676350646920191,1,1
2023-12-20,model2,-8.314199987244896,-11.703711314024716,1.1368828512674538,1,1
2023-12-21,model2,-3.9870197373188376,-9.057687575958548,1.681156511859891,1,1
2023-12-22,model2,-0.5534261092009247,-7.259723755203265,1.6356298073626303,1,1
2023-12-25,model2,3.7854420186335425,-4.041796592380064,1.1209409650112656,1,1
2023-12-26,model2,3.1811089795918384,-4.32693457484235,-0.3191950565794177,-1,-1
2023-12-27,model2,2.211519433599529,-3.7663842306480695,-1.53013989018659,-1,-1
2023-12-28,model2,1.1066212703342229,-2.0687029244115283,-2.8025794695018478,-1,-1
2023-12-29,model2,1.5624291397798735,1.1065227369513775,-2.7194177919172553,-1,-1
2024-01-02,model2,0.7060584136633398,2.9457646266506536,-2.69561261581581,-1,-1
2024-01-03,model2,-0.06699875368359887,3.180873734015338,-1.008166274711623,-1,-1
2024-01-04,model2,-1.8994741551020384,1.0616234004353655,0.28677493216153316,1,1
2024-01-05,model2,-4.715418644897956,-3.1412348928407927,1.3869138034802404,1,1
2024-01-08,model2,-9.262258688435372,-10.562917516593851,2.8748425802156428,1,1
2024-01-09,model2,-10.481530733825444,-13.42598071430699,1.6437911523230664,1,1
2024-01-10,model2,-9.866485711149707,-13.264318645156076,0.45338295352482305,1,1
2024-01-11,model2,-5.811463600945625,-6.702174309635926,-2.507122225316067,-1,-1
2024-01-12,model2,-3.3949551612293125,-2.5125356003134414,-1.7731302696061726,-1,-1
2024-01-15,model2,-0.7418386334515349,0.5418905973699352,-0.4013096699055989,-1,-1
2024-01-16,model2,1.0154246304940433,0.027830445705145628,2.271323415610368,1,1
2024-01-17,model2,-0.06244116383219778,-3.1756569294636017,2.1256215808425063,1,1
2024-01-18,model2,0.061132238945580064,-6.335836335314403,3.2837528086285794,1,1
2024-01-19,model2,-0.27833823724489615,-9.859217018950176,3.183910207445296,1,1
2024-01-22,model2,0.46077152871255067,-13.141105712791193,4.020998459798464,1,1
2024-01-23,model2,-0.4816812505427685,-10.677683954316018,-3.4058745377304938,-1,-1
2024-01-24,model2,-0.3344309716312039,-5.991328128623422,-4.539105546781031,-1,-1
2024-01-25,model2,1.8620544624113495,1.9444141780432442,-5.739256872624113,-1,-1
2024-01-26,model2,4.896612066666669,5.021647441251134,-0.04267565895257075,-1,-1
2024-01-29,model2,6.360411666666669,4.651874025363218,1.8335730158879162,1,1
2024-01-30,model2,2.748378218439718,0.4372719095383024,0.6025686675979647,1,1
2024-01-31,model2,-2.4748666482269486,-6.717869207820857,1.9318962506924926,1,1
2024-02-01,model2,-7.520637581560282,-13.443038505134163,1.6793983639799732,1,1
2024-02-02,model2,-8.987321028985505,-19.198478285665526,4.28875633310614,1,1
2024-02-05,model2,-7.54043647342995,-22.089809167820402,4.3382154377104305,1,1
2024-02-06,model2,-3.4054041400966173,-14.860657019925306,-3.094119814561763,-1,-1
2024-02-07,model2,2.3495899297052167,-4.434101050235696,-4.6715618998877755,-1,-1
2024-02-08,model2,6.869340802721091,5.496315808384874,-5.4106659856046955,-1,-1
2024-02-19,model2,8.918055736054422,5.7397745086580985,1.8052562330601063,1,1
2024-02-20,model2,8.47328478367347,3.778166694181111,1.5168368620960364,1,1
2024-02-21,model2,7.3838048828798195,1.6718094734253885,1.016877319962071,1,1
2024-02-22,model2,7.381579963151928,1.3717429139164956,0.29784163978100175,1,1
2024-02-23,model2,8.658936941383221,2.2341061788288865,0.41499371331890167,1,1
2024-02-26,model2,6.514205413605443,3.367325832574299,-3.2779511815231905,-1,-1
2024-02-27,model2,3.9340249416666677,5.726184412158027,-4.939039051522503,-1,-1
2024-02-28,model2,-0.12828262854609815,4.196496315840271,-2.53261947389501,-1,-1
2024-02-29,model2,0.47970848256501303,3.6251790156705197,1.1793084112808625,1,1
2024-03-01,model2,0.719301607565013,1.2995812815969703,2.5651908590735495,1,1
2024-03-04,model2,2.4335222675736974,1.6721647374793231,1.3416372041263314,1,1
2024-03-05,model2,3.8201010884353757,0.39132510155516914,2.6674184567858323,1,1
2024-03-06,model2,3.5058664884353754,-1.3346249264560353,1.411715428011204,1,1
2024-03-07,model2,2.1681094816326545,-4.078683738057678,1.4063018047989218,1,1
2024-03-08,model2,-0.28447649200680125,-3.8597967077780897,-2.671473003919044,-1,-1
2024-03-11,model2,-0.8084908253401347,-1.7050591277521896,-2.6787519133592337,-1,-1
2024-03-12,model2,-0.2676572416666653,1.6907853237608368,-2.8550108678395567,-1,-1
2024-03-13,model2,-1.1893043999999988,2.5395163488091588,-1.7703781833816554,-1,-1
2024-03-14,model2,-3.340513333333332,0.712602172144603,-0.3242947566687775,-1,-1
2024-03-15,model2,-6.053756527659573,0.0907126966753821,-2.09135371885702,-1,-1
2024-03-18,model2,-4.39164110543735,0.9616625177334733,0.7911656011641313,1,1
2024-03-19,model2,-2.6173553054373513,1.662714001563369,1.0732343161701032,1,1
2024-03-20,model2,-0.13369528662131397,1.6417548198798266,2.5046192004995795,1,1
2024-03-21,model2,-0.14213627695947814,-0.16846180910492725,1.8017756386465897,1,1
2024-03-22,model2,-1.0308579436261447,-2.7506700628928056,1.6934865871212117,1,1
2024-03-25,model2,-2.2261806347826076,-6.724242992930338,2.7782502388810695,1,1
2024-03-26,model2,-2.335249666666665,-9.311353049869954,2.4780410250555582,1,1
2024-03-27,model2,-1.7627491999999985,-11.84057697116625,3.101724387962963,1,1
2024-03-28,model2,-0.3951208625850326,-8.543183952783215,-1.9297646809680693,-1,-1
2024-03-29,model2,0.17739401224489937,-4.52552413842242,-3.445144939530863,-1,-1
2024-04-01,model2,1.9068234693877564,2.2554973372580798,-5.051592018537644,-1,-1
2024-04-02,model2,2.75775142857143,4.678883327448723,-1.5724580310069696,-1,-1
2024-04-03,model2,2.5077798639455797,5.77700177442552,-1.3480900116026477,-1,-1
2024-04-08,model2,0.3523380734693891,3.0800956586963473,0.5414643252529827,1,1
2024-04-09,model2,-2.005763289795917,1.0191187033686597,-0.29712440793761896,-1,-1
2024-04-10,model2,-5.008682133333332,-1.9675672093216552,-0.016232930847100313,-1,-1
2024-04-11,model2,-5.346557088888887,-1.470186296296302,-0.8352558685809082,-1,-1
2024-04-12,model2,-6.063308194444443,-2.2576969154392867,0.07075951358742905,1,1
2024-04-15,model2,-3.0998835277777768,-1.5624545214682062,2.2681822726955856,1,1
2024-04-16,model2,-2.268040631796689,-3.2681750974751895,2.5375634719880713,1,1
2024-04-17,model2,1.2175752070921997,-1.6778796770412179,1.8953204184549166,1,1
2024-04-18,model2,2.8385242070921994,-0.44329038583132174,0.3863597087901036,1,1
2024-04-19,model2,4.161653975510205,1.798356851176437,-0.9185174685897528,-1,-1
2024-04-22,model2,2.365653666666668,0.7893140710398932,-0.7869575287069934,-1,-1
2024-04-23,model2,-0.7525352777777764,-1.5076726857393308,-0.8212021876652207,-1,-1
2024-04-24,model2,-1.9773803032879804,-2.3043720069647944,-0.4281457042847403,-1,-1
2024-04-25,model2,-0.8211844263285011,-2.0371650124507044,0.8889888824453893,1,1
2024-04-26,model2,1.9807821014492768,0.36136841730022606,0.4034330980268477,1,1
2024-04-29,model2,4.65694717089372,3.4278337106006274,-0.3903002238559581,-1,-1
2024-04-30,model2,3.850380486111112,4.899668275179009,-2.2784012493609893,-1,-1
2024-05-06,model2,2.312725636111112,6.05745497875472,-2.6954415535757112,-1,-1
2024-05-07,model2,0.9467676677304978,4.994182866552781,-0.3026858561786754,-1,-1
2024-05-08,model2,0.4852681354175726,3.1709316368165212,1.3617516974233346,1,1
2024-05-09,model2,0.7172961104175726,1.7023909604421412,1.70056865137438,1,1
2024-05-10,model2,0.15000104166666786,0.8079008962903297,0.3271949954009068,1,1
2024-05-13,model2,1.0756910239795932,1.1529339175558684,0.5806569610473866,1,1
2024-05-14,model2,-0.3648094054421757,0.07040532073513761,-0.35797183260103815,-1,-1
2024-05-15,model2,-3.499564215532878,-2.426980010626392,-0.6373694787291728,-1,-1
2024-05-16,model2,-6.713226948866212,-5.511888865008725,-0.128753878951001,-1,-1
2024-05-17,model2,-5.294846094444442,-5.041699275440002,0.9481912648530466,1,1
2024-05-20,model2,-2.45938591020408,-2.590352057369475,0.3841129661698357,1,1
2024-05-21,model2,-0.10899897687074638,0.2993150990798844,-0.5392802231160259,-1,-1
2024-05-22,model2,0.24926758367347138,-0.15149988787473853,0.8090815474988406,1,1
2024-05-23,model2,-1.1092595061224468,-2.456708477859161,0.9466815001885043,1,1
2024-05-24,model2,-3.8016487394557807,-5.177336134488586,0.028238423296091053,1,1
2024-05-27,model2,-5.422639963945577,-5.575892476720047,-1.222434882258335,-1,-1
2024-05-28,model2,-5.785648656462583,-5.273719132622947,-0.6651820366141061,-1,-1
2024-05-29,model2,-2.8759856231292495,-3.257128161832189,0.8930720625425752,1,1
2024-05-30,model2,-3.0799838925170047,-3.329479623730895,-0.1316468074890489,-1,-1
2024-05-31,model2,-3.630461961702126,-2.603738622456341,-1.2762190704596752,-1,-1
2024-06-03,model2,-4.731164637892602,-3.206713570341602,-0.4977277283052155,-1,-1
2024-06-04,model2,-3.4273494832826734,-1.9879621084428962,0.08506369271122316,1,1
2024-06-05,model2,-1.6606292372268043,-1.5730794390022005,1.3518375766151733,1,1
2024-06-06,model2,-0.5260152888141056,-1.661530520199234,1.2230650296097323,1,1
2024-06-07,model2,-0.998510182431127,-3.336304744874875,1.2022793310586195,1,1
2024-06-11,model2,-2.2478370001182015,-3.4811403217700687,-1.1044912407918805,-1,-1
2024-06-12,model2,-3.7158366056737573,-2.32713294456901,-2.6220069827566146,-1,-1
2024-06-13,model2,-5.298518866666665,-2.0282452412401035,-1.8815699643218142,-1,-1
2024-06-14,model2,-3.3402714666666653,-1.7793880814153284,1.7093902401752248,1,1
2024-06-17,model2,-1.9986158888888876,-1.6020196315043143,1.1642871278667635,1,1
2024-06-18,model2,0.6277748444444456,-0.7550891598368569,1.779460261665876,1,1
2024-06-19,model2,0.9095205886621326,-2.3051443442630863,1.8318009286439163,1,1
2024-06-20,model2,0.5350616884353755,-4.981786976893679,2.3021837324038357,1,1
2024-06-21,model2,-0.7809383560090689,-7.107887143874375,0.8101001225362516,1,1
2024-06-24,model2,-1.8070697845804975,-8.980087408774487,0.8460688363286835,1,1
2024-06-25,model2,-2.201082481575962,-9.914668136571805,0.5405680308018532,1,1
2024-06-26,model2,-0.9587078287981846,-7.791718167797275,-0.8805753159967526,-1,-1
2024-06-27,model2,-0.038365379818592706,-5.043236211322951,-1.8281395074947318,-1,-1
2024-06-28,model2,2.03739255527211,-1.908198454249107,-1.0592798219831412,-1,-1
2024-07-01,model2,2.6807607482993205,-1.3763595789103533,0.11152931768845664,1,1
2024-07-02,model2,3.3402174815458117,-0.6580272316680063,-0.05887561399585595,-1,-1
2024-07-03,model2,1.5775740121580561,-0.8990836092984001,-1.5215870917573615,-1,-1
2024-07-04,model2,-0.7687124504269777,-3.6890560094681852,0.44368593758475106,1,1
2024-07-05,model2,-3.1330987755102027,-4.819845795894033,-1.2335965386573768,-1,-1
2024-07-08,model2,-4.0769718367346925,-6.229984147625746,0.4662652905072231,1,1
2024-07-09,model2,-3.3339101088435363,-4.1815349422643555,-1.3053874774702345,-1,-1
2024-07-10,model2,-1.5748863482993183,-3.0925416476714136,0.6700304659512761,1,1
2024-07-11,model2,1.88040391388889,0.2446605914304462,0.11808802308634858,1,1
2024-07-12,model2,4.619649124773244,1.507468359395487,1.4764374429193132,1,1
2024-07-15,model2,4.7584297914399105,1.8877674017458297,-0.2415183756836763,-1,-1
2024-07-16,model2,4.263854235884355,0.7530705623982809,0.6401212837919932,1,1
2024-07-17,model2,2.76790688315603,-1.2341403771915267,0.4912635868614825,1,1
2024-07-18,model2,3.67366573138298,-1.5449485012110824,1.2165669722465058,1,1
2024-07-19,model2,4.756692385294545,-1.214190738200941,0.7522688909014232,1,1
2024-07-22,model2,4.9685574576940725,-0.46476500845406316,-0.5375606573473501,-1,-1
2024-07-23,model2,1.8776047094671213,-2.7723658269870928,-0.7833519296939215,-1,-1
2024-07-24,model2,-2.407182093253967,-6.754644611961953,-0.30250801774622804,-1,-1
2024-07-25,model2,-6.27601681972789,-9.117578349090032,-1.5059009893458448,-1,-1
2024-07-26,model2,-5.9141738530612225,-6.0174566697726535,-2.73827871265071,-1,-1
2024-07-29,model2,-4.234420595918366,-1.9155001768193554,-2.422203235810442,-1,-1
2024-07-30,model2,-1.827242059259258,0.9713315969379547,-0.47965323709820185,-1,-1
2024-07-31,model2,-0.20899665925925803,2.561782970770039,0.02779402616791571,1,1
2024-08-01,model2,0.21949280740740865,3.3380538539970623,-0.34778141656035666,-1,-1
2024-08-02,model2,0.03502719591836856,2.465035580239752,0.6885526622682702,1,1
2024-08-05,model2,-1.9953627374149647,-1.5802207648519548,2.014866411758373,1,1
2024-08-06,model2,-4.111454548526075,-2.800408078107108,-0.8959044978559576,-1,-1
2024-08-07,model2,-5.42160801791383,-2.438462222018708,-1.6720993254761547,-1,-1
2024-08-08,model2,-4.687254645691609,-0.4375136280139937,-1.266595221782493,-1,-1
2024-08-09,model2,-3.7283220209750545,-0.8298982529266422,1.351317249629203,1,1
2024-08-12,model2,-2.8964914030612228,-2.0375579314731134,2.0394902964603028,1,1
2024-08-13,model2,-2.0598252419501115,-2.441283776021271,1.240392005659269,1,1
2024-08-14,model2,-2.038550991666665,-3.1723912255439406,0.7523816998061159,1,1
2024-08-15,model2,0.13483059722222382,-1.9147118956270217,0.9157022589719699,1,1
2024-08-16,model2,1.602081130555557,-2.314715779357185,1.8672544170634964,1,1
2024-08-19,model2,4.826625561702129,-1.5556805086408751,2.465509160430263,1,1
2024-08-20,model2,5.0146906338109725,-3.4461674641216082,2.078552027589576,1,1
2024-08-21,model2,2.3381523149703938,-5.636727630495829,-0.48597815246635756,-1,-1
2024-08-22,model2,-2.1263454495095124,-9.620753378944842,-0.48047201603089373,-1,-1
2024-08-23,model2,-4.401409332729467,-10.565845213976127,-1.32997204818867,-1,-1
2024-08-26,model2,-3.5622807095410614,-8.733251286610086,-0.9934653041776351,-1,-1
2024-08-27,model2,-1.4480261956521723,-5.510651205641793,-1.1083455670794042,-1,-1
2024-08-28,model2,-1.777971584541061,-3.439416011820375,-2.4011805827103068,-1,-1
2024-08-29,model2,-2.5438442777777763,-1.8676243902639007,-2.3376643147931895,-1,-1
2024-08-30,model2,-2.7242847888888875,1.2283395440505807,-3.2764044454255923,-1,-1
2024-09-02,model2,-2.632502722222221,2.168832250654829,-0.8487106399375817,-1,-1
2024-09-03,model2,-2.6752443945578217,2.156536458169336,-0.030445879850107715,-1,-1
2024-09-04,model2,-4.048127299522361,0.6815227728323596,0.10213078037243717,1,1
2024-09-05,model2,-4.310469018671297,1.2508470092749135,-0.83166595559149,-1,-1
2024-09-06,model2,-4.226547841504778,-0.2683195162246392,1.6030877026660717,1,1
2024-09-09,model2,-4.61139686307085,-2.8178386392405117,2.1646701014498,1,1
2024-09-10,model2,-4.402147258207629,-5.726493527491415,3.1179044931141244,1,1
2024-09-11,model2,-3.951993061224488,-6.574192773110661,1.297853442602387,1,1
2024-09-12,model2,-2.895601082519962,-5.661228200281529,0.1434274058753937,1,1
2024-09-13,model2,-2.627415159900915,-5.301385368949242,-0.09165690871323973,-1,-1
2024-09-18,model2,-1.066406248336289,-5.242252860024673,1.5018764026400575,1,1
2024-09-19,model2,1.6862271272675755,-3.0861556221274955,0.5965361377066869,1,1
2024-09-20,model2,4.882039259359774,-1.0123099727459197,1.121966482710623,1,1
2024-09-23,model2,5.975971084515368,0.5015536756841635,-0.4199318232744891,-1,-1
2024-09-24,model2,7.8265267900709246,1.5636000068626148,0.7885093743771048,1,1
2024-09-25,model2,10.435533837400493,3.8233972074079823,0.3492098467842011,1,1
2024-09-26,model2,15.602777121088437,8.474465366767147,0.5161751243287789,1,1
2024-09-27,model2,19.608663854421774,15.207826146713385,-2.727474046612901,-1,-1
2024-09-30,model2,25.540350000000004,24.822053086131934,-3.682540793840319,-1,-1
2024-10-08,model2,28.2272584,32.73429441342771,-5.225332927295781,-1,-1
2024-10-09,model2,21.418053066666673,24.802285889754017,1.1228031903403668,1,1
2024-10-10,model2,10.958392400000001,12.454063543879473,1.8885616792078732,1,1
2024-10-11,model2,0.48610975000000245,-1.3666915309112895,3.3484724247907636,1,1
2024-10-14,model2,-0.3337130499999976,-2.143887404557572,-0.04262692635371734,-1,-1
2024-10-15,model2,-1.6596109833333308,-2.806548892085324,-0.6632364458055813,-1,-1
2024-10-16,model2,-2.7612288489795893,-2.6100555842699666,-1.298111173461616,-1,-1
2024-10-17,model2,-6.253645248979589,-4.389886001054444,-1.7125859832155217,-1,-1
2024-10-18,model2,-4.900691626757367,-2.695952194978305,-0.3409801838539175,-1,-1
2024-10-21,model2,-2.6564090444444415,-0.20119807053844196,-0.2504715421269377,-1,-1
2024-10-22,model2,1.6461752722222247,2.981112042803447,1.1202742033247768,1,1
2024-10-23,model2,2.847592008333336,4.280509109596293,-0.09798033068173506,-1,-1
2024-10-24,model2,1.792540854591839,2.995673476990792,0.22978447886400466,1,1
2024-10-25,model2,-0.2736000620748273,2.176878871548615,-1.2473463112244896,-1,-1
2024-10-28,model2,-2.502771173185938,1.6125895573840825,-1.6648817969465786,-1,-1
2024-10-29,model2,-3.4052098126417203,1.4344365170343394,-0.7242855991060391,-1,-1
2024-10-30,model2,-5.69805556264172,0.47824035229627904,-1.3366495852619393,-1,-1
2024-10-31,model2,-8.054992143197275,-0.7555102723146988,-1.1231859559445772,-1,-1
2024-11-01,model2,-7.192417949999997,-0.9589441919489493,1.0660081128315286,1,1
2024-11-04,model2,-2.6947154318840547,0.39812466019987763,3.1406336659671146,1,1
2024-11-05,model2,2.554608968115945,2.865457963623271,2.7819910965766064,1,1
2024-11-06,model2,4.3924285844424755,5.10963164064799,-0.4063540606981886,-1,-1
2024-11-07,model2,6.241782482993201,7.274519404209532,-0.31553386501081704,-1,-1
2024-11-08,model2,4.339654401360547,6.17334444991934,-0.8009531273424617,-1,-1
2024-11-11,model2,2.4664978027210913,5.922969351125914,-1.6227814998460297,-1,-1
2024-11-12,model2,-2.0029057306122415,2.752797072727898,-1.2992312549353167,-1,-1
2024-11-13,model2,-2.9710279156462556,0.6366460896892517,1.1480287980046322,1,1
2024-11-14,model2,-3.8358553986394526,-3.1917475085684885,2.9635661152645434,1,1
2024-11-15,model2,-4.738968647619045,-7.236400296547564,3.1415395389994822,1,1
2024-11-18,model2,-6.610405986394555,-12.153529570561934,3.045691935238861,1,1
2024-11-19,model2,-5.96006557823129,-9.716213699749268,-1.7869754626494014,-1,-1
2024-11-20,model2,-4.617483419106771,-4.4849821672526495,-3.8886493733720995,-1,-1
2024-11-21,model2,-2.5618310636645933,1.328801085224274,-3.7581308970347465,-1,-1
2024-11-22,model2,-3.885350206521736,-0.20393514406534363,0.20921708643247494,1,1
2024-11-25,model2,-5.184794881205671,-2.8460675051764546,1.3426876864271757,1,1
2024-11-26,model2,-6.473159364539003,-5.294271738055561,1.1598397495457742,1,1
2024-11-27,model2,-3.1486973645390037,-3.176507298136043,1.2066975600804817,1,1
2024-11-28,model2,-0.1056268217687042,-1.2310316026132688,1.0975948472475254,1,1
2024-11-29,model2,2.2960237782312958,2.055801597318144,-0.8851825999314129,-1,-1
2024-12-02,model2,2.1029302999704256,4.0016988250659695,-2.1389907060086957,-1,-1
2024-12-03,model2,2.8089944550724666,5.352967307391594,-0.6452043272235839,-1,-1
2024-12-04,model2,2.196968363916004,3.838249300555099,0.902691915680033,1,1
2024-12-05,model2,-0.06497885226757116,0.8086957784226074,0.7676063059489162,1,1
2024-12-06,model2,-0.7095663856009043,0.09556299724929233,0.06854524783998195,1,1
2024-12-09,model2,0.03512976944444709,0.9485509225635179,-0.10829177026887415,-1,-1
2024-12-10,model2,2.1352581305555582,1.910986311781624,1.1376929718930051,1,1
2024-12-11,model2,2.0031462204106307,2.231671304424098,-0.4527969027874015,-1,-1
2024-12-12,model2,2.060416119787048,3.458431836599751,-1.1694906327992358,-1,-1
2024-12-13,model2,0.7244555197870479,2.463732238748202,-0.341261002148451,-1,-1
2024-12-16,model2,-0.6782729034013579,-0.21823974808980662,1.2792435636496027,1,1
2024-12-17,model2,-2.53685037222222,-4.908308815453958,2.831491598543289,1,1
2024-12-18,model2,-2.6519020765700456,-6.305816475122661,1.282455955320878,1,1
2024-12-19,model2,-2.6998902099033786,-6.593853305531717,0.2400486970757223,1,1
2024-12-20,model2,-3.5359261424430612,-4.263996955177482,-3.1658922828939176,-1,-1
2024-12-23,model2,-3.7128114380952355,-4.165047061905136,-0.2758351889245203,-1,-1
2024-12-24,model2,-1.0581387714285686,-2.001580732428335,0.4912063371898663,1,1
2024-12-25,model2,2.712115533333337,-1.4027570139084966,3.1714305862420673,1,1
2024-12-26,model2,4.008855330612248,0.10481517550152748,-0.2108323921311126,-1,-1
2024-12-27,model2,2.5367521306122476,-0.10217172420336458,-1.2651163002951087,-1,-1
2024-12-30,model2,1.2680966013605466,0.0457874101242322,-1.4166146635792978,-1,-1
2024-12-31,model2,-0.12162766258503144,-1.458379428989239,0.11444257516789302,1,1
2025-01-02,model2,-2.783435262585032,-5.02182796496701,0.9016409359777713,1,1
2025-01-03,model2,-6.97229825578231,-11.001487358291682,1.7907964001273928,1,1
2025-01-06,model2,-10.658794494080182,-13.715316071679728,-0.9726675249098244,-1,-1
2025-01-07,model2,-11.145168982969073,-11.170935869035292,-3.0307546915333283,-1,-1
2025-01-08,model2,-9.295487393853426,-5.999103503062639,-3.322150776857005,-1,-1
2025-01-09,model2,-6.8229428888888854,-2.71781035441062,-0.8087486436874789,-1,-1
2025-01-10,model2,-6.468356789115643,-4.660821154864135,2.2975969002267576,1,1
2025-01-13,model2,-6.853804228571424,-4.83337805962604,-0.21289053469387653,-1,-1
2025-01-14,model2,-3.9706827619047593,-2.113401740046991,0.16314514708761596,1,1
2025-01-15,model2,-0.5338413333333302,0.9795850939722133,0.3438545945522251,1,1
2025-01-16,model2,2.092665306122452,2.387277248769402,1.2188144846585933,1,1
2025-01-17,model2,1.3694192783446741,1.9991407128831307,-0.3351094918915065,-1,-1
2025-01-20,model2,0.5334398055555586,2.558410929156324,-1.3952496890623092,-1,-1
2025-01-21,model2,-0.3178380555555525,2.4966463353540855,-0.7895132673088725,-1,-1
2025-01-22,model2,-2.260072827777775,0.9127358513982035,-0.35832428826634044,-1,-1
2025-01-23,model2,-2.6775147944444413,-0.8540644436199326,1.3493583283514696,1,1
2025-01-24,model2,-1.5552832312056708,-0.714551523768446,0.9827186433872839,1,1
2025-01-27,model2,0.9839165211752817,-0.09794170465288221,1.9225899332653889,1,1
2025-02-05,model2,1.2054222545086148,0.4761985042526417,-0.35263447557219074,-1,-1
2025-02-06,model2,0.8616004829365109,0.9376085298638603,-0.8052317971833225,-1,-1
2025-02-07,model2,1.235744600000003,2.756262770232022,-1.4445101233046698,-1,-1
2025-02-10,model2,2.736984202898554,6.0072614661275665,-1.7497590929969933,-1,-1
2025-02-11,model2,2.437641293619594,5.828301381438618,-0.1203828245900116,-1,-1
2025-02-12,model2,2.2550315983248095,5.2835538442354,0.36213784190843334,1,1
2025-02-13,model2,1.17209788153737,2.3188792605489597,1.881740866899001,1,1
2025-02-14,model2,2.2392354254781655,1.5679153789163063,1.818101425573449,1,1
2025-02-17,model2,2.053072160172043,0.011178438254455266,1.3705736753557285,1,1
2025-02-18,model2,1.8259369518387096,-1.5646579356975903,1.3487011656187122,1,1
2025-02-19,model2,-0.062381558956913,-1.8016989273642572,-1.6512775191289557,-1,-1
2025-02-20,model2,-2.2143171344671173,-1.8648511100631595,-2.088783392811302,-1,-1
2025-02-21,model2,-2.9986977020999674,-0.2368654450495649,-2.412366232646445,-1,-1
2025-02-24,model2,-2.756754956521736,0.11228826974777957,-0.107210969219113,-1,-1
2025-02-25,model2,-3.6163019565217365,-0.5988476323213814,-0.1484110979308395,-1,-1
2025-02-26,model2,-2.848704466666664,-0.4667315899652517,0.6354814474989428,1,1
2025-02-27,model2,-2.2880716340136025,-0.5612517136491798,0.6551529563369898,1,1
2025-02-28,model2,-1.8643421006802692,-1.226048621605885,1.0885264412900386,1,1
2025-03-03,model2,-3.2793323562358245,-2.5828566727626634,-0.05818220439877697,-1,-1
2025-03-04,model2,-4.562905621541947,-2.5950024426735485,-1.271427495395237,-1,-1
2025-03-05,model2,-2.31510072987528,-1.2420429341055843,0.8948453830987024,1,1
2025-03-06,model2,0.8358317134353775,1.1811181660039995,0.7277713432010735,1,1
2025-03-07,model2,3.3890763460884386,2.1254094657281484,1.608953332928912,1,1
2025-03-10,model2,3.5480725918367377,2.692461266757381,-0.4080555552809333,-1,-1
2025-03-11,model2,2.3241118707483026,2.3389901906628308,-0.870489644993885,-1,-1
2025-03-12,model2,-0.19212904591836408,1.0008014312506732,-1.1780521572545093,-1,-1
2025-03-13,model2,-2.7579840017730466,-0.6209501736875984,-0.9441033509164107,-1,-1
2025-03-14,model2,-2.34795893510638,-0.5789546122488084,0.3680295052278765,1,1
2025-03-17,model2,-0.5671836851063802,0.507516031938423,0.6943046058127686,1,1
2025-03-18,model2,1.314613243537418,2.3743623472639928,0.014950613318228445,1,1
2025-03-19,model2,0.2886171490929736,1.4341163778030726,-0.08575012498352419,-1,-1
2025-03-20,model2,-1.8626404563492034,-0.44651445019505376,-0.2706267774440507,-1,-1
2025-03-21,model2,-4.823956782879816,-3.7709347827043973,0.36310400597873116,1,1
2025-03-24,model2,-6.6359744217687044,-6.472000345042223,0.889047923448937,1,1
2025-03-25,model2,-6.216078911564623,-6.874853384195714,0.8227485493575726,1,1
2025-03-26,model2,-2.941516775793648,-4.778290396082323,1.1779991476575837,1,1
2025-03-27,model2,-0.5422530952380922,-2.2686671194983004,-0.11035959602846646,-1,-1
2025-03-28,model2,-0.48171146258503095,-1.9239638769080851,-0.284161609937154,-1,-1
2025-03-31,model2,-2.3094151153628086,-3.5691017631615,-0.18256576652436274,-1,-1
2025-04-01,model2,-4.417750115362809,-3.819820225695935,-1.8576165374655655,-1,-1
2025-04-02,model2,-4.747292972505666,-2.670077086002953,-1.4792859968358392,-1,-1
2025-04-03,model2,-4.426319839172333,-0.7799595629974011,-1.5691443896722186,-1,-1
2025-04-07,model2,-5.860848519727888,-2.0938102871296325,-0.1206779564233238,-1,-1
2025-04-08,model2,-4.93309767222222,-3.2137582385185213,2.0476987988945567,1,1
2025-04-09,model2,-3.431578472222219,-2.4658542967739017,0.7536152582553814,1,1
2025-04-10,model2,0.36312236111111407,0.9274936490543606,0.4013528875050709,1,1
2025-04-11,model2,1.3201844387755133,4.058811757801405,-2.1742560310826455,-1,-1
2025-04-14,model2,2.18081341836735,6.770483597949791,-1.8510428605565485,-1,-1
2025-04-15,model2,1.8278628628117948,6.0472160524493965,0.37031698994483864,1,1
2025-04-16,model2,3.0358594573696176,3.12606180327972,4.1291508437274995,1,1
2025-04-17,model2,3.236842977777781,-0.9774243845202562,4.30446970820814,1,1
2025-04-18,model2,3.1822629898550754,-2.7867200840378907,1.7547157115949288,1,1
2025-04-21,model2,0.5939680279503139,-1.1100346102819263,-4.264980435660726,-1,-1
2025-04-22,model2,-1.7911020910973052,0.5948038192589592,-4.089908548588505,-1,-1
2025-04-23,model2,-4.074918700396823,1.8210615629025657,-3.510074352943124,-1,-1
2025-04-24,model2,-3.715562850056686,1.2132500036121827,0.9671674096305194,1,1
2025-04-25,model2,-2.633022383786845,0.6372611285082438,1.65852934137378,1,1
2025-04-28,model2,-0.4994120507369581,-0.5023858541423183,3.273257315700449,1,1
2025-04-29,model2,-0.6497866725056655,-1.323033057478198,0.6702725815671724,1,1
2025-04-30,model2,-1.1967096586167767,-1.6895069678031616,-0.18044907578614777,-1,-1
2025-05-06,model2,-0.9023846246031711,0.5259339734873311,-1.9211159072768873,-1,-1
2025-05-07,model2,1.0034793168934275,2.8825853318382832,-0.45078741685435375,-1,-1
2025-05-08,model2,3.170514149659867,5.010709873155836,0.0389102914488868,1,1
2025-05-09,model2,3.117385449263042,3.761162366932813,1.1964188058261978,1,1
2025-05-12,model2,3.31486597443311,2.8156858428027314,1.1429570493001497,1,1
2025-05-13,model2,2.2513414194444477,1.4322471967213015,0.3199140910927676,1,1
2025-05-14,model2,4.371595698072565,1.5984476808913408,1.9540537944580783,1,1
2025-05-15,model2,4.119058431405899,0.002734699005294624,1.3431757152193804,1,1
2025-05-16,model2,3.3464716258503433,-1.7553347794897534,0.9854826729394919,1,1
2025-05-19,model2,0.3400784285714317,-2.5505831210860967,-2.2111448556825684,-1,-1
2025-05-20,model2,-1.0271708163265276,-1.4966222760988626,-2.421210089885194,-1,-1
2025-05-21,model2,-1.0778031774376384,0.10054658938927948,-1.6478012265992528,-1,-1
2025-05-22,model2,-0.8130091393424005,-0.5485110681214259,0.9138516956059434,1,1
2025-05-23,model2,-2.4846560277777745,-3.129490246441994,0.9093322898851941,1,1
2025-05-26,model2,-4.394025723404252,-4.4225379925925035,-0.6163219494759682,-1,-1
2025-05-27,model2,-6.965480597478326,-4.224877406299292,-2.769115460367285,-1,-1
2025-05-28,model2,-8.021197714144993,-2.892032537674519,-2.38856198529144,-1,-1
2025-05-29,model2,-5.920747494142098,-1.2244937110760408,0.4329113934044162,1,1
2025-05-30,model2,-3.702055031179134,-0.031975907176790774,1.0261746590637144,1,1
2025-06-03,model2,-1.5876986362515986,1.4114047812735013,0.6709757064772432,1,1
2025-06-04,model2,-1.5648927569637132,1.8170908521261981,-0.38288019156481146,-1,-1
2025-06-05,model2,-1.3605949429540514,2.2294959027253647,-0.2081072365895047,-1,-1
2025-06-06,model2,-0.3176591695142406,2.136544331720447,1.1358873444447286,1,1
2025-06-09,model2,-0.1692918926229876,2.1098782896151835,0.17503331899651636,1,1
2025-06-10,model2,-0.13764432681405533,1.1118800397303368,1.029645815693779,1,1
2025-06-11,model2,0.41975571226540626,0.9337309040132258,0.7355491747965726,1,1
2025-06-12,model2,0.7329158511542951,-0.08125327601490358,1.3281443189170183,1,1
2025-06-13,model2,1.5550162810283723,-0.9690781903308338,1.7099253441900073,1,1
2025-06-16,model2,1.399972568479523,-1.8928923034870124,0.7687704006073294,1,1
2025-06-17,model2,1.6477527768128566,-2.546629518676886,0.9015174235232073,1,1
2025-06-18,model2,1.049824926057383,-2.4505578454044943,-0.6939995240278654,-1,-1
2025-06-19,model2,-0.31114724939613164,-3.8285454178296248,0.017015396971615804,1,1
2025-06-20,model2,0.5061024172705348,-5.7025519860434075,2.6912562348804494,1,1
2025-06-23,model2,1.7196639722222258,-5.403280257504257,0.9142898264125401,1,1
2025-06-24,model2,4.1416483925737,-2.1176692830283144,-0.8636265541244685,-1,-1
2025-06-25,model2,6.5277555925737,2.728874531190604,-2.460436614218918,-1,-1
2025-06-26,model2,7.943564723809527,4.429151839761573,-0.28446817733514207,-1,-1
2025-06-27,model2,6.114248834013608,4.424142700120673,-1.824306750155019,-1,-1
2025-06-30,model2,2.6530429957157367,3.1880197358583633,-2.2250828740355617,-1,-1
2025-07-01,model2,0.7959853766681176,2.87782619899023,-1.5468640821794857,-1,-1
2025-07-02,model2,1.4226264294458957,1.758706782385269,1.745760469382739,1,1
2025-07-03,model2,1.5765284152614985,0.6901922320550099,1.2224165361458619,1,1
2025-07-04,model2,1.4207216125404099,-0.3732054645351084,0.9075908938690296,1,1
2025-07-07,model2,1.3599550209871218,-0.8941779914121423,0.4602059353237459,1,1
2025-07-08,model2,1.7169776068027247,-0.12083002520120771,-0.41632538039533173,-1,-1
2025-07-09,model2,1.9262971334467158,0.867384851016607,-0.7788953495738236,-1,-1
2025-07-10,model2,1.903166929365083,2.4627014739092297,-1.6184468269742556,-1,-1
2025-07-11,model2,1.3940904109977363,3.553805040919539,-1.600180085377656,-1,-1
2025-07-14,model2,0.5231106054421805,3.8948930288671977,-1.2120677935032145,-1,-1
2025-07-15,model2,-0.2744296128117876,2.5941508493668306,0.5032019612463989,1,1
2025-07-16,model2,-1.9496980422705275,0.49894423717442,0.4199381827336708,1,1
2025-07-17,model2,-2.644147099008117,0.4975570836105149,-0.6930619031736845,-1,-1
2025-07-18,model2,-1.623135520209931,1.5949296486930802,-0.07636098628437904,-1,-1
2025-07-21,model2,0.8333438942828231,3.043777510418508,1.007631552767326,1,1
2025-07-22,model2,4.020824217687078,4.903996669104569,1.3272611647181938,1,1
2025-07-23,model2,4.835343472222227,4.701080826550318,1.0174350970893995,1,1
2025-07-24,model2,5.64267790910166,4.7494730544028405,0.7589422090269107,1,1
2025-07-25,model2,3.8932732478771688,2.698272563250738,0.3017958299276118,1,1
2025-07-28,model2,1.9465928312105023,1.959272294284965,-1.2076801477008936,-1,-1
2025-07-29,model2,-1.170829272335597,0.6224592017791507,-1.7806090110402848,-1,-1
2025-07-30,model2,-1.3935763444444407,-0.6138027873975153,1.0135149170678224,1,1
2025-07-31,model2,-2.3817241222222183,-2.661973206081702,1.060022640906409,1,1
2025-08-01,model2,-3.7796997535147354,-4.383398646342147,0.3234498089679274,1,1
2025-08-04,model2,-3.981466589878371,-4.031163926229604,-0.554001556476178,-1,-1
2025-08-05,model2,-1.2344103030302993,-1.0947794916333378,-0.18932814774819473,-1,-1
2025-08-06,model2,2.870327289964345,2.1413270487175393,0.8686310526437673,1,1
2025-08-07,model2,4.1812800752641515,3.1689500970264155,0.2833297369909302,1,1
2025-08-08,model2,3.8548212884160793,2.67335079527065,0.16914051490769344,1,1
2025-08-11,model2,1.4521469991777192,1.9471097007716907,-1.676433194739401,-1,-1
2025-08-12,model2,0.1901302113526603,1.6099914402232607,-0.9248985272766288,-1,-1
2025-08-13,model2,-0.9726892330917841,2.1404774037466527,-1.6933054079678365,-1,-1
2025-08-14,model2,-0.3673282771867579,1.006097849662616,1.7397405099890628,1,1
2025-08-15,model2,0.09547908392435334,1.4174684489465401,0.051436761827187205,1,1
2025-08-18,model2,0.30981478762805703,2.1321357284787044,-0.5003315758284606,-1,-1
2025-08-19,model2,-1.223698587679513,3.136782598946922,-2.5381602457757877,-1,-1
2025-08-20,model2,-1.1574746061980317,3.8132121809328727,-0.6102056005044694,-1,-1
2025-08-21,model2,0.7379887377173125,3.4824272906722418,2.226248234175975,1,1
2025-08-22,model2,5.471252884656089,4.069688247734388,4.14600318987663,1,1
2025-08-25,model2,9.719988180952384,4.551164771834864,3.76725877219582,1,1
2025-08-26,model2,10.284165869444449,5.007617752086312,0.10772470824061564,1,1
2025-08-27,model2,6.7730411361111145,3.274842943535878,-1.7783499247829,-1,-1
2025-08-28,model2,0.8071685944444483,1.4283438079570818,-4.11937340608787,-1,-1
2025-08-29,model2,-2.170014599999996,-0.3255711600160121,-1.2232682264713504,-1,-1
2025-09-01,model2,-2.003439361702124,0.21714928051274185,-0.376145202230882,-1,-1
2025-09-02,model2,-0.6692709901034849,-1.108992492715977,2.660310144827358,1,1
2025-09-03,model2,-0.981029948436818,-3.4630465852825623,2.0422951342332523,1,1
2025-09-04,model2,-2.416397749855258,-6.909779157611759,2.0113647709107565,1,1
2025-09-05,model2,-2.6650936908983422,-5.290356090303535,-1.8681190083513077,-1,-1
2025-09-08,model2,-1.7976486823949402,-1.5933242887170238,-2.82958679308311,-1,-1
2025-09-09,model2,0.17712061405896026,2.342813894256804,-1.9613688865199272,-1,-1
2025-09-10,model2,-0.45493730260770643,1.5131823204810038,0.19757365710913377,1,1
2025-09-11,model2,0.2710135055555589,1.0751861496821056,1.1639469789621635,1,1
2025-09-12,model2,-0.03536156111110781,0.9959594076011603,-0.22714832458572148,-1,-1
2025-09-15,model2,-0.14148498231292184,1.0475977525215716,-0.15776176612222534,-1,-1
2025-09-16,model2,-2.606230104535144,0.2853711512677313,-1.702518520968382,-1,-1
2025-09-17,model2,-3.9408901499252154,0.19089706091856337,-1.2401859550409033,-1,-1
2025-09-18,model2,-6.809025567612289,-0.6044086815585318,-2.072829675209978,-1,-1
2025-09-19,model2,-7.807791112056734,-1.6709774502940096,0.06780322429103292,1,1
2025-09-22,model2,-7.71061453333333,-2.913026139916582,1.3392252683459762,1,1
2025-09-23,model2,-4.927394236111108,-3.69964828351137,3.56984244081701,1,1
2025-09-24,model2,-1.3966967585600871,-2.0766788850099407,1.9077280790495914,1,1
2025-09-25,model2,0.7103982808956953,-0.8079417171448308,0.8383578715906723,1,1
2025-09-26,model2,1.2682764753401397,0.5226523238715759,-0.7727158465719625,-1,-1
2025-09-29,model2,0.6107369727891193,0.3822199641191162,-0.5171071427985606,-1,-1
2025-09-30,model2,-0.11123180272108474,0.7396204591903256,-1.0793692705814135,-1,-1
2025-10-09,model2,0.6321170167233597,2.41538615399244,-0.9324168753576698,-1,-1
2025-10-10,model2,0.011157187177905184,2.807102033582994,-1.0126757091360088,-1,-1
2025-10-13,model2,-0.9591054658833195,1.806175144577429,0.030664235944340534,1,1
2025-10-14,model2,-1.0246443769944305,-0.9079807237961713,2.6486169572624894,1,1
2025-10-15,model2,0.10658958095238469,-1.463353315845512,1.686606549996156,1,1
2025-10-16,model2,2.831132506122453,-1.6237891146825738,2.88497872400713,1,1
2025-10-17,model2,1.578457906122453,-1.9780498434861222,-0.8984138711964516,-1,-1
2025-10-20,model2,0.42898233605442576,-3.6029847464301556,0.47545933287600617,1,1
2025-10-21,model2,-0.18364206666666272,-2.5549950696897405,-1.6606140794615036,-1,-1
2025-10-22,model2,1.0545242448979633,-0.6941141979302582,-0.6227145601948563,-1,-1
2025-10-23,model2,2.9794836244898,0.89532271327615,0.33552246838542854,1,1
2025-10-24,model2,3.876307821712022,0.9813866034568125,0.8107603070415597,1,1
2025-10-27,model2,5.795187910147397,2.1701365677927407,0.7301301240994467,1,1
2025-10-28,model2,5.170204863888893,2.2162679255659925,-0.6711144040317558,-1,-1
2025-10-29,model2,4.509119559183678,2.867064055877133,-1.3118814350163555,-1,-1
2025-10-30,model2,2.776643059183677,1.6515409456918393,-0.5169533898147072,-1,-1
2025-10-31,model2,1.523149030612249,0.944790185338818,-0.5467432682184067,-1,-1
2025-11-03,model2,0.24924773809524206,-0.7161966861336744,0.38708557895548523,1,1
2025-11-04,model2,-1.4257367346938736,-2.5873496651883414,0.19616850626555138,1,1
2025-11-05,model2,-2.5285009727891117,-4.375371435160793,0.6852575318772136,1,1
2025-11-06,model2,-2.304729270661452,-3.66510083429324,-0.48649889873989327,-1,-1
2025-11-07,model2,-1.4734385223621322,-1.5227071309453952,-1.3111029550485254,-1,-1
2025-11-10,model2,0.7232410898827655,1.575774509775356,-0.9018020284758532,-1,-1
2025-11-11,model2,0.3279395266439948,1.6074841490753418,-0.4270112025387565,-1,-1
2025-11-12,model2,-0.1821988488662094,0.5505581175628865,0.5467876560022509,1,1
2025-11-13,model2,-0.06687463117913446,0.1837535222966807,0.48212881295328075,1,1
2025-11-14,model2,-0.07860110340135669,-0.6887922006028213,0.8608192506772798,1,1
2025-11-17,model2,-0.8814360612244861,-0.7552182506523649,-0.7364089077735858,-1,-1
2025-11-18,model2,-4.34911558503401,-3.08234167277397,-1.1405561016879187,-1,-1
2025-11-19,model2,-4.88337858503401,-5.221319261327948,1.604714588553978,1,1
2025-11-20,model2,-4.5266095827664365,-7.7807825659462155,2.916232306885841,1,1
2025-11-21,model2,-4.193386622222218,-11.052336934397246,3.604777328995249,1,1
2025-11-24,model2,-5.579142322902491,-10.546413152841,-1.891679482236519,-1,-1
2025-11-25,model2,-4.8859383276306225,-7.012030368808818,-2.8411787887603133,-1,-1
2025-11-26,model2,-2.7114003531625372,-2.2715199224467972,-2.5659724718939363,-1,-1
2025-11-27,model2,-0.6399649645390032,-0.5597178313487635,0.35963329752550033,1,1
2025-11-28,model2,0.11209672907801808,0.17204113936370571,0.02030272290455204,1,1
2025-12-01,model2,1.2893852498480285,2.134491967620988,-0.7851623074872718,-1,-1
2025-12-02,model2,0.9324233674603214,2.734958744205264,-0.957428658971983,-1,-1
2025-12-03,model2,-0.5215322080498824,1.755580596208274,-0.47457742751321397,-1,-1
2025-12-04,model2,-2.159646085600903,-0.7434015730427076,0.8608682916999606,1,1
2025-12-05,model2,-1.757529224489792,-0.5893136597400704,0.24802894780847407,1,1
2025-12-08,model2,-0.7163761434240322,0.19521649653849313,0.2566229247871963,1,1
2025-12-09,model2,-0.9761975719954608,0.33629132412029267,-0.4008962561532281,-1,-1
2025-12-10,model2,-2.1447309608843494,-0.027244349463993667,-0.8049977153046024,-1,-1
2025-12-11,model2,-3.367276866439905,-1.5760382989380304,0.32624804391848117,1,1
2025-12-12,model2,-2.335864308333329,-0.9434414904345986,0.39881574960314425,1,1
2025-12-15,model2,-1.6552870010770935,-1.0808467169428033,0.8179825337644403,1,1
2025-12-16,model2,-2.010828734410427,-1.2990106989537733,-0.13737775132236374,-1,-1
2025-12-17,model2,-1.9753779482993157,-0.8351086173085687,-0.4284512955340931,-1,-1
2025-12-18,model2,-0.9172845758865208,-0.3723466828525644,0.5953314379567904,1,1
2025-12-19,model2,1.7725930431610983,1.629350735691425,0.6881802005036297,1,1
2025-12-22,model2,2.2135817014944315,2.4459185866790274,-0.3755791926542693,-1,-1
2025-12-23,model2,1.8031507440476229,2.5550774756909997,-0.5195898464587809,-1,-1
2025-12-24,model2,0.7318631250000038,3.0751041400433774,-1.5913142833999967,-1,-1
2025-12-25,model2,0.20902478260869958,3.3303457714039557,-0.7780799737518825,-1,-1
2025-12-26,model2,-0.7236202173913003,4.0521177757004105,-1.6544170042964548,-1,-1
2025-12-29,model2,-1.5171158636498037,2.7046833042346434,0.5539388252072638,1,1
2025-12-30,model2,-2.8914552380952343,0.691061619141407,0.6392823106478058,1,1
2025-12-31,model2,-4.067040890269148,-1.5882536689757931,1.1037296359432864,1,1
2026-01-05,model2,-2.7470467406092833,-0.8725749806752097,0.6043154613592809,1,1
2026-01-06,model2,0.3568741845607845,1.6550459395992665,0.5763000048955917,1,1
2026-01-07,model2,3.105896843537419,4.165309342108137,0.23875925646776386,1,1
2026-01-08,model2,2.3195821496598676,4.414287681106626,-1.0352930328760404,-1,-1
2026-01-09,model2,0.4668588435374191,4.3908928154605915,-1.829328440476414,-1,-1
2026-01-12,model2,0.3021116284013645,4.861179872193453,-0.6350342718689164,-1,-1
2026-01-13,model2,1.2027920032747181,4.189165863119585,1.5726943839472223,1,1
2026-01-14,model2,0.42010839783254134,2.3277348396841977,1.0787474179932102,1,1
2026-01-15,model2,-1.6361600605007922,0.3125799963812721,-0.04111361503040811,-1,-1
2026-01-16,model2,-4.9406885986394515,-0.6677939490903134,-2.3241545926670737,-1,-1
2026-01-19,model2,-8.088111247358514,-0.4869023136167006,-3.328314284192675,-1,-1
2026-01-20,model2,-7.2294445806918475,-0.40684567340472716,0.7786100264546928,1,1
2026-01-21,model2,-5.6876860936170175,0.5073102275365032,0.6276025861335996,1,1
2026-01-22,model2,-2.809139811111107,1.1575435856879794,2.228312924354434,1,1
2026-01-23,model2,-3.709818423356005,3.1850364773035214,-2.92817150386044,-1,-1
2026-01-26,model2,-3.3724518083900192,3.934600036994373,-0.4121969447248657,-1,-1
2026-01-27,model2,-4.746246530612241,2.964628741929907,-0.4038234271577563,-1,-1
2026-01-28,model2,-6.151470068027208,0.7798046253987413,0.7796005791161997,1,1
2026-01-29,model2,-5.957364285714282,-0.8820955320276789,1.856005939739346,1,1
2026-01-30,model2,-3.587187831813573,-3.0255989183004544,4.513679840173484,1,1
2026-02-02,model2,-2.162380615487042,-6.747268744321059,5.1464770423471355,1,1
2026-02-03,model2,-1.7236766127659537,-5.953225844614163,-0.35533889698580756,-1,-1
2026-02-04,model2,-1.0048051999999963,-3.0126649942301214,-2.2216894376180845,-1,-1
2026-02-05,model2,1.109397733333337,0.8350494313148458,-1.7335114922116341,-1,-1
2026-02-06,model2,0.9986464517006839,0.3290319091704777,0.3952662405117151,1,1
2026-02-09,model2,1.3979665992184145,0.4129309028898793,0.31542115379832897,1,1
2026-02-10,model2,1.5225435992184144,0.9628968702731365,-0.42538896738325727,-1,-1
2026-02-11,model2,2.347190362010488,1.615223358344231,0.17232027472097922,1,1
2026-02-12,model2,1.566830511091397,1.1566730777918097,-0.3218095703666699,-1,-1
2026-02-13,model2,-1.6896926889086032,-0.8348801992513114,-1.2649699229568792,-1,-1
2026-02-24,model2,-4.341543397278908,-1.585479913894422,-1.9012509937271944,-1,-1
2026-02-25,model2,-6.480526170473293,-1.2034824867033647,-2.520980200385442,-1,-1
2026-02-26,model2,-6.806934512139958,0.605590205532575,-2.135481033902605,-1,-1
2026-02-27,model2,-7.088873151595742,2.1698355026114187,-1.8461839365346273,-1,-1
2026-03-02,model2,-6.90043097222222,2.505954947949128,-0.14767726596418784,-1,-1
2026-03-03,model2,-6.1558785530045315,0.39196542508400495,2.858541942082812,1,1
2026-03-04,model2,-7.0631986863378655,-3.760450917253148,3.245096209003819,1,1
2026-03-05,model2,-6.154732789115644,-6.273072996693974,3.421087976663047,1,1
2026-03-06,model2,-4.290418333333331,-4.3573381984767146,-0.05142034243494553,-1,-1
2026-03-09,model2,-1.9525541863945548,-1.661395641127264,-0.3580784104106751,-1,-1
2026-03-10,model2,-1.0225186054421738,0.48520673036046186,-1.2165667905353446,-1,-1
2026-03-11,model2,0.052012927891159556,0.9432196238743144,0.6165186398194809,1,1
2026-03-12,model2,1.7544158708074564,1.4612779868022436,1.1843445799883674,1,1
2026-03-13,model2,1.0209339660455516,-0.31545320991792264,1.0432492919582614,1,1
2026-03-16,model2,-0.4891258311766704,-2.381389273159769,0.5558762660196241,1,1
2026-03-17,model2,-2.168078842120178,-5.751484097054096,1.6911418129508193,1,1
2026-03-18,model2,-2.589044070083704,-6.565949826687079,0.3935005016694566,1,1
2026-03-19,model2,-3.7974999218410734,-8.142147708007926,0.3677420295634777,1,1
2026-03-20,model2,-5.236975432045155,-8.561812827631515,-1.0198103905804925,-1,-1
2026-03-23,model2,-8.789256013605439,-12.193621769531878,0.07952836034008026,1,1
2026-03-24,model2,-8.509022497959181,-9.017305438210618,-2.896082815675003,-1,-1
2026-03-25,model2,-5.398439199999996,-4.025684305135174,-1.8810378351162589,-1,-1
2026-03-26,model2,-1.1138078666666642,1.5291045154992926,-1.2701574873011348,-1,-1
2026-03-27,model2,1.198046483333336,1.9172276863656954,1.9237311791335971,1,1
2026-03-30,model2,1.2806867500000028,1.214299100884051,0.7855688521483113,1,1
2026-03-31,model2,0.4822913500000026,0.2848165598676444,0.13108714101640628,1,1
2026-04-01,model2,-0.29970869251700416,0.4018790727835535,-0.8990625554329159,-1,-1
2026-04-02,model2,-0.552708959183671,-0.360297018170679,0.5091758242875657,1,1
2026-04-03,model2,-0.40049095918367095,-0.8382916842061072,0.6302126660354284,1,1
2026-04-07,model2,-1.5834136666666643,-2.2438898922750323,0.22267550058593177,1,1
2026-04-08,model2,-1.5285588693877525,-0.9325464098085813,-1.2564886851875394,-1,-1
2026-04-09,model2,-0.8513297142857118,0.9354837972432536,-1.1908010519497942,-1,-1
2026-04-10,model2,0.03558254960317716,2.495252679485557,-0.6728566183534143,-1,-1
2026-04-13,model2,-0.05635557823128997,2.0157948402348933,0.3875197114161965,1,1
2026-04-14,model2,0.7944399305555581,2.4371199635499283,0.42947038547181304,1,1
2026-04-15,model2,1.7991629333333359,1.7807878918002726,1.6610550745274335,1,1
2026-04-16,model2,2.1944530812801957,1.8620273207913407,0.31405071895579173,1,1
2026-04-17,model2,1.6640889146135291,1.4402787045255028,-0.1086155504008286,-1,-1
2026-04-20,model2,1.0822392479468625,1.9051749241228837,-1.0467458862640475,-1,-1
2026-04-21,model2,-0.742441941666664,1.179260111838535,-1.098766377329178,-1,-1
2026-04-22,model2,-1.6403639466903048,1.185885629064609,-0.9045475222497147,-1,-1
2026-04-23,model2,-1.887627282801416,0.1728124394411011,0.7658098535123967,1,1
2026-04-24,model2,-2.1078398139805543,-1.1968854016994284,1.149485309961391,1,1
2026-04-27,model2,-3.5210780172902467,-2.9470646663375106,0.33694106132838986,1,1
2026-04-28,model2,-5.183615747845803,-3.872828180125699,-0.7367742167673677,-1,-1
2026-04-29,model2,-3.4237244553287955,-2.3191123062247505,0.2061754186160587,1,1
2026-04-30,model2,-1.3427276704588194,-1.1361929873743317,0.8980774660195572,1,1
2026-05-06,model2,0.4362801295411806,1.3731929426752363,-0.730378130049568,-1,-1
2026-05-07,model2,-0.5053440881458942,2.6896801504900694,-2.258111425501908,-1,-1
2026-05-08,model2,-1.9800547619047595,4.17219585579424,-2.9572263790630364,-1,-1
2026-05-11,model2,-2.1811172087132698,4.5062408769558715,-0.5351074679701415,-1,-1
2026-05-12,model2,-1.8697900658561268,3.2436063859432065,1.573961633869808,1,1
2026-05-13,model2,-0.5761939093935422,2.188161042372692,2.349041500033099,1,1
2026-05-14,model2,-1.8878335374149635,-0.48009929638069543,1.3566207107319663,1,1
2026-05-15,model2,-4.690346051700678,-3.487545392029689,0.20493358136327888,1,1
2026-05-18,model2,-8.558827347052151,-7.055005002746737,-0.3010216846344256,-1,-1
2026-05-19,model2,-9.553023813888887,-6.431497587089416,-1.6177038824940553,-1,-1
2026-05-20,model2,-9.944487747222219,-4.332430405705021,-2.4905311147177276,-1,-1
2026-05-21,model2,-9.05674280833333,-3.0321296461510783,-0.4125558206650548,-1,-1
2026-05-22,model2,-9.49215373475177,-3.6145471969619565,0.1470066243924384,1,1
2026-05-25,model2,-7.447986130670138,-3.283133109488865,1.712753516608541,1,1
2026-05-26,model2,-5.312225080330002,-1.8898302832171054,0.7424582240683766,1,1
2026-05-27,model2,-4.152992487244895,-1.9081775778990797,1.177579887767081,1,1
2026-05-28,model2,-5.39095758494355,-3.0271265359181214,-0.11901613967961278,-1,-1
2026-05-29,model2,-5.027137040725862,-4.190250173507208,1.5269441818067744,1,1
2026-06-01,model2,-4.52511606850364,-3.842378410360197,0.15414920907521124,1,1
2026-06-02,model2,-1.7846081082199523,-3.3505755495029703,2.2487050994264606,1,1
2026-06-03,model2,-1.7907877027777754,-2.8000113196391343,-0.5567438244216592,-1,-1
2026-06-04,model2,-2.7249650666666643,-3.734185210768166,-3.4727598570150064e-06,-1,-1
2026-06-05,model2,-5.31599452222222,-4.712623831030064,-1.6125908352936578,-1,-1
2026-06-08,model2,-7.472269988888886,-7.57386367463326,0.7049643769365295,1,1
2026-06-09,model2,-6.912827138888886,-7.129707811965595,0.11528698733233522,1,1
2026-06-10,model2,-4.379839185374148,-6.1979410303564,1.6012211719055438,1,1
2026-06-11,model2,-1.6676922193877528,-3.3839204526418314,-0.10187361172817422,-1,-1
2026-06-12,model2,1.6399341972789143,-1.6865966116439537,1.6103025756687896,1,1
2026-06-15,model2,2.061913993197282,1.0883088098483364,-2.352925625573923,-1,-1
2026-06-16,model2,2.05857636054422,3.416193461915825,-2.33122228472055,-1,-1
2026-06-17,model2,-0.6891053727891131,3.5561261892874927,-2.887614460705001,-1,-1
2026-06-18,model2,-4.274599733333331,1.3624087036787167,-1.3917768749354424,-1,-1
2026-06-22,model2,-2.505938427210882,0.14379314960434994,2.9872768601968165,1,1
2026-06-23,model2,-1.5418610272108817,-0.9785738336127817,2.086444383217132,1,1
2026-06-24,model2,0.5513251672335627,-1.5381906729498045,2.652803033781467,1,1
2026-06-25,model2,-1.9511473388888867,-2.9213957150813994,-1.1192674639908544,-1,-1
2026-06-26,model2,-4.38682307222222,-5.338398621127284,-0.018672827287449234,-1,-1
2026-06-29,model2,-3.9262930693877522,-5.782953393881115,0.9050847755882994,1,1
2026-06-30,model2,-3.2990410027210864,-4.395929186030249,-0.7597721411842007,-1,-1
2026-07-01,model2,-0.16578220816326258,-0.5791442843669358,-0.6835261071054894,-1,-1
2026-07-02,model2,0.33129302993197557,0.9881212330372137,-1.0701902793089113,-1,-1
2026-07-03,model2,1.103845102040819,1.6114809276253717,0.14919237752068548,1,1
2026-07-06,model2,2.265426107482996,1.4463738678570826,1.326688065210466,1,1
2026-07-07,model2,2.4993263115646287,-0.16307419692236058,1.8433482688610758,1,1
2026-07-08,model2,2.0498032394557852,-2.8620776286247307,2.2494803595935267,1,1
2026-07-09,model2,0.796506587755105,-4.294956105030363,0.1795818247049521,1,1
2026-07-10,model2,0.6603754149659893,-3.099640949737115,-1.3314463280823636,-1,-1
2026-07-13,model2,0.45619682607710027,-2.189408324267807,-1.114411214358197,-1,-1
2026-07-14,model2,0.3734257376417261,-1.4180092669671243,-0.854170145736057,-1,-1
2026-07-15,model2,1.898809729308393,-0.38804332526781443,0.49541804996735705,1,1
2026-07-16,model2,2.668236318197282,0.8034322576348769,-0.42204899401380214,-1,-1
2026-07-17,model2,1.8118492583333363,-1.3452872754777772,1.2923324732487085,1,1
2026-07-20,model2,1.209518533333336,-3.92518598698987,1.9775679865120925,1,1
2026-07-21,model2,1.6845277551020434,-3.1622625860690814,-0.2879141791520814,-1,-1
2026-07-22,model2,3.1679867877551047,-0.3038836639874319,-1.3749198894285881,-1,-1
2026-07-23,model2,3.513963359386311,2.5609067258388736,-2.5188138181950994,-1,-1
2026-07-24,model2,2.748558512085688,0.7389629631116189,1.056538915426632,1,1
2026-07-27,model2,1.5036254127659603,0.2578379736289726,-0.7638081098370815,-1,-1
2026-07-28,model2,0.1016415078014215,-0.8204220863812384,-0.3237238449543278,-1,-1
2026-07-29,model2,-0.22495282857142554,0.7328157309435519,-1.8798321536976372,-1,-1
2026-07-30,model2,0.7761771714285745,1.6207703731206256,0.11317535782292643,1,1
2026-07-31,model2,1.295724838095241,3.2553197724107767,-1.1150017326234845,-1,-1
2026-08-03,model2,1.2771992666666698,4.7352408624696825,-1.498446661487477,-1,-1
2026-08-04,model2,-0.18349600277777448,4.638877748056672,-1.3643321550314336,-1,-1
2026-08-05,model2,-1.5590234640022642,4.778276063358915,-1.5149257765267334,-1,-1
2026-08-06,model2,-2.2034902640022644,2.781307057888389,1.352502205470526,1,1
2026-08-07,model2,-1.0762546843537384,2.0555775776911203,1.852965059845795,1,1
2026-08-10,model2,0.45323685513162104,1.9149145380736339,1.6701545791028458,1,1
2026-08-11,model2,0.28360079118604276,1.745750641351502,-0.00047216722344645135,-1,-1
2026-08-12,model2,-1.5941894809228006,1.4066222745323398,-1.538661905289681,-1,-1
2026-08-13,model2,-3.8661429931972755,-0.9671403279970953,0.10180909025495977,1,1
2026-08-14,model2,-4.440537395918365,-2.012083349177512,0.4705486184593273,1,1
2026-08-17,model2,-3.321546103401358,-1.9283536172187492,1.0352615605582443,1,1
2026-08-18,model2,-2.185288008163262,-1.5436477025601778,0.7515521805795244,1,1
2026-08-19,model2,-1.2185498081632622,-1.9978187690860925,1.4209092665259144,1,1
2026-08-20,model2,-1.263586738775507,-2.4480842422756184,0.405228542577281,1,1
2026-08-21,model2,-1.4240815361111079,-2.3846512427016577,-0.22392779690956144,-1,-1
2026-08-24,model2,-1.7943482027777746,-1.7819227921842131,-0.9729951171841114,-1,-1
2026-08-25,model2,-1.5240834277777744,-1.6438437677317486,0.13218575054753567,1,1
2026-08-26,model2,0.5046060416666697,-0.946045157390658,1.3308908591033535,1,1
2026-08-27,model2,2.7892473083333367,1.3906880096337761,-0.052091900357766896,-1,-1
2026-08-28,model2,3.9487658411347546,2.523825669918353,0.026380872516840848,1,1
2026-08-31,model2,3.3623190105791996,2.639088149940774,-0.7017093105779759,-1,-1
2026-09-01,model2,3.1315693661347552,1.7567401233600537,0.6515983821362761,1,1
2026-09-02,model2,1.8917825127551051,-0.3536525463960866,0.8706058163764903,1,1
2026-09-03,model2,-0.08026005668933929,-2.135966893515571,-0.1897282223249599,-1,-1
2026-09-04,model2,-2.305770612244895,-3.69789733212332,-0.6635801169478066,-1,-1
2026-09-07,model2,-3.24319613333333,-3.1466603067209227,-1.4886625464908323,-1,-1
2026-09-08,model2,-2.651832017687072,-1.8002230991559423,-0.7550730919187225,-1,-1
2026-09-09,model2,-1.7428147047619016,-0.6064719732629706,-0.2847338129678012,-1,-1
2026-09-10,model2,-1.2396353061224459,-0.9474254518081257,0.8441328771846107,1,1
2026-09-11,model2,-2.889675170068024,-3.813331792677373,1.2158664769236691,1,1
2026-09-14,model2,-4.203293741496595,-5.723346498652183,0.596396134546239,1,1
2026-09-15,model2,-5.782712873469385,-6.839766706098961,-0.462998924526012,-1,-1
2026-09-16,model2,-5.585539625170065,-4.75729255494508,-1.8853009028545609,-1,-1
2026-09-17,model2,-6.623366561111108,-3.714588305192732,-2.0805311856933906,-1,-1
2026-09-18,model2,-4.985804561111109,-0.8797333647584386,-1.1972929404342945,-1,-1
2026-09-21,model2,-2.660935061111108,1.2614668491710204,0.18366928607054156,1,1
2026-09-22,model2,0.4783683416666697,3.0968725738642724,1.3038976780845257,1,1
2026-09-23,model2,0.7727726845238124,2.381227705458874,1.0100492112625412,1,1
2026-09-24,model2,-1.1517641154761875,-1.0528386686990163,1.5095295741578902,1,1
2026-09-28,model2,-4.600359123809521,-6.204297661185355,1.702863984153005,1,1
2026-09-29,model2,-6.515410799999998,-8.470006391048392,0.3506570536725597,1,1
2026-09-30,model2,-4.445054666666664,-7.131217885337056,0.731567627621998,1,1
